{"type":"FeatureCollection","features":[{"type":"Feature","geometry":{"type":"Point","coordinates":[-0.8194,53.36535]},"properties":{"project":"West Burton Solar Project","mw":624.0,"tech":"Solar","tech_cat":"solar","date":"2028-11-30","connection_point":"West Burton 400kV Substation","sub_name":"West Burton","gate1_reserved":false,"geom_type":"point","located":true,"geocode_source":"REPD","site_name":"West Burton Power Station, North Road - Battery Storage","site_status":"Awaiting Construction"}},{"type":"Feature","geometry":{"type":"Point","coordinates":[-0.67745,53.29262]},"properties":{"project":"West Burton Solar Project","mw":20.0,"tech":"Battery","tech_cat":"battery","date":"2028-11-30","connection_point":"West Burton 400kV Substation","sub_name":"West Burton","gate1_reserved":false,"geom_type":"point","located":true,"geocode_source":"REPD","site_name":"West Burton Solar Project","site_status":"Awaiting Construction"}},{"type":"Feature","geometry":{"type":"Point","coordinates":[-0.35,50.65]},"properties":{"project":"Rampion Extension Offshore Wind Farm","mw":1200.0,"tech":"Offshore Wind","tech_cat":"wind","date":"2029-12-31","connection_point":"Bolney 400kV Substation","sub_name":"Bolney","gate1_reserved":false,"geom_type":"point","located":true,"geocode_source":"MANUAL","site_name":"Rampion Extension Offshore Wind Farm","site_status":"manual"}},{"type":"Feature","geometry":{"type":"Point","coordinates":[-1.8694103438399314,50.88380193647445]},"properties":{"project":"Mannington Tertiary","mw":47.5,"tech":"Battery","tech_cat":"battery","date":"2027-07-30","connection_point":"Mannington 400kV Substation","sub_name":"Mannington","gate1_reserved":false,"geom_type":"point","located":false,"geocode_source":"substation"}},{"type":"Feature","geometry":{"type":"Point","coordinates":[-4.984907143381594,51.68249010554613]},"properties":{"project":"Erebus","mw":102.9,"tech":"Offshore Wind","tech_cat":"wind","date":"2028-07-26","connection_point":"Pembroke 132kV Substation","sub_name":"Pembroke","gate1_reserved":false,"geom_type":"point","located":false,"geocode_source":"substation"}},{"type":"Feature","geometry":{"type":"Point","coordinates":[0.18435092429016062,52.75085129637099]},"properties":{"project":"Norfolk001","mw":860.0,"tech":"Battery","tech_cat":"battery","date":"2031-11-30","connection_point":"Walpole 400kV Substation","sub_name":"Walpole","gate1_reserved":false,"geom_type":"point","located":false,"geocode_source":"substation"}},{"type":"Feature","geometry":{"type":"Point","coordinates":[0.1808433091490928,52.75141184644374]},"properties":{"project":"Norfolk001","mw":860.0,"tech":"Solar","tech_cat":"solar","date":"2031-11-30","connection_point":"Walpole 400kV Substation","sub_name":"Walpole","gate1_reserved":false,"geom_type":"point","located":false,"geocode_source":"substation"}},{"type":"Feature","geometry":{"type":"Point","coordinates":[-1.6527976143689522,52.76641891855087]},"properties":{"project":"Drakelow BESS","mw":285.1,"tech":"Battery","tech_cat":"battery","date":"2029-10-30","connection_point":"Drakelow 400kV Substation","sub_name":"Drakelow","gate1_reserved":false,"geom_type":"point","located":false,"geocode_source":"substation"}},{"type":"Feature","geometry":{"type":"Point","coordinates":[-1.0666691431217017,51.332287096709294]},"properties":{"project":"Bramley (tertiary)","mw":65.6,"tech":"Battery","tech_cat":"battery","date":"2026-08-16","connection_point":"Bramley 400kV Substation","sub_name":"Bramley","gate1_reserved":false,"geom_type":"point","located":false,"geocode_source":"substation"}},{"type":"Feature","geometry":{"type":"Point","coordinates":[-1.0684352810495763,51.33159552949086]},"properties":{"project":"Bramley (tertiary)","mw":59.3,"tech":"Solar","tech_cat":"solar","date":"2026-08-16","connection_point":"Bramley 400kV Substation","sub_name":"Bramley","gate1_reserved":false,"geom_type":"point","located":false,"geocode_source":"substation"}},{"type":"Feature","geometry":{"type":"Point","coordinates":[-2.733029385389862,53.283839583976004]},"properties":{"project":"Frodsham Solar Park","mw":50.0,"tech":"Battery","tech_cat":"battery","date":"2037-10-30","connection_point":"Frodsham 132kV","sub_name":"Frodsham","gate1_reserved":false,"geom_type":"point","located":false,"geocode_source":"substation"}},{"type":"Feature","geometry":{"type":"Point","coordinates":[-2.7327624877080923,53.28229358623934]},"properties":{"project":"Frodsham Solar Park","mw":100.0,"tech":"Solar","tech_cat":"solar","date":"2037-10-30","connection_point":"Frodsham 132kV","sub_name":"Frodsham","gate1_reserved":false,"geom_type":"point","located":false,"geocode_source":"substation"}},{"type":"Feature","geometry":{"type":"Point","coordinates":[-0.13011,53.58561]},"properties":{"project":"Cottam Solar PV + BESS","mw":600.0,"tech":"Battery","tech_cat":"battery","date":"2029-09-01","connection_point":"Cottam 400kV Substation","sub_name":"Cottam","gate1_reserved":false,"geom_type":"point","located":true,"geocode_source":"REPD","site_name":"Innovation Centre - Solar PV","site_status":"Application Submitted"}},{"type":"Feature","geometry":{"type":"Point","coordinates":[-0.13011,53.58561]},"properties":{"project":"Cottam Solar PV + BESS","mw":840.0,"tech":"Solar","tech_cat":"solar","date":"2029-09-01","connection_point":"Cottam 400kV Substation","sub_name":"Cottam","gate1_reserved":false,"geom_type":"point","located":true,"geocode_source":"REPD","site_name":"Innovation Centre - Solar PV","site_status":"Application Submitted"}},{"type":"Feature","geometry":{"type":"Point","coordinates":[-2.9361560032280845,51.53441394964404]},"properties":{"project":"Uskmouth - New Connection","mw":120.0,"tech":"Battery","tech_cat":"battery","date":"2026-10-31","connection_point":"Uskmouth 132kV Substation","sub_name":"Uskmouth","gate1_reserved":false,"geom_type":"point","located":false,"geocode_source":"substation"}},{"type":"Feature","geometry":{"type":"Point","coordinates":[-2.4988247069774894,52.634400949306595]},"properties":{"project":"ELMYA REDNAL","mw":300.0,"tech":"Battery","tech_cat":"battery","date":"2034-10-30","connection_point":"Ironbridge 400kV Substation","sub_name":"Ironbridge","gate1_reserved":false,"geom_type":"point","located":false,"geocode_source":"substation"}},{"type":"Feature","geometry":{"type":"Point","coordinates":[-2.40905,53.4352]},"properties":{"project":"Hunterston Green Hydrogen","mw":1000.0,"tech":"Transmission Connected Demand","tech_cat":"demand","date":"2033-10-31","connection_point":"Hunterston East 400kV","sub_name":"Hunterston","gate1_reserved":false,"geom_type":"point","located":true,"geocode_source":"REPD","site_name":"Manchester Road - Green Hydrogen Production Facility & Battery Storage","site_status":"Awaiting Construction"}},{"type":"Feature","geometry":{"type":"Point","coordinates":[-0.79354,53.22264]},"properties":{"project":"One Earth Solar Farm","mw":849.2,"tech":"Battery","tech_cat":"battery","date":"2029-10-31","connection_point":"High Marnham 400kV Substation","sub_name":"High Marnham","gate1_reserved":false,"geom_type":"point","located":true,"geocode_source":"REPD","site_name":"One Earth Solar Farm","site_status":"Application Submitted"}},{"type":"Feature","geometry":{"type":"Point","coordinates":[-0.79354,53.22264]},"properties":{"project":"One Earth Solar Farm","mw":850.0,"tech":"Solar","tech_cat":"solar","date":"2029-10-31","connection_point":"High Marnham 400kV Substation","sub_name":"High Marnham","gate1_reserved":false,"geom_type":"point","located":true,"geocode_source":"REPD","site_name":"One Earth Solar Farm","site_status":"Application Submitted"}},{"type":"Feature","geometry":{"type":"Point","coordinates":[-2.4187818409886224,53.432724901859466]},"properties":{"project":"Carrington","mw":790.0,"tech":"Battery","tech_cat":"battery","date":"2026-10-30","connection_point":"Carrington 400KV Substation","sub_name":"Carrington","gate1_reserved":false,"geom_type":"point","located":false,"geocode_source":"substation"}},{"type":"Feature","geometry":{"type":"Point","coordinates":[-1.2509476788106892,51.631645967059946]},"properties":{"project":"Didcot B","mw":340.6,"tech":"Battery","tech_cat":"battery","date":"2037-10-31","connection_point":"Didcot 400kV Substation","sub_name":"Didcot","gate1_reserved":false,"geom_type":"point","located":false,"geocode_source":"substation"}},{"type":"Feature","geometry":{"type":"Point","coordinates":[-4.985641617595793,51.68183388503617]},"properties":{"project":"Pembroke BESS","mw":441.6,"tech":"Battery","tech_cat":"battery","date":"2027-10-29","connection_point":"Pembroke 400kV Substation","sub_name":"Pembroke","gate1_reserved":false,"geom_type":"point","located":false,"geocode_source":"substation"}},{"type":"Feature","geometry":{"type":"Point","coordinates":[-2.73983,53.4198]},"properties":{"project":"Sizing John (Rainhill)","mw":165.9,"tech":"Battery","tech_cat":"battery","date":"2037-10-31","connection_point":"Rainhill GSP","sub_name":"Rainhill","gate1_reserved":false,"geom_type":"point","located":true,"geocode_source":"OSM","site_name":"Sizing John BESS","site_status":""}},{"type":"Feature","geometry":{"type":"Point","coordinates":[-2.3458,53.4628]},"properties":{"project":"Trafford 2 BESS","mw":1400.0,"tech":"Battery","tech_cat":"battery","date":"2037-10-30","connection_point":"Carrington 400KV Substation","sub_name":"Carrington","gate1_reserved":false,"geom_type":"point","located":true,"geocode_source":"MANUAL","site_name":"Trafford 2 BESS","site_status":"manual"}},{"type":"Feature","geometry":{"type":"Point","coordinates":[-2.3458,53.4628]},"properties":{"project":"Trafford 2 BESS","mw":1400.0,"tech":"Battery","tech_cat":"battery","date":"2028-10-30","connection_point":"Carrington 400KV Substation","sub_name":"Carrington","gate1_reserved":false,"geom_type":"point","located":true,"geocode_source":"MANUAL","site_name":"Trafford 2 BESS","site_status":"manual"}},{"type":"Feature","geometry":{"type":"Point","coordinates":[-3.00222,53.88392]},"properties":{"project":"GF Thornton Energy BESS","mw":407.5,"tech":"Battery","tech_cat":"battery","date":"2035-10-30","connection_point":"Thornton 400kV Substation","sub_name":"Thornton","gate1_reserved":false,"geom_type":"point","located":true,"geocode_source":"REPD","site_name":"Hillhouse Business Park - Thornton Energy Recovery Centre","site_status":"Application Submitted"}},{"type":"Feature","geometry":{"type":"Point","coordinates":[-0.2114,53.5897]},"properties":{"project":"STALLINGBOROUGH CARBON CAPTURE CCGT","mw":906.0,"tech":"Low Carbon Dispatchable Power","tech_cat":"other","date":"2035-05-30","connection_point":"Grimsby West 400kV Substation","sub_name":"Grimsby West","gate1_reserved":false,"geom_type":"point","located":true,"geocode_source":"MANUAL","site_name":"STALLINGBOROUGH CARBON CAPTURE CCGT","site_status":"manual"}},{"type":"Feature","geometry":{"type":"Point","coordinates":[-0.2114,53.5897]},"properties":{"project":"STALLINGBOROUGH CARBON CAPTURE CCGT","mw":250.0,"tech":"Transmission Connected Demand","tech_cat":"demand","date":"2035-05-30","connection_point":"Grimsby West 400kV Substation","sub_name":"Grimsby West","gate1_reserved":false,"geom_type":"point","located":true,"geocode_source":"MANUAL","site_name":"STALLINGBOROUGH CARBON CAPTURE CCGT","site_status":"manual"}},{"type":"Feature","geometry":{"type":"Point","coordinates":[-1.0327074911178236,50.93455097971886]},"properties":{"project":"Lovedean (Tertiary)","mw":65.6,"tech":"Battery","tech_cat":"battery","date":"2029-10-30","connection_point":"Lovedean 400kV Substation","sub_name":"Lovedean","gate1_reserved":false,"geom_type":"point","located":false,"geocode_source":"substation"}},{"type":"Feature","geometry":{"type":"Point","coordinates":[-1.0319877149126346,50.93440566178379]},"properties":{"project":"Lovedean (Tertiary)","mw":63.7,"tech":"Solar","tech_cat":"solar","date":"2029-10-30","connection_point":"Lovedean 400kV Substation","sub_name":"Lovedean","gate1_reserved":false,"geom_type":"point","located":false,"geocode_source":"substation"}},{"type":"Feature","geometry":{"type":"Point","coordinates":[-4.1804577856284,53.18343042112924]},"properties":{"project":"Fferm Solar Pentir","mw":60.0,"tech":"Battery","tech_cat":"battery","date":"2027-05-01","connection_point":"Pentir 400kV Substation","sub_name":"Pentir","gate1_reserved":false,"geom_type":"point","located":false,"geocode_source":"substation"}},{"type":"Feature","geometry":{"type":"Point","coordinates":[-1.0492,50.7794]},"properties":{"project":"Aquind Interconnector","mw":2075.0,"tech":"Interconnector","tech_cat":"interconnector","date":"2030-12-31","connection_point":"Lovedean 400kV Substation","sub_name":"Lovedean","gate1_reserved":false,"geom_type":"point","located":true,"geocode_source":"MANUAL","site_name":"Aquind Interconnector","site_status":"manual"}},{"type":"Feature","geometry":{"type":"Point","coordinates":[-1.15699,52.88062]},"properties":{"project":"Temple Oaks Renewable Energy Park","mw":240.0,"tech":"Battery","tech_cat":"battery","date":"2033-10-30","connection_point":"Bicker Fen GSP","sub_name":"Bicker Fen","gate1_reserved":false,"geom_type":"point","located":true,"geocode_source":"REPD","site_name":"Fair Oaks Renewable Energy Park - Solar farm & Battery energy storage","site_status":"Awaiting Construction"}},{"type":"Feature","geometry":{"type":"Point","coordinates":[-1.15699,52.88062]},"properties":{"project":"Temple Oaks Renewable Energy Park","mw":240.0,"tech":"Solar","tech_cat":"solar","date":"2033-10-30","connection_point":"Bicker Fen GSP","sub_name":"Bicker Fen","gate1_reserved":false,"geom_type":"point","located":true,"geocode_source":"REPD","site_name":"Fair Oaks Renewable Energy Park - Solar farm & Battery energy storage","site_status":"Awaiting Construction"}},{"type":"Feature","geometry":{"type":"Point","coordinates":[-2.4163681125441876,55.632862723757945]},"properties":{"project":"AMP Eccles BESS","mw":49.9,"tech":"Battery","tech_cat":"battery","date":"2029-10-31","connection_point":"Eccles 400/132kV","sub_name":"Eccles","gate1_reserved":false,"geom_type":"point","located":false,"geocode_source":"substation"}},{"type":"Feature","geometry":{"type":"Point","coordinates":[-4.93649,51.60898]},"properties":{"project":"Ll\u0177r Floating Wind","mw":200.0,"tech":"Offshore Wind","tech_cat":"wind","date":"2028-10-31","connection_point":"Pembroke 400kV Substation","sub_name":"Pembroke","gate1_reserved":false,"geom_type":"point","located":true,"geocode_source":"REPD","site_name":"Erebus - Floating Offshore Wind Demonstration Project","site_status":"Awaiting Construction"}},{"type":"Feature","geometry":{"type":"Point","coordinates":[-1.4992536397335106,55.13448585679131]},"properties":{"project":"Hope Battery Storage","mw":402.0,"tech":"Battery","tech_cat":"battery","date":"2036-10-31","connection_point":"Blyth 400kV Substation","sub_name":"Blyth","gate1_reserved":false,"geom_type":"point","located":false,"geocode_source":"substation"}},{"type":"Feature","geometry":{"type":"Point","coordinates":[0.3411,51.4762]},"properties":{"project":"Thurrock Power Station","mw":375.0,"tech":"Battery","tech_cat":"battery","date":"2025-06-30","connection_point":"Tilbury 275kV Substation","sub_name":"Tilbury","gate1_reserved":false,"geom_type":"point","located":true,"geocode_source":"MANUAL","site_name":"Thurrock Power Station","site_status":"manual"}},{"type":"Feature","geometry":{"type":"Point","coordinates":[0.3411,51.4762]},"properties":{"project":"Thurrock Power Station","mw":600.0,"tech":"Battery","tech_cat":"battery","date":"2030-10-31","connection_point":"Tilbury 275kV Substation","sub_name":"Tilbury","gate1_reserved":false,"geom_type":"point","located":true,"geocode_source":"MANUAL","site_name":"Thurrock Power Station","site_status":"manual"}},{"type":"Feature","geometry":{"type":"Point","coordinates":[0.3411,51.4762]},"properties":{"project":"Thurrock Power Station","mw":460.0,"tech":"Unabated Gas","tech_cat":"gas","date":"2029-10-31","connection_point":"Tilbury 275kV Substation","sub_name":"Tilbury","gate1_reserved":false,"geom_type":"point","located":true,"geocode_source":"MANUAL","site_name":"Thurrock Power Station","site_status":"manual"}},{"type":"Feature","geometry":{"type":"Point","coordinates":[0.3411,51.4762]},"properties":{"project":"Thurrock Power Station","mw":375.0,"tech":"Battery","tech_cat":"battery","date":"2029-10-31","connection_point":"Tilbury 275kV Substation","sub_name":"Tilbury","gate1_reserved":false,"geom_type":"point","located":true,"geocode_source":"MANUAL","site_name":"Thurrock Power Station","site_status":"manual"}},{"type":"Feature","geometry":{"type":"Point","coordinates":[0.3411,51.4762]},"properties":{"project":"Thurrock Power Station","mw":375.0,"tech":"Battery","tech_cat":"battery","date":"2025-10-31","connection_point":"Tilbury 275kV Substation","sub_name":"Tilbury","gate1_reserved":false,"geom_type":"point","located":true,"geocode_source":"MANUAL","site_name":"Thurrock Power Station","site_status":"manual"}},{"type":"Feature","geometry":{"type":"Point","coordinates":[0.3411,51.4762]},"properties":{"project":"Thurrock Power Station","mw":460.0,"tech":"Unabated Gas","tech_cat":"gas","date":"2030-10-31","connection_point":"Tilbury 275kV Substation","sub_name":"Tilbury","gate1_reserved":false,"geom_type":"point","located":true,"geocode_source":"MANUAL","site_name":"Thurrock Power Station","site_status":"manual"}},{"type":"Feature","geometry":{"type":"Point","coordinates":[0.3411,51.4762]},"properties":{"project":"Thurrock Power Station","mw":460.0,"tech":"Unabated Gas","tech_cat":"gas","date":"2025-10-31","connection_point":"Tilbury 275kV Substation","sub_name":"Tilbury","gate1_reserved":false,"geom_type":"point","located":true,"geocode_source":"MANUAL","site_name":"Thurrock Power Station","site_status":"manual"}},{"type":"Feature","geometry":{"type":"Point","coordinates":[-2.416206689176076,55.63460214484112]},"properties":{"project":"Eccles BESS","mw":524.5,"tech":"Battery","tech_cat":"battery","date":"2026-04-12","connection_point":"Eccles 400kV Substation","sub_name":"Eccles","gate1_reserved":false,"geom_type":"point","located":false,"geocode_source":"substation"}},{"type":"Feature","geometry":{"type":"Point","coordinates":[-4.76961887874897,55.93403645861038]},"properties":{"project":"Dougliehill BESS","mw":61.7,"tech":"Battery","tech_cat":"battery","date":"2026-10-31","connection_point":"Devol Moor 132/33kV","sub_name":"Devol Moor","gate1_reserved":false,"geom_type":"point","located":false,"geocode_source":"substation"}},{"type":"Feature","geometry":{"type":"Point","coordinates":[-0.13011,53.58561]},"properties":{"project":"Chickerell Solar PV & BESS","mw":400.0,"tech":"Battery","tech_cat":"battery","date":"2027-10-01","connection_point":"Chickerell 400kV Substation","sub_name":"Chickerell","gate1_reserved":false,"geom_type":"point","located":true,"geocode_source":"REPD","site_name":"Innovation Centre - Solar PV","site_status":"Application Submitted"}},{"type":"Feature","geometry":{"type":"Point","coordinates":[-3.5178979241250405,50.732320433792346]},"properties":{"project":"Exeter BESS","mw":480.0,"tech":"Battery","tech_cat":"battery","date":"2037-10-31","connection_point":"Exeter 400kV Substation","sub_name":"Exeter","gate1_reserved":false,"geom_type":"point","located":false,"geocode_source":"substation"}},{"type":"Feature","geometry":{"type":"Point","coordinates":[-3.518219838320418,50.73178725111693]},"properties":{"project":"Exeter BESS","mw":360.0,"tech":"Battery","tech_cat":"battery","date":"2027-08-30","connection_point":"Exeter 400kV Substation","sub_name":"Exeter","gate1_reserved":false,"geom_type":"point","located":false,"geocode_source":"substation"}},{"type":"Feature","geometry":{"type":"Point","coordinates":[-1.651321013536933,52.765263605145876]},"properties":{"project":"Drakelow Power Station 4","mw":287.8,"tech":"Battery","tech_cat":"battery","date":"2037-10-30","connection_point":"Drakelow GSP","sub_name":"Drakelow","gate1_reserved":false,"geom_type":"point","located":false,"geocode_source":"substation"}},{"type":"Feature","geometry":{"type":"Point","coordinates":[-2.484066903268143,50.617188463999355]},"properties":{"project":"Moreton Estate","mw":480.0,"tech":"Solar","tech_cat":"solar","date":"2037-04-28","connection_point":"Chickerell B 400kV Substation","sub_name":"Chickerell","gate1_reserved":false,"geom_type":"point","located":false,"geocode_source":"substation"}},{"type":"Feature","geometry":{"type":"Point","coordinates":[-2.4849481734023406,50.616232651481624]},"properties":{"project":"Moreton Estate","mw":480.0,"tech":"Battery","tech_cat":"battery","date":"2037-04-28","connection_point":"Chickerell B 400kV Substation","sub_name":"Chickerell","gate1_reserved":false,"geom_type":"point","located":false,"geocode_source":"substation"}},{"type":"Feature","geometry":{"type":"Point","coordinates":[-3.92002,56.14546]},"properties":{"project":"East Claydon Solar PV","mw":600.0,"tech":"Battery","tech_cat":"battery","date":"2026-10-01","connection_point":"East Claydon 400kV Substation","sub_name":"East Claydon","gate1_reserved":false,"geom_type":"point","located":true,"geocode_source":"REPD","site_name":"Cottrell Building, East Link Road - Solar PV Panels","site_status":"Awaiting Construction"}},{"type":"Feature","geometry":{"type":"Point","coordinates":[0.38381,51.45773]},"properties":{"project":"Nursling Flexible Generation","mw":1500.0,"tech":"Low Carbon Dispatchable Power","tech_cat":"other","date":"2038-10-31","connection_point":"Nursling 400kV Substation","sub_name":"Nursling","gate1_reserved":false,"geom_type":"point","located":true,"geocode_source":"REPD","site_name":"Thurrock Flexible Generation Plant","site_status":"Operational"}},{"type":"Feature","geometry":{"type":"Point","coordinates":[-3.03936,53.03903]},"properties":{"project":"Plas Power Estate North Tertiary","mw":57.0,"tech":"Solar","tech_cat":"solar","date":"2037-10-30","connection_point":"Legacy 400kV Substation","sub_name":"Legacy","gate1_reserved":false,"geom_type":"point","located":true,"geocode_source":"REPD","site_name":"Plas Power Estate Solar Farm","site_status":"Application Submitted"}},{"type":"Feature","geometry":{"type":"Point","coordinates":[-3.03936,53.03903]},"properties":{"project":"Plas Power Estate North Tertiary","mw":57.0,"tech":"Battery","tech_cat":"battery","date":"2037-10-30","connection_point":"Legacy 400kV Substation","sub_name":"Legacy","gate1_reserved":false,"geom_type":"point","located":true,"geocode_source":"REPD","site_name":"Plas Power Estate Solar Farm","site_status":"Application Submitted"}},{"type":"Feature","geometry":{"type":"Point","coordinates":[-3.03936,53.03903]},"properties":{"project":"Plas Power Estate North Tertiary","mw":57.0,"tech":"Battery","tech_cat":"battery","date":"2028-05-31","connection_point":"Legacy 400kV Substation","sub_name":"Legacy","gate1_reserved":false,"geom_type":"point","located":true,"geocode_source":"REPD","site_name":"Plas Power Estate Solar Farm","site_status":"Application Submitted"}},{"type":"Feature","geometry":{"type":"Point","coordinates":[-3.03936,53.03903]},"properties":{"project":"Plas Power Estate North Tertiary","mw":57.0,"tech":"Solar","tech_cat":"solar","date":"2028-05-31","connection_point":"Legacy 400kV Substation","sub_name":"Legacy","gate1_reserved":false,"geom_type":"point","located":true,"geocode_source":"REPD","site_name":"Plas Power Estate Solar Farm","site_status":"Application Submitted"}},{"type":"Feature","geometry":{"type":"Point","coordinates":[-3.84091,55.58829]},"properties":{"project":"Brae House Farm","mw":500.0,"tech":"Battery","tech_cat":"battery","date":"2032-07-31","connection_point":"Dounreay","sub_name":"Dounreay","gate1_reserved":false,"geom_type":"point","located":true,"geocode_source":"REPD","site_name":"High Netherfauld House Farm 1, Tower Road - Battery Energy Storage System","site_status":"Application Submitted"}},{"type":"Feature","geometry":{"type":"Point","coordinates":[-0.60317,53.40713]},"properties":{"project":"Tillbridge Solar","mw":522.7,"tech":"Battery","tech_cat":"battery","date":"2028-08-27","connection_point":"Cottam 400kV Substation","sub_name":"Cottam","gate1_reserved":false,"geom_type":"point","located":true,"geocode_source":"REPD","site_name":"Tillbridge Solar Farm, Hemswell - Solar Panels","site_status":"Awaiting Construction"}},{"type":"Feature","geometry":{"type":"Point","coordinates":[-0.60317,53.40713]},"properties":{"project":"Tillbridge Solar","mw":522.7,"tech":"Solar","tech_cat":"solar","date":"2028-08-27","connection_point":"Cottam 400kV Substation","sub_name":"Cottam","gate1_reserved":false,"geom_type":"point","located":true,"geocode_source":"REPD","site_name":"Tillbridge Solar Farm, Hemswell - Solar Panels","site_status":"Awaiting Construction"}},{"type":"Feature","geometry":{"type":"Point","coordinates":[-1.26765,53.75361]},"properties":{"project":"Monk Fryston SSE","mw":360.0,"tech":"Battery","tech_cat":"battery","date":"2029-10-30","connection_point":"Monk Fryston 275kV Substation","sub_name":"Monk Fryston","gate1_reserved":false,"geom_type":"point","located":true,"geocode_source":"REPD","site_name":"Monk Fryston Battery Storage","site_status":"Under Construction"}},{"type":"Feature","geometry":{"type":"Point","coordinates":[-0.13065414780939325,53.549161120159376]},"properties":{"project":"Great Coates BESS","mw":316.1,"tech":"Battery","tech_cat":"battery","date":"2035-10-30","connection_point":"Grimsby West 400kV Substation","sub_name":"Grimsby West","gate1_reserved":false,"geom_type":"point","located":false,"geocode_source":"substation"}},{"type":"Feature","geometry":{"type":"Point","coordinates":[1.12961,51.33157]},"properties":{"project":"Woodlands Farm BESS","mw":227.5,"tech":"Battery","tech_cat":"battery","date":"2036-10-31","connection_point":"Canterbury North GSP","sub_name":"Canterbury North","gate1_reserved":false,"geom_type":"point","located":true,"geocode_source":"REPD","site_name":"Woodlands Farm, Calcott Hill - Battery Energy Storage","site_status":"Application Submitted"}},{"type":"Feature","geometry":{"type":"Point","coordinates":[-0.79836,53.36453]},"properties":{"project":"West Burton","mw":138.0,"tech":"Battery","tech_cat":"battery","date":"2027-06-30","connection_point":"West Burton 132kV Substation","sub_name":"West Burton","gate1_reserved":false,"geom_type":"point","located":true,"geocode_source":"REPD","site_name":"West Burton","site_status":"Operational"}},{"type":"Feature","geometry":{"type":"Point","coordinates":[-0.79836,53.36453]},"properties":{"project":"West Burton","mw":80.0,"tech":"Solar","tech_cat":"solar","date":"2027-06-30","connection_point":"West Burton 132kV Substation","sub_name":"West Burton","gate1_reserved":false,"geom_type":"point","located":true,"geocode_source":"REPD","site_name":"West Burton","site_status":"Operational"}},{"type":"Feature","geometry":{"type":"Point","coordinates":[-3.3160672742964694,51.61723292738689]},"properties":{"project":"Wern Tarw Storage","mw":100.0,"tech":"Battery","tech_cat":"battery","date":"2037-10-31","connection_point":"Cilfynydd 400kV Substation","sub_name":"Cilfynydd","gate1_reserved":false,"geom_type":"point","located":false,"geocode_source":"substation"}},{"type":"Feature","geometry":{"type":"Point","coordinates":[-3.3153715561398456,51.615516099133515]},"properties":{"project":"Wern Tarw Storage","mw":35.0,"tech":"Solar","tech_cat":"solar","date":"2037-10-31","connection_point":"Cilfynydd 400kV Substation","sub_name":"Cilfynydd","gate1_reserved":false,"geom_type":"point","located":false,"geocode_source":"substation"}},{"type":"Feature","geometry":{"type":"Point","coordinates":[-3.3173988998218653,51.61548824897754]},"properties":{"project":"Wern Tarw Storage","mw":120.0,"tech":"Onshore Wind","tech_cat":"wind","date":"2037-10-31","connection_point":"Cilfynydd 400kV Substation","sub_name":"Cilfynydd","gate1_reserved":false,"geom_type":"point","located":false,"geocode_source":"substation"}},{"type":"Feature","geometry":{"type":"Point","coordinates":[0.18413265181123692,52.751762284062295]},"properties":{"project":"Walpole 2 (tertiary)","mw":47.5,"tech":"Solar","tech_cat":"solar","date":"2027-10-31","connection_point":"Walpole 400kV Substation","sub_name":"Walpole","gate1_reserved":false,"geom_type":"point","located":false,"geocode_source":"substation"}},{"type":"Feature","geometry":{"type":"Point","coordinates":[0.1843979975296177,52.75020501907759]},"properties":{"project":"Walpole 2 (tertiary)","mw":115.0,"tech":"Battery","tech_cat":"battery","date":"2027-10-31","connection_point":"Walpole 400kV Substation","sub_name":"Walpole","gate1_reserved":false,"geom_type":"point","located":false,"geocode_source":"substation"}},{"type":"Feature","geometry":{"type":"Point","coordinates":[-2.9984166010632247,51.13453426691268]},"properties":{"project":"Bridgwater (tertiary)","mw":71.8,"tech":"Solar","tech_cat":"solar","date":"2029-08-31","connection_point":"Bridgwater 400/132kV Substation","sub_name":"Bridgwater","gate1_reserved":false,"geom_type":"point","located":false,"geocode_source":"substation"}},{"type":"Feature","geometry":{"type":"Point","coordinates":[-3.0026843196150645,51.13232457305907]},"properties":{"project":"Bridgwater (tertiary)","mw":65.6,"tech":"Battery","tech_cat":"battery","date":"2029-08-31","connection_point":"Bridgwater 400/132kV Substation","sub_name":"Bridgwater","gate1_reserved":false,"geom_type":"point","located":false,"geocode_source":"substation"}},{"type":"Feature","geometry":{"type":"Point","coordinates":[-2.3515449050036152,57.232635630973014]},"properties":{"project":"Alcemi Midmill BESS","mw":300.0,"tech":"Battery","tech_cat":"battery","date":"2029-12-31","connection_point":"Kintore 275kV","sub_name":"Kintore","gate1_reserved":false,"geom_type":"point","located":false,"geocode_source":"substation"}},{"type":"Feature","geometry":{"type":"Point","coordinates":[-0.80181,53.22721]},"properties":{"project":"High Marnham (Tertiary)","mw":65.6,"tech":"Battery","tech_cat":"battery","date":"2029-10-31","connection_point":"High Marnham 400kV Substation","sub_name":"High Marnham","gate1_reserved":false,"geom_type":"point","located":true,"geocode_source":"REPD","site_name":"High Marnham - Solar Photovoltaic Farm","site_status":"Awaiting Construction"}},{"type":"Feature","geometry":{"type":"Point","coordinates":[-0.80181,53.22721]},"properties":{"project":"High Marnham (Tertiary)","mw":81.2,"tech":"Solar","tech_cat":"solar","date":"2029-10-31","connection_point":"High Marnham 400kV Substation","sub_name":"High Marnham","gate1_reserved":false,"geom_type":"point","located":true,"geocode_source":"REPD","site_name":"High Marnham - Solar Photovoltaic Farm","site_status":"Awaiting Construction"}},{"type":"Feature","geometry":{"type":"Point","coordinates":[-0.4172,54.08531]},"properties":{"project":"Hill Farm","mw":240.0,"tech":"Battery","tech_cat":"battery","date":"2037-10-30","connection_point":"Capenhurst GSP","sub_name":"Capenhurst","gate1_reserved":false,"geom_type":"point","located":true,"geocode_source":"REPD","site_name":"Raven Hill Farm, Langtoft Road - Wind Turbines","site_status":"Awaiting Construction"}},{"type":"Feature","geometry":{"type":"Point","coordinates":[2.1728,52.13696]},"properties":{"project":"Willington East 1 (Tertiary)","mw":54.6,"tech":"Battery","tech_cat":"battery","date":"2027-10-30","connection_point":"Willington 400kV Substation","sub_name":"Willington","gate1_reserved":false,"geom_type":"point","located":true,"geocode_source":"REPD","site_name":"East Anglia 1 (EA 1)","site_status":"Operational"}},{"type":"Feature","geometry":{"type":"Point","coordinates":[-3.91925,58.55409]},"properties":{"project":"Melvich Wind Energy Hub (BEGA)","mw":28.8,"tech":"Battery","tech_cat":"battery","date":"2033-10-31","connection_point":"Dounreay GSP","sub_name":"Dounreay","gate1_reserved":false,"geom_type":"point","located":true,"geocode_source":"REPD","site_name":"Melvich Bay - Melvich Wind Energy Hub","site_status":"Application Submitted"}},{"type":"Feature","geometry":{"type":"Point","coordinates":[-3.91925,58.55409]},"properties":{"project":"Melvich Wind Energy Hub (BEGA)","mw":28.8,"tech":"Onshore Wind","tech_cat":"wind","date":"2033-10-31","connection_point":"Dounreay GSP","sub_name":"Dounreay","gate1_reserved":false,"geom_type":"point","located":true,"geocode_source":"REPD","site_name":"Melvich Bay - Melvich Wind Energy Hub","site_status":"Application Submitted"}},{"type":"Feature","geometry":{"type":"Point","coordinates":[-1.57561,52.85674]},"properties":{"project":"Willington East 2 (Tertiary)","mw":54.6,"tech":"Battery","tech_cat":"battery","date":"2028-07-30","connection_point":"Willington 400kV Substation","sub_name":"Willington","gate1_reserved":false,"geom_type":"point","located":true,"geocode_source":"REPD","site_name":"Solar Farm on land east of the A38, Willington","site_status":"Abandoned"}},{"type":"Feature","geometry":{"type":"Point","coordinates":[-0.980604556981278,53.73225953823691]},"properties":{"project":"Drax","mw":218.5,"tech":"Battery","tech_cat":"battery","date":"2035-10-30","connection_point":"Drax 132kV Substation","sub_name":"Drax","gate1_reserved":false,"geom_type":"point","located":false,"geocode_source":"substation"}},{"type":"Feature","geometry":{"type":"Point","coordinates":[-0.9844278262730508,53.7346549234553]},"properties":{"project":"Drax","mw":233.9,"tech":"Solar","tech_cat":"solar","date":"2029-10-30","connection_point":"Drax 132kV Substation","sub_name":"Drax","gate1_reserved":false,"geom_type":"point","located":false,"geocode_source":"substation"}},{"type":"Feature","geometry":{"type":"Point","coordinates":[1.0693992039359708,51.29055957919506]},"properties":{"project":"Canterbury Tertiary","mw":65.5,"tech":"Battery","tech_cat":"battery","date":"2031-10-31","connection_point":"Canterbury 400kV Substation","sub_name":"Canterbury North","gate1_reserved":false,"geom_type":"point","located":false,"geocode_source":"substation"}},{"type":"Feature","geometry":{"type":"Point","coordinates":[1.069763130254754,51.291492371323066]},"properties":{"project":"Canterbury Tertiary","mw":80.0,"tech":"Solar","tech_cat":"solar","date":"2031-10-31","connection_point":"Canterbury 400kV Substation","sub_name":"Canterbury North","gate1_reserved":false,"geom_type":"point","located":false,"geocode_source":"substation"}},{"type":"Feature","geometry":{"type":"Point","coordinates":[-1.7682431910293008,53.76585356859939]},"properties":{"project":"Elmya Melbourne BESS","mw":48.0,"tech":"Battery","tech_cat":"battery","date":"2039-10-28","connection_point":"Thornton 400kV Substation","sub_name":"Thornton","gate1_reserved":false,"geom_type":"point","located":false,"geocode_source":"substation"}},{"type":"Feature","geometry":{"type":"Point","coordinates":[-1.7681450464532336,53.76692092528299]},"properties":{"project":"Elmya Melbourne BESS","mw":252.0,"tech":"Battery","tech_cat":"battery","date":"2033-10-28","connection_point":"Thornton 400kV Substation","sub_name":"Thornton","gate1_reserved":false,"geom_type":"point","located":false,"geocode_source":"substation"}},{"type":"Feature","geometry":{"type":"Point","coordinates":[-1.26765,53.75361]},"properties":{"project":"Monk Fryston","mw":460.0,"tech":"Battery","tech_cat":"battery","date":"2031-10-31","connection_point":"Monk Fryston 400kV Substation","sub_name":"Monk Fryston","gate1_reserved":false,"geom_type":"point","located":true,"geocode_source":"REPD","site_name":"Monk Fryston Battery Storage","site_status":"Under Construction"}},{"type":"Feature","geometry":{"type":"Point","coordinates":[-1.197553653007178,54.167004509564805]},"properties":{"project":"Al Boum Photo (Norton)","mw":289.5,"tech":"Battery","tech_cat":"battery","date":"2031-10-31","connection_point":"Norton 400kV Substation","sub_name":"Norton","gate1_reserved":false,"geom_type":"point","located":false,"geocode_source":"substation"}},{"type":"Feature","geometry":{"type":"Point","coordinates":[-1.8683015883723246,50.8829378418185]},"properties":{"project":"Mannington","mw":53.2,"tech":"Battery","tech_cat":"battery","date":"2025-11-30","connection_point":"Mannington 400kV Substation","sub_name":"Mannington","gate1_reserved":false,"geom_type":"point","located":false,"geocode_source":"substation"}},{"type":"Feature","geometry":{"type":"Point","coordinates":[-2.949942659803773,53.268491135383385]},"properties":{"project":"Capenhurst Tertiary","mw":66.1,"tech":"Battery","tech_cat":"battery","date":"2027-10-31","connection_point":"Capenhurst 400kV Substation","sub_name":"Capenhurst","gate1_reserved":false,"geom_type":"point","located":false,"geocode_source":"substation"}},{"type":"Feature","geometry":{"type":"Point","coordinates":[-2.92759,53.41991]},"properties":{"project":"Lister Drive Shaw","mw":70.2,"tech":"Battery","tech_cat":"battery","date":"2026-09-01","connection_point":"Lister Drive 275kV Substation","sub_name":"Lister Drive","gate1_reserved":false,"geom_type":"point","located":true,"geocode_source":"REPD","site_name":"Lister Drive","site_status":"Operational"}},{"type":"Feature","geometry":{"type":"Point","coordinates":[-0.9860561418606217,53.73182727388382]},"properties":{"project":"Drax BECCS","mw":300.0,"tech":"Transmission Connected Demand","tech_cat":"demand","date":"2035-10-30","connection_point":"Drax 400kV Substation","sub_name":"Drax","gate1_reserved":false,"geom_type":"point","located":false,"geocode_source":"substation"}},{"type":"Feature","geometry":{"type":"Point","coordinates":[-3.5159751093878198,50.731894736869265]},"properties":{"project":"Exeter BESS and PV (Post-Interactivity Revised Offer)","mw":180.0,"tech":"Battery","tech_cat":"battery","date":"2030-04-30","connection_point":"Exeter Main 400kV Substation","sub_name":"Exeter","gate1_reserved":false,"geom_type":"point","located":false,"geocode_source":"substation"}},{"type":"Feature","geometry":{"type":"Point","coordinates":[-0.7004573768022299,52.21775148571171]},"properties":{"project":"Grendon Solar & BESS","mw":650.0,"tech":"Solar","tech_cat":"solar","date":"2029-07-01","connection_point":"Grendon 400kV Substation","sub_name":"Grendon","gate1_reserved":false,"geom_type":"point","located":false,"geocode_source":"substation"}},{"type":"Feature","geometry":{"type":"Point","coordinates":[-0.7006955879893318,52.21512869974215]},"properties":{"project":"Grendon Solar & BESS","mw":500.0,"tech":"Battery","tech_cat":"battery","date":"2029-07-01","connection_point":"Grendon 400kV Substation","sub_name":"Grendon","gate1_reserved":false,"geom_type":"point","located":false,"geocode_source":"substation"}},{"type":"Feature","geometry":{"type":"Point","coordinates":[-3.95007,51.69317]},"properties":{"project":"Swansea Greener Grid Park - Connection 1","mw":85.0,"tech":"Battery","tech_cat":"battery","date":"2028-10-31","connection_point":"Swansea North 400kV Substation","sub_name":"Swansea North","gate1_reserved":false,"geom_type":"point","located":true,"geocode_source":"REPD","site_name":"Swansea Greener Grid Park","site_status":"Under Construction"}},{"type":"Feature","geometry":{"type":"Point","coordinates":[-3.95007,51.69317]},"properties":{"project":"Swansea Greener Grid Park - Connection 1","mw":15.0,"tech":"Battery","tech_cat":"battery","date":"2024-08-31","connection_point":"Swansea North 400kV Substation","sub_name":"Swansea North","gate1_reserved":false,"geom_type":"point","located":true,"geocode_source":"REPD","site_name":"Swansea Greener Grid Park","site_status":"Under Construction"}},{"type":"Feature","geometry":{"type":"Point","coordinates":[-3.95007,51.69317]},"properties":{"project":"Swansea Greener Grid Park - Connection 1","mw":161.5,"tech":"Reactive Compensation","tech_cat":"other","date":"2024-08-31","connection_point":"Swansea North 400kV Substation","sub_name":"Swansea North","gate1_reserved":false,"geom_type":"point","located":true,"geocode_source":"REPD","site_name":"Swansea Greener Grid Park","site_status":"Under Construction"}},{"type":"Feature","geometry":{"type":"Point","coordinates":[-3.95007,51.69317]},"properties":{"project":"Swansea Greener Grid Park - Connection 2","mw":80.8,"tech":"Reactive Compensation","tech_cat":"other","date":"2027-06-23","connection_point":"Swansea North 400kV Substation","sub_name":"Swansea North","gate1_reserved":false,"geom_type":"point","located":true,"geocode_source":"REPD","site_name":"Swansea Greener Grid Park","site_status":"Under Construction"}},{"type":"Feature","geometry":{"type":"Point","coordinates":[-1.6498267753540405,52.768486036968866]},"properties":{"project":"Drakelow","mw":139.0,"tech":"Battery","tech_cat":"battery","date":"2027-12-01","connection_point":"Drakelow 132kV Substation","sub_name":"Drakelow","gate1_reserved":false,"geom_type":"point","located":false,"geocode_source":"substation"}},{"type":"Feature","geometry":{"type":"Point","coordinates":[1.2688375760226174,52.58499588215941]},"properties":{"project":"Norwich Yare","mw":52.2,"tech":"Solar","tech_cat":"solar","date":"2025-12-18","connection_point":"Norwich GSP","sub_name":"Norwich Main","gate1_reserved":false,"geom_type":"point","located":false,"geocode_source":"substation"}},{"type":"Feature","geometry":{"type":"Point","coordinates":[1.268007750036409,52.581541331679]},"properties":{"project":"Norwich Yare","mw":53.2,"tech":"Battery","tech_cat":"battery","date":"2025-12-18","connection_point":"Norwich GSP","sub_name":"Norwich Main","gate1_reserved":false,"geom_type":"point","located":false,"geocode_source":"substation"}},{"type":"Feature","geometry":{"type":"Point","coordinates":[-0.8830785046848665,53.067354157328495]},"properties":{"project":"Staythorpe","mw":460.0,"tech":"Battery","tech_cat":"battery","date":"2030-10-31","connection_point":"Staythorpe 400kV Substation","sub_name":"Staythorpe","gate1_reserved":false,"geom_type":"point","located":false,"geocode_source":"substation"}},{"type":"Feature","geometry":{"type":"Point","coordinates":[-2.882447203675731,53.48246057068383]},"properties":{"project":"Kirkby (Tertiary)","mw":60.8,"tech":"Battery","tech_cat":"battery","date":"2027-08-30","connection_point":"Kirkby GSP (ENW)","sub_name":"Kirkby","gate1_reserved":false,"geom_type":"point","located":false,"geocode_source":"substation"}},{"type":"Feature","geometry":{"type":"Point","coordinates":[-1.02995,53.77771]},"properties":{"project":"Oaklands Farm Solar PV","mw":55.0,"tech":"Battery","tech_cat":"battery","date":"2027-06-30","connection_point":"Drakelow 132kV Substation","sub_name":"Drakelow","gate1_reserved":false,"geom_type":"point","located":true,"geocode_source":"REPD","site_name":"Newlands Farm, Turnham Lane - Solar PV Panels","site_status":"Application Submitted"}},{"type":"Feature","geometry":{"type":"Point","coordinates":[-0.51896,54.15198]},"properties":{"project":"Oaklands Farm Solar PV","mw":165.0,"tech":"Solar","tech_cat":"solar","date":"2027-06-30","connection_point":"Drakelow 132kV Substation","sub_name":"Drakelow","gate1_reserved":false,"geom_type":"point","located":true,"geocode_source":"REPD","site_name":"Fosters Wold Farm, Weaverthorpe - Solar PV Array","site_status":"Awaiting Construction"}},{"type":"Feature","geometry":{"type":"Point","coordinates":[-4.983678777684278,51.681901587824946]},"properties":{"project":"Pembroke (spare bay)","mw":138.0,"tech":"Battery","tech_cat":"battery","date":"2028-07-30","connection_point":"Pembroke 132kV Substation","sub_name":"Pembroke","gate1_reserved":false,"geom_type":"point","located":false,"geocode_source":"substation"}},{"type":"Feature","geometry":{"type":"Point","coordinates":[-3.80369,55.55518]},"properties":{"project":"Midlands Estate Energy Park","mw":176.4,"tech":"Battery","tech_cat":"battery","date":"2033-10-31","connection_point":"West Burton 400kV Substation","sub_name":"West Burton","gate1_reserved":false,"geom_type":"point","located":true,"geocode_source":"REPD","site_name":"M74 West Renewable Energy Park","site_status":"Application Submitted"}},{"type":"Feature","geometry":{"type":"Point","coordinates":[-0.13531,52.80387]},"properties":{"project":"Midlands Estate Energy Park","mw":541.8,"tech":"Solar","tech_cat":"solar","date":"2033-10-31","connection_point":"West Burton 400kV Substation","sub_name":"West Burton","gate1_reserved":false,"geom_type":"point","located":true,"geocode_source":"REPD","site_name":"Spalding Energy Park - Battery Storage","site_status":"Awaiting Construction"}},{"type":"Feature","geometry":{"type":"Point","coordinates":[-4.42145,55.70507]},"properties":{"project":"Midlands Estate Energy Park","mw":30.6,"tech":"Battery","tech_cat":"battery","date":"2039-10-30","connection_point":"West Burton 400kV Substation","sub_name":"West Burton","gate1_reserved":false,"geom_type":"point","located":true,"geocode_source":"REPD","site_name":"Glenouther Renewable Energy Park","site_status":"Appeal Refused"}},{"type":"Feature","geometry":{"type":"Point","coordinates":[0.08592633535249228,51.53313340534278]},"properties":{"project":"Barking BESS","mw":100.0,"tech":"Battery","tech_cat":"battery","date":"2028-10-31","connection_point":"Barking West GSP","sub_name":"Barking","gate1_reserved":false,"geom_type":"point","located":false,"geocode_source":"substation"}},{"type":"Feature","geometry":{"type":"Point","coordinates":[-0.784725307187301,53.30135307058536]},"properties":{"project":"Cottam PV & BESS","mw":500.0,"tech":"Battery","tech_cat":"battery","date":"2033-10-31","connection_point":"Cottam 400kV Substation","sub_name":"Cottam","gate1_reserved":false,"geom_type":"point","located":false,"geocode_source":"substation"}},{"type":"Feature","geometry":{"type":"Point","coordinates":[-0.7852357505887196,53.30000211000698]},"properties":{"project":"Cottam PV & BESS","mw":500.0,"tech":"Solar","tech_cat":"solar","date":"2033-10-31","connection_point":"Cottam 400kV Substation","sub_name":"Cottam","gate1_reserved":false,"geom_type":"point","located":false,"geocode_source":"substation"}},{"type":"Feature","geometry":{"type":"Point","coordinates":[-0.88884,52.00221]},"properties":{"project":"Thornton PV & BESS Sub","mw":220.0,"tech":"Solar","tech_cat":"solar","date":"2035-10-26","connection_point":"Thornton B 400kV Substation","sub_name":"Thornton","gate1_reserved":false,"geom_type":"point","located":true,"geocode_source":"REPD","site_name":"Thornton Estate -  Solar PV Panels","site_status":"Application Submitted"}},{"type":"Feature","geometry":{"type":"Point","coordinates":[-0.88884,52.00221]},"properties":{"project":"Thornton PV & BESS Sub","mw":220.0,"tech":"Battery","tech_cat":"battery","date":"2035-10-26","connection_point":"Thornton B 400kV Substation","sub_name":"Thornton","gate1_reserved":false,"geom_type":"point","located":true,"geocode_source":"REPD","site_name":"Thornton Estate -  Solar PV Panels","site_status":"Application Submitted"}},{"type":"Feature","geometry":{"type":"Point","coordinates":[-4.481061934019726,53.41818546022164]},"properties":{"project":"Wylfa Substation","mw":192.1,"tech":"Solar","tech_cat":"solar","date":"2029-06-30","connection_point":"Wylfa 132kV Substation","sub_name":"Wylfa","gate1_reserved":false,"geom_type":"point","located":false,"geocode_source":"substation"}},{"type":"Feature","geometry":{"type":"Point","coordinates":[-4.48246069486727,53.415974401249215]},"properties":{"project":"Wylfa Substation","mw":138.0,"tech":"Battery","tech_cat":"battery","date":"2029-06-30","connection_point":"Wylfa 132kV Substation","sub_name":"Wylfa","gate1_reserved":false,"geom_type":"point","located":false,"geocode_source":"substation"}},{"type":"Feature","geometry":{"type":"Point","coordinates":[-2.368803575704111,53.550392292761174]},"properties":{"project":"Kearsley","mw":53.2,"tech":"Battery","tech_cat":"battery","date":"2028-10-31","connection_point":"Kearsley 275kV Substation","sub_name":"Kearsley","gate1_reserved":false,"geom_type":"point","located":false,"geocode_source":"substation"}},{"type":"Feature","geometry":{"type":"Point","coordinates":[-1.1330604431922087,53.71764503888027]},"properties":{"project":"Eggborough BESS","mw":200.0,"tech":"Battery","tech_cat":"battery","date":"2035-10-30","connection_point":"Eggborough 400kV Substation","sub_name":"Eggborough","gate1_reserved":false,"geom_type":"point","located":false,"geocode_source":"substation"}},{"type":"Feature","geometry":{"type":"Point","coordinates":[-4.87819,55.7184]},"properties":{"project":"Thornton Grid Stability Services","mw":0.1,"tech":"Reactive Compensation","tech_cat":"other","date":"2039-10-30","connection_point":"Thornton 400kV Substation","sub_name":"Thornton","gate1_reserved":false,"geom_type":"point","located":true,"geocode_source":"REPD","site_name":"Hunterston Grid Services Complex - Energy Storage Facility","site_status":"Awaiting Construction"}},{"type":"Feature","geometry":{"type":"Point","coordinates":[-0.13311607583584248,53.551003055323065]},"properties":{"project":"Carbon Free 2030","mw":574.6,"tech":"Battery","tech_cat":"battery","date":"2034-06-30","connection_point":"Grimsby West 400kV Substation","sub_name":"Grimsby West","gate1_reserved":false,"geom_type":"point","located":false,"geocode_source":"substation"}},{"type":"Feature","geometry":{"type":"Point","coordinates":[-0.13436550370675474,53.54820205882606]},"properties":{"project":"Carbon Free 2030","mw":118.8,"tech":"Solar","tech_cat":"solar","date":"2034-06-30","connection_point":"Grimsby West 400kV Substation","sub_name":"Grimsby West","gate1_reserved":false,"geom_type":"point","located":false,"geocode_source":"substation"}},{"type":"Feature","geometry":{"type":"Point","coordinates":[-1.7804236492001775,57.514970116272586]},"properties":{"project":"Peterhead Battery","mw":630.2,"tech":"Battery","tech_cat":"battery","date":"2033-10-31","connection_point":"Peterhead GSP","sub_name":"Peterhead","gate1_reserved":false,"geom_type":"point","located":false,"geocode_source":"substation"}},{"type":"Feature","geometry":{"type":"Point","coordinates":[-4.881180299684134,55.718063398760165]},"properties":{"project":"Elmya Hunterston","mw":422.4,"tech":"Battery","tech_cat":"battery","date":"2030-10-25","connection_point":"Hunterston 400/132kV","sub_name":"Hunterston","gate1_reserved":false,"geom_type":"point","located":false,"geocode_source":"substation"}},{"type":"Feature","geometry":{"type":"Point","coordinates":[-4.886125334806495,55.71600705085145]},"properties":{"project":"Hunterston Hydrogen","mw":400.0,"tech":"Transmission Connected Demand","tech_cat":"demand","date":"2033-10-31","connection_point":"Hunterston 400/132kV","sub_name":"Hunterston","gate1_reserved":false,"geom_type":"point","located":false,"geocode_source":"substation"}},{"type":"Feature","geometry":{"type":"Point","coordinates":[-4.880443511168619,55.718060834557136]},"properties":{"project":"Hunterston Hydrogen","mw":4.9,"tech":"Battery","tech_cat":"battery","date":"2033-10-31","connection_point":"Hunterston 400/132kV","sub_name":"Hunterston","gate1_reserved":false,"geom_type":"point","located":false,"geocode_source":"substation"}},{"type":"Feature","geometry":{"type":"Point","coordinates":[-3.5167796837743026,50.73180835242744]},"properties":{"project":"Exeter (Tertiary)","mw":7.6,"tech":"Battery","tech_cat":"battery","date":"2036-12-06","connection_point":"Exeter 400kV Substation","sub_name":"Exeter","gate1_reserved":false,"geom_type":"point","located":false,"geocode_source":"substation"}},{"type":"Feature","geometry":{"type":"Point","coordinates":[-3.5152177408369503,50.73174916506649]},"properties":{"project":"Exeter (Tertiary)","mw":53.2,"tech":"Battery","tech_cat":"battery","date":"2028-06-16","connection_point":"Exeter 400kV Substation","sub_name":"Exeter","gate1_reserved":false,"geom_type":"point","located":false,"geocode_source":"substation"}},{"type":"Feature","geometry":{"type":"Point","coordinates":[0.38381,51.45773]},"properties":{"project":"Walpole Flexible Generation","mw":2550.0,"tech":"Transmission Connected Demand","tech_cat":"demand","date":"2033-06-30","connection_point":"Walpole 400kV Substation","sub_name":"Walpole","gate1_reserved":false,"geom_type":"point","located":true,"geocode_source":"REPD","site_name":"Thurrock Flexible Generation Plant","site_status":"Operational"}},{"type":"Feature","geometry":{"type":"Point","coordinates":[0.38381,51.45773]},"properties":{"project":"Walpole Flexible Generation","mw":1800.0,"tech":"Low Carbon Dispatchable Power","tech_cat":"other","date":"2033-06-30","connection_point":"Walpole 400kV Substation","sub_name":"Walpole","gate1_reserved":false,"geom_type":"point","located":true,"geocode_source":"REPD","site_name":"Thurrock Flexible Generation Plant","site_status":"Operational"}},{"type":"Feature","geometry":{"type":"Point","coordinates":[0.18108984963632901,52.75095700394551]},"properties":{"project":"Walpole","mw":53.2,"tech":"Battery","tech_cat":"battery","date":"2030-10-30","connection_point":"Walpole 400kV substations","sub_name":"Walpole","gate1_reserved":false,"geom_type":"point","located":false,"geocode_source":"substation"}},{"type":"Feature","geometry":{"type":"Point","coordinates":[-0.70121,53.61983]},"properties":{"project":"Swansea North Green Energy Centre","mw":570.1,"tech":"Battery","tech_cat":"battery","date":"2028-10-31","connection_point":"Swansea North 400kV Substation","sub_name":"Swansea North","gate1_reserved":false,"geom_type":"point","located":true,"geocode_source":"REPD","site_name":"North Lincolnshire Green Energy Park","site_status":"Revised"}},{"type":"Feature","geometry":{"type":"Point","coordinates":[-0.70121,53.61983]},"properties":{"project":"Swansea North Green Energy Centre","mw":400.0,"tech":"Transmission Connected Demand","tech_cat":"demand","date":"2034-10-31","connection_point":"Swansea North 400kV Substation","sub_name":"Swansea North","gate1_reserved":false,"geom_type":"point","located":true,"geocode_source":"REPD","site_name":"North Lincolnshire Green Energy Park","site_status":"Revised"}},{"type":"Feature","geometry":{"type":"Point","coordinates":[-4.15913,51.00835]},"properties":{"project":"Alverdiscott Farm","mw":296.4,"tech":"Solar","tech_cat":"solar","date":"2037-04-24","connection_point":"Alverdiscott 400kV Substation","sub_name":"Alverdiscott","gate1_reserved":false,"geom_type":"point","located":true,"geocode_source":"REPD","site_name":"Gammaton Barton Farm, Alverdiscott - Battery Energy Storage","site_status":"Awaiting Construction"}},{"type":"Feature","geometry":{"type":"Point","coordinates":[-4.15913,51.00835]},"properties":{"project":"Alverdiscott Farm","mw":608.0,"tech":"Battery","tech_cat":"battery","date":"2037-04-24","connection_point":"Alverdiscott 400kV Substation","sub_name":"Alverdiscott","gate1_reserved":false,"geom_type":"point","located":true,"geocode_source":"REPD","site_name":"Gammaton Barton Farm, Alverdiscott - Battery Energy Storage","site_status":"Awaiting Construction"}},{"type":"Feature","geometry":{"type":"Point","coordinates":[-4.87819,55.7184]},"properties":{"project":"Bolney Grid Stability Services","mw":0.1,"tech":"Reactive Compensation","tech_cat":"other","date":"2031-10-31","connection_point":"Bolney 400kV Substation","sub_name":"Bolney","gate1_reserved":false,"geom_type":"point","located":true,"geocode_source":"REPD","site_name":"Hunterston Grid Services Complex - Energy Storage Facility","site_status":"Awaiting Construction"}},{"type":"Feature","geometry":{"type":"Point","coordinates":[-4.89925,50.39409]},"properties":{"project":"Indian Queens","mw":53.2,"tech":"Battery","tech_cat":"battery","date":"2024-07-30","connection_point":"Indian Queens 400kV Substation","sub_name":"Indian Queens","gate1_reserved":false,"geom_type":"point","located":true,"geocode_source":"REPD","site_name":"Indian Queens Sub station, Carne Hill - Battery Energy Storage","site_status":"Awaiting Construction"}},{"type":"Feature","geometry":{"type":"Point","coordinates":[-4.89925,50.39409]},"properties":{"project":"Indian Queens","mw":50.1,"tech":"Solar","tech_cat":"solar","date":"2024-07-30","connection_point":"Indian Queens 400kV Substation","sub_name":"Indian Queens","gate1_reserved":false,"geom_type":"point","located":true,"geocode_source":"REPD","site_name":"Indian Queens Sub station, Carne Hill - Battery Energy Storage","site_status":"Awaiting Construction"}},{"type":"Feature","geometry":{"type":"Point","coordinates":[-3.7329560382746902,58.58321101656116]},"properties":{"project":"Dounreay Synchronous Compensation","mw":0.1,"tech":"Reactive Compensation","tech_cat":"other","date":"2037-10-31","connection_point":"DOUNREAY 2 275 kV SUBSTATION","sub_name":"Dounreay","gate1_reserved":false,"geom_type":"point","located":false,"geocode_source":"substation"}},{"type":"Feature","geometry":{"type":"Point","coordinates":[-0.82412,53.22238]},"properties":{"project":"High Marnham 400","mw":460.0,"tech":"Battery","tech_cat":"battery","date":"2034-10-31","connection_point":"High Marnham 400kV Substation","sub_name":"High Marnham","gate1_reserved":false,"geom_type":"point","located":true,"geocode_source":"REPD","site_name":"Polly Taylors Road, High Marnham  - Battery Energy Storage System","site_status":"Application Submitted"}},{"type":"Feature","geometry":{"type":"Point","coordinates":[-0.82412,53.22238]},"properties":{"project":"High Marnham 400","mw":690.0,"tech":"Battery","tech_cat":"battery","date":"2034-10-31","connection_point":"High Marnham 400kV Substation","sub_name":"High Marnham","gate1_reserved":false,"geom_type":"point","located":true,"geocode_source":"REPD","site_name":"Polly Taylors Road, High Marnham  - Battery Energy Storage System","site_status":"Application Submitted"}},{"type":"Feature","geometry":{"type":"Point","coordinates":[-0.80181,53.22721]},"properties":{"project":"High Marnham 400","mw":53.3,"tech":"Solar","tech_cat":"solar","date":"2034-10-31","connection_point":"High Marnham 400kV Substation","sub_name":"High Marnham","gate1_reserved":false,"geom_type":"point","located":true,"geocode_source":"REPD","site_name":"High Marnham - Solar Photovoltaic Farm","site_status":"Awaiting Construction"}},{"type":"Feature","geometry":{"type":"Point","coordinates":[-0.81085,53.18276]},"properties":{"project":"High Marnham 400","mw":0.0,"tech":"Solar","tech_cat":"solar","date":"2034-10-31","connection_point":"High Marnham 400kV Substation","sub_name":"High Marnham","gate1_reserved":false,"geom_type":"point","located":true,"geocode_source":"REPD","site_name":"High Marnham Power Station, High Marnham - Hydrogen Production Plant","site_status":"Awaiting Construction"}},{"type":"Feature","geometry":{"type":"Point","coordinates":[-4.064321784522915,55.68245420386419]},"properties":{"project":"Lanarkshire BESS","mw":500.0,"tech":"Battery","tech_cat":"battery","date":"2027-04-30","connection_point":"Strathaven 400/275kV","sub_name":"Strathaven","gate1_reserved":false,"geom_type":"point","located":false,"geocode_source":"substation"}},{"type":"Feature","geometry":{"type":"Point","coordinates":[0.3316357645244893,51.43302329658473]},"properties":{"project":"NorthFleet Tertiary","mw":49.9,"tech":"Battery","tech_cat":"battery","date":"2028-06-30","connection_point":"Northfleet East 400kV Substation","sub_name":"Northfleet East","gate1_reserved":false,"geom_type":"point","located":false,"geocode_source":"substation"}},{"type":"Feature","geometry":{"type":"Point","coordinates":[0.33462774829764197,51.43344146591961]},"properties":{"project":"NorthFleet Tertiary","mw":49.9,"tech":"Solar","tech_cat":"solar","date":"2028-06-30","connection_point":"Northfleet East 400kV Substation","sub_name":"Northfleet East","gate1_reserved":false,"geom_type":"point","located":false,"geocode_source":"substation"}},{"type":"Feature","geometry":{"type":"Point","coordinates":[0.49506,51.5101]},"properties":{"project":"Legacy Green Energy Centre","mw":570.1,"tech":"Battery","tech_cat":"battery","date":"2032-10-30","connection_point":"Legacy 400kV Substation","sub_name":"Legacy","gate1_reserved":false,"geom_type":"point","located":true,"geocode_source":"REPD","site_name":"Gateway Energy Centre - Battery Energy Storage","site_status":"Awaiting Construction"}},{"type":"Feature","geometry":{"type":"Point","coordinates":[-3.4679173986051675,56.165624143828204]},"properties":{"project":"Fife 2 BESS","mw":49.9,"tech":"Battery","tech_cat":"battery","date":"2028-06-14","connection_point":"Westfield 132/33kV","sub_name":"Westfield","gate1_reserved":false,"geom_type":"point","located":false,"geocode_source":"substation"}},{"type":"Feature","geometry":{"type":"Point","coordinates":[-0.4491249109601753,51.93508253768398]},"properties":{"project":"Sundon Storage","mw":580.0,"tech":"Battery","tech_cat":"battery","date":"2031-10-30","connection_point":"Sundon 400kV Substation","sub_name":"Sundon","gate1_reserved":false,"geom_type":"point","located":false,"geocode_source":"substation"}},{"type":"Feature","geometry":{"type":"Point","coordinates":[-3.12674,51.4845]},"properties":{"project":"NatPower Nursling Energy Park","mw":1000.0,"tech":"Battery","tech_cat":"battery","date":"2037-10-31","connection_point":"Nursling 400kV Substation","sub_name":"Nursling","gate1_reserved":false,"geom_type":"point","located":true,"geocode_source":"REPD","site_name":"Rover Way, Splott - Energy Park & Data Centre","site_status":"Awaiting Construction"}},{"type":"Feature","geometry":{"type":"Point","coordinates":[0.49506,51.5101]},"properties":{"project":"Cilfynydd Green Energy Centre","mw":570.1,"tech":"Battery","tech_cat":"battery","date":"2029-10-30","connection_point":"Cilfynydd 400kV Substation","sub_name":"Cilfynydd","gate1_reserved":false,"geom_type":"point","located":true,"geocode_source":"REPD","site_name":"Gateway Energy Centre - Battery Energy Storage","site_status":"Awaiting Construction"}},{"type":"Feature","geometry":{"type":"Point","coordinates":[-0.9831930376180873,53.733077160302095]},"properties":{"project":"Drax Solar","mw":400.0,"tech":"Solar","tech_cat":"solar","date":"2029-09-30","connection_point":"Drax 400kV Substation","sub_name":"Drax","gate1_reserved":false,"geom_type":"point","located":false,"geocode_source":"substation"}},{"type":"Feature","geometry":{"type":"Point","coordinates":[-4.46765,55.80416]},"properties":{"project":"East Claydon Greener Grid Park","mw":650.0,"tech":"Battery","tech_cat":"battery","date":"2034-11-30","connection_point":"East Claydon 400kV Substation","sub_name":"East Claydon","gate1_reserved":false,"geom_type":"point","located":true,"geocode_source":"REPD","site_name":"Neilston  Greener Grid Park - Phase 2","site_status":"Awaiting Construction"}},{"type":"Feature","geometry":{"type":"Point","coordinates":[-1.25834,54.59688]},"properties":{"project":"East Claydon Green Energy Centre","mw":500.0,"tech":"Transmission Connected Demand","tech_cat":"demand","date":"2038-10-31","connection_point":"East Claydon 400kV Substation","sub_name":"East Claydon","gate1_reserved":false,"geom_type":"point","located":true,"geocode_source":"REPD","site_name":"North East Energy Recovery Centre (adjacent to Teesside EfW)","site_status":"Operational"}},{"type":"Feature","geometry":{"type":"Point","coordinates":[0.49506,51.5101]},"properties":{"project":"Daines Green Energy Centre","mw":400.0,"tech":"Transmission Connected Demand","tech_cat":"demand","date":"2033-10-31","connection_point":"Daines 400kV Substation","sub_name":"Daines","gate1_reserved":false,"geom_type":"point","located":true,"geocode_source":"REPD","site_name":"Gateway Energy Centre - Battery Energy Storage","site_status":"Awaiting Construction"}},{"type":"Feature","geometry":{"type":"Point","coordinates":[-4.234856478192977,50.448635615105125]},"properties":{"project":"Landulph","mw":7.6,"tech":"Battery","tech_cat":"battery","date":"2028-10-31","connection_point":"Landulph 400kV Substation","sub_name":"Landulph","gate1_reserved":false,"geom_type":"point","located":false,"geocode_source":"substation"}},{"type":"Feature","geometry":{"type":"Point","coordinates":[-4.232800729150069,50.44941710802373]},"properties":{"project":"Landulph","mw":53.2,"tech":"Battery","tech_cat":"battery","date":"2026-05-18","connection_point":"Landulph 400kV Substation","sub_name":"Landulph","gate1_reserved":false,"geom_type":"point","located":false,"geocode_source":"substation"}},{"type":"Feature","geometry":{"type":"Point","coordinates":[-4.2348818064931875,50.449028413037354]},"properties":{"project":"Landulph","mw":52.5,"tech":"Solar","tech_cat":"solar","date":"2027-10-31","connection_point":"Landulph 400kV Substation","sub_name":"Landulph","gate1_reserved":false,"geom_type":"point","located":false,"geocode_source":"substation"}},{"type":"Feature","geometry":{"type":"Point","coordinates":[-0.6453,52.36319]},"properties":{"project":"BOOM Power Llanbabo Generation","mw":300.0,"tech":"Battery","tech_cat":"battery","date":"2032-10-31","connection_point":"Wylfa 400kV Substation","sub_name":"Wylfa","gate1_reserved":false,"geom_type":"point","located":true,"geocode_source":"REPD","site_name":"Wold Road (land south of) Peak Power Generation Plant","site_status":"Planning Permission Expired"}},{"type":"Feature","geometry":{"type":"Point","coordinates":[-4.87819,55.7184]},"properties":{"project":"Cilfynydd Grid Stability Services","mw":0.1,"tech":"Reactive Compensation","tech_cat":"other","date":"2026-09-09","connection_point":"Cilfynydd 400kV Substation","sub_name":"Cilfynydd","gate1_reserved":false,"geom_type":"point","located":true,"geocode_source":"REPD","site_name":"Hunterston Grid Services Complex - Energy Storage Facility","site_status":"Awaiting Construction"}},{"type":"Feature","geometry":{"type":"Point","coordinates":[-3.315939884115732,51.61515557510963]},"properties":{"project":"BESS Cilfynydd","mw":245.8,"tech":"Battery","tech_cat":"battery","date":"2029-07-12","connection_point":"Cilfynydd 400kV Substation","sub_name":"Cilfynydd","gate1_reserved":false,"geom_type":"point","located":false,"geocode_source":"substation"}},{"type":"Feature","geometry":{"type":"Point","coordinates":[-3.82261,56.54688]},"properties":{"project":"Meall Dearg","mw":157.5,"tech":"Onshore Wind","tech_cat":"wind","date":"2037-10-31","connection_point":"New North West 132kV Substation","sub_name":"New Cross","gate1_reserved":false,"geom_type":"point","located":true,"geocode_source":"REPD","site_name":"Meall Dearg Wind Farm - Wind Farm","site_status":"Application Submitted"}},{"type":"Feature","geometry":{"type":"Point","coordinates":[-3.82261,56.54688]},"properties":{"project":"Meall Dearg","mw":5.0,"tech":"Battery","tech_cat":"battery","date":"2037-10-31","connection_point":"New North West 132kV Substation","sub_name":"New Cross","gate1_reserved":false,"geom_type":"point","located":true,"geocode_source":"REPD","site_name":"Meall Dearg Wind Farm - Wind Farm","site_status":"Application Submitted"}},{"type":"Feature","geometry":{"type":"Point","coordinates":[-0.04561,51.61213]},"properties":{"project":"North Killingholme Power Project","mw":540.0,"tech":"Low Carbon Dispatchable Power","tech_cat":"other","date":"2030-09-30","connection_point":"Killingholme 400kV Substation","sub_name":"Killingholme","gate1_reserved":false,"geom_type":"point","located":true,"geocode_source":"REPD","site_name":"North London Heat and Power (Edmonton EcoPark Replacement)","site_status":"Awaiting Construction"}},{"type":"Feature","geometry":{"type":"Point","coordinates":[-3.9309468403674983,51.66572419042172]},"properties":{"project":"BESS Swan","mw":245.8,"tech":"Battery","tech_cat":"battery","date":"2028-10-31","connection_point":"Swansea North 400kV Substation","sub_name":"Swansea North","gate1_reserved":false,"geom_type":"point","located":false,"geocode_source":"substation"}},{"type":"Feature","geometry":{"type":"Point","coordinates":[-4.87819,55.7184]},"properties":{"project":"Sellindge Grid Stability Services","mw":0.1,"tech":"Reactive Compensation","tech_cat":"other","date":"2026-08-11","connection_point":"Sellindge 400kV Substation","sub_name":"Sellindge","gate1_reserved":false,"geom_type":"point","located":true,"geocode_source":"REPD","site_name":"Hunterston Grid Services Complex - Energy Storage Facility","site_status":"Awaiting Construction"}},{"type":"Feature","geometry":{"type":"Point","coordinates":[-4.3139,55.7464]},"properties":{"project":"Kirkton Solar PV","mw":17.5,"tech":"Battery","tech_cat":"battery","date":"2026-10-01","connection_point":"Peterhead Grange 132kV","sub_name":"Peterhead","gate1_reserved":false,"geom_type":"point","located":true,"geocode_source":"REPD","site_name":"Bonnyton, Kirkton Moor Road  - Solar PV Panels","site_status":"Application Submitted"}},{"type":"Feature","geometry":{"type":"Point","coordinates":[-4.3139,55.7464]},"properties":{"project":"Kirkton Solar PV","mw":35.0,"tech":"Solar","tech_cat":"solar","date":"2026-10-01","connection_point":"Peterhead Grange 132kV","sub_name":"Peterhead","gate1_reserved":false,"geom_type":"point","located":true,"geocode_source":"REPD","site_name":"Bonnyton, Kirkton Moor Road  - Solar PV Panels","site_status":"Application Submitted"}},{"type":"Feature","geometry":{"type":"Point","coordinates":[0.49506,51.5101]},"properties":{"project":"Norwich Green Energy Centre","mw":570.1,"tech":"Battery","tech_cat":"battery","date":"2031-04-30","connection_point":"Norwich Main 400kW Substation","sub_name":"Norwich Main","gate1_reserved":false,"geom_type":"point","located":true,"geocode_source":"REPD","site_name":"Gateway Energy Centre - Battery Energy Storage","site_status":"Awaiting Construction"}},{"type":"Feature","geometry":{"type":"Point","coordinates":[0.49506,51.5101]},"properties":{"project":"Norwich Green Energy Centre","mw":400.0,"tech":"Transmission Connected Demand","tech_cat":"demand","date":"2037-10-31","connection_point":"Norwich Main 400kW Substation","sub_name":"Norwich Main","gate1_reserved":false,"geom_type":"point","located":true,"geocode_source":"REPD","site_name":"Gateway Energy Centre - Battery Energy Storage","site_status":"Awaiting Construction"}},{"type":"Feature","geometry":{"type":"Point","coordinates":[-4.469572709467882,57.467994687440914]},"properties":{"project":"Tarvie Wind Farm","mw":30.0,"tech":"Battery","tech_cat":"battery","date":"2033-10-31","connection_point":"Beauly substation 275KV","sub_name":"Beauly","gate1_reserved":false,"geom_type":"point","located":false,"geocode_source":"substation"}},{"type":"Feature","geometry":{"type":"Point","coordinates":[-4.46556885150323,57.46575681668373]},"properties":{"project":"Tarvie Wind Farm","mw":55.8,"tech":"Onshore Wind","tech_cat":"wind","date":"2033-10-31","connection_point":"Beauly substation 275KV","sub_name":"Beauly","gate1_reserved":false,"geom_type":"point","located":false,"geocode_source":"substation"}},{"type":"Feature","geometry":{"type":"Point","coordinates":[-2.9522131703536045,53.265671252506536]},"properties":{"project":"Mill Hey_Capenhurst BESS","mw":212.0,"tech":"Battery","tech_cat":"battery","date":"2037-10-30","connection_point":"Capenhurst GSP","sub_name":"Capenhurst","gate1_reserved":false,"geom_type":"point","located":false,"geocode_source":"substation"}},{"type":"Feature","geometry":{"type":"Point","coordinates":[-1.249567476809014,53.75156785126609]},"properties":{"project":"Kingfisher Farm","mw":206.3,"tech":"Battery","tech_cat":"battery","date":"2036-06-02","connection_point":"Monk Fryston 275kV Substation","sub_name":"Monk Fryston","gate1_reserved":false,"geom_type":"point","located":false,"geocode_source":"substation"}},{"type":"Feature","geometry":{"type":"Point","coordinates":[-1.53854,54.70847]},"properties":{"project":"Spennymoor Greener Grid Park","mw":86.0,"tech":"Reactive Compensation","tech_cat":"other","date":"2027-10-29","connection_point":"Spennymoor 400kV Substation","sub_name":"Spennymoor","gate1_reserved":false,"geom_type":"point","located":true,"geocode_source":"REPD","site_name":"Spennymoor Greener Grid Park","site_status":"Application Submitted"}},{"type":"Feature","geometry":{"type":"Point","coordinates":[-1.53854,54.70847]},"properties":{"project":"Spennymoor Greener Grid Park","mw":500.0,"tech":"Battery","tech_cat":"battery","date":"2035-10-30","connection_point":"Spennymoor 400kV Substation","sub_name":"Spennymoor","gate1_reserved":false,"geom_type":"point","located":true,"geocode_source":"REPD","site_name":"Spennymoor Greener Grid Park","site_status":"Application Submitted"}},{"type":"Feature","geometry":{"type":"Point","coordinates":[-4.42671,55.8455]},"properties":{"project":"Ninfield Greener Grid Park","mw":49.9,"tech":"Battery","tech_cat":"battery","date":"2031-01-31","connection_point":"Ninfield 400kV Substation","sub_name":"Ninfield","gate1_reserved":false,"geom_type":"point","located":true,"geocode_source":"REPD","site_name":"Neilston  Greener Grid Park","site_status":"Under Construction"}},{"type":"Feature","geometry":{"type":"Point","coordinates":[-4.46765,55.80416]},"properties":{"project":"Ninfield Greener Grid Park","mw":400.1,"tech":"Battery","tech_cat":"battery","date":"2037-10-31","connection_point":"Ninfield 400kV Substation","sub_name":"Ninfield","gate1_reserved":false,"geom_type":"point","located":true,"geocode_source":"REPD","site_name":"Neilston  Greener Grid Park - Phase 2","site_status":"Awaiting Construction"}},{"type":"Feature","geometry":{"type":"Point","coordinates":[-4.42671,55.8455]},"properties":{"project":"Ninfield Greener Grid Park","mw":86.0,"tech":"Reactive Compensation","tech_cat":"other","date":"2027-04-30","connection_point":"Ninfield 400kV Substation","sub_name":"Ninfield","gate1_reserved":false,"geom_type":"point","located":true,"geocode_source":"REPD","site_name":"Neilston  Greener Grid Park","site_status":"Under Construction"}},{"type":"Feature","geometry":{"type":"Point","coordinates":[-1.75177,53.78797]},"properties":{"project":"Drakelow PV & BESS Station","mw":420.0,"tech":"Battery","tech_cat":"battery","date":"2037-10-30","connection_point":"Drakelow 400kV Substation","sub_name":"Drakelow","gate1_reserved":false,"geom_type":"point","located":true,"geocode_source":"REPD","site_name":"Trafalgar House Police Station - Installation Of  Solar PV System","site_status":"Under Construction"}},{"type":"Feature","geometry":{"type":"Point","coordinates":[-1.75177,53.78797]},"properties":{"project":"Drakelow PV & BESS Station","mw":55.0,"tech":"Solar","tech_cat":"solar","date":"2037-10-30","connection_point":"Drakelow 400kV Substation","sub_name":"Drakelow","gate1_reserved":false,"geom_type":"point","located":true,"geocode_source":"REPD","site_name":"Trafalgar House Police Station - Installation Of  Solar PV System","site_status":"Under Construction"}},{"type":"Feature","geometry":{"type":"Point","coordinates":[-2.131582144806996,53.38320161569472]},"properties":{"project":"Siddington BESS Station","mw":250.0,"tech":"Battery","tech_cat":"battery","date":"2037-10-31","connection_point":"Daines 400kV Substation","sub_name":"Daines","gate1_reserved":false,"geom_type":"point","located":false,"geocode_source":"substation"}},{"type":"Feature","geometry":{"type":"Point","coordinates":[-1.0351938679666428,53.95110698919196]},"properties":{"project":"Osbaldwick PV & BESS Sub","mw":249.9,"tech":"Battery","tech_cat":"battery","date":"2033-08-30","connection_point":"Osbaldwick 400kV Substation","sub_name":"Osbaldwick","gate1_reserved":false,"geom_type":"point","located":false,"geocode_source":"substation"}},{"type":"Feature","geometry":{"type":"Point","coordinates":[-0.23371877667403765,53.64854895093122]},"properties":{"project":"Humber H2ub at Killingholme","mw":120.0,"tech":"Transmission Connected Demand","tech_cat":"demand","date":"2035-10-30","connection_point":"Killingholme 400kV Substation","sub_name":"Killingholme","gate1_reserved":false,"geom_type":"point","located":false,"geocode_source":"substation"}},{"type":"Feature","geometry":{"type":"Point","coordinates":[-1.7669008396255286,53.76642488304287]},"properties":{"project":"Thornton BESS","mw":206.3,"tech":"Battery","tech_cat":"battery","date":"2035-10-30","connection_point":"Thornton 400kV Substation","sub_name":"Thornton","gate1_reserved":false,"geom_type":"point","located":false,"geocode_source":"substation"}},{"type":"Feature","geometry":{"type":"Point","coordinates":[0.44548,50.87954]},"properties":{"project":"Waltham Cross Farm 2","mw":350.0,"tech":"Transmission Connected Demand","tech_cat":"demand","date":"2033-04-04","connection_point":"Waltham Cross B 400kV Substation","sub_name":"Waltham Cross","gate1_reserved":false,"geom_type":"point","located":true,"geocode_source":"REPD","site_name":"Kilnwood Farm, Lunsford Cross - Energy Storage","site_status":"Application Submitted"}},{"type":"Feature","geometry":{"type":"Point","coordinates":[-2.28998,51.25288]},"properties":{"project":"Waltham Cross Farm 2","mw":60.8,"tech":"Battery","tech_cat":"battery","date":"2033-04-04","connection_point":"Waltham Cross B 400kV Substation","sub_name":"Waltham Cross","gate1_reserved":false,"geom_type":"point","located":true,"geocode_source":"REPD","site_name":"St Georges Cross Farm, Berkley Lane - Battery Energy Storage","site_status":"Application Submitted"}},{"type":"Feature","geometry":{"type":"Point","coordinates":[0.44548,50.87954]},"properties":{"project":"Waltham Cross Farm 2","mw":300.0,"tech":"Transmission Connected Demand","tech_cat":"demand","date":"2033-11-30","connection_point":"Waltham Cross B 400kV Substation","sub_name":"Waltham Cross","gate1_reserved":false,"geom_type":"point","located":true,"geocode_source":"REPD","site_name":"Kilnwood Farm, Lunsford Cross - Energy Storage","site_status":"Application Submitted"}},{"type":"Feature","geometry":{"type":"Point","coordinates":[0.44548,50.87954]},"properties":{"project":"Waltham Cross Farm 2","mw":691.6,"tech":"Solar","tech_cat":"solar","date":"2033-04-04","connection_point":"Waltham Cross B 400kV Substation","sub_name":"Waltham Cross","gate1_reserved":false,"geom_type":"point","located":true,"geocode_source":"REPD","site_name":"Kilnwood Farm, Lunsford Cross - Energy Storage","site_status":"Application Submitted"}},{"type":"Feature","geometry":{"type":"Point","coordinates":[-1.75177,53.78797]},"properties":{"project":"Stallingborough PV & BESS Station","mw":155.0,"tech":"Solar","tech_cat":"solar","date":"2034-10-30","connection_point":"Grimsby West 400kV Substation","sub_name":"Grimsby West","gate1_reserved":false,"geom_type":"point","located":true,"geocode_source":"REPD","site_name":"Trafalgar House Police Station - Installation Of  Solar PV System","site_status":"Under Construction"}},{"type":"Feature","geometry":{"type":"Point","coordinates":[-1.75177,53.78797]},"properties":{"project":"Stallingborough PV & BESS Station","mw":500.0,"tech":"Battery","tech_cat":"battery","date":"2034-10-30","connection_point":"Grimsby West 400kV Substation","sub_name":"Grimsby West","gate1_reserved":false,"geom_type":"point","located":true,"geocode_source":"REPD","site_name":"Trafalgar House Police Station - Installation Of  Solar PV System","site_status":"Under Construction"}},{"type":"Feature","geometry":{"type":"Point","coordinates":[-2.99063,55.94457]},"properties":{"project":"Dolphingstone Farm","mw":63.6,"tech":"Battery","tech_cat":"battery","date":"2028-10-31","connection_point":"Cockenzie 275/33kV","sub_name":"Cockenzie","gate1_reserved":false,"geom_type":"point","located":true,"geocode_source":"REPD","site_name":"Dolphingstone Farm - Battery Energy Storage System","site_status":"Awaiting Construction"}},{"type":"Feature","geometry":{"type":"Point","coordinates":[-2.2322892804687537,51.86752467305806]},"properties":{"project":"Walham PV & BESS Sub","mw":249.9,"tech":"Battery","tech_cat":"battery","date":"2033-11-17","connection_point":"Walham 400kV Substation","sub_name":"Walham","gate1_reserved":false,"geom_type":"point","located":false,"geocode_source":"substation"}},{"type":"Feature","geometry":{"type":"Point","coordinates":[-1.2024694638588465,54.168442994760916]},"properties":{"project":"Norton Solar Farm","mw":200.0,"tech":"Solar","tech_cat":"solar","date":"2031-10-31","connection_point":"Norton GSP","sub_name":"Norton","gate1_reserved":false,"geom_type":"point","located":false,"geocode_source":"substation"}},{"type":"Feature","geometry":{"type":"Point","coordinates":[-3.26212,52.25767]},"properties":{"project":"Bishops Dal Energy Park","mw":201.6,"tech":"Battery","tech_cat":"battery","date":"2030-10-29","connection_point":"Eccles 132/33kV","sub_name":"Eccles","gate1_reserved":false,"geom_type":"point","located":true,"geocode_source":"REPD","site_name":"Radnor Forest, Llandegley - Nant Mithil Energy Park","site_status":"Application Submitted"}},{"type":"Feature","geometry":{"type":"Point","coordinates":[-2.050972193522071,53.48294943661557]},"properties":{"project":"Zenobe Stalybridge Project","mw":167.4,"tech":"Battery","tech_cat":"battery","date":"2026-09-30","connection_point":"Stalybridge 275kV Substation","sub_name":"Stalybridge","gate1_reserved":false,"geom_type":"point","located":false,"geocode_source":"substation"}},{"type":"Feature","geometry":{"type":"Point","coordinates":[-0.45146751359658543,51.93460202113087]},"properties":{"project":"Sundon","mw":49.9,"tech":"Battery","tech_cat":"battery","date":"2025-09-05","connection_point":"Sundon 400kV Substation","sub_name":"Sundon","gate1_reserved":false,"geom_type":"point","located":false,"geocode_source":"substation"}},{"type":"Feature","geometry":{"type":"Point","coordinates":[-1.8669932170688448,50.88218475207039]},"properties":{"project":"Mannington","mw":55.0,"tech":"Solar","tech_cat":"solar","date":"2028-04-28","connection_point":"Mannington 400kV Substation","sub_name":"Mannington","gate1_reserved":false,"geom_type":"point","located":false,"geocode_source":"substation"}},{"type":"Feature","geometry":{"type":"Point","coordinates":[-2.93087,56.53026]},"properties":{"project":"Tealing Solar & Storage","mw":80.0,"tech":"Solar","tech_cat":"solar","date":"2027-10-31","connection_point":"Tealing IDNO 132/33kV GSP","sub_name":"Tealing","gate1_reserved":false,"geom_type":"point","located":true,"geocode_source":"REPD","site_name":"Tealing Solar Energy Park - Phase 2","site_status":"Awaiting Construction"}},{"type":"Feature","geometry":{"type":"Point","coordinates":[-2.93087,56.53026]},"properties":{"project":"Tealing Solar & Storage","mw":80.0,"tech":"Battery","tech_cat":"battery","date":"2027-10-31","connection_point":"Tealing IDNO 132/33kV GSP","sub_name":"Tealing","gate1_reserved":false,"geom_type":"point","located":true,"geocode_source":"REPD","site_name":"Tealing Solar Energy Park - Phase 2","site_status":"Awaiting Construction"}},{"type":"Feature","geometry":{"type":"Point","coordinates":[-1.217987272896016,51.7330187739034]},"properties":{"project":"Cowley Energy Storage","mw":240.0,"tech":"Battery","tech_cat":"battery","date":"2028-10-25","connection_point":"Cowley 400kV Substation","sub_name":"Cowley","gate1_reserved":false,"geom_type":"point","located":false,"geocode_source":"substation"}},{"type":"Feature","geometry":{"type":"Point","coordinates":[-1.6974950590621942,52.53239930321237]},"properties":{"project":"WELBAR ENERGY STORAGE","mw":438.0,"tech":"Battery","tech_cat":"battery","date":"2032-10-31","connection_point":"Hams Hall 400kV Substation","sub_name":"Hams Hall","gate1_reserved":false,"geom_type":"point","located":false,"geocode_source":"substation"}},{"type":"Feature","geometry":{"type":"Point","coordinates":[-0.66857,53.57448]},"properties":{"project":"West Common Ipers Lane","mw":120.0,"tech":"Battery","tech_cat":"battery","date":"2038-10-30","connection_point":"Fawley GSP","sub_name":"Fawley","gate1_reserved":false,"geom_type":"point","located":true,"geocode_source":"REPD","site_name":"John Leggott College, West Common Lane - Solar Panels","site_status":"Awaiting Construction"}},{"type":"Feature","geometry":{"type":"Point","coordinates":[-2.1312156522409644,51.38309527068219]},"properties":{"project":"Melksham","mw":600.0,"tech":"Solar","tech_cat":"solar","date":"2030-07-31","connection_point":"Melksham 400kV Substation","sub_name":"Melksham","gate1_reserved":false,"geom_type":"point","located":false,"geocode_source":"substation"}},{"type":"Feature","geometry":{"type":"Point","coordinates":[-2.1358923136266155,51.38348117112482]},"properties":{"project":"Melksham","mw":500.0,"tech":"Battery","tech_cat":"battery","date":"2030-07-31","connection_point":"Melksham 400kV Substation","sub_name":"Melksham","gate1_reserved":false,"geom_type":"point","located":false,"geocode_source":"substation"}},{"type":"Feature","geometry":{"type":"Point","coordinates":[-1.26765,53.75361]},"properties":{"project":"Monk Fryston BESS","mw":285.1,"tech":"Battery","tech_cat":"battery","date":"2029-10-31","connection_point":"Monk Fryston 275kV Substation","sub_name":"Monk Fryston","gate1_reserved":false,"geom_type":"point","located":true,"geocode_source":"REPD","site_name":"Monk Fryston Battery Storage","site_status":"Under Construction"}},{"type":"Feature","geometry":{"type":"Point","coordinates":[-4.89496,50.3909]},"properties":{"project":"St Dennis Hendra","mw":55.0,"tech":"Battery","tech_cat":"battery","date":"2024-10-31","connection_point":"Indian Queens 400kV Substation","sub_name":"Indian Queens","gate1_reserved":false,"geom_type":"point","located":true,"geocode_source":"REPD","site_name":"St Dennis - Battery Energy Storage","site_status":"Revised"}},{"type":"Feature","geometry":{"type":"Point","coordinates":[0.17637,50.86236]},"properties":{"project":"Mount Pleasant","mw":285.1,"tech":"Battery","tech_cat":"battery","date":"2037-10-31","connection_point":"Bishops Wood 275kV Substation","sub_name":"Bishops Wood","gate1_reserved":false,"geom_type":"point","located":true,"geocode_source":"REPD","site_name":"Lower Claverham Farm & Mount Pleasant Farm, Berwick - Solar Farm","site_status":"Application Refused"}},{"type":"Feature","geometry":{"type":"Point","coordinates":[-1.25907,52.86183]},"properties":{"project":"Ratcliffe on Soar","mw":30.0,"tech":"Solar","tech_cat":"solar","date":"2037-10-31","connection_point":"Ratcliffe-On-Soar GSP","sub_name":"Ratcliffe-on-Soar","gate1_reserved":false,"geom_type":"point","located":true,"geocode_source":"REPD","site_name":"Ratcliffe On Soar Power Station - Solar Farm","site_status":"Awaiting Construction"}},{"type":"Feature","geometry":{"type":"Point","coordinates":[-1.25907,52.86183]},"properties":{"project":"Ratcliffe on Soar","mw":200.0,"tech":"Battery","tech_cat":"battery","date":"2037-10-31","connection_point":"Ratcliffe-On-Soar GSP","sub_name":"Ratcliffe-on-Soar","gate1_reserved":false,"geom_type":"point","located":true,"geocode_source":"REPD","site_name":"Ratcliffe On Soar Power Station - Solar Farm","site_status":"Awaiting Construction"}},{"type":"Feature","geometry":{"type":"Point","coordinates":[-0.8194,53.36535]},"properties":{"project":"West Burton Data Centre","mw":500.0,"tech":"Transmission Connected Demand","tech_cat":"demand","date":"2039-10-30","connection_point":"West Burton 400kV Substation","sub_name":"West Burton","gate1_reserved":false,"geom_type":"point","located":true,"geocode_source":"REPD","site_name":"West Burton Power Station, North Road - Battery Storage","site_status":"Awaiting Construction"}},{"type":"Feature","geometry":{"type":"Point","coordinates":[-1.247996096499769,52.868497416886285]},"properties":{"project":"EMERGE Centre","mw":49.9,"tech":"Unaligned","tech_cat":"other","date":"2029-06-29","connection_point":"Ratcliffe-On-Soar 132kV Substation","sub_name":"Ratcliffe-on-Soar","gate1_reserved":false,"geom_type":"point","located":false,"geocode_source":"substation"}},{"type":"Feature","geometry":{"type":"Point","coordinates":[-0.4475415052526392,51.36838838652623]},"properties":{"project":"West Weybridge","mw":71.3,"tech":"Battery","tech_cat":"battery","date":"2027-10-31","connection_point":"West Weybridge 275kV Substation","sub_name":"West Weybridge","gate1_reserved":false,"geom_type":"point","located":false,"geocode_source":"substation"}},{"type":"Feature","geometry":{"type":"Point","coordinates":[1.2647229337610482,52.58455530464389]},"properties":{"project":"Norwich","mw":52.5,"tech":"Solar","tech_cat":"solar","date":"2028-10-31","connection_point":"Norwich Main 400kV Substation","sub_name":"Norwich Main","gate1_reserved":false,"geom_type":"point","located":false,"geocode_source":"substation"}},{"type":"Feature","geometry":{"type":"Point","coordinates":[1.265003987430968,52.58324830805162]},"properties":{"project":"Norwich","mw":60.8,"tech":"Battery","tech_cat":"battery","date":"2025-12-18","connection_point":"Norwich Main 400kV Substation","sub_name":"Norwich Main","gate1_reserved":false,"geom_type":"point","located":false,"geocode_source":"substation"}},{"type":"Feature","geometry":{"type":"Point","coordinates":[1.72861,52.62082]},"properties":{"project":"BLUE PLANET SOLAR","mw":650.0,"tech":"Solar","tech_cat":"solar","date":"2031-08-31","connection_point":"Dungeness 400kV Substation","sub_name":"Dungeness","gate1_reserved":false,"geom_type":"point","located":true,"geocode_source":"REPD","site_name":"First Bus, Blue Business Depot- Solar Panels","site_status":"Awaiting Construction"}},{"type":"Feature","geometry":{"type":"Point","coordinates":[1.72861,52.62082]},"properties":{"project":"BLUE PLANET SOLAR","mw":648.9,"tech":"Battery","tech_cat":"battery","date":"2031-08-31","connection_point":"Dungeness 400kV Substation","sub_name":"Dungeness","gate1_reserved":false,"geom_type":"point","located":true,"geocode_source":"REPD","site_name":"First Bus, Blue Business Depot- Solar Panels","site_status":"Awaiting Construction"}},{"type":"Feature","geometry":{"type":"Point","coordinates":[-0.2359807305141473,53.649643745053176]},"properties":{"project":"THE CLEAN FUTURE","mw":574.6,"tech":"Battery","tech_cat":"battery","date":"2033-05-31","connection_point":"Killingholme 400kV Substation","sub_name":"Killingholme","gate1_reserved":false,"geom_type":"point","located":false,"geocode_source":"substation"}},{"type":"Feature","geometry":{"type":"Point","coordinates":[-0.23035236390452735,53.64956430322832]},"properties":{"project":"THE CLEAN FUTURE","mw":575.0,"tech":"Solar","tech_cat":"solar","date":"2033-05-31","connection_point":"Killingholme 400kV Substation","sub_name":"Killingholme","gate1_reserved":false,"geom_type":"point","located":false,"geocode_source":"substation"}},{"type":"Feature","geometry":{"type":"Point","coordinates":[-2.731589472127618,53.282454731009416]},"properties":{"project":"Clean Planet Solar","mw":293.7,"tech":"Solar","tech_cat":"solar","date":"2037-11-01","connection_point":"Frodsham 400kV Substation","sub_name":"Frodsham","gate1_reserved":false,"geom_type":"point","located":false,"geocode_source":"substation"}},{"type":"Feature","geometry":{"type":"Point","coordinates":[-2.7337636095402873,53.283138030122416]},"properties":{"project":"Clean Planet Solar","mw":293.6,"tech":"Battery","tech_cat":"battery","date":"2037-11-01","connection_point":"Frodsham 400kV Substation","sub_name":"Frodsham","gate1_reserved":false,"geom_type":"point","located":false,"geocode_source":"substation"}},{"type":"Feature","geometry":{"type":"Point","coordinates":[-0.41871,53.78061]},"properties":{"project":"CREYKE BECK","mw":575.0,"tech":"Solar","tech_cat":"solar","date":"2033-05-31","connection_point":"Creyke Beck 400kV Substation","sub_name":"Creyke Beck","gate1_reserved":false,"geom_type":"point","located":true,"geocode_source":"REPD","site_name":"Creyke Beck Substation - Solar Farm & Battery Storage","site_status":"Revised"}},{"type":"Feature","geometry":{"type":"Point","coordinates":[-0.41871,53.78061]},"properties":{"project":"CREYKE BECK","mw":574.6,"tech":"Battery","tech_cat":"battery","date":"2033-05-31","connection_point":"Creyke Beck 400kV Substation","sub_name":"Creyke Beck","gate1_reserved":false,"geom_type":"point","located":true,"geocode_source":"REPD","site_name":"Creyke Beck Substation - Solar Farm & Battery Storage","site_status":"Revised"}},{"type":"Feature","geometry":{"type":"Point","coordinates":[-3.4,53.95]},"properties":{"project":"Morecambe Offshore Wind Farm","mw":480.0,"tech":"Offshore Wind","tech_cat":"wind","date":"2029-06-30","connection_point":"Penwortham 400kV Substation","sub_name":"Penwortham","gate1_reserved":false,"geom_type":"point","located":true,"geocode_source":"MANUAL","site_name":"Morecambe Offshore Wind Farm","site_status":"manual"}},{"type":"Feature","geometry":{"type":"Point","coordinates":[-3.5,58.5]},"properties":{"project":"CENOS","mw":270.0,"tech":"Transmission Connected Demand","tech_cat":"demand","date":"2035-10-31","connection_point":"Peterhead 400kV Substation","sub_name":"Peterhead","gate1_reserved":false,"geom_type":"point","located":true,"geocode_source":"MANUAL","site_name":"CENOS","site_status":"manual"}},{"type":"Feature","geometry":{"type":"Point","coordinates":[-3.5,58.5]},"properties":{"project":"CENOS","mw":1350.0,"tech":"Offshore Wind","tech_cat":"wind","date":"2035-10-31","connection_point":"Peterhead 400kV Substation","sub_name":"Peterhead","gate1_reserved":false,"geom_type":"point","located":true,"geocode_source":"MANUAL","site_name":"CENOS","site_status":"manual"}},{"type":"Feature","geometry":{"type":"Point","coordinates":[-1.763682577535631,53.7683463435071]},"properties":{"project":"Thornton","mw":750.0,"tech":"Solar","tech_cat":"solar","date":"2031-10-31","connection_point":"Thornton 400kV Substation","sub_name":"Thornton","gate1_reserved":false,"geom_type":"point","located":false,"geocode_source":"substation"}},{"type":"Feature","geometry":{"type":"Point","coordinates":[-1.765369762103633,53.76690076596426]},"properties":{"project":"Thornton","mw":500.0,"tech":"Battery","tech_cat":"battery","date":"2031-10-31","connection_point":"Thornton 400kV Substation","sub_name":"Thornton","gate1_reserved":false,"geom_type":"point","located":false,"geocode_source":"substation"}},{"type":"Feature","geometry":{"type":"Point","coordinates":[-1.7846627161369726,57.515457268570984]},"properties":{"project":"NorthConnect","mw":300.0,"tech":"Interconnector","tech_cat":"interconnector","date":"2035-10-01","connection_point":"Peterhead 400kV Substation","sub_name":"Peterhead","gate1_reserved":false,"geom_type":"point","located":false,"geocode_source":"substation"}},{"type":"Feature","geometry":{"type":"Point","coordinates":[-1.7827692355458937,57.51838735371389]},"properties":{"project":"NorthConnect","mw":350.0,"tech":"Interconnector","tech_cat":"interconnector","date":"2033-10-31","connection_point":"Peterhead 400kV Substation","sub_name":"Peterhead","gate1_reserved":false,"geom_type":"point","located":false,"geocode_source":"substation"}},{"type":"Feature","geometry":{"type":"Point","coordinates":[-1.7816377604252331,57.516851902724945]},"properties":{"project":"NorthConnect","mw":750.0,"tech":"Interconnector","tech_cat":"interconnector","date":"2031-03-31","connection_point":"Peterhead 400kV Substation","sub_name":"Peterhead","gate1_reserved":false,"geom_type":"point","located":false,"geocode_source":"substation"}},{"type":"Feature","geometry":{"type":"Point","coordinates":[-1.9495050134160943,52.24840579498247]},"properties":{"project":"Feckenham","mw":650.0,"tech":"Solar","tech_cat":"solar","date":"2031-07-21","connection_point":"Feckenham 400kV Substation","sub_name":"Feckenham","gate1_reserved":false,"geom_type":"point","located":false,"geocode_source":"substation"}},{"type":"Feature","geometry":{"type":"Point","coordinates":[-1.9479259134742122,52.25001026137851]},"properties":{"project":"Feckenham","mw":650.0,"tech":"Solar","tech_cat":"solar","date":"2032-10-30","connection_point":"Feckenham 400kV Substation","sub_name":"Feckenham","gate1_reserved":false,"geom_type":"point","located":false,"geocode_source":"substation"}},{"type":"Feature","geometry":{"type":"Point","coordinates":[-1.9472904978250618,52.24876675782058]},"properties":{"project":"Feckenham","mw":500.0,"tech":"Battery","tech_cat":"battery","date":"2032-10-30","connection_point":"Feckenham 400kV Substation","sub_name":"Feckenham","gate1_reserved":false,"geom_type":"point","located":false,"geocode_source":"substation"}},{"type":"Feature","geometry":{"type":"Point","coordinates":[-1.9518474325657809,52.24848840127487]},"properties":{"project":"Feckenham","mw":500.0,"tech":"Battery","tech_cat":"battery","date":"2031-07-21","connection_point":"Feckenham 400kV Substation","sub_name":"Feckenham","gate1_reserved":false,"geom_type":"point","located":false,"geocode_source":"substation"}},{"type":"Feature","geometry":{"type":"Point","coordinates":[-2.4989607009160424,52.633642126383215]},"properties":{"project":"Ironbridge","mw":484.0,"tech":"Solar","tech_cat":"solar","date":"2032-10-30","connection_point":"Ironbridge 400kV Substation","sub_name":"Ironbridge","gate1_reserved":false,"geom_type":"point","located":false,"geocode_source":"substation"}},{"type":"Feature","geometry":{"type":"Point","coordinates":[-2.502254698569244,52.632346734022]},"properties":{"project":"Ironbridge","mw":484.0,"tech":"Solar","tech_cat":"solar","date":"2032-10-30","connection_point":"Ironbridge 400kV Substation","sub_name":"Ironbridge","gate1_reserved":false,"geom_type":"point","located":false,"geocode_source":"substation"}},{"type":"Feature","geometry":{"type":"Point","coordinates":[-2.5015053610665463,52.634705034330864]},"properties":{"project":"Ironbridge","mw":600.0,"tech":"Battery","tech_cat":"battery","date":"2032-10-30","connection_point":"Ironbridge 400kV Substation","sub_name":"Ironbridge","gate1_reserved":false,"geom_type":"point","located":false,"geocode_source":"substation"}},{"type":"Feature","geometry":{"type":"Point","coordinates":[-2.4992918709774075,52.63364026895272]},"properties":{"project":"Ironbridge","mw":600.0,"tech":"Battery","tech_cat":"battery","date":"2032-10-30","connection_point":"Ironbridge 400kV Substation","sub_name":"Ironbridge","gate1_reserved":false,"geom_type":"point","located":false,"geocode_source":"substation"}},{"type":"Feature","geometry":{"type":"Point","coordinates":[-1.26765,53.75361]},"properties":{"project":"Monk Fryston","mw":650.0,"tech":"Solar","tech_cat":"solar","date":"2030-12-31","connection_point":"Monk Fryston 275kV Substation","sub_name":"Monk Fryston","gate1_reserved":false,"geom_type":"point","located":true,"geocode_source":"REPD","site_name":"Monk Fryston Battery Storage","site_status":"Under Construction"}},{"type":"Feature","geometry":{"type":"Point","coordinates":[-1.26765,53.75361]},"properties":{"project":"Monk Fryston","mw":500.0,"tech":"Battery","tech_cat":"battery","date":"2030-12-31","connection_point":"Monk Fryston 275kV Substation","sub_name":"Monk Fryston","gate1_reserved":false,"geom_type":"point","located":true,"geocode_source":"REPD","site_name":"Monk Fryston Battery Storage","site_status":"Under Construction"}},{"type":"Feature","geometry":{"type":"Point","coordinates":[-1.9328021662812702,52.76640920969521]},"properties":{"project":"Rugeley","mw":800.0,"tech":"Solar","tech_cat":"solar","date":"2032-10-30","connection_point":"Rugeley 400kV Substation","sub_name":"Rugeley","gate1_reserved":false,"geom_type":"point","located":false,"geocode_source":"substation"}},{"type":"Feature","geometry":{"type":"Point","coordinates":[-1.93071358298336,52.76678201777592]},"properties":{"project":"Rugeley","mw":800.0,"tech":"Solar","tech_cat":"solar","date":"2029-08-30","connection_point":"Rugeley 400kV Substation","sub_name":"Rugeley","gate1_reserved":false,"geom_type":"point","located":false,"geocode_source":"substation"}},{"type":"Feature","geometry":{"type":"Point","coordinates":[-1.9320137011660898,52.76563533311793]},"properties":{"project":"Rugeley","mw":600.0,"tech":"Battery","tech_cat":"battery","date":"2029-08-30","connection_point":"Rugeley 400kV Substation","sub_name":"Rugeley","gate1_reserved":false,"geom_type":"point","located":false,"geocode_source":"substation"}},{"type":"Feature","geometry":{"type":"Point","coordinates":[-1.9339200537821502,52.76575926942942]},"properties":{"project":"Rugeley","mw":600.0,"tech":"Battery","tech_cat":"battery","date":"2032-10-30","connection_point":"Rugeley 400kV Substation","sub_name":"Rugeley","gate1_reserved":false,"geom_type":"point","located":false,"geocode_source":"substation"}},{"type":"Feature","geometry":{"type":"Point","coordinates":[-0.7634,52.77714]},"properties":{"project":"Wymondham Road Farm","mw":228.0,"tech":"Battery","tech_cat":"battery","date":"2034-10-31","connection_point":"Norwich GSP","sub_name":"Norwich Main","gate1_reserved":false,"geom_type":"point","located":true,"geocode_source":"REPD","site_name":"Hall Farm, Wymondham Road - Solar PV Panels","site_status":"Awaiting Construction"}},{"type":"Feature","geometry":{"type":"Point","coordinates":[-4.1845015054611086,53.183918084802656]},"properties":{"project":"Bryn Coch DC","mw":450.0,"tech":"Transmission Connected Demand","tech_cat":"demand","date":"2037-10-30","connection_point":"Pentir 400kV Substation","sub_name":"Pentir","gate1_reserved":false,"geom_type":"point","located":false,"geocode_source":"substation"}},{"type":"Feature","geometry":{"type":"Point","coordinates":[-3.881678534192648,55.99933823790658]},"properties":{"project":"Drummarnock Wind Farm","mw":30.0,"tech":"Onshore Wind","tech_cat":"wind","date":"2026-10-01","connection_point":"Bonnybridge 132/33kV","sub_name":"Bonnybridge","gate1_reserved":false,"geom_type":"point","located":false,"geocode_source":"substation"}},{"type":"Feature","geometry":{"type":"Point","coordinates":[-0.7502529625913706,53.58176115521218]},"properties":{"project":"Keadby","mw":250.0,"tech":"Battery","tech_cat":"battery","date":"2035-10-30","connection_point":"Keadby GSP","sub_name":"Keadby","gate1_reserved":false,"geom_type":"point","located":false,"geocode_source":"substation"}},{"type":"Feature","geometry":{"type":"Point","coordinates":[-0.13531,52.80387]},"properties":{"project":"Spalding Energy Expansion","mw":550.0,"tech":"Battery","tech_cat":"battery","date":"2030-10-30","connection_point":"Spalding North 400kV Substation","sub_name":"Spalding North","gate1_reserved":false,"geom_type":"point","located":true,"geocode_source":"REPD","site_name":"Spalding Energy Park - Battery Storage","site_status":"Awaiting Construction"}},{"type":"Feature","geometry":{"type":"Point","coordinates":[-1.5969106362603087,54.685094435987075]},"properties":{"project":"Spennymoor","mw":60.8,"tech":"Battery","tech_cat":"battery","date":"2028-10-31","connection_point":"Spennymoor 400kV Substation","sub_name":"Spennymoor","gate1_reserved":false,"geom_type":"point","located":false,"geocode_source":"substation"}},{"type":"Feature","geometry":{"type":"Point","coordinates":[-4.768543489064641,55.93176373859596]},"properties":{"project":"High Mathernock Battery Storage","mw":346.9,"tech":"Battery","tech_cat":"battery","date":"2029-10-17","connection_point":"Devol Moor 132kV Substation","sub_name":"Devol Moor","gate1_reserved":false,"geom_type":"point","located":false,"geocode_source":"substation"}},{"type":"Feature","geometry":{"type":"Point","coordinates":[-2.36529,57.2571]},"properties":{"project":"Thainstone Energy Park","mw":40.0,"tech":"Unaligned","tech_cat":"other","date":"2023-07-31","connection_point":"Kintore GSP","sub_name":"Kintore","gate1_reserved":false,"geom_type":"point","located":true,"geocode_source":"REPD","site_name":"Thainstone Energy Park Project ERF","site_status":"Awaiting Construction"}},{"type":"Feature","geometry":{"type":"Point","coordinates":[0.49506,51.5101]},"properties":{"project":"Willington Green Energy Centre","mw":570.1,"tech":"Battery","tech_cat":"battery","date":"2028-10-30","connection_point":"Willington 400kV Substation","sub_name":"Willington","gate1_reserved":false,"geom_type":"point","located":true,"geocode_source":"REPD","site_name":"Gateway Energy Centre - Battery Energy Storage","site_status":"Awaiting Construction"}},{"type":"Feature","geometry":{"type":"Point","coordinates":[0.49506,51.5101]},"properties":{"project":"Willington Green Energy Centre","mw":400.0,"tech":"Transmission Connected Demand","tech_cat":"demand","date":"2037-10-30","connection_point":"Willington 400kV Substation","sub_name":"Willington","gate1_reserved":false,"geom_type":"point","located":true,"geocode_source":"REPD","site_name":"Gateway Energy Centre - Battery Energy Storage","site_status":"Awaiting Construction"}},{"type":"Feature","geometry":{"type":"Point","coordinates":[-1.1973357420597104,54.1658547214931]},"properties":{"project":"Norton","mw":57.0,"tech":"Battery","tech_cat":"battery","date":"2029-06-01","connection_point":"Norton 400kV Substation","sub_name":"Norton","gate1_reserved":false,"geom_type":"point","located":false,"geocode_source":"substation"}},{"type":"Feature","geometry":{"type":"Point","coordinates":[-1.2310986202067182,51.66807111102527]},"properties":{"project":"Culham Storage","mw":580.0,"tech":"Battery","tech_cat":"battery","date":"2027-10-29","connection_point":"Culham Jet 400kV Substation","sub_name":"Culham","gate1_reserved":false,"geom_type":"point","located":false,"geocode_source":"substation"}},{"type":"Feature","geometry":{"type":"Point","coordinates":[-0.40923,52.999]},"properties":{"project":"Bicker Fenn Energy Park","mw":600.0,"tech":"Battery","tech_cat":"battery","date":"2033-06-01","connection_point":"Bicker Fen 400kV Substation","sub_name":"Bicker Fen","gate1_reserved":false,"geom_type":"point","located":true,"geocode_source":"REPD","site_name":"Beacon Fen Energy Park","site_status":"Application Submitted"}},{"type":"Feature","geometry":{"type":"Point","coordinates":[-0.99083,53.7475]},"properties":{"project":"Bicker Fenn Energy Park","mw":0.0,"tech":"Battery","tech_cat":"battery","date":"2033-10-30","connection_point":"Bicker Fen 400kV Substation","sub_name":"Bicker Fen","gate1_reserved":false,"geom_type":"point","located":true,"geocode_source":"REPD","site_name":"Drax Ouse Renewable Energy Park","site_status":"Abandoned"}},{"type":"Feature","geometry":{"type":"Point","coordinates":[-0.40923,52.999]},"properties":{"project":"Bicker Fenn Energy Park","mw":450.0,"tech":"Solar","tech_cat":"solar","date":"2033-06-01","connection_point":"Bicker Fen 400kV Substation","sub_name":"Bicker Fen","gate1_reserved":false,"geom_type":"point","located":true,"geocode_source":"REPD","site_name":"Beacon Fen Energy Park","site_status":"Application Submitted"}},{"type":"Feature","geometry":{"type":"Point","coordinates":[-0.99083,53.7475]},"properties":{"project":"Bicker Fenn Energy Park","mw":0.0,"tech":"Solar","tech_cat":"solar","date":"2033-10-30","connection_point":"Bicker Fen 400kV Substation","sub_name":"Bicker Fen","gate1_reserved":false,"geom_type":"point","located":true,"geocode_source":"REPD","site_name":"Drax Ouse Renewable Energy Park","site_status":"Abandoned"}},{"type":"Feature","geometry":{"type":"Point","coordinates":[-3.1271,51.2086]},"properties":{"project":"Hinkley Point C","mw":1670.0,"tech":"Nuclear","tech_cat":"nuclear","date":"2029-03-31","connection_point":"Hinkley Point 400kV Substation","sub_name":"Hinkley Point","gate1_reserved":false,"geom_type":"point","located":true,"geocode_source":"MANUAL","site_name":"Hinkley Point C","site_status":"manual"}},{"type":"Feature","geometry":{"type":"Point","coordinates":[-3.1271,51.2086]},"properties":{"project":"Hinkley Point C","mw":3340.0,"tech":"Nuclear","tech_cat":"nuclear","date":"2030-07-31","connection_point":"Hinkley Point 400kV Substation","sub_name":"Hinkley Point","gate1_reserved":false,"geom_type":"point","located":true,"geocode_source":"MANUAL","site_name":"Hinkley Point C","site_status":"manual"}},{"type":"Feature","geometry":{"type":"Point","coordinates":[-2.935367332742539,53.41623029751946]},"properties":{"project":"Lister Battery (formerly Lister Drive)","mw":70.0,"tech":"Battery","tech_cat":"battery","date":"2028-08-30","connection_point":"Lister Drive 275kV Substation","sub_name":"Lister Drive","gate1_reserved":false,"geom_type":"point","located":false,"geocode_source":"substation"}},{"type":"Feature","geometry":{"type":"Point","coordinates":[0.49506,51.5101]},"properties":{"project":"Feckenham Green Energy Centre","mw":500.0,"tech":"Transmission Connected Demand","tech_cat":"demand","date":"2037-10-30","connection_point":"Feckenham 400kV Substation","sub_name":"Feckenham","gate1_reserved":false,"geom_type":"point","located":true,"geocode_source":"REPD","site_name":"Gateway Energy Centre - Battery Energy Storage","site_status":"Awaiting Construction"}},{"type":"Feature","geometry":{"type":"Point","coordinates":[-4.881999160433313,55.717901481836705]},"properties":{"project":"Elmya Dalry BESS & PV","mw":568.8,"tech":"LDES","tech_cat":"battery","date":"2033-10-25","connection_point":"Hunterston 400/132kV","sub_name":"Hunterston","gate1_reserved":false,"geom_type":"point","located":false,"geocode_source":"substation"}},{"type":"Feature","geometry":{"type":"Point","coordinates":[-2.963565966581348,55.967102039956615]},"properties":{"project":"Gresham House Cockenzie BESS","mw":240.0,"tech":"Battery","tech_cat":"battery","date":"2026-07-31","connection_point":"Cockenzie 400/132kV","sub_name":"Cockenzie","gate1_reserved":false,"geom_type":"point","located":false,"geocode_source":"substation"}},{"type":"Feature","geometry":{"type":"Point","coordinates":[-1.03542,53.95935]},"properties":{"project":"Monets Garden","mw":70.0,"tech":"Battery","tech_cat":"battery","date":"2024-10-30","connection_point":"Osbaldwick 400kV Substation","sub_name":"Osbaldwick","gate1_reserved":false,"geom_type":"point","located":true,"geocode_source":"REPD","site_name":"Monets Garden Battery, Osbaldwick - Energy Storage Facility","site_status":"Awaiting Construction"}},{"type":"Feature","geometry":{"type":"Point","coordinates":[-3.736699152577987,58.58385431474376]},"properties":{"project":"Dounreay","mw":34.0,"tech":"Battery","tech_cat":"battery","date":"2026-07-31","connection_point":"Dounreay 132kV Converter","sub_name":"Dounreay","gate1_reserved":false,"geom_type":"point","located":false,"geocode_source":"substation"}},{"type":"Feature","geometry":{"type":"Point","coordinates":[-0.13451563859148882,53.551141574886415]},"properties":{"project":"EcoGrimsbyWest","mw":150.0,"tech":"Solar","tech_cat":"solar","date":"2033-10-30","connection_point":"Grimsby West 400kV Substation","sub_name":"Grimsby West","gate1_reserved":false,"geom_type":"point","located":false,"geocode_source":"substation"}},{"type":"Feature","geometry":{"type":"Point","coordinates":[-0.13064036021813602,53.55058819937388]},"properties":{"project":"EcoGrimsbyWest","mw":249.0,"tech":"Battery","tech_cat":"battery","date":"2033-10-30","connection_point":"Grimsby West 400kV Substation","sub_name":"Grimsby West","gate1_reserved":false,"geom_type":"point","located":false,"geocode_source":"substation"}},{"type":"Feature","geometry":{"type":"Point","coordinates":[-0.2188991321577354,50.98198344801182]},"properties":{"project":"Bolney","mw":53.2,"tech":"Battery","tech_cat":"battery","date":"2028-08-28","connection_point":"Bolney 400kV Substation","sub_name":"Bolney","gate1_reserved":false,"geom_type":"point","located":false,"geocode_source":"substation"}},{"type":"Feature","geometry":{"type":"Point","coordinates":[-0.2163956460057771,50.981885329519756]},"properties":{"project":"Bolney","mw":50.1,"tech":"Solar","tech_cat":"solar","date":"2031-01-31","connection_point":"Bolney 400kV Substation","sub_name":"Bolney","gate1_reserved":false,"geom_type":"point","located":false,"geocode_source":"substation"}},{"type":"Feature","geometry":{"type":"Point","coordinates":[0.7173055663986778,51.44918045356434]},"properties":{"project":"EcoGrainWest","mw":249.0,"tech":"Battery","tech_cat":"battery","date":"2029-12-31","connection_point":"Grain West 400kV Substation","sub_name":"Grain","gate1_reserved":false,"geom_type":"point","located":false,"geocode_source":"substation"}},{"type":"Feature","geometry":{"type":"Point","coordinates":[-0.58841,52.05311]},"properties":{"project":"Gammidge PV & BESS Park","mw":42.0,"tech":"Battery","tech_cat":"battery","date":"2027-10-15","connection_point":"Grendon 132kV Substation","sub_name":"Grendon","gate1_reserved":false,"geom_type":"point","located":true,"geocode_source":"REPD","site_name":"Brogborough Landfill, Lidlington - Solar PV park","site_status":"Awaiting Construction"}},{"type":"Feature","geometry":{"type":"Point","coordinates":[-0.5117148483636402,51.5207834038737]},"properties":{"project":"Iver","mw":53.2,"tech":"Battery","tech_cat":"battery","date":"2027-10-29","connection_point":"Iver 275kV Substation","sub_name":"Iver","gate1_reserved":false,"geom_type":"point","located":false,"geocode_source":"substation"}},{"type":"Feature","geometry":{"type":"Point","coordinates":[0.86449,52.43561]},"properties":{"project":"Field Farm","mw":249.9,"tech":"Battery","tech_cat":"battery","date":"2030-09-30","connection_point":"Staythorpe 400kv","sub_name":"Staythorpe","gate1_reserved":false,"geom_type":"point","located":true,"geocode_source":"REPD","site_name":"Hall Farm and Field Barn Farm","site_status":"Application Refused"}},{"type":"Feature","geometry":{"type":"Point","coordinates":[-0.8194,53.36535]},"properties":{"project":"West Burton B","mw":1350.0,"tech":"Unabated Gas","tech_cat":"gas","date":"2034-10-30","connection_point":"West Burton 400kV Substation","sub_name":"West Burton","gate1_reserved":false,"geom_type":"point","located":true,"geocode_source":"REPD","site_name":"West Burton Power Station, North Road - Battery Storage","site_status":"Awaiting Construction"}},{"type":"Feature","geometry":{"type":"Point","coordinates":[-0.79836,53.36453]},"properties":{"project":"West Burton B","mw":0.0,"tech":"Battery","tech_cat":"battery","date":"2033-10-30","connection_point":"West Burton 400kV Substation","sub_name":"West Burton","gate1_reserved":false,"geom_type":"point","located":true,"geocode_source":"REPD","site_name":"West Burton","site_status":"Operational"}},{"type":"Feature","geometry":{"type":"Point","coordinates":[-1.6514042495182901,52.76718325665199]},"properties":{"project":"Greta III","mw":500.0,"tech":"Battery","tech_cat":"battery","date":"2029-10-30","connection_point":"Drakelow 400kV Substation","sub_name":"Drakelow","gate1_reserved":false,"geom_type":"point","located":false,"geocode_source":"substation"}},{"type":"Feature","geometry":{"type":"Point","coordinates":[-4.89499,50.39089]},"properties":{"project":"Indian Queens Energy Centre","mw":47.5,"tech":"Battery","tech_cat":"battery","date":"2025-05-31","connection_point":"Indian Queens 400kV Substation","sub_name":"Indian Queens","gate1_reserved":false,"geom_type":"point","located":true,"geocode_source":"REPD","site_name":"Indian Queens Sub-Station - Battery Storage","site_status":"Awaiting Construction"}},{"type":"Feature","geometry":{"type":"Point","coordinates":[-4.89499,50.39089]},"properties":{"project":"Indian Queens Energy Centre","mw":47.5,"tech":"Solar","tech_cat":"solar","date":"2025-05-31","connection_point":"Indian Queens 400kV Substation","sub_name":"Indian Queens","gate1_reserved":false,"geom_type":"point","located":true,"geocode_source":"REPD","site_name":"Indian Queens Sub-Station - Battery Storage","site_status":"Awaiting Construction"}},{"type":"Feature","geometry":{"type":"Point","coordinates":[-4.463986650545456,57.46665871466774]},"properties":{"project":"Lovat Estate BESS","mw":49.9,"tech":"Battery","tech_cat":"battery","date":"2026-05-31","connection_point":"Beauly GSP","sub_name":"Beauly","gate1_reserved":false,"geom_type":"point","located":false,"geocode_source":"substation"}},{"type":"Feature","geometry":{"type":"Point","coordinates":[-1.952397393154521,52.25124597336786]},"properties":{"project":"Feckenham 100MW BESS","mw":100.0,"tech":"Battery","tech_cat":"battery","date":"2037-10-30","connection_point":"Feckenham GSP","sub_name":"Feckenham","gate1_reserved":false,"geom_type":"point","located":false,"geocode_source":"substation"}},{"type":"Feature","geometry":{"type":"Point","coordinates":[-3.718140185799437,56.066424872781226]},"properties":{"project":"EcoKincardine","mw":249.0,"tech":"Battery","tech_cat":"battery","date":"2030-10-31","connection_point":"Kincardine North 400kV Substation","sub_name":"Kincardine","gate1_reserved":false,"geom_type":"point","located":false,"geocode_source":"substation"}},{"type":"Feature","geometry":{"type":"Point","coordinates":[-1.65491,52.7753]},"properties":{"project":"Drakelow Green Energy Centre","mw":570.1,"tech":"Battery","tech_cat":"battery","date":"2028-04-30","connection_point":"Drakelow 400kV Substation","sub_name":"Drakelow","gate1_reserved":false,"geom_type":"point","located":true,"geocode_source":"REPD","site_name":"Drakelow Renewable Energy Centre","site_status":"Under Construction"}},{"type":"Feature","geometry":{"type":"Point","coordinates":[-1.65491,52.7753]},"properties":{"project":"Drakelow Green Energy Centre","mw":400.0,"tech":"Transmission Connected Demand","tech_cat":"demand","date":"2037-10-31","connection_point":"Drakelow 400kV Substation","sub_name":"Drakelow","gate1_reserved":false,"geom_type":"point","located":true,"geocode_source":"REPD","site_name":"Drakelow Renewable Energy Centre","site_status":"Under Construction"}},{"type":"Feature","geometry":{"type":"Point","coordinates":[-1.65491,52.7753]},"properties":{"project":"Drakelow Green Energy Centre","mw":889.7,"tech":"Battery","tech_cat":"battery","date":"2029-10-30","connection_point":"Drakelow 400kV Substation","sub_name":"Drakelow","gate1_reserved":false,"geom_type":"point","located":true,"geocode_source":"REPD","site_name":"Drakelow Renewable Energy Centre","site_status":"Under Construction"}},{"type":"Feature","geometry":{"type":"Point","coordinates":[1.0682882914746024,52.08151276448072]},"properties":{"project":"Bramford Tertiary","mw":25.3,"tech":"Solar","tech_cat":"solar","date":"2029-10-01","connection_point":"Bramford 400kV Substation","sub_name":"Bramford","gate1_reserved":false,"geom_type":"point","located":false,"geocode_source":"substation"}},{"type":"Feature","geometry":{"type":"Point","coordinates":[1.0653054680186873,52.08379360815829]},"properties":{"project":"Bramford Tertiary","mw":57.0,"tech":"Battery","tech_cat":"battery","date":"2029-10-01","connection_point":"Bramford 400kV Substation","sub_name":"Bramford","gate1_reserved":false,"geom_type":"point","located":false,"geocode_source":"substation"}},{"type":"Feature","geometry":{"type":"Point","coordinates":[1.0670027582159785,52.08416843127005]},"properties":{"project":"Bramford Tertiary","mw":57.0,"tech":"Battery","tech_cat":"battery","date":"2029-10-01","connection_point":"Bramford 400kV Substation","sub_name":"Bramford","gate1_reserved":false,"geom_type":"point","located":false,"geocode_source":"substation"}},{"type":"Feature","geometry":{"type":"Point","coordinates":[-1.2195501922201717,51.73303967290833]},"properties":{"project":"Cowley (Tertiary)","mw":50.0,"tech":"Battery","tech_cat":"battery","date":"2025-11-30","connection_point":"Cowley 400kV Substation","sub_name":"Cowley","gate1_reserved":false,"geom_type":"point","located":false,"geocode_source":"substation"}},{"type":"Feature","geometry":{"type":"Point","coordinates":[-1.214473078961651,51.73177087789627]},"properties":{"project":"Cowley (Tertiary)","mw":69.4,"tech":"Solar","tech_cat":"solar","date":"2025-11-30","connection_point":"Cowley 400kV Substation","sub_name":"Cowley","gate1_reserved":false,"geom_type":"point","located":false,"geocode_source":"substation"}},{"type":"Feature","geometry":{"type":"Point","coordinates":[0.1835711492999799,52.75145414285762]},"properties":{"project":"Walpole 1 (Tertiary)","mw":57.0,"tech":"Battery","tech_cat":"battery","date":"2025-07-15","connection_point":"Walpole 400kV Substation","sub_name":"Walpole","gate1_reserved":false,"geom_type":"point","located":false,"geocode_source":"substation"}},{"type":"Feature","geometry":{"type":"Point","coordinates":[0.18379072755591652,52.75120454207159]},"properties":{"project":"Walpole 1 (Tertiary)","mw":37.0,"tech":"Solar","tech_cat":"solar","date":"2025-07-15","connection_point":"Walpole 400kV Substation","sub_name":"Walpole","gate1_reserved":false,"geom_type":"point","located":false,"geocode_source":"substation"}},{"type":"Feature","geometry":{"type":"Point","coordinates":[-0.42102,53.79827]},"properties":{"project":"Creyke Beck Battery 2","mw":35.6,"tech":"Battery","tech_cat":"battery","date":"2028-06-30","connection_point":"Creyke Beck 400kV Substation","sub_name":"Creyke Beck","gate1_reserved":false,"geom_type":"point","located":true,"geocode_source":"REPD","site_name":"Creyke Beck","site_status":"Operational"}},{"type":"Feature","geometry":{"type":"Point","coordinates":[-3.002431051183022,56.515433137628044]},"properties":{"project":"17 Acres and BESS","mw":95.8,"tech":"Battery","tech_cat":"battery","date":"2032-06-30","connection_point":"Tealing 275/33kV Substation","sub_name":"Tealing","gate1_reserved":false,"geom_type":"point","located":false,"geocode_source":"substation"}},{"type":"Feature","geometry":{"type":"Point","coordinates":[-1.65396,52.55851]},"properties":{"project":"Camp Farm","mw":249.9,"tech":"Battery","tech_cat":"battery","date":"2037-10-30","connection_point":"Coventry 275kV Substation","sub_name":"Coventry","gate1_reserved":false,"geom_type":"point","located":true,"geocode_source":"REPD","site_name":"Camp Farm, Knowle Hill - Battery Storage","site_status":"Awaiting Construction"}},{"type":"Feature","geometry":{"type":"Point","coordinates":[-3.0117,51.1372]},"properties":{"project":"Horsey","mw":500.0,"tech":"Transmission Connected Demand","tech_cat":"demand","date":"2037-10-31","connection_point":"Bridgwater 132kV Substation","sub_name":"Bridgwater","gate1_reserved":false,"geom_type":"point","located":true,"geocode_source":"MANUAL","site_name":"Horsey","site_status":"manual"}},{"type":"Feature","geometry":{"type":"Point","coordinates":[-1.0310209185313586,50.93260973005975]},"properties":{"project":"EcoLovedean","mw":249.0,"tech":"Battery","tech_cat":"battery","date":"2031-03-31","connection_point":"Lovedean 400kV Substation","sub_name":"Lovedean","gate1_reserved":false,"geom_type":"point","located":false,"geocode_source":"substation"}},{"type":"Feature","geometry":{"type":"Point","coordinates":[-4.064396690764494,55.6843660402976]},"properties":{"project":"Strathaven BESS","mw":300.0,"tech":"Battery","tech_cat":"battery","date":"2033-10-31","connection_point":"Strathaven 400/275kV","sub_name":"Strathaven","gate1_reserved":false,"geom_type":"point","located":false,"geocode_source":"substation"}},{"type":"Feature","geometry":{"type":"Point","coordinates":[-3.468574577573754,56.16813612869149]},"properties":{"project":"Westfield BESS","mw":350.0,"tech":"Battery","tech_cat":"battery","date":"2031-10-31","connection_point":"Westfield 275/132kV","sub_name":"Westfield","gate1_reserved":false,"geom_type":"point","located":false,"geocode_source":"substation"}},{"type":"Feature","geometry":{"type":"Point","coordinates":[-3.94311,55.82538]},"properties":{"project":"Didcot Energy Park","mw":300.0,"tech":"Battery","tech_cat":"battery","date":"2027-10-31","connection_point":"Didcot 400kV Substation","sub_name":"Didcot","gate1_reserved":false,"geom_type":"point","located":true,"geocode_source":"REPD","site_name":"Newarthill Energy Park","site_status":"Awaiting Construction"}},{"type":"Feature","geometry":{"type":"Point","coordinates":[-1.2024425558941045,54.1657983070612]},"properties":{"project":"Zenobe Norton","mw":167.4,"tech":"Battery","tech_cat":"battery","date":"2031-10-31","connection_point":"Norton East 400kV Substation","sub_name":"Norton","gate1_reserved":false,"geom_type":"point","located":false,"geocode_source":"substation"}},{"type":"Feature","geometry":{"type":"Point","coordinates":[-3.7306470260800415,58.58430841847074]},"properties":{"project":"Bettyhill Phase 2 Wind Farm","mw":1.9,"tech":"Battery","tech_cat":"battery","date":"2027-11-01","connection_point":"Dounreay 132/33kV","sub_name":"Dounreay","gate1_reserved":false,"geom_type":"point","located":false,"geocode_source":"substation"}},{"type":"Feature","geometry":{"type":"Point","coordinates":[-3.7324666677382607,58.582962958603396]},"properties":{"project":"Bettyhill Phase 2 Wind Farm","mw":48.0,"tech":"Onshore Wind","tech_cat":"wind","date":"2027-11-01","connection_point":"Dounreay 132/33kV","sub_name":"Dounreay","gate1_reserved":false,"geom_type":"point","located":false,"geocode_source":"substation"}},{"type":"Feature","geometry":{"type":"Point","coordinates":[-0.014199338967745907,51.765456392017995]},"properties":{"project":"RHT2","mw":57.0,"tech":"Transmission Connected Demand","tech_cat":"demand","date":"2037-10-31","connection_point":"Rye House GSP","sub_name":"Rye House","gate1_reserved":false,"geom_type":"point","located":false,"geocode_source":"substation"}},{"type":"Feature","geometry":{"type":"Point","coordinates":[-4.13078,55.89385]},"properties":{"project":"Scottish Water Bonnybridge STW 60MW BESS","mw":72.0,"tech":"Battery","tech_cat":"battery","date":"2030-07-31","connection_point":"Bonnybridge 275/33kV Substation","sub_name":"Bonnybridge","gate1_reserved":false,"geom_type":"point","located":true,"geocode_source":"REPD","site_name":"Scottish Water, Buchanan Gate - Hydro Energy Scheme","site_status":"Under Construction"}},{"type":"Feature","geometry":{"type":"Point","coordinates":[-0.51135,51.89169]},"properties":{"project":"UK057-B\tWhatton Estate","mw":70.0,"tech":"Battery","tech_cat":"battery","date":"2037-10-30","connection_point":"Ratcliffe GSP","sub_name":"Ratcliffe-on-Soar","gate1_reserved":false,"geom_type":"point","located":true,"geocode_source":"REPD","site_name":"Unit B, Chiltern Park Industrial Estate -  Solar Panels","site_status":"Awaiting Construction"}},{"type":"Feature","geometry":{"type":"Point","coordinates":[-0.51135,51.89169]},"properties":{"project":"UK057-B\tWhatton Estate","mw":60.0,"tech":"Battery","tech_cat":"battery","date":"2028-10-30","connection_point":"Ratcliffe GSP","sub_name":"Ratcliffe-on-Soar","gate1_reserved":false,"geom_type":"point","located":true,"geocode_source":"REPD","site_name":"Unit B, Chiltern Park Industrial Estate -  Solar Panels","site_status":"Awaiting Construction"}},{"type":"Feature","geometry":{"type":"Point","coordinates":[-0.7821,53.3014]},"properties":{"project":"Cottam Giga","mw":1000.0,"tech":"Transmission Connected Demand","tech_cat":"demand","date":"2039-10-30","connection_point":"Cottam 400kV Substation","sub_name":"Cottam","gate1_reserved":false,"geom_type":"point","located":true,"geocode_source":"MANUAL","site_name":"Cottam Giga","site_status":"manual"}},{"type":"Feature","geometry":{"type":"Point","coordinates":[-0.8194,53.36535]},"properties":{"project":"West Burton Giga","mw":1000.0,"tech":"Transmission Connected Demand","tech_cat":"demand","date":"2039-10-30","connection_point":"West Burton 400kV Substation","sub_name":"West Burton","gate1_reserved":false,"geom_type":"point","located":true,"geocode_source":"REPD","site_name":"West Burton Power Station, North Road - Battery Storage","site_status":"Awaiting Construction"}},{"type":"Feature","geometry":{"type":"Point","coordinates":[-0.95983,51.24715]},"properties":{"project":"BESS North Farm","mw":184.4,"tech":"Battery","tech_cat":"battery","date":"2031-11-01","connection_point":"Chickerell 400kV Substation","sub_name":"Chickerell","gate1_reserved":false,"geom_type":"point","located":true,"geocode_source":"REPD","site_name":"Chosley Farm, North Warnborough Solar Farm and Battery storage","site_status":"Awaiting Construction"}},{"type":"Feature","geometry":{"type":"Point","coordinates":[-0.913920616560665,51.91801258050639]},"properties":{"project":"MKE DC","mw":500.0,"tech":"Transmission Connected Demand","tech_cat":"demand","date":"2037-10-31","connection_point":"East Claydon 400kV Substation","sub_name":"East Claydon","gate1_reserved":false,"geom_type":"point","located":false,"geocode_source":"substation"}},{"type":"Feature","geometry":{"type":"Point","coordinates":[1.2689598447991293,52.58441877819179]},"properties":{"project":"GF Norwich BESS","mw":405.3,"tech":"Battery","tech_cat":"battery","date":"2034-10-31","connection_point":"Norwich Main 400kV Substation","sub_name":"Norwich Main","gate1_reserved":false,"geom_type":"point","located":false,"geocode_source":"substation"}},{"type":"Feature","geometry":{"type":"Point","coordinates":[-4.065189389431139,55.68158923090284]},"properties":{"project":"Strathaven West","mw":114.0,"tech":"Onshore Wind","tech_cat":"wind","date":"2029-07-23","connection_point":"Strathaven 275/33kV","sub_name":"Strathaven","gate1_reserved":false,"geom_type":"point","located":false,"geocode_source":"substation"}},{"type":"Feature","geometry":{"type":"Point","coordinates":[-1.75177,53.78797]},"properties":{"project":"Epworth PV & BESS Station","mw":105.0,"tech":"Solar","tech_cat":"solar","date":"2035-10-30","connection_point":"Keadby 400kV Substation","sub_name":"Keadby","gate1_reserved":false,"geom_type":"point","located":true,"geocode_source":"REPD","site_name":"Trafalgar House Police Station - Installation Of  Solar PV System","site_status":"Under Construction"}},{"type":"Feature","geometry":{"type":"Point","coordinates":[-1.75177,53.78797]},"properties":{"project":"Epworth PV & BESS Station","mw":160.0,"tech":"Battery","tech_cat":"battery","date":"2035-10-30","connection_point":"Keadby 400kV Substation","sub_name":"Keadby","gate1_reserved":false,"geom_type":"point","located":true,"geocode_source":"REPD","site_name":"Trafalgar House Police Station - Installation Of  Solar PV System","site_status":"Under Construction"}},{"type":"Feature","geometry":{"type":"Point","coordinates":[-2.930806771086408,51.5326958676846]},"properties":{"project":"EcoUskmouth","mw":249.0,"tech":"Battery","tech_cat":"battery","date":"2029-06-14","connection_point":"Uskmouth 275kV Substation","sub_name":"Uskmouth","gate1_reserved":false,"geom_type":"point","located":false,"geocode_source":"substation"}},{"type":"Feature","geometry":{"type":"Point","coordinates":[-4.081216637552592,51.01778804650017]},"properties":{"project":"Alverdiscott","mw":1800.0,"tech":"Interconnector","tech_cat":"interconnector","date":"2030-08-30","connection_point":"Alverdiscott 400kV Substation","sub_name":"Alverdiscott","gate1_reserved":false,"geom_type":"point","located":false,"geocode_source":"substation"}},{"type":"Feature","geometry":{"type":"Point","coordinates":[-4.084634458198876,51.01781869753967]},"properties":{"project":"Alverdiscott 2","mw":1800.0,"tech":"Interconnector","tech_cat":"interconnector","date":"2032-08-30","connection_point":"Alverdiscott 400kV Substation","sub_name":"Alverdiscott","gate1_reserved":false,"geom_type":"point","located":false,"geocode_source":"substation"}},{"type":"Feature","geometry":{"type":"Point","coordinates":[-1.785927028882691,57.51773454823289]},"properties":{"project":"Longside BESS","mw":200.0,"tech":"Battery","tech_cat":"battery","date":"2033-10-31","connection_point":"Peterhead 2 400kV Busbar Extension","sub_name":"Peterhead","gate1_reserved":false,"geom_type":"point","located":false,"geocode_source":"substation"}},{"type":"Feature","geometry":{"type":"Point","coordinates":[-1.5,57.7]},"properties":{"project":"Salamander Offshore Wind Farm","mw":180.0,"tech":"Battery","tech_cat":"battery","date":"2033-10-31","connection_point":"Peterhead GSP","sub_name":"Peterhead","gate1_reserved":false,"geom_type":"point","located":true,"geocode_source":"MANUAL","site_name":"Salamander Offshore Wind Farm","site_status":"manual"}},{"type":"Feature","geometry":{"type":"Point","coordinates":[-1.5,57.7]},"properties":{"project":"Salamander Offshore Wind Farm","mw":105.0,"tech":"Offshore Wind","tech_cat":"wind","date":"2033-10-31","connection_point":"Peterhead GSP","sub_name":"Peterhead","gate1_reserved":false,"geom_type":"point","located":true,"geocode_source":"MANUAL","site_name":"Salamander Offshore Wind Farm","site_status":"manual"}},{"type":"Feature","geometry":{"type":"Point","coordinates":[0.7,51.4523]},"properties":{"project":"NeuConnect Interconnector","mw":1400.0,"tech":"Interconnector","tech_cat":"interconnector","date":"2026-08-01","connection_point":"Grain West 400kV Substation","sub_name":"Grain","gate1_reserved":false,"geom_type":"point","located":true,"geocode_source":"MANUAL","site_name":"NeuConnect Interconnector","site_status":"manual"}},{"type":"Feature","geometry":{"type":"Point","coordinates":[-1.2146155689657507,51.73463980041846]},"properties":{"project":"Witney BESS","mw":160.0,"tech":"Battery","tech_cat":"battery","date":"2038-11-01","connection_point":"Cowley GSP","sub_name":"Cowley","gate1_reserved":false,"geom_type":"point","located":false,"geocode_source":"substation"}},{"type":"Feature","geometry":{"type":"Point","coordinates":[-2.131473853004696,51.38230076138316]},"properties":{"project":"Beanacre BESS","mw":200.0,"tech":"Battery","tech_cat":"battery","date":"2037-09-15","connection_point":"Melksham 132kV Substation","sub_name":"Melksham","gate1_reserved":false,"geom_type":"point","located":false,"geocode_source":"substation"}},{"type":"Feature","geometry":{"type":"Point","coordinates":[-2.134423705507366,51.38315709164484]},"properties":{"project":"Beanacre 2 BESS","mw":249.0,"tech":"Battery","tech_cat":"battery","date":"2037-10-31","connection_point":"Melksham B 400kV Substation","sub_name":"Melksham","gate1_reserved":false,"geom_type":"point","located":false,"geocode_source":"substation"}},{"type":"Feature","geometry":{"type":"Point","coordinates":[-1.26761,53.56697]},"properties":{"project":"Butt Lane - Grimsby BESS","mw":287.8,"tech":"Battery","tech_cat":"battery","date":"2035-10-30","connection_point":"Grimsby West GSP","sub_name":"Grimsby West","gate1_reserved":false,"geom_type":"point","located":true,"geocode_source":"REPD","site_name":"Butt Lane, Hooton Pagnell -  Solar Farm","site_status":"Application Submitted"}},{"type":"Feature","geometry":{"type":"Point","coordinates":[-2.66064,51.52826]},"properties":{"project":"Severn Road Avonmouth","mw":84.0,"tech":"Battery","tech_cat":"battery","date":"2038-10-31","connection_point":"Seabank GSP","sub_name":"Seabank","gate1_reserved":false,"geom_type":"point","located":true,"geocode_source":"REPD","site_name":"Severn Road, Hallen - Battery Storage Facility","site_status":"Awaiting Construction"}},{"type":"Feature","geometry":{"type":"Point","coordinates":[-2.66064,51.52826]},"properties":{"project":"Severn Road Avonmouth","mw":49.5,"tech":"Unabated Gas","tech_cat":"gas","date":"2038-10-31","connection_point":"Seabank GSP","sub_name":"Seabank","gate1_reserved":false,"geom_type":"point","located":true,"geocode_source":"REPD","site_name":"Severn Road, Hallen - Battery Storage Facility","site_status":"Awaiting Construction"}},{"type":"Feature","geometry":{"type":"Point","coordinates":[-2.26141,52.31591]},"properties":{"project":"Lincomb Farm 120MW BESS Scheme","mw":150.0,"tech":"Battery","tech_cat":"battery","date":"2033-06-30","connection_point":"Bishops Wood 132kV Substation","sub_name":"Bishops Wood","gate1_reserved":false,"geom_type":"point","located":true,"geocode_source":"REPD","site_name":"Lincomb Farm - Battery Storage Facility","site_status":"Application Submitted"}},{"type":"Feature","geometry":{"type":"Point","coordinates":[-4.15285,51.01295]},"properties":{"project":"West Grimsby Farm","mw":151.3,"tech":"Solar","tech_cat":"solar","date":"2035-10-31","connection_point":"Grimsby West GSP","sub_name":"Grimsby West","gate1_reserved":false,"geom_type":"point","located":true,"geocode_source":"REPD","site_name":"West Webbery Farm, The Water - Battery Energy Storage","site_status":"Application Submitted"}},{"type":"Feature","geometry":{"type":"Point","coordinates":[-0.21835320679101813,53.61776324379695]},"properties":{"project":"SHBEC","mw":83.0,"tech":"Unaligned","tech_cat":"other","date":"2029-07-01","connection_point":"South Humber Bank 400kV Substation","sub_name":"South Humber Bank","gate1_reserved":false,"geom_type":"point","located":false,"geocode_source":"substation"}},{"type":"Feature","geometry":{"type":"Point","coordinates":[-0.58925,52.2526]},"properties":{"project":"Saver & Pashley Farm Energy Park","mw":130.0,"tech":"Battery","tech_cat":"battery","date":"2036-12-06","connection_point":"Ninfield GSP","sub_name":"Ninfield","gate1_reserved":false,"geom_type":"point","located":true,"geocode_source":"REPD","site_name":"Glebe Farm Solar Energy Park","site_status":"Operational"}},{"type":"Feature","geometry":{"type":"Point","coordinates":[-2.1350701005193735,51.38158519196492]},"properties":{"project":"Melksham  (Tertiary)","mw":57.0,"tech":"Battery","tech_cat":"battery","date":"2026-06-26","connection_point":"Melksham 400kV Substation","sub_name":"Melksham","gate1_reserved":false,"geom_type":"point","located":false,"geocode_source":"substation"}},{"type":"Feature","geometry":{"type":"Point","coordinates":[-2.131198325391675,51.38268174302431]},"properties":{"project":"Melksham  (Tertiary)","mw":18.3,"tech":"Solar","tech_cat":"solar","date":"2026-06-26","connection_point":"Melksham 400kV Substation","sub_name":"Melksham","gate1_reserved":false,"geom_type":"point","located":false,"geocode_source":"substation"}},{"type":"Feature","geometry":{"type":"Point","coordinates":[-0.03627661924506498,51.476680800774574]},"properties":{"project":"Ardonald Wind Farm","mw":200.0,"tech":"Onshore Wind","tech_cat":"wind","date":"2033-10-31","connection_point":"New North East 275kV Substation","sub_name":"New Cross","gate1_reserved":false,"geom_type":"point","located":false,"geocode_source":"substation"}},{"type":"Feature","geometry":{"type":"Point","coordinates":[-0.035579841543867785,51.47550933425899]},"properties":{"project":"Ardonald Wind Farm","mw":200.0,"tech":"Solar","tech_cat":"solar","date":"2033-10-31","connection_point":"New North East 275kV Substation","sub_name":"New Cross","gate1_reserved":false,"geom_type":"point","located":false,"geocode_source":"substation"}},{"type":"Feature","geometry":{"type":"Point","coordinates":[-0.03479067934563442,51.47673213887391]},"properties":{"project":"Ardonald Wind Farm","mw":200.0,"tech":"Battery","tech_cat":"battery","date":"2033-10-31","connection_point":"New North East 275kV Substation","sub_name":"New Cross","gate1_reserved":false,"geom_type":"point","located":false,"geocode_source":"substation"}},{"type":"Feature","geometry":{"type":"Point","coordinates":[-2.419024382169334,53.43488125370517]},"properties":{"project":"Cryogenic Battery System (Synchronous)","mw":49.9,"tech":"Liquid Air Energy Storage (LAES)","tech_cat":"battery","date":"2026-11-08","connection_point":"Carrington 400KV Substation","sub_name":"Carrington","gate1_reserved":false,"geom_type":"point","located":false,"geocode_source":"substation"}},{"type":"Feature","geometry":{"type":"Point","coordinates":[-2.418642324752777,53.43499344219968]},"properties":{"project":"Cryogenic Battery System (Synchronous)","mw":49.9,"tech":"Liquid Air Energy Storage (LAES)","tech_cat":"battery","date":"2026-05-08","connection_point":"Carrington 400KV Substation","sub_name":"Carrington","gate1_reserved":false,"geom_type":"point","located":false,"geocode_source":"substation"}},{"type":"Feature","geometry":{"type":"Point","coordinates":[-3.82095,51.60819]},"properties":{"project":"Peterhead Hydrogen 2","mw":900.0,"tech":"Transmission Connected Demand","tech_cat":"demand","date":"2033-10-31","connection_point":"Peterhead Hydrogen 2 400kV Substation","sub_name":"Peterhead","gate1_reserved":false,"geom_type":"point","located":true,"geocode_source":"REPD","site_name":"Pioneer 2 - Hydrogen Production Facility","site_status":"Under Construction"}},{"type":"Feature","geometry":{"type":"Point","coordinates":[-1.78487213514603,57.51836512353674]},"properties":{"project":"Peterhead Hydrogen 1","mw":99.9,"tech":"Transmission Connected Demand","tech_cat":"demand","date":"2033-10-31","connection_point":"Peterhead Hydrogen 1 132kV Substation","sub_name":"Peterhead","gate1_reserved":false,"geom_type":"point","located":false,"geocode_source":"substation"}},{"type":"Feature","geometry":{"type":"Point","coordinates":[-1.15699,52.88062]},"properties":{"project":"Ravengill Renewable Energy Park","mw":49.6,"tech":"Battery","tech_cat":"battery","date":"2036-10-31","connection_point":"Elvanfoot 275/132/33kV","sub_name":"Elvanfoot","gate1_reserved":false,"geom_type":"point","located":true,"geocode_source":"REPD","site_name":"Fair Oaks Renewable Energy Park - Solar farm & Battery energy storage","site_status":"Awaiting Construction"}},{"type":"Feature","geometry":{"type":"Point","coordinates":[-3.80369,55.55518]},"properties":{"project":"Ravengill Renewable Energy Park","mw":210.0,"tech":"Onshore Wind","tech_cat":"wind","date":"2036-10-31","connection_point":"Elvanfoot 275/132/33kV","sub_name":"Elvanfoot","gate1_reserved":false,"geom_type":"point","located":true,"geocode_source":"REPD","site_name":"M74 West Renewable Energy Park","site_status":"Application Submitted"}},{"type":"Feature","geometry":{"type":"Point","coordinates":[-3.1003744599781373,51.01529024916997]},"properties":{"project":"Taunton","mw":53.2,"tech":"Battery","tech_cat":"battery","date":"2031-10-31","connection_point":"Taunton 400kV Substation","sub_name":"Taunton","gate1_reserved":false,"geom_type":"point","located":false,"geocode_source":"substation"}},{"type":"Feature","geometry":{"type":"Point","coordinates":[-3.1010662346632785,51.01752276221835]},"properties":{"project":"Taunton","mw":53.2,"tech":"Battery","tech_cat":"battery","date":"2037-10-31","connection_point":"Taunton 400kV Substation","sub_name":"Taunton","gate1_reserved":false,"geom_type":"point","located":false,"geocode_source":"substation"}},{"type":"Feature","geometry":{"type":"Point","coordinates":[-0.21663467839142805,50.9836823518719]},"properties":{"project":"Hookers Farm BESS","mw":250.0,"tech":"Battery","tech_cat":"battery","date":"2031-10-31","connection_point":"Bolney 132kV Substation","sub_name":"Bolney","gate1_reserved":false,"geom_type":"point","located":false,"geocode_source":"substation"}},{"type":"Feature","geometry":{"type":"Point","coordinates":[-0.13531,52.80387]},"properties":{"project":"Feckenham Energy Park","mw":500.1,"tech":"Battery","tech_cat":"battery","date":"2033-10-31","connection_point":"Feckenham 400kV Substation","sub_name":"Feckenham","gate1_reserved":false,"geom_type":"point","located":true,"geocode_source":"REPD","site_name":"Spalding Energy Park - Battery Storage","site_status":"Awaiting Construction"}},{"type":"Feature","geometry":{"type":"Point","coordinates":[-1.02976,53.84399]},"properties":{"project":"Power Park Ipswich","mw":920.0,"tech":"Transmission Connected Demand","tech_cat":"demand","date":"2037-10-31","connection_point":"Bramford 400kV Substation","sub_name":"Bramford","gate1_reserved":false,"geom_type":"point","located":true,"geocode_source":"REPD","site_name":"Escrick Park Community Power Project","site_status":"Application Withdrawn"}},{"type":"Feature","geometry":{"type":"Point","coordinates":[-1.02976,53.84399]},"properties":{"project":"Power Park Retford","mw":440.0,"tech":"Transmission Connected Demand","tech_cat":"demand","date":"2039-10-30","connection_point":"High Marnham 400kV Substation","sub_name":"High Marnham","gate1_reserved":false,"geom_type":"point","located":true,"geocode_source":"REPD","site_name":"Escrick Park Community Power Project","site_status":"Application Withdrawn"}},{"type":"Feature","geometry":{"type":"Point","coordinates":[-0.2126,53.6224]},"properties":{"project":"Relode Immingham","mw":920.0,"tech":"Transmission Connected Demand","tech_cat":"demand","date":"2039-10-30","connection_point":"Killingholme 400kV Substation","sub_name":"Killingholme","gate1_reserved":false,"geom_type":"point","located":true,"geocode_source":"MANUAL","site_name":"Relode Immingham","site_status":"manual"}},{"type":"Feature","geometry":{"type":"Point","coordinates":[-1.782786612000556,57.51628670356004]},"properties":{"project":"Project Flora Peterhead","mw":50.0,"tech":"Offshore Wind","tech_cat":"wind","date":"2033-10-31","connection_point":"Peterhead Grange GSP","sub_name":"Peterhead","gate1_reserved":false,"geom_type":"point","located":false,"geocode_source":"substation"}},{"type":"Feature","geometry":{"type":"Point","coordinates":[-2.4153684785528635,55.6324170010221]},"properties":{"project":"Zenobe Eccles Battery Storage","mw":456.0,"tech":"Battery","tech_cat":"battery","date":"2026-04-30","connection_point":"Eccles 400kV Substation","sub_name":"Eccles","gate1_reserved":false,"geom_type":"point","located":false,"geocode_source":"substation"}},{"type":"Feature","geometry":{"type":"Point","coordinates":[-3.730360823167534,58.581506088601586]},"properties":{"project":"Forss Abbey Energy Storage","mw":49.9,"tech":"Battery","tech_cat":"battery","date":"2031-06-30","connection_point":"Dounreay GSP","sub_name":"Dounreay","gate1_reserved":false,"geom_type":"point","located":false,"geocode_source":"substation"}},{"type":"Feature","geometry":{"type":"Point","coordinates":[-3.731784536640952,58.583438427189535]},"properties":{"project":"Forss Abbey Energy Storage","mw":49.9,"tech":"Transmission Connected Demand","tech_cat":"demand","date":"2031-06-30","connection_point":"Dounreay GSP","sub_name":"Dounreay","gate1_reserved":false,"geom_type":"point","located":false,"geocode_source":"substation"}},{"type":"Feature","geometry":{"type":"Point","coordinates":[-0.33972,53.76719]},"properties":{"project":"Walton Road Energy Project","mw":240.0,"tech":"Battery","tech_cat":"battery","date":"2029-10-31","connection_point":"Drakelow 400kV Substation","sub_name":"Drakelow","gate1_reserved":false,"geom_type":"point","located":true,"geocode_source":"REPD","site_name":"Clough Road - Battery Energy System","site_status":"Awaiting Construction"}},{"type":"Feature","geometry":{"type":"Point","coordinates":[-3.5157294951543334,50.73417102028022]},"properties":{"project":"FAB Link Interconnector","mw":1250.0,"tech":"Interconnector","tech_cat":"interconnector","date":"2032-09-30","connection_point":"Exeter 400kV Substation","sub_name":"Exeter","gate1_reserved":false,"geom_type":"point","located":false,"geocode_source":"substation"}},{"type":"Feature","geometry":{"type":"Point","coordinates":[-1.202644375970682,54.16621119729841]},"properties":{"project":"Grindon Grange","mw":240.0,"tech":"Battery","tech_cat":"battery","date":"2035-10-30","connection_point":"Norton East 400kV Substation","sub_name":"Norton","gate1_reserved":false,"geom_type":"point","located":false,"geocode_source":"substation"}},{"type":"Feature","geometry":{"type":"Point","coordinates":[1.065705264797761,52.083891255665684]},"properties":{"project":"Bramford 2 GEC (Ethos Green)","mw":32.5,"tech":"LDES","tech_cat":"battery","date":"2032-07-01","connection_point":"Bramford 400kV Substation","sub_name":"Bramford","gate1_reserved":false,"geom_type":"point","located":false,"geocode_source":"substation"}},{"type":"Feature","geometry":{"type":"Point","coordinates":[1.0687387698641024,52.08263009632221]},"properties":{"project":"Bramford 2 GEC (Ethos Green)","mw":250.0,"tech":"Reactive Compensation","tech_cat":"other","date":"2032-07-01","connection_point":"Bramford 400kV Substation","sub_name":"Bramford","gate1_reserved":false,"geom_type":"point","located":false,"geocode_source":"substation"}},{"type":"Feature","geometry":{"type":"Point","coordinates":[1.065530232561396,52.08409111534685]},"properties":{"project":"Bramford 2 GEC (Ethos Green)","mw":200.0,"tech":"Transmission Connected Demand","tech_cat":"demand","date":"2032-07-01","connection_point":"Bramford 400kV Substation","sub_name":"Bramford","gate1_reserved":false,"geom_type":"point","located":false,"geocode_source":"substation"}},{"type":"Feature","geometry":{"type":"Point","coordinates":[1.0661633402949717,52.08261342478395]},"properties":{"project":"Bramford 2 GEC (Ethos Green)","mw":32.5,"tech":"LDES","tech_cat":"battery","date":"2032-07-01","connection_point":"Bramford 400kV Substation","sub_name":"Bramford","gate1_reserved":false,"geom_type":"point","located":false,"geocode_source":"substation"}},{"type":"Feature","geometry":{"type":"Point","coordinates":[1.0655028915984173,52.08294864139341]},"properties":{"project":"Bramford 2 GEC (Ethos Green)","mw":68.3,"tech":"Solar","tech_cat":"solar","date":"2032-07-01","connection_point":"Bramford 400kV Substation","sub_name":"Bramford","gate1_reserved":false,"geom_type":"point","located":false,"geocode_source":"substation"}},{"type":"Feature","geometry":{"type":"Point","coordinates":[1.066233952596815,52.081958236076616]},"properties":{"project":"Bramford GEC (Ethos Green)","mw":114.0,"tech":"Battery","tech_cat":"battery","date":"2032-06-01","connection_point":"Bramford 400kV Substation","sub_name":"Bramford","gate1_reserved":false,"geom_type":"point","located":false,"geocode_source":"substation"}},{"type":"Feature","geometry":{"type":"Point","coordinates":[1.0677387776183258,52.08488530921463]},"properties":{"project":"Bramford GEC (Ethos Green)","mw":658.3,"tech":"Solar","tech_cat":"solar","date":"2032-06-01","connection_point":"Bramford 400kV Substation","sub_name":"Bramford","gate1_reserved":false,"geom_type":"point","located":false,"geocode_source":"substation"}},{"type":"Feature","geometry":{"type":"Point","coordinates":[1.0673767183608434,52.08475009996464]},"properties":{"project":"Bramford GEC (Ethos Green)","mw":250.0,"tech":"Reactive Compensation","tech_cat":"other","date":"2032-06-01","connection_point":"Bramford 400kV Substation","sub_name":"Bramford","gate1_reserved":false,"geom_type":"point","located":false,"geocode_source":"substation"}},{"type":"Feature","geometry":{"type":"Point","coordinates":[1.066980829467168,52.082583419548435]},"properties":{"project":"Bramford GEC (Ethos Green)","mw":114.0,"tech":"Battery","tech_cat":"battery","date":"2032-06-01","connection_point":"Bramford 400kV Substation","sub_name":"Bramford","gate1_reserved":false,"geom_type":"point","located":false,"geocode_source":"substation"}},{"type":"Feature","geometry":{"type":"Point","coordinates":[0.09875585877051093,51.931501461382915]},"properties":{"project":"Pelham GEC (Ethos Green)","mw":114.0,"tech":"LDES","tech_cat":"battery","date":"2035-05-31","connection_point":"Pelham 400kV Substation","sub_name":"Pelham","gate1_reserved":false,"geom_type":"point","located":false,"geocode_source":"substation"}},{"type":"Feature","geometry":{"type":"Point","coordinates":[0.10046700502047802,51.933047597339964]},"properties":{"project":"Pelham GEC (Ethos Green)","mw":480.0,"tech":"Transmission Connected Demand","tech_cat":"demand","date":"2035-05-31","connection_point":"Pelham 400kV Substation","sub_name":"Pelham","gate1_reserved":false,"geom_type":"point","located":false,"geocode_source":"substation"}},{"type":"Feature","geometry":{"type":"Point","coordinates":[0.09979557747503662,51.933856940245334]},"properties":{"project":"Pelham GEC (Ethos Green)","mw":300.0,"tech":"Reactive Compensation","tech_cat":"other","date":"2035-05-31","connection_point":"Pelham 400kV Substation","sub_name":"Pelham","gate1_reserved":false,"geom_type":"point","located":false,"geocode_source":"substation"}},{"type":"Feature","geometry":{"type":"Point","coordinates":[0.09832839596364204,51.9330917752775]},"properties":{"project":"Pelham GEC (Ethos Green)","mw":114.0,"tech":"Solar","tech_cat":"solar","date":"2035-05-31","connection_point":"Pelham 400kV Substation","sub_name":"Pelham","gate1_reserved":false,"geom_type":"point","located":false,"geocode_source":"substation"}},{"type":"Feature","geometry":{"type":"Point","coordinates":[-0.8808964598514599,53.06660347026927]},"properties":{"project":"Flash Solar Farm","mw":800.0,"tech":"Battery","tech_cat":"battery","date":"2030-10-31","connection_point":"Staythorpe 400kV Substation","sub_name":"Staythorpe","gate1_reserved":false,"geom_type":"point","located":false,"geocode_source":"substation"}},{"type":"Feature","geometry":{"type":"Point","coordinates":[-0.8852789330385048,53.06776568913645]},"properties":{"project":"Flash Solar Farm","mw":800.0,"tech":"Solar","tech_cat":"solar","date":"2030-10-31","connection_point":"Staythorpe 400kV Substation","sub_name":"Staythorpe","gate1_reserved":false,"geom_type":"point","located":false,"geocode_source":"substation"}},{"type":"Feature","geometry":{"type":"Point","coordinates":[-2.7332059253711676,53.74850526393221]},"properties":{"project":"Penwortham","mw":80.0,"tech":"Transmission Connected Demand","tech_cat":"demand","date":"2028-04-01","connection_point":"Penwortham GSP","sub_name":"Penwortham","gate1_reserved":false,"geom_type":"point","located":false,"geocode_source":"substation"}},{"type":"Feature","geometry":{"type":"Point","coordinates":[-4.0677524249960415,55.68377858708076]},"properties":{"project":"Sheriff Faulds 1","mw":49.4,"tech":"Battery","tech_cat":"battery","date":"2026-10-30","connection_point":"Strathaven 275/33kV","sub_name":"Strathaven","gate1_reserved":false,"geom_type":"point","located":false,"geocode_source":"substation"}},{"type":"Feature","geometry":{"type":"Point","coordinates":[-2.2,56.49999]},"properties":{"project":"Inch Cape Offshore Wind Farm Platform 1","mw":540.0,"tech":"Offshore Wind","tech_cat":"wind","date":"2026-02-21","connection_point":"Cockenzie 400/275kV","sub_name":"Cockenzie","gate1_reserved":false,"geom_type":"point","located":true,"geocode_source":"REPD","site_name":"Inch Cape","site_status":"Awaiting Construction"}},{"type":"Feature","geometry":{"type":"Point","coordinates":[-0.031841796770166735,51.68444632447233]},"properties":{"project":"Waltham","mw":120.0,"tech":"Transmission Connected Demand","tech_cat":"demand","date":"2033-10-31","connection_point":"Waltham Cross 275kV Substation","sub_name":"Waltham Cross","gate1_reserved":false,"geom_type":"point","located":false,"geocode_source":"substation"}},{"type":"Feature","geometry":{"type":"Point","coordinates":[-2.2,56.49999]},"properties":{"project":"Inch Cape Offshore Wind Farm Platform 2","mw":540.0,"tech":"Offshore Wind","tech_cat":"wind","date":"2026-02-21","connection_point":"Cockenzie 400/275kV","sub_name":"Cockenzie","gate1_reserved":false,"geom_type":"point","located":true,"geocode_source":"REPD","site_name":"Inch Cape","site_status":"Awaiting Construction"}},{"type":"Feature","geometry":{"type":"Point","coordinates":[-3.0349554940762915,53.217322064414006]},"properties":{"project":"Deeside Power Station","mw":49.9,"tech":"Unabated Gas","tech_cat":"gas","date":"2033-12-31","connection_point":"Deeside 400kV Substation","sub_name":"Deeside","gate1_reserved":false,"geom_type":"point","located":false,"geocode_source":"substation"}},{"type":"Feature","geometry":{"type":"Point","coordinates":[-3.0361592128765285,53.21561686775782]},"properties":{"project":"Deeside Power Station","mw":140.1,"tech":"Battery","tech_cat":"battery","date":"2033-12-31","connection_point":"Deeside 400kV Substation","sub_name":"Deeside","gate1_reserved":false,"geom_type":"point","located":false,"geocode_source":"substation"}},{"type":"Feature","geometry":{"type":"Point","coordinates":[-4.87819,55.7184]},"properties":{"project":"Walpole Grid Services Facility","mw":16.0,"tech":"Reactive Compensation","tech_cat":"other","date":"2025-12-31","connection_point":"Walpole 400kV Substation","sub_name":"Walpole","gate1_reserved":false,"geom_type":"point","located":true,"geocode_source":"REPD","site_name":"Hunterston Grid Services Complex - Energy Storage Facility","site_status":"Awaiting Construction"}},{"type":"Feature","geometry":{"type":"Point","coordinates":[-1.8395,57.5511]},"properties":{"project":"Kintore Electrolysis","mw":1000.0,"tech":"Transmission Connected Demand","tech_cat":"demand","date":"2035-12-31","connection_point":"Kintore GSP","sub_name":"Kintore","gate1_reserved":false,"geom_type":"point","located":true,"geocode_source":"MANUAL","site_name":"Kintore Electrolysis","site_status":"manual"}},{"type":"Feature","geometry":{"type":"Point","coordinates":[-1.8395,57.5511]},"properties":{"project":"Kintore Electrolysis","mw":500.0,"tech":"Transmission Connected Demand","tech_cat":"demand","date":"2028-11-14","connection_point":"Kintore GSP","sub_name":"Kintore","gate1_reserved":false,"geom_type":"point","located":true,"geocode_source":"MANUAL","site_name":"Kintore Electrolysis","site_status":"manual"}},{"type":"Feature","geometry":{"type":"Point","coordinates":[-1.8395,57.5511]},"properties":{"project":"Kintore Electrolysis","mw":500.0,"tech":"Transmission Connected Demand","tech_cat":"demand","date":"2032-10-01","connection_point":"Kintore GSP","sub_name":"Kintore","gate1_reserved":false,"geom_type":"point","located":true,"geocode_source":"MANUAL","site_name":"Kintore Electrolysis","site_status":"manual"}},{"type":"Feature","geometry":{"type":"Point","coordinates":[-1.8395,57.5511]},"properties":{"project":"Kintore Electrolysis","mw":1000.0,"tech":"Transmission Connected Demand","tech_cat":"demand","date":"2035-12-31","connection_point":"Kintore GSP","sub_name":"Kintore","gate1_reserved":false,"geom_type":"point","located":true,"geocode_source":"MANUAL","site_name":"Kintore Electrolysis","site_status":"manual"}},{"type":"Feature","geometry":{"type":"Point","coordinates":[-0.41871,53.78061]},"properties":{"project":"Creyke Beck Solar Farm","mw":352.5,"tech":"Solar","tech_cat":"solar","date":"2033-05-31","connection_point":"Creyke Beck GSP","sub_name":"Creyke Beck","gate1_reserved":false,"geom_type":"point","located":true,"geocode_source":"REPD","site_name":"Creyke Beck Substation - Solar Farm & Battery Storage","site_status":"Revised"}},{"type":"Feature","geometry":{"type":"Point","coordinates":[-1.89551,52.51669]},"properties":{"project":"Perry Barr BESS","mw":249.0,"tech":"Battery","tech_cat":"battery","date":"2037-10-30","connection_point":"Nechells\u00a0East GSP","sub_name":"Nechells","gate1_reserved":false,"geom_type":"point","located":true,"geocode_source":"REPD","site_name":"Perry Barr Bus Depot, Wellhead Road - Solar Pv Panels","site_status":"Awaiting Construction"}},{"type":"Feature","geometry":{"type":"Point","coordinates":[-1.6501479338777942,52.76578143315868]},"properties":{"project":"Drakelow Power Station 2 BESS","mw":287.8,"tech":"Battery","tech_cat":"battery","date":"2037-10-30","connection_point":"Drakelow GSP","sub_name":"Drakelow","gate1_reserved":false,"geom_type":"point","located":false,"geocode_source":"substation"}},{"type":"Feature","geometry":{"type":"Point","coordinates":[-2.36976,55.68655]},"properties":{"project":"Pittlesheugh Farm","mw":340.0,"tech":"Battery","tech_cat":"battery","date":"2030-10-31","connection_point":"Eccles 400/132kV","sub_name":"Eccles","gate1_reserved":false,"geom_type":"point","located":true,"geocode_source":"REPD","site_name":"Pittlesheugh Farm Bess, Springwells Farmhouse - Battery Energy Storage","site_status":"Application Submitted"}},{"type":"Feature","geometry":{"type":"Point","coordinates":[-0.6453,52.36319]},"properties":{"project":"Boom Power Feckenham Generation Hub","mw":400.0,"tech":"Battery","tech_cat":"battery","date":"2033-10-31","connection_point":"Feckenham 400kV Substation","sub_name":"Feckenham","gate1_reserved":false,"geom_type":"point","located":true,"geocode_source":"REPD","site_name":"Wold Road (land south of) Peak Power Generation Plant","site_status":"Planning Permission Expired"}},{"type":"Feature","geometry":{"type":"Point","coordinates":[1.0641975094933498,52.08455905570065]},"properties":{"project":"Bramford (Tertiary)","mw":68.5,"tech":"Solar","tech_cat":"solar","date":"2024-11-30","connection_point":"Bramford 400kV Substation","sub_name":"Bramford","gate1_reserved":false,"geom_type":"point","located":false,"geocode_source":"substation"}},{"type":"Feature","geometry":{"type":"Point","coordinates":[1.06746020152916,52.082991987639595]},"properties":{"project":"Bramford (Tertiary)","mw":68.5,"tech":"Solar","tech_cat":"solar","date":"2024-11-30","connection_point":"Bramford 400kV Substation","sub_name":"Bramford","gate1_reserved":false,"geom_type":"point","located":false,"geocode_source":"substation"}},{"type":"Feature","geometry":{"type":"Point","coordinates":[-1.9488615666049858,51.615599966852265]},"properties":{"project":"JBM Solar -Minety","mw":50.0,"tech":"Battery","tech_cat":"battery","date":"2024-11-30","connection_point":"Minety 400kV Substation","sub_name":"Minety","gate1_reserved":false,"geom_type":"point","located":false,"geocode_source":"substation"}},{"type":"Feature","geometry":{"type":"Point","coordinates":[-1.9514843409954157,51.61667975780844]},"properties":{"project":"JBM Solar -Minety","mw":50.0,"tech":"Solar","tech_cat":"solar","date":"2024-11-30","connection_point":"Minety 400kV Substation","sub_name":"Minety","gate1_reserved":false,"geom_type":"point","located":false,"geocode_source":"substation"}},{"type":"Feature","geometry":{"type":"Point","coordinates":[0.08211,51.52861]},"properties":{"project":"JBM Solar 13 - Melksham","mw":55.0,"tech":"Battery","tech_cat":"battery","date":"2026-07-17","connection_point":"Melksham 400kV Substation","sub_name":"Melksham","gate1_reserved":false,"geom_type":"point","located":true,"geocode_source":"REPD","site_name":"Circular 13, Unit B, Gascoigne Road - Solar Panels","site_status":"Awaiting Construction"}},{"type":"Feature","geometry":{"type":"Point","coordinates":[0.08211,51.52861]},"properties":{"project":"JBM Solar 13 - Melksham","mw":55.0,"tech":"Solar","tech_cat":"solar","date":"2026-07-17","connection_point":"Melksham 400kV Substation","sub_name":"Melksham","gate1_reserved":false,"geom_type":"point","located":true,"geocode_source":"REPD","site_name":"Circular 13, Unit B, Gascoigne Road - Solar Panels","site_status":"Awaiting Construction"}},{"type":"Feature","geometry":{"type":"Point","coordinates":[-0.8171,53.89716]},"properties":{"project":"Thornton Facility","mw":201.6,"tech":"Battery","tech_cat":"battery","date":"2028-11-30","connection_point":"Thornton 400kV Substation","sub_name":"Thornton","gate1_reserved":false,"geom_type":"point","located":true,"geocode_source":"REPD","site_name":"Tara Melbourne Road, Thornton - Battery Energy Storage Facility","site_status":"Awaiting Construction"}},{"type":"Feature","geometry":{"type":"Point","coordinates":[-0.8171,53.89716]},"properties":{"project":"Thornton Facility","mw":100.8,"tech":"Battery","tech_cat":"battery","date":"2027-10-29","connection_point":"Thornton 400kV Substation","sub_name":"Thornton","gate1_reserved":false,"geom_type":"point","located":true,"geocode_source":"REPD","site_name":"Tara Melbourne Road, Thornton - Battery Energy Storage Facility","site_status":"Awaiting Construction"}},{"type":"Feature","geometry":{"type":"Point","coordinates":[-0.8171,53.89716]},"properties":{"project":"Thornton Facility","mw":0.1,"tech":"Battery","tech_cat":"battery","date":"2035-10-27","connection_point":"Thornton 400kV Substation","sub_name":"Thornton","gate1_reserved":false,"geom_type":"point","located":true,"geocode_source":"REPD","site_name":"Tara Melbourne Road, Thornton - Battery Energy Storage Facility","site_status":"Awaiting Construction"}},{"type":"Feature","geometry":{"type":"Point","coordinates":[-0.8171,53.89716]},"properties":{"project":"Thornton Facility","mw":530.4,"tech":"Battery","tech_cat":"battery","date":"2032-10-29","connection_point":"Thornton 400kV Substation","sub_name":"Thornton","gate1_reserved":false,"geom_type":"point","located":true,"geocode_source":"REPD","site_name":"Tara Melbourne Road, Thornton - Battery Energy Storage Facility","site_status":"Awaiting Construction"}},{"type":"Feature","geometry":{"type":"Point","coordinates":[-0.8171,53.89716]},"properties":{"project":"Thornton Facility","mw":100.8,"tech":"Battery","tech_cat":"battery","date":"2025-09-24","connection_point":"Thornton 400kV Substation","sub_name":"Thornton","gate1_reserved":false,"geom_type":"point","located":true,"geocode_source":"REPD","site_name":"Tara Melbourne Road, Thornton - Battery Energy Storage Facility","site_status":"Awaiting Construction"}},{"type":"Feature","geometry":{"type":"Point","coordinates":[-0.8171,53.89716]},"properties":{"project":"Thornton Facility","mw":50.4,"tech":"Solar","tech_cat":"solar","date":"2025-09-24","connection_point":"Thornton 400kV Substation","sub_name":"Thornton","gate1_reserved":false,"geom_type":"point","located":true,"geocode_source":"REPD","site_name":"Tara Melbourne Road, Thornton - Battery Energy Storage Facility","site_status":"Awaiting Construction"}},{"type":"Feature","geometry":{"type":"Point","coordinates":[0.9804656158903323,51.096661808840004]},"properties":{"project":"Sellindge (Tertiary)","mw":30.4,"tech":"Battery","tech_cat":"battery","date":"2031-10-31","connection_point":"Sellindge 400kV Substation","sub_name":"Sellindge","gate1_reserved":false,"geom_type":"point","located":false,"geocode_source":"substation"}},{"type":"Feature","geometry":{"type":"Point","coordinates":[0.9848479959637356,51.09700347211582]},"properties":{"project":"Sellindge (Tertiary)","mw":27.6,"tech":"Solar","tech_cat":"solar","date":"2031-10-31","connection_point":"Sellindge 400kV Substation","sub_name":"Sellindge","gate1_reserved":false,"geom_type":"point","located":false,"geocode_source":"substation"}},{"type":"Feature","geometry":{"type":"Point","coordinates":[0.9828709127010502,51.09468371426763]},"properties":{"project":"Sellindge (Tertiary)","mw":53.2,"tech":"Battery","tech_cat":"battery","date":"2028-10-31","connection_point":"Sellindge 400kV Substation","sub_name":"Sellindge","gate1_reserved":false,"geom_type":"point","located":false,"geocode_source":"substation"}},{"type":"Feature","geometry":{"type":"Point","coordinates":[0.9859252160370054,51.09493319205414]},"properties":{"project":"Sellindge (Tertiary)","mw":52.5,"tech":"Solar","tech_cat":"solar","date":"2028-10-31","connection_point":"Sellindge 400kV Substation","sub_name":"Sellindge","gate1_reserved":false,"geom_type":"point","located":false,"geocode_source":"substation"}},{"type":"Feature","geometry":{"type":"Point","coordinates":[-3.49004,56.3969]},"properties":{"project":"Brunt Hill Wind Farm","mw":100.0,"tech":"Onshore Wind","tech_cat":"wind","date":"2031-10-31","connection_point":"Westfield 132/33kV","sub_name":"Westfield","gate1_reserved":false,"geom_type":"point","located":true,"geocode_source":"REPD","site_name":"Brunt Hill Wind Farm & Battery Storage","site_status":"Application Submitted"}},{"type":"Feature","geometry":{"type":"Point","coordinates":[-3.49004,56.3969]},"properties":{"project":"Brunt Hill Wind Farm","mw":50.0,"tech":"Battery","tech_cat":"battery","date":"2031-10-31","connection_point":"Westfield 132/33kV","sub_name":"Westfield","gate1_reserved":false,"geom_type":"point","located":true,"geocode_source":"REPD","site_name":"Brunt Hill Wind Farm & Battery Storage","site_status":"Application Submitted"}},{"type":"Feature","geometry":{"type":"Point","coordinates":[-2.7360383517552513,53.750064647901596]},"properties":{"project":"Penwortham BESS","mw":57.0,"tech":"Battery","tech_cat":"battery","date":"2027-10-30","connection_point":"Penwortham 400kV Substation","sub_name":"Penwortham","gate1_reserved":false,"geom_type":"point","located":false,"geocode_source":"substation"}},{"type":"Feature","geometry":{"type":"Point","coordinates":[-2.14788596741838,53.61579711380678]},"properties":{"project":"Rochdale BESS","mw":57.0,"tech":"Battery","tech_cat":"battery","date":"2037-07-30","connection_point":"Rochdale 275kV Substation","sub_name":"Rochdale","gate1_reserved":false,"geom_type":"point","located":false,"geocode_source":"substation"}},{"type":"Feature","geometry":{"type":"Point","coordinates":[-4.064775268442409,55.6831432625717]},"properties":{"project":"Crookedstone PV","mw":49.9,"tech":"Solar","tech_cat":"solar","date":"2032-10-31","connection_point":"Strathaven GSP 33kV","sub_name":"Strathaven","gate1_reserved":false,"geom_type":"point","located":false,"geocode_source":"substation"}},{"type":"Feature","geometry":{"type":"Point","coordinates":[-0.5,51.95]},"properties":{"project":"Sundon DC","mw":600.0,"tech":"Transmission Connected Demand","tech_cat":"demand","date":"2037-10-31","connection_point":"Sundon GSP","sub_name":"Sundon","gate1_reserved":false,"geom_type":"point","located":true,"geocode_source":"MANUAL","site_name":"Sundon DC","site_status":"manual"}},{"type":"Feature","geometry":{"type":"Point","coordinates":[-4.35651,55.86186]},"properties":{"project":"Clyde South Energy Park","mw":45.0,"tech":"Solar","tech_cat":"solar","date":"2037-10-31","connection_point":"Elvanfoot 275/132/33kV","sub_name":"Elvanfoot","gate1_reserved":false,"geom_type":"point","located":true,"geocode_source":"REPD","site_name":"South Clyde Energy Centre","site_status":"Under Construction"}},{"type":"Feature","geometry":{"type":"Point","coordinates":[-4.35651,55.86186]},"properties":{"project":"Clyde South Energy Park","mw":68.0,"tech":"Onshore Wind","tech_cat":"wind","date":"2037-10-31","connection_point":"Elvanfoot 275/132/33kV","sub_name":"Elvanfoot","gate1_reserved":false,"geom_type":"point","located":true,"geocode_source":"REPD","site_name":"South Clyde Energy Centre","site_status":"Under Construction"}},{"type":"Feature","geometry":{"type":"Point","coordinates":[-4.35651,55.86186]},"properties":{"project":"Clyde South Energy Park","mw":50.0,"tech":"Battery","tech_cat":"battery","date":"2037-10-31","connection_point":"Elvanfoot 275/132/33kV","sub_name":"Elvanfoot","gate1_reserved":false,"geom_type":"point","located":true,"geocode_source":"REPD","site_name":"South Clyde Energy Centre","site_status":"Under Construction"}},{"type":"Feature","geometry":{"type":"Point","coordinates":[-1.6470971355474102,52.767303279837314]},"properties":{"project":"Drakelow Power Station 3 BESS","mw":287.8,"tech":"Battery","tech_cat":"battery","date":"2037-10-30","connection_point":"Drakelow GSP","sub_name":"Drakelow","gate1_reserved":false,"geom_type":"point","located":false,"geocode_source":"substation"}},{"type":"Feature","geometry":{"type":"Point","coordinates":[-2.31991,52.21981]},"properties":{"project":"Land at Leitholm","mw":49.9,"tech":"Solar","tech_cat":"solar","date":"2031-07-31","connection_point":"Eccles 400/132kV","sub_name":"Eccles","gate1_reserved":false,"geom_type":"point","located":true,"geocode_source":"REPD","site_name":"Land at Woodhall Farm","site_status":"Appeal Refused"}},{"type":"Feature","geometry":{"type":"Point","coordinates":[-2.31991,52.21981]},"properties":{"project":"Land at Leitholm","mw":49.9,"tech":"Battery","tech_cat":"battery","date":"2031-07-31","connection_point":"Eccles 400/132kV","sub_name":"Eccles","gate1_reserved":false,"geom_type":"point","located":true,"geocode_source":"REPD","site_name":"Land at Woodhall Farm","site_status":"Appeal Refused"}},{"type":"Feature","geometry":{"type":"Point","coordinates":[-4.88042376169448,55.717043628346495]},"properties":{"project":"Highview Hunterston East Cryobattery","mw":200.0,"tech":"LDES","tech_cat":"battery","date":"2027-10-31","connection_point":"Hunterston East 400kV","sub_name":"Hunterston","gate1_reserved":false,"geom_type":"point","located":false,"geocode_source":"substation"}},{"type":"Feature","geometry":{"type":"Point","coordinates":[-4.88258003020211,55.71810913333292]},"properties":{"project":"Highview Hunterston East Cryobattery","mw":200.0,"tech":"LDES","tech_cat":"battery","date":"2027-10-31","connection_point":"Hunterston East 400kV","sub_name":"Hunterston","gate1_reserved":false,"geom_type":"point","located":false,"geocode_source":"substation"}},{"type":"Feature","geometry":{"type":"Point","coordinates":[-3.29713,56.5321]},"properties":{"project":"Kaimes Energy Park","mw":50.0,"tech":"Battery","tech_cat":"battery","date":"2027-04-30","connection_point":"Kaimes GSP","sub_name":"Kaimes","gate1_reserved":false,"geom_type":"point","located":true,"geocode_source":"REPD","site_name":"Stirling Battery and Solar Energy Park","site_status":"Application Submitted"}},{"type":"Feature","geometry":{"type":"Point","coordinates":[-4.083272656872454,51.01748938626059]},"properties":{"project":"Alverdiscott","mw":53.2,"tech":"Battery","tech_cat":"battery","date":"2037-10-31","connection_point":"Alverdiscott 400kV Substation","sub_name":"Alverdiscott","gate1_reserved":false,"geom_type":"point","located":false,"geocode_source":"substation"}},{"type":"Feature","geometry":{"type":"Point","coordinates":[-4.0830260519677495,51.017890049010994]},"properties":{"project":"Alverdiscott","mw":53.2,"tech":"Battery","tech_cat":"battery","date":"2031-08-31","connection_point":"Alverdiscott 400kV Substation","sub_name":"Alverdiscott","gate1_reserved":false,"geom_type":"point","located":false,"geocode_source":"substation"}},{"type":"Feature","geometry":{"type":"Point","coordinates":[-2.348379290745491,57.23472994917164]},"properties":{"project":"Broomhill Battery Energy Storage","mw":49.9,"tech":"Battery","tech_cat":"battery","date":"2026-11-30","connection_point":"Kintore GSP","sub_name":"Kintore","gate1_reserved":false,"geom_type":"point","located":false,"geocode_source":"substation"}},{"type":"Feature","geometry":{"type":"Point","coordinates":[-1.5181213645333314,52.41660882797256]},"properties":{"project":"Coventry","mw":30.0,"tech":"Solar","tech_cat":"solar","date":"2027-03-31","connection_point":"Coventry 275kV Substation","sub_name":"Coventry","gate1_reserved":false,"geom_type":"point","located":false,"geocode_source":"substation"}},{"type":"Feature","geometry":{"type":"Point","coordinates":[-0.7491652012451145,53.58239006305504]},"properties":{"project":"CRT Keadby 2","mw":277.5,"tech":"Battery","tech_cat":"battery","date":"2039-10-30","connection_point":"Keadby GSP","sub_name":"Keadby","gate1_reserved":false,"geom_type":"point","located":false,"geocode_source":"substation"}},{"type":"Feature","geometry":{"type":"Point","coordinates":[-0.13487715987976384,51.37595692926347]},"properties":{"project":"Beddington 2 BESS","mw":282.7,"tech":"Battery","tech_cat":"battery","date":"2037-10-31","connection_point":"Beddington 132kV Substation","sub_name":"Beddington","gate1_reserved":false,"geom_type":"point","located":false,"geocode_source":"substation"}},{"type":"Feature","geometry":{"type":"Point","coordinates":[-3.82963,55.85833]},"properties":{"project":"Didcot Road 2","mw":300.0,"tech":"Transmission Connected Demand","tech_cat":"demand","date":"2037-10-31","connection_point":"Didcot 132kV Substation","sub_name":"Didcot","gate1_reserved":false,"geom_type":"point","located":true,"geocode_source":"REPD","site_name":"Forrest Road, Salsburgh - 2 Wind Turbines","site_status":"Application Submitted"}},{"type":"Feature","geometry":{"type":"Point","coordinates":[-1.2513072343489313,51.63045629437314]},"properties":{"project":"Didcot Road","mw":300.0,"tech":"Battery","tech_cat":"battery","date":"2027-10-31","connection_point":"Didcot 400kV Substation","sub_name":"Didcot","gate1_reserved":false,"geom_type":"point","located":false,"geocode_source":"substation"}},{"type":"Feature","geometry":{"type":"Point","coordinates":[-3.25427,51.39623]},"properties":{"project":"CEG LP2 (II)  Site 1","mw":300.0,"tech":"Transmission Connected Demand","tech_cat":"demand","date":"2037-10-31","connection_point":"Culham Jet 400kV Substation","sub_name":"Culham","gate1_reserved":false,"geom_type":"point","located":true,"geocode_source":"REPD","site_name":"Port of Barry  - Site 1","site_status":"Operational"}},{"type":"Feature","geometry":{"type":"Point","coordinates":[-2.9680782626549727,55.96517894007392]},"properties":{"project":"Cockenzie BESS","mw":102.0,"tech":"Battery","tech_cat":"battery","date":"2026-07-31","connection_point":"Cockenzie 400/132kV","sub_name":"Cockenzie","gate1_reserved":false,"geom_type":"point","located":false,"geocode_source":"substation"}},{"type":"Feature","geometry":{"type":"Point","coordinates":[-2.1343399581791953,51.3824781743855]},"properties":{"project":"South Brook","mw":40.0,"tech":"Battery","tech_cat":"battery","date":"2037-06-28","connection_point":"Melksham 400kV Substation","sub_name":"Melksham","gate1_reserved":false,"geom_type":"point","located":false,"geocode_source":"substation"}},{"type":"Feature","geometry":{"type":"Point","coordinates":[-1.26765,53.75361]},"properties":{"project":"Monk Fryston","mw":249.9,"tech":"Battery","tech_cat":"battery","date":"2035-10-30","connection_point":"Monk Fryston 275kV Substation","sub_name":"Monk Fryston","gate1_reserved":false,"geom_type":"point","located":true,"geocode_source":"REPD","site_name":"Monk Fryston Battery Storage","site_status":"Under Construction"}},{"type":"Feature","geometry":{"type":"Point","coordinates":[-3.1523402186576126,56.20014454800107]},"properties":{"project":"Glenrothes BESS","mw":46.0,"tech":"Battery","tech_cat":"battery","date":"2025-10-30","connection_point":"Glenrothes 275/33kV","sub_name":"Glenrothes","gate1_reserved":false,"geom_type":"point","located":false,"geocode_source":"substation"}},{"type":"Feature","geometry":{"type":"Point","coordinates":[-1.1383,53.7]},"properties":{"project":"Eggborough CCGT - OCGT - BESS","mw":50.0,"tech":"Battery","tech_cat":"battery","date":"2027-10-01","connection_point":"Eggborough 400kV Substation","sub_name":"Eggborough","gate1_reserved":false,"geom_type":"point","located":true,"geocode_source":"MANUAL","site_name":"Eggborough CCGT - OCGT - BESS","site_status":"manual"}},{"type":"Feature","geometry":{"type":"Point","coordinates":[-1.1383,53.7]},"properties":{"project":"Eggborough CCGT - OCGT - BESS","mw":401.0,"tech":"Unabated Gas","tech_cat":"gas","date":"2027-10-01","connection_point":"Eggborough 400kV Substation","sub_name":"Eggborough","gate1_reserved":false,"geom_type":"point","located":true,"geocode_source":"MANUAL","site_name":"Eggborough CCGT - OCGT - BESS","site_status":"manual"}},{"type":"Feature","geometry":{"type":"Point","coordinates":[-1.1383,53.7]},"properties":{"project":"Eggborough CCGT - OCGT - BESS","mw":299.0,"tech":"Battery","tech_cat":"battery","date":"2026-10-01","connection_point":"Eggborough 400kV Substation","sub_name":"Eggborough","gate1_reserved":false,"geom_type":"point","located":true,"geocode_source":"MANUAL","site_name":"Eggborough CCGT - OCGT - BESS","site_status":"manual"}},{"type":"Feature","geometry":{"type":"Point","coordinates":[-1.1383,53.7]},"properties":{"project":"Eggborough CCGT - OCGT - BESS","mw":1700.0,"tech":"Unabated Gas","tech_cat":"gas","date":"2026-10-01","connection_point":"Eggborough 400kV Substation","sub_name":"Eggborough","gate1_reserved":false,"geom_type":"point","located":true,"geocode_source":"MANUAL","site_name":"Eggborough CCGT - OCGT - BESS","site_status":"manual"}},{"type":"Feature","geometry":{"type":"Point","coordinates":[-2.3487099148990174,57.23233254132702]},"properties":{"project":"Kirkton BESS","mw":40.0,"tech":"Solar","tech_cat":"solar","date":"2035-10-31","connection_point":"Kintore GSP","sub_name":"Kintore","gate1_reserved":false,"geom_type":"point","located":false,"geocode_source":"substation"}},{"type":"Feature","geometry":{"type":"Point","coordinates":[-2.352898594540867,57.2340431089101]},"properties":{"project":"Kirkton BESS","mw":40.0,"tech":"Battery","tech_cat":"battery","date":"2035-10-31","connection_point":"Kintore GSP","sub_name":"Kintore","gate1_reserved":false,"geom_type":"point","located":false,"geocode_source":"substation"}},{"type":"Feature","geometry":{"type":"Point","coordinates":[-1.7664404724989067,53.7663673577308]},"properties":{"project":"THORNTON","mw":26.0,"tech":"Transmission Connected Demand","tech_cat":"demand","date":"2026-05-29","connection_point":"Thornton North (Network Rail) GSP","sub_name":"Thornton","gate1_reserved":false,"geom_type":"point","located":false,"geocode_source":"substation"}},{"type":"Feature","geometry":{"type":"Point","coordinates":[-0.018405373792688477,51.76639678724277]},"properties":{"project":"Rye House (Tertiary)","mw":57.0,"tech":"Transmission Connected Demand","tech_cat":"demand","date":"2037-10-31","connection_point":"Rye House 400kV Substation","sub_name":"Rye House","gate1_reserved":false,"geom_type":"point","located":false,"geocode_source":"substation"}},{"type":"Feature","geometry":{"type":"Point","coordinates":[0.18570778621763107,52.74971251666398]},"properties":{"project":"Strawberry Farm","mw":277.9,"tech":"Battery","tech_cat":"battery","date":"2034-10-31","connection_point":"Walpole GSP (EPN)","sub_name":"Walpole","gate1_reserved":false,"geom_type":"point","located":false,"geocode_source":"substation"}},{"type":"Feature","geometry":{"type":"Point","coordinates":[1.38202,52.8176]},"properties":{"project":"Pembroke BESS and Solar Station","mw":99.9,"tech":"Battery","tech_cat":"battery","date":"2028-10-31","connection_point":"Pembroke 400kV Substation","sub_name":"Pembroke","gate1_reserved":false,"geom_type":"point","located":true,"geocode_source":"REPD","site_name":"Victory Swim and Fitness Centre, Station Road - Solar Panels","site_status":"Awaiting Construction"}},{"type":"Feature","geometry":{"type":"Point","coordinates":[1.38202,52.8176]},"properties":{"project":"Pembroke BESS and Solar Station","mw":40.0,"tech":"Solar","tech_cat":"solar","date":"2028-10-31","connection_point":"Pembroke 400kV Substation","sub_name":"Pembroke","gate1_reserved":false,"geom_type":"point","located":true,"geocode_source":"REPD","site_name":"Victory Swim and Fitness Centre, Station Road - Solar Panels","site_status":"Awaiting Construction"}},{"type":"Feature","geometry":{"type":"Point","coordinates":[-3.4654357939107667,56.167002685891134]},"properties":{"project":"Craighead Wind Farm","mw":49.6,"tech":"Onshore Wind","tech_cat":"wind","date":"2032-10-29","connection_point":"Westfield 132/33kV","sub_name":"Westfield","gate1_reserved":false,"geom_type":"point","located":false,"geocode_source":"substation"}},{"type":"Feature","geometry":{"type":"Point","coordinates":[0.251534249893609,51.451284235316294]},"properties":{"project":"Littlebrook BESS","mw":300.0,"tech":"Battery","tech_cat":"battery","date":"2027-10-15","connection_point":"Littlebrook 400kV Substation","sub_name":"Littlebrook","gate1_reserved":false,"geom_type":"point","located":false,"geocode_source":"substation"}},{"type":"Feature","geometry":{"type":"Point","coordinates":[-0.13629395899281713,53.54956937170414]},"properties":{"project":"North Ray Solar Farm 2","mw":180.0,"tech":"Solar","tech_cat":"solar","date":"2035-10-30","connection_point":"Grimsby West GSP","sub_name":"Grimsby West","gate1_reserved":false,"geom_type":"point","located":false,"geocode_source":"substation"}},{"type":"Feature","geometry":{"type":"Point","coordinates":[-0.13176410015198495,53.549466331689615]},"properties":{"project":"North Ray Solar Farm 2","mw":180.0,"tech":"Solar","tech_cat":"solar","date":"2035-10-30","connection_point":"Grimsby West GSP","sub_name":"Grimsby West","gate1_reserved":false,"geom_type":"point","located":false,"geocode_source":"substation"}},{"type":"Feature","geometry":{"type":"Point","coordinates":[-3.1614,51.476]},"properties":{"project":"IPC Grid Tremorfa","mw":1000.0,"tech":"Battery","tech_cat":"battery","date":"2036-12-06","connection_point":"Imperial Park B 400kV Substation","sub_name":"Imperial Park","gate1_reserved":false,"geom_type":"point","located":true,"geocode_source":"MANUAL","site_name":"IPC Grid Tremorfa","site_status":"manual"}},{"type":"Feature","geometry":{"type":"Point","coordinates":[-0.80656,54.13726]},"properties":{"project":"Norton PV and BESS","mw":40.9,"tech":"Solar","tech_cat":"solar","date":"2027-09-16","connection_point":"Norton 275kV Substation","sub_name":"Norton","gate1_reserved":false,"geom_type":"point","located":true,"geocode_source":"REPD","site_name":"Malton And Norton District Hospital, Hospital Road -  Solar Panels","site_status":"Awaiting Construction"}},{"type":"Feature","geometry":{"type":"Point","coordinates":[-0.80656,54.13726]},"properties":{"project":"Norton PV and BESS","mw":40.9,"tech":"Battery","tech_cat":"battery","date":"2027-09-16","connection_point":"Norton 275kV Substation","sub_name":"Norton","gate1_reserved":false,"geom_type":"point","located":true,"geocode_source":"REPD","site_name":"Malton And Norton District Hospital, Hospital Road -  Solar Panels","site_status":"Awaiting Construction"}},{"type":"Feature","geometry":{"type":"Point","coordinates":[0.7359145460362758,51.36797241262205]},"properties":{"project":"Ouse Energy Storage","mw":250.2,"tech":"Battery","tech_cat":"battery","date":"2028-12-31","connection_point":"Kemsley 400kV Substation","sub_name":"Kemsley","gate1_reserved":false,"geom_type":"point","located":false,"geocode_source":"substation"}},{"type":"Feature","geometry":{"type":"Point","coordinates":[-1.2485645194343986,51.62970847661747]},"properties":{"project":"Didcot BESS 1","mw":750.0,"tech":"Battery","tech_cat":"battery","date":"2037-10-31","connection_point":"Didcot 400kV Substation","sub_name":"Didcot","gate1_reserved":false,"geom_type":"point","located":false,"geocode_source":"substation"}},{"type":"Feature","geometry":{"type":"Point","coordinates":[-1.2494011810024588,51.63016607631504]},"properties":{"project":"Didcot BESS 2","mw":99.9,"tech":"Battery","tech_cat":"battery","date":"2037-10-31","connection_point":"Didcot GSP","sub_name":"Didcot","gate1_reserved":false,"geom_type":"point","located":false,"geocode_source":"substation"}},{"type":"Feature","geometry":{"type":"Point","coordinates":[-3.26212,52.25767]},"properties":{"project":"Willington Energy Park","mw":200.0,"tech":"Battery","tech_cat":"battery","date":"2028-10-31","connection_point":"Willington 400kV Substation","sub_name":"Willington","gate1_reserved":false,"geom_type":"point","located":true,"geocode_source":"REPD","site_name":"Radnor Forest, Llandegley - Nant Mithil Energy Park","site_status":"Application Submitted"}},{"type":"Feature","geometry":{"type":"Point","coordinates":[-3.94311,55.82538]},"properties":{"project":"Willington Energy Park","mw":300.0,"tech":"Solar","tech_cat":"solar","date":"2030-06-30","connection_point":"Willington 400kV Substation","sub_name":"Willington","gate1_reserved":false,"geom_type":"point","located":true,"geocode_source":"REPD","site_name":"Newarthill Energy Park","site_status":"Awaiting Construction"}},{"type":"Feature","geometry":{"type":"Point","coordinates":[-4.484994794662063,53.415693939299565]},"properties":{"project":"Mon Solar Farm","mw":431.2,"tech":"Battery","tech_cat":"battery","date":"2037-10-30","connection_point":"Wylfa South 400kV Substation","sub_name":"Wylfa","gate1_reserved":false,"geom_type":"point","located":false,"geocode_source":"substation"}},{"type":"Feature","geometry":{"type":"Point","coordinates":[-4.486144860187426,53.41646900951377]},"properties":{"project":"Mon Solar Farm","mw":428.4,"tech":"Solar","tech_cat":"solar","date":"2037-10-30","connection_point":"Wylfa South 400kV Substation","sub_name":"Wylfa","gate1_reserved":false,"geom_type":"point","located":false,"geocode_source":"substation"}},{"type":"Feature","geometry":{"type":"Point","coordinates":[-4.482217918314592,53.41611006635731]},"properties":{"project":"Mon Solar Farm","mw":431.2,"tech":"Battery","tech_cat":"battery","date":"2037-10-30","connection_point":"Wylfa South 400kV Substation","sub_name":"Wylfa","gate1_reserved":false,"geom_type":"point","located":false,"geocode_source":"substation"}},{"type":"Feature","geometry":{"type":"Point","coordinates":[-4.48532325079776,53.416355540008894]},"properties":{"project":"Mon Solar Farm","mw":428.4,"tech":"Solar","tech_cat":"solar","date":"2037-10-30","connection_point":"Wylfa South 400kV Substation","sub_name":"Wylfa","gate1_reserved":false,"geom_type":"point","located":false,"geocode_source":"substation"}},{"type":"Feature","geometry":{"type":"Point","coordinates":[-1.27748,51.64014]},"properties":{"project":"Sutton Courtenay Datacentre","mw":99.9,"tech":"Transmission Connected Demand","tech_cat":"demand","date":"2037-10-31","connection_point":"Didcot 132kV Substation","sub_name":"Didcot","gate1_reserved":false,"geom_type":"point","located":true,"geocode_source":"REPD","site_name":"Appleford Sidings, Sutton Courtenay -  Battery Storage","site_status":"Application Submitted"}},{"type":"Feature","geometry":{"type":"Point","coordinates":[-2.935455002107634,51.53318260453723]},"properties":{"project":"Uskmouth","mw":120.0,"tech":"Battery","tech_cat":"battery","date":"2036-12-06","connection_point":"Uskmouth 132kV Substation","sub_name":"Uskmouth","gate1_reserved":false,"geom_type":"point","located":false,"geocode_source":"substation"}},{"type":"Feature","geometry":{"type":"Point","coordinates":[-2.9360375520666775,51.5337401250595]},"properties":{"project":"Uskmouth","mw":230.0,"tech":"Battery","tech_cat":"battery","date":"2025-10-31","connection_point":"Uskmouth 132kV Substation","sub_name":"Uskmouth","gate1_reserved":false,"geom_type":"point","located":false,"geocode_source":"substation"}},{"type":"Feature","geometry":{"type":"Point","coordinates":[-4.8828884658046325,55.71631847292283]},"properties":{"project":"Hunterston Wind Farm","mw":50.0,"tech":"Battery","tech_cat":"battery","date":"2033-04-30","connection_point":"Hunterston 400/132kV","sub_name":"Hunterston","gate1_reserved":false,"geom_type":"point","located":false,"geocode_source":"substation"}},{"type":"Feature","geometry":{"type":"Point","coordinates":[-4.882387675844524,55.71499756736683]},"properties":{"project":"Hunterston Wind Farm","mw":84.0,"tech":"Onshore Wind","tech_cat":"wind","date":"2033-04-30","connection_point":"Hunterston 400/132kV","sub_name":"Hunterston","gate1_reserved":false,"geom_type":"point","located":false,"geocode_source":"substation"}},{"type":"Feature","geometry":{"type":"Point","coordinates":[-0.13353208334129923,53.54868851815403]},"properties":{"project":"Grimsby BESS","mw":500.0,"tech":"Battery","tech_cat":"battery","date":"2035-04-30","connection_point":"Grimsby West 400kV Substation","sub_name":"Grimsby West","gate1_reserved":false,"geom_type":"point","located":false,"geocode_source":"substation"}},{"type":"Feature","geometry":{"type":"Point","coordinates":[-2.3508041580537173,57.23168102468056]},"properties":{"project":"Kintore BESS","mw":49.9,"tech":"Battery","tech_cat":"battery","date":"2031-10-31","connection_point":"Kintore GSP","sub_name":"Kintore","gate1_reserved":false,"geom_type":"point","located":false,"geocode_source":"substation"}},{"type":"Feature","geometry":{"type":"Point","coordinates":[-3.02015,53.46694]},"properties":{"project":"Derwent Solar 2","mw":200.0,"tech":"Solar","tech_cat":"solar","date":"2039-10-31","connection_point":"Osbaldwick GSP","sub_name":"Osbaldwick","gate1_reserved":false,"geom_type":"point","located":true,"geocode_source":"REPD","site_name":"Rubies 2 Building, Royal Seaforth Dock - Solar Panels","site_status":"Awaiting Construction"}},{"type":"Feature","geometry":{"type":"Point","coordinates":[-1.25907,52.86183]},"properties":{"project":"Ratcliffe on Soar (EX)","mw":40.0,"tech":"Transmission Connected Demand","tech_cat":"demand","date":"2028-12-31","connection_point":"Ratcliffe-On-Soar 132kV Substation","sub_name":"Ratcliffe-on-Soar","gate1_reserved":false,"geom_type":"point","located":true,"geocode_source":"REPD","site_name":"Ratcliffe On Soar Power Station - Solar Farm","site_status":"Awaiting Construction"}},{"type":"Feature","geometry":{"type":"Point","coordinates":[-1.64495,52.67503]},"properties":{"project":"Clifton Lane 150MW BSS","mw":150.0,"tech":"Battery","tech_cat":"battery","date":"2037-07-30","connection_point":"Frodsham 132kV","sub_name":"Frodsham","gate1_reserved":false,"geom_type":"point","located":true,"geocode_source":"REPD","site_name":"Highfields Farm, Clifton Lane - Solar Panels","site_status":"Awaiting Construction"}},{"type":"Feature","geometry":{"type":"Point","coordinates":[-2.02969,57.69236]},"properties":{"project":"Lunar Freezing & Cold Storage Co LTD (Lunar Freezing)","mw":0.3,"tech":"Solar","tech_cat":"solar","date":"2025-10-31","connection_point":"PETERHEAD GRANGE","sub_name":"Peterhead","gate1_reserved":false,"geom_type":"point","located":true,"geocode_source":"REPD","site_name":"Lunar Freezing & Cold Storage, Sandhaven Road - Solar panels","site_status":"Awaiting Construction"}},{"type":"Feature","geometry":{"type":"Point","coordinates":[-2.3511517600591993,57.232261977023164]},"properties":{"project":"Cullerlie Solar","mw":8.8,"tech":"Solar","tech_cat":"solar","date":"2021-10-31","connection_point":"KINTORE","sub_name":"Kintore","gate1_reserved":false,"geom_type":"point","located":false,"geocode_source":"substation"}},{"type":"Feature","geometry":{"type":"Point","coordinates":[-2.25007,57.34243]},"properties":{"project":"Mains of Cairnbroggie","mw":8.6,"tech":"Onshore Wind","tech_cat":"wind","date":"2025-01-01","connection_point":"KINTORE","sub_name":"Kintore","gate1_reserved":false,"geom_type":"point","located":true,"geocode_source":"REPD","site_name":"Mains of Cairnbrogie","site_status":"Appeal Refused"}},{"type":"Feature","geometry":{"type":"Point","coordinates":[-1.8673897198634646,50.884240426948416]},"properties":{"project":"Lytchett Solar Farm PV and Battery","mw":12.0,"tech":"Battery","tech_cat":"battery","date":"2026-12-31","connection_point":"MANNINGTON","sub_name":"Mannington","gate1_reserved":false,"geom_type":"point","located":false,"geocode_source":"substation"}},{"type":"Feature","geometry":{"type":"Point","coordinates":[-1.8648060014484835,50.8842072353648]},"properties":{"project":"Lytchett Solar Farm PV and Battery","mw":12.0,"tech":"Solar","tech_cat":"solar","date":"2026-12-31","connection_point":"MANNINGTON","sub_name":"Mannington","gate1_reserved":false,"geom_type":"point","located":false,"geocode_source":"substation"}},{"type":"Feature","geometry":{"type":"Point","coordinates":[-0.9191402103551676,51.915808177514414]},"properties":{"project":"BICESTER - PV","mw":44.0,"tech":"Solar","tech_cat":"solar","date":"2025-11-30","connection_point":"EAST CLAYDON","sub_name":"East Claydon","gate1_reserved":false,"geom_type":"point","located":false,"geocode_source":"substation"}},{"type":"Feature","geometry":{"type":"Point","coordinates":[-1.216470864938133,51.73156977983338]},"properties":{"project":"Noke Solar Farm","mw":19.0,"tech":"Solar","tech_cat":"solar","date":"2021-04-30","connection_point":"COWLEY","sub_name":"Cowley","gate1_reserved":false,"geom_type":"point","located":false,"geocode_source":"substation"}},{"type":"Feature","geometry":{"type":"Point","coordinates":[-1.81864,51.72052]},"properties":{"project":"Welsh Way","mw":11.0,"tech":"Solar","tech_cat":"solar","date":"2026-09-30","connection_point":"MINETY","sub_name":"Minety","gate1_reserved":false,"geom_type":"point","located":true,"geocode_source":"REPD","site_name":"Welsh Way - Solar PV Farm","site_status":"Awaiting Construction"}},{"type":"Feature","geometry":{"type":"Point","coordinates":[-2.17159,51.5088]},"properties":{"project":"Leigh Delamere Solar Farm","mw":40.0,"tech":"Solar","tech_cat":"solar","date":"2025-03-31","connection_point":"MELKSHAM","sub_name":"Melksham","gate1_reserved":false,"geom_type":"point","located":true,"geocode_source":"REPD","site_name":"Leigh Delamere - Solar farm & Battery storage","site_status":"Under Construction"}},{"type":"Feature","geometry":{"type":"Point","coordinates":[-2.43912,50.56886]},"properties":{"project":"Portland Island Energy","mw":15.2,"tech":"Other","tech_cat":"other","date":"2026-06-30","connection_point":"CHICKERELL","sub_name":"Chickerell","gate1_reserved":false,"geom_type":"point","located":true,"geocode_source":"REPD","site_name":"Portland Energy Recovery Facility","site_status":"Awaiting Construction"}},{"type":"Feature","geometry":{"type":"Point","coordinates":[-1.867556143718231,50.88509966818263]},"properties":{"project":"BALE SOLAR FARM","mw":20.4,"tech":"Solar","tech_cat":"solar","date":"2036-12-06","connection_point":"MANNINGTON","sub_name":"Mannington","gate1_reserved":false,"geom_type":"point","located":false,"geocode_source":"substation"}},{"type":"Feature","geometry":{"type":"Point","coordinates":[-1.18112,51.65855]},"properties":{"project":"BURCOT FARM","mw":49.9,"tech":"Solar","tech_cat":"solar","date":"2025-01-31","connection_point":"COWLEY","sub_name":"Cowley","gate1_reserved":false,"geom_type":"point","located":true,"geocode_source":"REPD","site_name":"Burcot Farm Battery Storage","site_status":"Application Withdrawn"}},{"type":"Feature","geometry":{"type":"Point","coordinates":[-1.18112,51.65855]},"properties":{"project":"BURCOT FARM","mw":49.9,"tech":"Battery","tech_cat":"battery","date":"2025-01-31","connection_point":"COWLEY","sub_name":"Cowley","gate1_reserved":false,"geom_type":"point","located":true,"geocode_source":"REPD","site_name":"Burcot Farm Battery Storage","site_status":"Application Withdrawn"}},{"type":"Feature","geometry":{"type":"Point","coordinates":[-1.031693526893296,50.9338405187357]},"properties":{"project":"HERMITAGE PARK","mw":20.0,"tech":"Unabated Gas","tech_cat":"gas","date":"2026-10-31","connection_point":"LOVEDEAN","sub_name":"Lovedean","gate1_reserved":false,"geom_type":"point","located":false,"geocode_source":"substation"}},{"type":"Feature","geometry":{"type":"Point","coordinates":[-2.12606,51.50054]},"properties":{"project":"Red Barn Solar Farm","mw":40.0,"tech":"Solar","tech_cat":"solar","date":"2025-03-31","connection_point":"MELKSHAM","sub_name":"Melksham","gate1_reserved":false,"geom_type":"point","located":true,"geocode_source":"REPD","site_name":"Red Barn - Solar Farm & Battery Storage","site_status":"Awaiting Construction"}},{"type":"Feature","geometry":{"type":"Point","coordinates":[-1.948525992847622,51.61724631675888]},"properties":{"project":"Purton Solar Farm","mw":21.1,"tech":"Solar","tech_cat":"solar","date":"2026-07-29","connection_point":"MINETY","sub_name":"Minety","gate1_reserved":false,"geom_type":"point","located":false,"geocode_source":"substation"}},{"type":"Feature","geometry":{"type":"Point","coordinates":[-2.1350341592375295,51.384918602237775]},"properties":{"project":"WESTLANDS LANE","mw":99.9,"tech":"Battery","tech_cat":"battery","date":"2030-10-31","connection_point":"MELKSHAM","sub_name":"Melksham","gate1_reserved":false,"geom_type":"point","located":false,"geocode_source":"substation"}},{"type":"Feature","geometry":{"type":"Point","coordinates":[-1.2187206320776978,51.73157336806235]},"properties":{"project":"Knightsbridge Farm","mw":40.0,"tech":"Battery","tech_cat":"battery","date":"2027-10-30","connection_point":"COWLEY","sub_name":"Cowley","gate1_reserved":false,"geom_type":"point","located":false,"geocode_source":"substation"}},{"type":"Feature","geometry":{"type":"Point","coordinates":[-3.86212,56.03249]},"properties":{"project":"ADAMS HILL FARM 12MW PV","mw":12.0,"tech":"Solar","tech_cat":"solar","date":"2027-10-29","connection_point":"MELKSHAM","sub_name":"Melksham","gate1_reserved":false,"geom_type":"point","located":true,"geocode_source":"REPD","site_name":"Tod Hill Farm Wind Turbines","site_status":"Operational"}},{"type":"Feature","geometry":{"type":"Point","coordinates":[-1.3323340843638964,50.83195439550955]},"properties":{"project":"Withybed Solar Farm (Barnfields)","mw":15.0,"tech":"Solar","tech_cat":"solar","date":"2024-11-17","connection_point":"FAWLEY","sub_name":"Fawley","gate1_reserved":false,"geom_type":"point","located":false,"geocode_source":"substation"}},{"type":"Feature","geometry":{"type":"Point","coordinates":[1.38225,52.1392]},"properties":{"project":"Park Farm Solar & Battery","mw":20.0,"tech":"Solar","tech_cat":"solar","date":"2025-10-31","connection_point":"MANNINGTON","sub_name":"Mannington","gate1_reserved":false,"geom_type":"point","located":true,"geocode_source":"REPD","site_name":"Park Farm - Solar Panels","site_status":"Awaiting Construction"}},{"type":"Feature","geometry":{"type":"Point","coordinates":[1.38225,52.1392]},"properties":{"project":"Park Farm Solar & Battery","mw":20.0,"tech":"Battery","tech_cat":"battery","date":"2025-10-31","connection_point":"MANNINGTON","sub_name":"Mannington","gate1_reserved":false,"geom_type":"point","located":true,"geocode_source":"REPD","site_name":"Park Farm - Solar Panels","site_status":"Awaiting Construction"}},{"type":"Feature","geometry":{"type":"Point","coordinates":[-1.9516352005846989,51.61693029049495]},"properties":{"project":"The Common - Battery (Malmesbury BESS)","mw":49.9,"tech":"Battery","tech_cat":"battery","date":"2022-03-31","connection_point":"MINETY","sub_name":"Minety","gate1_reserved":false,"geom_type":"point","located":false,"geocode_source":"substation"}},{"type":"Feature","geometry":{"type":"Point","coordinates":[0.53509,51.06952]},"properties":{"project":"Cruxton Farm PV","mw":10.0,"tech":"Solar","tech_cat":"solar","date":"2026-12-31","connection_point":"CHICKERELL","sub_name":"Chickerell","gate1_reserved":false,"geom_type":"point","located":true,"geocode_source":"REPD","site_name":"Netters Farm, Attwaters Lane - Solar Pv Array","site_status":"Revised"}},{"type":"Feature","geometry":{"type":"Point","coordinates":[-1.215148574597764,51.734018073896486]},"properties":{"project":"Tilbury Farm","mw":49.9,"tech":"Solar","tech_cat":"solar","date":"2024-02-28","connection_point":"COWLEY","sub_name":"Cowley","gate1_reserved":false,"geom_type":"point","located":false,"geocode_source":"substation"}},{"type":"Feature","geometry":{"type":"Point","coordinates":[-2.1326813708942187,51.382104040916126]},"properties":{"project":"Sandridge BESS Project","mw":49.9,"tech":"Battery","tech_cat":"battery","date":"2025-10-31","connection_point":"MELKSHAM","sub_name":"Melksham","gate1_reserved":false,"geom_type":"point","located":false,"geocode_source":"substation"}},{"type":"Feature","geometry":{"type":"Point","coordinates":[-1.868899520239756,50.884192532347036]},"properties":{"project":"HARDY SOLAR FARM","mw":32.0,"tech":"Solar","tech_cat":"solar","date":"2026-04-14","connection_point":"MANNINGTON","sub_name":"Mannington","gate1_reserved":false,"geom_type":"point","located":false,"geocode_source":"substation"}},{"type":"Feature","geometry":{"type":"Point","coordinates":[-2.130619379821103,51.38444948422752]},"properties":{"project":"Monkley Lane (Trowbridge)","mw":49.9,"tech":"Solar","tech_cat":"solar","date":"2027-10-29","connection_point":"MELKSHAM","sub_name":"Melksham","gate1_reserved":false,"geom_type":"point","located":false,"geocode_source":"substation"}},{"type":"Feature","geometry":{"type":"Point","coordinates":[-2.1360359998899914,51.38188915549877]},"properties":{"project":"Monkley Lane (Trowbridge)","mw":49.9,"tech":"Battery","tech_cat":"battery","date":"2027-10-29","connection_point":"MELKSHAM","sub_name":"Melksham","gate1_reserved":false,"geom_type":"point","located":false,"geocode_source":"substation"}},{"type":"Feature","geometry":{"type":"Point","coordinates":[-1.2156691156005535,51.73262304607982]},"properties":{"project":"Lewknor Solar Farm","mw":50.0,"tech":"Solar","tech_cat":"solar","date":"2028-06-23","connection_point":"COWLEY","sub_name":"Cowley","gate1_reserved":false,"geom_type":"point","located":false,"geocode_source":"substation"}},{"type":"Feature","geometry":{"type":"Point","coordinates":[-1.8672897017688284,50.88494942221754]},"properties":{"project":"Dogdean Solar Farm","mw":10.0,"tech":"Solar","tech_cat":"solar","date":"2036-12-31","connection_point":"MANNINGTON","sub_name":"Mannington","gate1_reserved":false,"geom_type":"point","located":false,"geocode_source":"substation"}},{"type":"Feature","geometry":{"type":"Point","coordinates":[-1.8691194133804565,50.884074052938175]},"properties":{"project":"Dogdean Solar Farm","mw":10.0,"tech":"Solar","tech_cat":"solar","date":"2037-12-31","connection_point":"MANNINGTON","sub_name":"Mannington","gate1_reserved":false,"geom_type":"point","located":false,"geocode_source":"substation"}},{"type":"Feature","geometry":{"type":"Point","coordinates":[-1.8659739401009867,50.88398621189736]},"properties":{"project":"Lytchett Solar Farm PV and Battery","mw":32.0,"tech":"Battery","tech_cat":"battery","date":"2036-12-06","connection_point":"MANNINGTON","sub_name":"Mannington","gate1_reserved":false,"geom_type":"point","located":false,"geocode_source":"substation"}},{"type":"Feature","geometry":{"type":"Point","coordinates":[-1.4651429622668766,50.948566844699606]},"properties":{"project":"Wherwell Solar Farm","mw":38.0,"tech":"Solar","tech_cat":"solar","date":"2024-03-31","connection_point":"NURSLING","sub_name":"Nursling","gate1_reserved":false,"geom_type":"point","located":false,"geocode_source":"substation"}},{"type":"Feature","geometry":{"type":"Point","coordinates":[1.0723,51.31403]},"properties":{"project":"Parley Court Farm","mw":40.0,"tech":"Solar","tech_cat":"solar","date":"2036-12-06","connection_point":"MANNINGTON","sub_name":"Mannington","gate1_reserved":false,"geom_type":"point","located":true,"geocode_source":"REPD","site_name":"Britton Court Farm, Hackington Road - Solar Farm","site_status":"Awaiting Construction"}},{"type":"Feature","geometry":{"type":"Point","coordinates":[-1.49919,54.90922]},"properties":{"project":"Northacre Renewable Energy","mw":26.5,"tech":"Other","tech_cat":"other","date":"2026-10-23","connection_point":"MELKSHAM","sub_name":"Melksham","gate1_reserved":false,"geom_type":"point","located":true,"geocode_source":"REPD","site_name":"Sunderland Renewable Energy Centre (Hillthorn Farm)","site_status":"Appeal Withdrawn"}},{"type":"Feature","geometry":{"type":"Point","coordinates":[-2.90865,53.52503]},"properties":{"project":"Gerard Hall Battery Site","mw":52.6,"tech":"Battery","tech_cat":"battery","date":"2023-04-30","connection_point":"NURSLING","sub_name":"Nursling","gate1_reserved":false,"geom_type":"point","located":true,"geocode_source":"REPD","site_name":"Gerard Hall Solar Farm","site_status":"Appeal Refused"}},{"type":"Feature","geometry":{"type":"Point","coordinates":[-1.45719,53.56617]},"properties":{"project":"Monk Sherborne Solar","mw":28.0,"tech":"Solar","tech_cat":"solar","date":"2028-10-31","connection_point":"BRAMLEY","sub_name":"Bramley","gate1_reserved":false,"geom_type":"point","located":true,"geocode_source":"REPD","site_name":"Monk Bretton Service Reservoir - Solar Array","site_status":"Awaiting Construction"}},{"type":"Feature","geometry":{"type":"Point","coordinates":[-4.47633,55.85457]},"properties":{"project":"Tar Farm Cottage","mw":33.6,"tech":"Solar","tech_cat":"solar","date":"2028-06-23","connection_point":"COWLEY","sub_name":"Cowley","gate1_reserved":false,"geom_type":"point","located":true,"geocode_source":"REPD","site_name":"Middleton Farm Cottage, Middleton Road - Solar Photovoltaic Array","site_status":"Awaiting Construction"}},{"type":"Feature","geometry":{"type":"Point","coordinates":[-2.42792,52.74544]},"properties":{"project":"Grange Farm","mw":24.0,"tech":"Solar","tech_cat":"solar","date":"2025-07-31","connection_point":"COWLEY","sub_name":"Cowley","gate1_reserved":false,"geom_type":"point","located":true,"geocode_source":"REPD","site_name":"Twitch Hill, Cheswell Grange Farm - Solar Farm & Battery Storage","site_status":"Under Construction"}},{"type":"Feature","geometry":{"type":"Point","coordinates":[-1.4661262178312373,50.95126105566072]},"properties":{"project":"North Baddesley BESS","mw":57.0,"tech":"Battery","tech_cat":"battery","date":"2036-12-31","connection_point":"NURSLING","sub_name":"Nursling","gate1_reserved":false,"geom_type":"point","located":false,"geocode_source":"substation"}},{"type":"Feature","geometry":{"type":"Point","coordinates":[-1.0639121152061595,51.33193579823424]},"properties":{"project":"Boscombe Down Solar Farm","mw":40.0,"tech":"Solar","tech_cat":"solar","date":"2037-10-31","connection_point":"BRAMLEY","sub_name":"Bramley","gate1_reserved":false,"geom_type":"point","located":false,"geocode_source":"substation"}},{"type":"Feature","geometry":{"type":"Point","coordinates":[-1.0675804035800338,51.3343174872469]},"properties":{"project":"Boscombe Down Solar Farm","mw":10.0,"tech":"Battery","tech_cat":"battery","date":"2037-10-31","connection_point":"BRAMLEY","sub_name":"Bramley","gate1_reserved":false,"geom_type":"point","located":false,"geocode_source":"substation"}},{"type":"Feature","geometry":{"type":"Point","coordinates":[-0.96194,51.32773]},"properties":{"project":"Kiln Fields","mw":15.0,"tech":"Solar","tech_cat":"solar","date":"2028-10-31","connection_point":"BRAMLEY","sub_name":"Bramley","gate1_reserved":false,"geom_type":"point","located":true,"geocode_source":"REPD","site_name":"Kiln Fields Solar Farm","site_status":"Under Construction"}},{"type":"Feature","geometry":{"type":"Point","coordinates":[-2.16978,50.81821]},"properties":{"project":"FERRY FARM 3 NORTH","mw":11.5,"tech":"Solar","tech_cat":"solar","date":"2037-10-30","connection_point":"LOVEDEAN","sub_name":"Lovedean","gate1_reserved":false,"geom_type":"point","located":true,"geocode_source":"REPD","site_name":"North Farm (Spetisbury)","site_status":"Operational"}},{"type":"Feature","geometry":{"type":"Point","coordinates":[-1.8674385376241824,50.883042160847644]},"properties":{"project":"Eco Parley","mw":8.0,"tech":"Other","tech_cat":"other","date":"2024-10-31","connection_point":"MANNINGTON","sub_name":"Mannington","gate1_reserved":false,"geom_type":"point","located":false,"geocode_source":"substation"}},{"type":"Feature","geometry":{"type":"Point","coordinates":[-1.217622891507734,51.73332145884284]},"properties":{"project":"DRAYTON","mw":49.9,"tech":"Solar","tech_cat":"solar","date":"2028-06-23","connection_point":"COWLEY","sub_name":"Cowley","gate1_reserved":false,"geom_type":"point","located":false,"geocode_source":"substation"}},{"type":"Feature","geometry":{"type":"Point","coordinates":[-1.214826354674946,51.7345584722572]},"properties":{"project":"DRAYTON","mw":19.0,"tech":"Battery","tech_cat":"battery","date":"2028-06-23","connection_point":"COWLEY","sub_name":"Cowley","gate1_reserved":false,"geom_type":"point","located":false,"geocode_source":"substation"}},{"type":"Feature","geometry":{"type":"Point","coordinates":[-1.947328420682445,51.61527993993432]},"properties":{"project":"Stonehill Battery Storage","mw":50.0,"tech":"Battery","tech_cat":"battery","date":"2037-06-22","connection_point":"MINETY","sub_name":"Minety","gate1_reserved":false,"geom_type":"point","located":false,"geocode_source":"substation"}},{"type":"Feature","geometry":{"type":"Point","coordinates":[-3.02553,53.46664]},"properties":{"project":"Fareham 3 Solar","mw":24.0,"tech":"Solar","tech_cat":"solar","date":"2037-10-30","connection_point":"LOVEDEAN","sub_name":"Lovedean","gate1_reserved":false,"geom_type":"point","located":true,"geocode_source":"REPD","site_name":"Rubies 3 Building, Royal Seaforth Dock - Solar Panels","site_status":"Application Submitted"}},{"type":"Feature","geometry":{"type":"Point","coordinates":[-1.0648060063818061,51.33378810638197]},"properties":{"project":"Englefield Estate Solar Farm","mw":74.9,"tech":"Solar","tech_cat":"solar","date":"2028-10-31","connection_point":"BRAMLEY","sub_name":"Bramley","gate1_reserved":false,"geom_type":"point","located":false,"geocode_source":"substation"}},{"type":"Feature","geometry":{"type":"Point","coordinates":[-1.3336677233578837,50.83404631111734]},"properties":{"project":"Briddlesford Lodge","mw":18.0,"tech":"Solar","tech_cat":"solar","date":"2027-05-01","connection_point":"FAWLEY","sub_name":"Fawley","gate1_reserved":false,"geom_type":"point","located":false,"geocode_source":"substation"}},{"type":"Feature","geometry":{"type":"Point","coordinates":[-1.3306467991227795,50.83414166309445]},"properties":{"project":"Briddlesford Lodge","mw":28.5,"tech":"Battery","tech_cat":"battery","date":"2027-05-01","connection_point":"FAWLEY","sub_name":"Fawley","gate1_reserved":false,"geom_type":"point","located":false,"geocode_source":"substation"}},{"type":"Feature","geometry":{"type":"Point","coordinates":[-2.131522233450724,51.38247229662699]},"properties":{"project":"Ganbrook Solar Farm","mw":14.0,"tech":"Solar","tech_cat":"solar","date":"2037-11-15","connection_point":"MELKSHAM","sub_name":"Melksham","gate1_reserved":false,"geom_type":"point","located":false,"geocode_source":"substation"}},{"type":"Feature","geometry":{"type":"Point","coordinates":[-2.133395190330753,51.38343742246321]},"properties":{"project":"Ganbrook Solar Farm","mw":21.9,"tech":"Battery","tech_cat":"battery","date":"2037-11-15","connection_point":"MELKSHAM","sub_name":"Melksham","gate1_reserved":false,"geom_type":"point","located":false,"geocode_source":"substation"}},{"type":"Feature","geometry":{"type":"Point","coordinates":[-1.94866054359999,51.61646806817482]},"properties":{"project":"Highworth Solar Farm","mw":39.6,"tech":"Solar","tech_cat":"solar","date":"2037-06-22","connection_point":"MINETY","sub_name":"Minety","gate1_reserved":false,"geom_type":"point","located":false,"geocode_source":"substation"}},{"type":"Feature","geometry":{"type":"Point","coordinates":[-1.9479608182362655,51.615866223936976]},"properties":{"project":"Highworth Solar Farm","mw":21.9,"tech":"Battery","tech_cat":"battery","date":"2037-06-22","connection_point":"MINETY","sub_name":"Minety","gate1_reserved":false,"geom_type":"point","located":false,"geocode_source":"substation"}},{"type":"Feature","geometry":{"type":"Point","coordinates":[-2.1988,51.01635]},"properties":{"project":"Motcombe Solar","mw":12.0,"tech":"Solar","tech_cat":"solar","date":"2036-12-06","connection_point":"MANNINGTON","sub_name":"Mannington","gate1_reserved":false,"geom_type":"point","located":true,"geocode_source":"REPD","site_name":"Motcombe Road, Motcombe - Solar Pv Arrays","site_status":"Application Submitted"}},{"type":"Feature","geometry":{"type":"Point","coordinates":[-1.8690585495469376,50.88449063166801]},"properties":{"project":"South Bockhampton Solar Farm","mw":48.0,"tech":"Solar","tech_cat":"solar","date":"2036-12-06","connection_point":"MANNINGTON","sub_name":"Mannington","gate1_reserved":false,"geom_type":"point","located":false,"geocode_source":"substation"}},{"type":"Feature","geometry":{"type":"Point","coordinates":[-1.8681615449873932,50.88467387226241]},"properties":{"project":"Bournemouth001","mw":49.4,"tech":"Solar","tech_cat":"solar","date":"2036-12-06","connection_point":"MANNINGTON","sub_name":"Mannington","gate1_reserved":false,"geom_type":"point","located":false,"geocode_source":"substation"}},{"type":"Feature","geometry":{"type":"Point","coordinates":[-1.8660704344715204,50.88317295047977]},"properties":{"project":"Bournemouth001","mw":49.4,"tech":"Battery","tech_cat":"battery","date":"2036-12-06","connection_point":"MANNINGTON","sub_name":"Mannington","gate1_reserved":false,"geom_type":"point","located":false,"geocode_source":"substation"}},{"type":"Feature","geometry":{"type":"Point","coordinates":[-4.83632,50.33713]},"properties":{"project":"MANOR FARM PV EXTENSION","mw":3.5,"tech":"Solar","tech_cat":"solar","date":"2037-10-30","connection_point":"LOVEDEAN","sub_name":"Lovedean","gate1_reserved":false,"geom_type":"point","located":true,"geocode_source":"REPD","site_name":"Manor Farm","site_status":"Operational"}},{"type":"Feature","geometry":{"type":"Point","coordinates":[-0.52031,52.07877]},"properties":{"project":"FIELD SITE","mw":20.0,"tech":"Battery","tech_cat":"battery","date":"2024-04-30","connection_point":"BRAMLEY","sub_name":"Bramley","gate1_reserved":false,"geom_type":"point","located":true,"geocode_source":"REPD","site_name":"L'Field Stewartby Landfill Site","site_status":"Operational"}},{"type":"Feature","geometry":{"type":"Point","coordinates":[-1.47178,50.94922]},"properties":{"project":"Upton Lane Battery","mw":50.0,"tech":"Battery","tech_cat":"battery","date":"2031-10-31","connection_point":"NURSLING","sub_name":"Nursling","gate1_reserved":false,"geom_type":"point","located":true,"geocode_source":"REPD","site_name":"Upton Lane, Nursling - Battery Storage Facility","site_status":"Awaiting Construction"}},{"type":"Feature","geometry":{"type":"Point","coordinates":[-0.95617,51.29957]},"properties":{"project":"Rowe Hill Farm","mw":100.0,"tech":"Other","tech_cat":"other","date":"2026-12-01","connection_point":"COWLEY","sub_name":"Cowley","gate1_reserved":false,"geom_type":"point","located":true,"geocode_source":"REPD","site_name":"Bunkers Hill Farm - Solar farm & Battery stations","site_status":"Under Construction"}},{"type":"Feature","geometry":{"type":"Point","coordinates":[-2.136018570740971,51.38286436149486]},"properties":{"project":"Potterne Solar Project","mw":49.9,"tech":"Solar","tech_cat":"solar","date":"2037-11-15","connection_point":"MELKSHAM","sub_name":"Melksham","gate1_reserved":false,"geom_type":"point","located":false,"geocode_source":"substation"}},{"type":"Feature","geometry":{"type":"Point","coordinates":[-1.11219,51.32798]},"properties":{"project":"Berry Court Energy Storage","mw":42.0,"tech":"Battery","tech_cat":"battery","date":"2037-10-31","connection_point":"BRAMLEY","sub_name":"Bramley","gate1_reserved":false,"geom_type":"point","located":true,"geocode_source":"REPD","site_name":"Berry Court Farm","site_status":"Operational"}},{"type":"Feature","geometry":{"type":"Point","coordinates":[-2.07678,51.44291]},"properties":{"project":"Forest Gate Solar Farm","mw":6.0,"tech":"Battery","tech_cat":"battery","date":"2025-11-30","connection_point":"MELKSHAM","sub_name":"Melksham","gate1_reserved":false,"geom_type":"point","located":true,"geocode_source":"REPD","site_name":"Forest Gate - Solar Farm & Battery Storage","site_status":"Awaiting Construction"}},{"type":"Feature","geometry":{"type":"Point","coordinates":[-2.17159,51.5088]},"properties":{"project":"Leigh Delamere Solar Farm","mw":6.0,"tech":"Battery","tech_cat":"battery","date":"2025-11-30","connection_point":"MELKSHAM","sub_name":"Melksham","gate1_reserved":false,"geom_type":"point","located":true,"geocode_source":"REPD","site_name":"Leigh Delamere - Solar farm & Battery storage","site_status":"Under Construction"}},{"type":"Feature","geometry":{"type":"Point","coordinates":[-2.12606,51.50054]},"properties":{"project":"Red Barn Solar Farm","mw":6.0,"tech":"Battery","tech_cat":"battery","date":"2025-11-30","connection_point":"MELKSHAM","sub_name":"Melksham","gate1_reserved":false,"geom_type":"point","located":true,"geocode_source":"REPD","site_name":"Red Barn - Solar Farm & Battery Storage","site_status":"Awaiting Construction"}},{"type":"Feature","geometry":{"type":"Point","coordinates":[-2.00675,51.32449]},"properties":{"project":"Blounts Court Farm","mw":21.0,"tech":"Solar","tech_cat":"solar","date":"2037-11-15","connection_point":"MELKSHAM","sub_name":"Melksham","gate1_reserved":false,"geom_type":"point","located":true,"geocode_source":"REPD","site_name":"Blounts Court Farm, Potterne - Solar Panels","site_status":"Application Refused"}},{"type":"Feature","geometry":{"type":"Point","coordinates":[-0.5118407268996542,51.52126343021073]},"properties":{"project":"Harefield Solar","mw":30.0,"tech":"Solar","tech_cat":"solar","date":"2037-10-30","connection_point":"IVER 132KV","sub_name":"Iver","gate1_reserved":false,"geom_type":"point","located":false,"geocode_source":"substation"}},{"type":"Feature","geometry":{"type":"Point","coordinates":[-1.0315987075231288,50.93226363146065]},"properties":{"project":"Bedhampton BESS","mw":57.0,"tech":"Battery","tech_cat":"battery","date":"2037-10-30","connection_point":"LOVEDEAN","sub_name":"Lovedean","gate1_reserved":false,"geom_type":"point","located":false,"geocode_source":"substation"}},{"type":"Feature","geometry":{"type":"Point","coordinates":[-1.8645298499899219,50.88272521983539]},"properties":{"project":"AVON TYRRELL SOLAR FARM","mw":40.0,"tech":"Solar","tech_cat":"solar","date":"2036-12-06","connection_point":"MANNINGTON","sub_name":"Mannington","gate1_reserved":false,"geom_type":"point","located":false,"geocode_source":"substation"}},{"type":"Feature","geometry":{"type":"Point","coordinates":[-1.61162,51.19872]},"properties":{"project":"Lains Farm","mw":18.0,"tech":"Solar","tech_cat":"solar","date":"2027-10-31","connection_point":"MELKSHAM","sub_name":"Melksham","gate1_reserved":false,"geom_type":"point","located":true,"geocode_source":"REPD","site_name":"Lains Farm","site_status":"Operational"}},{"type":"Feature","geometry":{"type":"Point","coordinates":[-4.45041,55.93198]},"properties":{"project":"Mount Pleasant Solar Energy Hub","mw":35.0,"tech":"Solar","tech_cat":"solar","date":"2037-06-22","connection_point":"MINETY","sub_name":"Minety","gate1_reserved":false,"geom_type":"point","located":true,"geocode_source":"REPD","site_name":"Old Kilpatrick Service Reservoir, Mount Pleasant Road - Solar Panels","site_status":"Awaiting Construction"}},{"type":"Feature","geometry":{"type":"Point","coordinates":[-2.30329,51.23043]},"properties":{"project":"Frome Power","mw":35.1,"tech":"Battery","tech_cat":"battery","date":"2037-11-15","connection_point":"MELKSHAM","sub_name":"Melksham","gate1_reserved":false,"geom_type":"point","located":true,"geocode_source":"REPD","site_name":"Frome Power, Styles Close - Energy Storage Facility","site_status":"Application Submitted"}},{"type":"Feature","geometry":{"type":"Point","coordinates":[-2.1429,55.03533]},"properties":{"project":"HALFWAY HOUSE BESS","mw":99.9,"tech":"Battery","tech_cat":"battery","date":"2037-11-15","connection_point":"MELKSHAM","sub_name":"Melksham","gate1_reserved":false,"geom_type":"point","located":true,"geocode_source":"REPD","site_name":"Halfway House, Lincoln Hill -  Energy Storage","site_status":"Awaiting Construction"}},{"type":"Feature","geometry":{"type":"Point","coordinates":[-1.15257,51.41559]},"properties":{"project":"Bath Road BESS","mw":99.9,"tech":"Battery","tech_cat":"battery","date":"2036-12-06","connection_point":"MANNINGTON","sub_name":"Mannington","gate1_reserved":false,"geom_type":"point","located":true,"geocode_source":"REPD","site_name":"Bath Road, Grange Lane - Battery Storage","site_status":"Awaiting Construction"}},{"type":"Feature","geometry":{"type":"Point","coordinates":[-3.43358,51.41072]},"properties":{"project":"Duns Tew Solar PV","mw":6.0,"tech":"Solar","tech_cat":"solar","date":"2025-12-30","connection_point":"COWLEY","sub_name":"Cowley","gate1_reserved":false,"geom_type":"point","located":true,"geocode_source":"REPD","site_name":"Aston Martin Lagonda, Llanmaes - Solar Pv Panels","site_status":"Awaiting Construction"}},{"type":"Feature","geometry":{"type":"Point","coordinates":[-1.59794,51.24336]},"properties":{"project":"South Park","mw":14.3,"tech":"Solar","tech_cat":"solar","date":"2027-10-29","connection_point":"MELKSHAM","sub_name":"Melksham","gate1_reserved":false,"geom_type":"point","located":true,"geocode_source":"REPD","site_name":"South Park Solar Farm","site_status":"Awaiting Construction"}},{"type":"Feature","geometry":{"type":"Point","coordinates":[-1.59794,51.24336]},"properties":{"project":"South Park","mw":14.3,"tech":"Battery","tech_cat":"battery","date":"2027-10-29","connection_point":"MELKSHAM","sub_name":"Melksham","gate1_reserved":false,"geom_type":"point","located":true,"geocode_source":"REPD","site_name":"South Park Solar Farm","site_status":"Awaiting Construction"}},{"type":"Feature","geometry":{"type":"Point","coordinates":[-2.79481,55.4374]},"properties":{"project":"Charlton Park Solar","mw":31.6,"tech":"Solar","tech_cat":"solar","date":"2028-10-31","connection_point":"MINETY","sub_name":"Minety","gate1_reserved":false,"geom_type":"point","located":true,"geocode_source":"REPD","site_name":"Stirches Renewable Energy Park - Solar Panels & Battery Energy Storage","site_status":"Application Submitted"}},{"type":"Feature","geometry":{"type":"Point","coordinates":[-1.9512971622678754,51.6174242615012]},"properties":{"project":"SW Mannington Ltd","mw":5.0,"tech":"Battery","tech_cat":"battery","date":"2028-10-31","connection_point":"MINETY","sub_name":"Minety","gate1_reserved":false,"geom_type":"point","located":false,"geocode_source":"substation"}},{"type":"Feature","geometry":{"type":"Point","coordinates":[-1.9474021983210281,51.61493654401198]},"properties":{"project":"Stonehill Battery Storage","mw":49.9,"tech":"Battery","tech_cat":"battery","date":"2028-10-31","connection_point":"MINETY","sub_name":"Minety","gate1_reserved":false,"geom_type":"point","located":false,"geocode_source":"substation"}},{"type":"Feature","geometry":{"type":"Point","coordinates":[-1.0654319417749842,51.33180820666305]},"properties":{"project":"Kimpton Down","mw":13.2,"tech":"Battery","tech_cat":"battery","date":"2025-11-30","connection_point":"BRAMLEY","sub_name":"Bramley","gate1_reserved":false,"geom_type":"point","located":false,"geocode_source":"substation"}},{"type":"Feature","geometry":{"type":"Point","coordinates":[-1.0652124693313092,51.33325888024866]},"properties":{"project":"Kimpton Down","mw":45.0,"tech":"Solar","tech_cat":"solar","date":"2025-11-30","connection_point":"BRAMLEY","sub_name":"Bramley","gate1_reserved":false,"geom_type":"point","located":false,"geocode_source":"substation"}},{"type":"Feature","geometry":{"type":"Point","coordinates":[-1.0658593154404064,51.33398619362201]},"properties":{"project":"James Solar Farm","mw":12.5,"tech":"Solar","tech_cat":"solar","date":"2037-10-31","connection_point":"BRAMLEY","sub_name":"Bramley","gate1_reserved":false,"geom_type":"point","located":false,"geocode_source":"substation"}},{"type":"Feature","geometry":{"type":"Point","coordinates":[-1.465026093483454,50.949966956806286]},"properties":{"project":"Nursling2 50MW BESS","mw":50.0,"tech":"Battery","tech_cat":"battery","date":"2037-10-31","connection_point":"NURSLING","sub_name":"Nursling","gate1_reserved":false,"geom_type":"point","located":false,"geocode_source":"substation"}},{"type":"Feature","geometry":{"type":"Point","coordinates":[-2.1349058983158824,51.381834992062]},"properties":{"project":"Noventum Power","mw":10.0,"tech":"Solar","tech_cat":"solar","date":"2037-11-15","connection_point":"MELKSHAM","sub_name":"Melksham","gate1_reserved":false,"geom_type":"point","located":false,"geocode_source":"substation"}},{"type":"Feature","geometry":{"type":"Point","coordinates":[-2.17159,51.5088]},"properties":{"project":"Leigh Delamere Solar Farm","mw":40.0,"tech":"Battery","tech_cat":"battery","date":"2037-11-15","connection_point":"MELKSHAM","sub_name":"Melksham","gate1_reserved":false,"geom_type":"point","located":true,"geocode_source":"REPD","site_name":"Leigh Delamere - Solar farm & Battery storage","site_status":"Under Construction"}},{"type":"Feature","geometry":{"type":"Point","coordinates":[-1.9511235892602332,51.61739043375906]},"properties":{"project":"UK004-S Kemble","mw":49.9,"tech":"Solar","tech_cat":"solar","date":"2025-10-22","connection_point":"MINETY","sub_name":"Minety","gate1_reserved":false,"geom_type":"point","located":false,"geocode_source":"substation"}},{"type":"Feature","geometry":{"type":"Point","coordinates":[-1.950155031798326,51.6169936001072]},"properties":{"project":"UK118-S Furzen Leaze","mw":25.0,"tech":"Solar","tech_cat":"solar","date":"2026-11-30","connection_point":"MINETY","sub_name":"Minety","gate1_reserved":false,"geom_type":"point","located":false,"geocode_source":"substation"}},{"type":"Feature","geometry":{"type":"Point","coordinates":[-2.07678,51.44291]},"properties":{"project":"Forest Gate Solar Farm","mw":34.0,"tech":"Battery","tech_cat":"battery","date":"2037-11-15","connection_point":"MELKSHAM","sub_name":"Melksham","gate1_reserved":false,"geom_type":"point","located":true,"geocode_source":"REPD","site_name":"Forest Gate - Solar Farm & Battery Storage","site_status":"Awaiting Construction"}},{"type":"Feature","geometry":{"type":"Point","coordinates":[-1.0671292429726793,51.33341131895212]},"properties":{"project":"Aldermaston Road (Horton Solar)","mw":10.5,"tech":"Battery","tech_cat":"battery","date":"2037-10-31","connection_point":"BRAMLEY","sub_name":"Bramley","gate1_reserved":false,"geom_type":"point","located":false,"geocode_source":"substation"}},{"type":"Feature","geometry":{"type":"Point","coordinates":[-1.0676749713271554,51.33418536757217]},"properties":{"project":"Aldermaston Road (Horton Solar)","mw":31.6,"tech":"Solar","tech_cat":"solar","date":"2037-10-31","connection_point":"BRAMLEY","sub_name":"Bramley","gate1_reserved":false,"geom_type":"point","located":false,"geocode_source":"substation"}},{"type":"Feature","geometry":{"type":"Point","coordinates":[-2.28998,51.25288]},"properties":{"project":"ST GEORGES CROSS","mw":60.0,"tech":"Battery","tech_cat":"battery","date":"2037-11-15","connection_point":"MELKSHAM","sub_name":"Melksham","gate1_reserved":false,"geom_type":"point","located":true,"geocode_source":"REPD","site_name":"St Georges Cross Farm, Berkley Lane - Battery Energy Storage","site_status":"Application Submitted"}},{"type":"Feature","geometry":{"type":"Point","coordinates":[-1.07122,51.34479]},"properties":{"project":"Withy Place","mw":50.0,"tech":"Battery","tech_cat":"battery","date":"2037-10-31","connection_point":"BRAMLEY","sub_name":"Bramley","gate1_reserved":false,"geom_type":"point","located":true,"geocode_source":"REPD","site_name":"Withy Place, Bramley Road - Battery Energy Storage","site_status":"Awaiting Construction"}},{"type":"Feature","geometry":{"type":"Point","coordinates":[-3.16194,51.01401]},"properties":{"project":"MANOR FARM PV","mw":17.5,"tech":"Solar","tech_cat":"solar","date":"2025-03-21","connection_point":"LOVEDEAN","sub_name":"Lovedean","gate1_reserved":false,"geom_type":"point","located":true,"geocode_source":"REPD","site_name":"Hele Manor Farm, Bradford On Tone - Battery Storage System","site_status":"Awaiting Construction"}},{"type":"Feature","geometry":{"type":"Point","coordinates":[-0.6453,52.36319]},"properties":{"project":"Bilsham Power Generation Plant","mw":7.2,"tech":"Unabated Gas","tech_cat":"gas","date":"2025-07-20","connection_point":"LOVEDEAN","sub_name":"Lovedean","gate1_reserved":false,"geom_type":"point","located":true,"geocode_source":"REPD","site_name":"Wold Road (land south of) Peak Power Generation Plant","site_status":"Planning Permission Expired"}},{"type":"Feature","geometry":{"type":"Point","coordinates":[-2.24803,51.28932]},"properties":{"project":"Hoopers Pool Solar Farm","mw":30.0,"tech":"Solar","tech_cat":"solar","date":"2037-11-15","connection_point":"MELKSHAM","sub_name":"Melksham","gate1_reserved":false,"geom_type":"point","located":true,"geocode_source":"REPD","site_name":"Hoopers Pool, Southwick - Solar Panels","site_status":"Application Submitted"}},{"type":"Feature","geometry":{"type":"Point","coordinates":[-2.24803,51.28932]},"properties":{"project":"Hoopers Pool Solar Farm","mw":30.0,"tech":"Battery","tech_cat":"battery","date":"2037-11-15","connection_point":"MELKSHAM","sub_name":"Melksham","gate1_reserved":false,"geom_type":"point","located":true,"geocode_source":"REPD","site_name":"Hoopers Pool, Southwick - Solar Panels","site_status":"Application Submitted"}},{"type":"Feature","geometry":{"type":"Point","coordinates":[-1.034608582329707,50.93403027779187]},"properties":{"project":"MUNDHAM SOLAR FARM","mw":32.0,"tech":"Solar","tech_cat":"solar","date":"2037-10-31","connection_point":"LOVEDEAN","sub_name":"Lovedean","gate1_reserved":false,"geom_type":"point","located":false,"geocode_source":"substation"}},{"type":"Feature","geometry":{"type":"Point","coordinates":[-2.95046,51.16951]},"properties":{"project":"LAND TO THE WEST OF BEANACRE","mw":80.0,"tech":"Battery","tech_cat":"battery","date":"2037-11-15","connection_point":"MELKSHAM","sub_name":"Melksham","gate1_reserved":false,"geom_type":"point","located":true,"geocode_source":"REPD","site_name":"Land to the South West of Horsey Lane","site_status":"Appeal Refused"}},{"type":"Feature","geometry":{"type":"Point","coordinates":[-4.47633,55.85457]},"properties":{"project":"Tar Farm Cottage","mw":35.2,"tech":"Battery","tech_cat":"battery","date":"2038-11-01","connection_point":"COWLEY","sub_name":"Cowley","gate1_reserved":false,"geom_type":"point","located":true,"geocode_source":"REPD","site_name":"Middleton Farm Cottage, Middleton Road - Solar Photovoltaic Array","site_status":"Awaiting Construction"}},{"type":"Feature","geometry":{"type":"Point","coordinates":[-1.9521993820246888,51.615805053234325]},"properties":{"project":"Queenlanes Farm BESS","mw":67.9,"tech":"Battery","tech_cat":"battery","date":"2037-06-22","connection_point":"MINETY","sub_name":"Minety","gate1_reserved":false,"geom_type":"point","located":false,"geocode_source":"substation"}},{"type":"Feature","geometry":{"type":"Point","coordinates":[-1.2189114523940494,51.73219330345643]},"properties":{"project":"Harlesford Solar Farm","mw":20.0,"tech":"Solar","tech_cat":"solar","date":"2026-06-30","connection_point":"COWLEY","sub_name":"Cowley","gate1_reserved":false,"geom_type":"point","located":false,"geocode_source":"substation"}},{"type":"Feature","geometry":{"type":"Point","coordinates":[-2.36173,51.93504]},"properties":{"project":"Bransbury Lane Solar","mw":7.2,"tech":"Solar","tech_cat":"solar","date":"2037-12-31","connection_point":"MELKSHAM","sub_name":"Melksham","gate1_reserved":false,"geom_type":"point","located":true,"geocode_source":"REPD","site_name":"Stream Lane, Upleadon - Solar Photovoltaic Farm","site_status":"Application Refused"}},{"type":"Feature","geometry":{"type":"Point","coordinates":[-0.6453,52.36319]},"properties":{"project":"BISHOPSTOKE POWER GENERATION PLANT","mw":7.2,"tech":"Unabated Gas","tech_cat":"gas","date":"2025-08-30","connection_point":"NURSLING","sub_name":"Nursling","gate1_reserved":false,"geom_type":"point","located":true,"geocode_source":"REPD","site_name":"Wold Road (land south of) Peak Power Generation Plant","site_status":"Planning Permission Expired"}},{"type":"Feature","geometry":{"type":"Point","coordinates":[-1.215175944104281,51.73342911027538]},"properties":{"project":"Haseley Solar Farm","mw":70.0,"tech":"Solar","tech_cat":"solar","date":"2024-10-31","connection_point":"COWLEY","sub_name":"Cowley","gate1_reserved":false,"geom_type":"point","located":false,"geocode_source":"substation"}},{"type":"Feature","geometry":{"type":"Point","coordinates":[1.07821,52.11736]},"properties":{"project":"Land at Windmill Farm","mw":13.0,"tech":"Solar","tech_cat":"solar","date":"2037-06-22","connection_point":"MINETY","sub_name":"Minety","gate1_reserved":false,"geom_type":"point","located":true,"geocode_source":"REPD","site_name":"Land at Hill Farm","site_status":"Application Withdrawn"}},{"type":"Feature","geometry":{"type":"Point","coordinates":[-0.9183553251755563,51.915566539432774]},"properties":{"project":"Granborough","mw":99.9,"tech":"Battery","tech_cat":"battery","date":"2037-10-31","connection_point":"EAST CLAYDON","sub_name":"East Claydon","gate1_reserved":false,"geom_type":"point","located":false,"geocode_source":"substation"}},{"type":"Feature","geometry":{"type":"Point","coordinates":[-1.94813,52.59936]},"properties":{"project":"Matrons College Farm","mw":49.9,"tech":"Solar","tech_cat":"solar","date":"2036-12-06","connection_point":"MANNINGTON","sub_name":"Mannington","gate1_reserved":false,"geom_type":"point","located":true,"geocode_source":"REPD","site_name":"College Farm","site_status":"Appeal Refused"}},{"type":"Feature","geometry":{"type":"Point","coordinates":[-2.31991,52.21981]},"properties":{"project":"Land At Pinstone Farm","mw":72.0,"tech":"Battery","tech_cat":"battery","date":"2037-10-30","connection_point":"IVER 132KV","sub_name":"Iver","gate1_reserved":false,"geom_type":"point","located":true,"geocode_source":"REPD","site_name":"Land at Woodhall Farm","site_status":"Appeal Refused"}},{"type":"Feature","geometry":{"type":"Point","coordinates":[-4.5016,54.95297]},"properties":{"project":"GF OXFORD ENERGY LTD","mw":114.4,"tech":"Battery","tech_cat":"battery","date":"2038-11-01","connection_point":"COWLEY","sub_name":"Cowley","gate1_reserved":false,"geom_type":"point","located":true,"geocode_source":"REPD","site_name":"Energy from Waste Glasgow Ltd","site_status":"Application Withdrawn"}},{"type":"Feature","geometry":{"type":"Point","coordinates":[-1.0320171146317112,50.93324311491397]},"properties":{"project":"Fareham 4 BESS","mw":49.9,"tech":"Battery","tech_cat":"battery","date":"2037-10-30","connection_point":"LOVEDEAN","sub_name":"Lovedean","gate1_reserved":false,"geom_type":"point","located":false,"geocode_source":"substation"}},{"type":"Feature","geometry":{"type":"Point","coordinates":[-1.2165567907946813,51.73501578528238]},"properties":{"project":"Cowley BESS","mw":118.8,"tech":"Battery","tech_cat":"battery","date":"2038-11-01","connection_point":"COWLEY","sub_name":"Cowley","gate1_reserved":false,"geom_type":"point","located":false,"geocode_source":"substation"}},{"type":"Feature","geometry":{"type":"Point","coordinates":[-1.035581894197963,50.932518795331795]},"properties":{"project":"Ounces Barn BESS","mw":74.8,"tech":"Battery","tech_cat":"battery","date":"2037-10-30","connection_point":"LOVEDEAN","sub_name":"Lovedean","gate1_reserved":false,"geom_type":"point","located":false,"geocode_source":"substation"}},{"type":"Feature","geometry":{"type":"Point","coordinates":[-2.48484618200513,50.61559882328113]},"properties":{"project":"Weymouth Battery","mw":56.0,"tech":"Battery","tech_cat":"battery","date":"2037-06-03","connection_point":"CHICKERELL","sub_name":"Chickerell","gate1_reserved":false,"geom_type":"point","located":false,"geocode_source":"substation"}},{"type":"Feature","geometry":{"type":"Point","coordinates":[-4.453119772072296,55.898845989557266]},"properties":{"project":"ERSKINE ENERGY STORAGE","mw":32.0,"tech":"Battery","tech_cat":"battery","date":"2024-10-16","connection_point":"Erskine","sub_name":"Erskine","gate1_reserved":false,"geom_type":"point","located":false,"geocode_source":"substation"}},{"type":"Feature","geometry":{"type":"Point","coordinates":[-0.55774,51.30583]},"properties":{"project":"WESTFIELD SOLAR","mw":29.9,"tech":"Solar","tech_cat":"solar","date":"2025-12-01","connection_point":"Westfield","sub_name":"Westfield","gate1_reserved":false,"geom_type":"point","located":true,"geocode_source":"REPD","site_name":"David Lloyd Leisure, Westfield Avenue - Solar Panels","site_status":"Awaiting Construction"}},{"type":"Feature","geometry":{"type":"Point","coordinates":[-3.62109,51.64489]},"properties":{"project":"KNOCKNAIR ENERGY PARK (ARDGOWAN ESTATE)","mw":23.8,"tech":"Solar","tech_cat":"solar","date":"2031-10-31","connection_point":"Devol Moor","sub_name":"Devol Moor","gate1_reserved":false,"geom_type":"point","located":true,"geocode_source":"REPD","site_name":"Llynfi Renewable Energy Park, Land at Mynydd Caerau","site_status":"Operational"}},{"type":"Feature","geometry":{"type":"Point","coordinates":[-0.53087,52.31073]},"properties":{"project":"KNOCKNAIR ENERGY PARK (ARDGOWAN ESTATE)","mw":20.0,"tech":"Battery","tech_cat":"battery","date":"2031-10-31","connection_point":"Devol Moor","sub_name":"Devol Moor","gate1_reserved":false,"geom_type":"point","located":true,"geocode_source":"REPD","site_name":"Chelveston Renewable Energy Park","site_status":"Under Construction"}},{"type":"Feature","geometry":{"type":"Point","coordinates":[-1.27647,54.73309]},"properties":{"project":"HARPERDEAN FARM BATTERY STORAGE SYSTEM","mw":15.0,"tech":"Battery","tech_cat":"battery","date":"2029-09-01","connection_point":"Cockenzie","sub_name":"Cockenzie","gate1_reserved":false,"geom_type":"point","located":true,"geocode_source":"REPD","site_name":"Benridge Farm, Fillpoke Lane - Battery Energy Storage System","site_status":"Application Submitted"}},{"type":"Feature","geometry":{"type":"Point","coordinates":[-2.418139322270446,55.63342288632136]},"properties":{"project":"WINDSHEIL WIND FARM","mw":19.2,"tech":"Onshore Wind","tech_cat":"wind","date":"2030-09-30","connection_point":"Eccles","sub_name":"Eccles","gate1_reserved":false,"geom_type":"point","located":false,"geocode_source":"substation"}},{"type":"Feature","geometry":{"type":"Point","coordinates":[-3.4663549933491185,56.16840746175197]},"properties":{"project":"STRATHRUDDIE SOLAR FARM","mw":22.0,"tech":"Solar","tech_cat":"solar","date":"2026-10-31","connection_point":"Westfield","sub_name":"Westfield","gate1_reserved":false,"geom_type":"point","located":false,"geocode_source":"substation"}},{"type":"Feature","geometry":{"type":"Point","coordinates":[-3.469116389751075,56.167410702614475]},"properties":{"project":"STRATHRUDDIE SOLAR FARM","mw":22.0,"tech":"Battery","tech_cat":"battery","date":"2026-10-31","connection_point":"Westfield","sub_name":"Westfield","gate1_reserved":false,"geom_type":"point","located":false,"geocode_source":"substation"}},{"type":"Feature","geometry":{"type":"Point","coordinates":[-2.766755095979376,53.418026460310145]},"properties":{"project":"Noventum Power","mw":10.0,"tech":"Solar","tech_cat":"solar","date":"2037-10-30","connection_point":"Rainhill","sub_name":"Rainhill","gate1_reserved":false,"geom_type":"point","located":false,"geocode_source":"substation"}},{"type":"Feature","geometry":{"type":"Point","coordinates":[-4.13495,53.12527]},"properties":{"project":"Glyn Rhonwy","mw":99.9,"tech":"LDES","tech_cat":"battery","date":"2025-09-30","connection_point":"Pentir","sub_name":"Pentir","gate1_reserved":false,"geom_type":"point","located":true,"geocode_source":"REPD","site_name":"Glyn Rhonwy (larger version)","site_status":"Awaiting Construction"}},{"type":"Feature","geometry":{"type":"Point","coordinates":[0.16959,51.51043]},"properties":{"project":"Lostock Sustainable Energy Plant","mw":89.0,"tech":"Other","tech_cat":"other","date":"2022-10-31","connection_point":"Carrington","sub_name":"Carrington","gate1_reserved":false,"geom_type":"point","located":true,"geocode_source":"REPD","site_name":"East London Sustainable Energy Facility (Thames Gateway Power facility)","site_status":"Abandoned"}},{"type":"Feature","geometry":{"type":"Point","coordinates":[0.86449,52.43561]},"properties":{"project":"Bretton Hall PV and Battery 1","mw":30.0,"tech":"Solar","tech_cat":"solar","date":"2037-10-30","connection_point":"Capenhurst","sub_name":"Capenhurst","gate1_reserved":false,"geom_type":"point","located":true,"geocode_source":"REPD","site_name":"Hall Farm and Field Barn Farm","site_status":"Revised"}},{"type":"Feature","geometry":{"type":"Point","coordinates":[-1.34223,52.35144]},"properties":{"project":"Bretton Hall PV and Battery 1","mw":5.2,"tech":"Battery","tech_cat":"battery","date":"2037-10-30","connection_point":"Capenhurst","sub_name":"Capenhurst","gate1_reserved":false,"geom_type":"point","located":true,"geocode_source":"REPD","site_name":"Ling Hall 1","site_status":"Operational"}},{"type":"Feature","geometry":{"type":"Point","coordinates":[-2.9662557532248557,53.118041791046]},"properties":{"project":"Carno III Wind Farm Development","mw":45.0,"tech":"Onshore Wind","tech_cat":"wind","date":"2024-06-01","connection_point":"Legacy","sub_name":"Legacy","gate1_reserved":false,"geom_type":"point","located":false,"geocode_source":"substation"}},{"type":"Feature","geometry":{"type":"Point","coordinates":[-2.9503583272689724,53.26658982900175]},"properties":{"project":"Project Iddenshall","mw":14.2,"tech":"Solar","tech_cat":"solar","date":"2023-12-31","connection_point":"Capenhurst","sub_name":"Capenhurst","gate1_reserved":false,"geom_type":"point","located":false,"geocode_source":"substation"}},{"type":"Feature","geometry":{"type":"Point","coordinates":[-2.84463,53.20391]},"properties":{"project":"Bellevue Lane Battery Energy Storage","mw":40.0,"tech":"Battery","tech_cat":"battery","date":"2037-11-01","connection_point":"Capenhurst","sub_name":"Capenhurst","gate1_reserved":false,"geom_type":"point","located":true,"geocode_source":"REPD","site_name":"Electricity Substation, Bellevue Lane - Battery Storage","site_status":"Awaiting Construction"}},{"type":"Feature","geometry":{"type":"Point","coordinates":[-2.4194109049769383,53.432163709213405]},"properties":{"project":"Hebden Green Solar farm","mw":15.0,"tech":"Solar","tech_cat":"solar","date":"2024-12-31","connection_point":"Carrington","sub_name":"Carrington","gate1_reserved":false,"geom_type":"point","located":false,"geocode_source":"substation"}},{"type":"Feature","geometry":{"type":"Point","coordinates":[-2.60424,53.36035]},"properties":{"project":"Former St Michael's Golf Course Ditton Road Widnes","mw":2.0,"tech":"Battery","tech_cat":"battery","date":"2023-08-31","connection_point":"Rainhill","sub_name":"Rainhill","gate1_reserved":false,"geom_type":"point","located":true,"geocode_source":"REPD","site_name":"Former St Michaels Golf Course","site_status":"Under Construction"}},{"type":"Feature","geometry":{"type":"Point","coordinates":[-2.60424,53.36035]},"properties":{"project":"Former St Michael's Golf Course Ditton Road Widnes","mw":4.1,"tech":"Solar","tech_cat":"solar","date":"2023-08-31","connection_point":"Rainhill","sub_name":"Rainhill","gate1_reserved":false,"geom_type":"point","located":true,"geocode_source":"REPD","site_name":"Former St Michaels Golf Course","site_status":"Under Construction"}},{"type":"Feature","geometry":{"type":"Point","coordinates":[-2.9501340513756653,53.26828782894837]},"properties":{"project":"UK055-B Capenhurst","mw":99.0,"tech":"Battery","tech_cat":"battery","date":"2037-11-01","connection_point":"Capenhurst","sub_name":"Capenhurst","gate1_reserved":false,"geom_type":"point","located":false,"geocode_source":"substation"}},{"type":"Feature","geometry":{"type":"Point","coordinates":[-2.65229,53.29528]},"properties":{"project":"Aston Grange","mw":24.2,"tech":"Solar","tech_cat":"solar","date":"2037-11-30","connection_point":"Frodsham","sub_name":"Frodsham","gate1_reserved":false,"geom_type":"point","located":true,"geocode_source":"REPD","site_name":"Aston Grange, Aston - Solar Panels & Battery Energy Storage System","site_status":"Application Submitted"}},{"type":"Feature","geometry":{"type":"Point","coordinates":[-2.65229,53.29528]},"properties":{"project":"Aston Grange","mw":6.6,"tech":"Battery","tech_cat":"battery","date":"2037-11-30","connection_point":"Frodsham","sub_name":"Frodsham","gate1_reserved":false,"geom_type":"point","located":true,"geocode_source":"REPD","site_name":"Aston Grange, Aston - Solar Panels & Battery Energy Storage System","site_status":"Application Submitted"}},{"type":"Feature","geometry":{"type":"Point","coordinates":[-4.74913,50.3726]},"properties":{"project":"Sealand Manor Energy Centre Limited","mw":89.0,"tech":"Solar","tech_cat":"solar","date":"2037-10-30","connection_point":"Capenhurst","sub_name":"Capenhurst","gate1_reserved":false,"geom_type":"point","located":true,"geocode_source":"REPD","site_name":"Eden Geothermal Limited - Eden Project Energy Centre","site_status":"Operational"}},{"type":"Feature","geometry":{"type":"Point","coordinates":[-4.74913,50.3726]},"properties":{"project":"Sealand Manor Energy Centre Limited","mw":40.0,"tech":"Battery","tech_cat":"battery","date":"2037-10-30","connection_point":"Capenhurst","sub_name":"Capenhurst","gate1_reserved":false,"geom_type":"point","located":true,"geocode_source":"REPD","site_name":"Eden Geothermal Limited - Eden Project Energy Centre","site_status":"Operational"}},{"type":"Feature","geometry":{"type":"Point","coordinates":[0.23731,51.50333]},"properties":{"project":"Sandy Brow Lane","mw":82.8,"tech":"Battery","tech_cat":"battery","date":"2024-01-10","connection_point":"Kirkby","sub_name":"Kirkby","gate1_reserved":false,"geom_type":"point","located":true,"geocode_source":"REPD","site_name":"Aveley Landfill, Sandy Lane - PV Solar Array & Battery Energy Storage","site_status":"Awaiting Construction"}},{"type":"Feature","geometry":{"type":"Point","coordinates":[-2.4118,53.16224]},"properties":{"project":"DRAGONS LANE BATTERY STORAGE LIMITED","mw":12.0,"tech":"Battery","tech_cat":"battery","date":"2025-10-20","connection_point":"Carrington","sub_name":"Carrington","gate1_reserved":false,"geom_type":"point","located":true,"geocode_source":"REPD","site_name":"Dragons Lane - Battery Storage Facility","site_status":"Awaiting Construction"}},{"type":"Feature","geometry":{"type":"Point","coordinates":[-2.13603,53.41601]},"properties":{"project":"North Road Gas Generation","mw":22.5,"tech":"Unabated Gas","tech_cat":"gas","date":"2037-10-30","connection_point":"Capenhurst","sub_name":"Capenhurst","gate1_reserved":false,"geom_type":"point","located":true,"geocode_source":"REPD","site_name":"Welkin Road Gas Generation Facility","site_status":"Revised"}},{"type":"Feature","geometry":{"type":"Point","coordinates":[-2.9672955696123977,53.11785961632308]},"properties":{"project":"Legacy Farm Solar and Battery","mw":99.9,"tech":"Solar","tech_cat":"solar","date":"2037-11-30","connection_point":"Legacy","sub_name":"Legacy","gate1_reserved":false,"geom_type":"point","located":false,"geocode_source":"substation"}},{"type":"Feature","geometry":{"type":"Point","coordinates":[-2.9659235678960796,53.115166695812924]},"properties":{"project":"Legacy Farm Solar and Battery","mw":99.9,"tech":"Battery","tech_cat":"battery","date":"2037-11-30","connection_point":"Legacy","sub_name":"Legacy","gate1_reserved":false,"geom_type":"point","located":false,"geocode_source":"substation"}},{"type":"Feature","geometry":{"type":"Point","coordinates":[-3.0188173106956144,53.38169299266745]},"properties":{"project":"Dingesmere Solar Farm (Birkenhead)","mw":20.0,"tech":"Solar","tech_cat":"solar","date":"2037-10-30","connection_point":"Birkenhead","sub_name":"Birkenhead","gate1_reserved":false,"geom_type":"point","located":false,"geocode_source":"substation"}},{"type":"Feature","geometry":{"type":"Point","coordinates":[-3.0178839746549437,53.383526222549506]},"properties":{"project":"Dingesmere Solar Farm (Birkenhead)","mw":20.0,"tech":"Battery","tech_cat":"battery","date":"2037-10-30","connection_point":"Birkenhead","sub_name":"Birkenhead","gate1_reserved":false,"geom_type":"point","located":false,"geocode_source":"substation"}},{"type":"Feature","geometry":{"type":"Point","coordinates":[-3.03688,53.57192]},"properties":{"project":"Moss Farm","mw":16.0,"tech":"Solar","tech_cat":"solar","date":"2037-10-30","connection_point":"Kirkby","sub_name":"Kirkby","gate1_reserved":false,"geom_type":"point","located":true,"geocode_source":"REPD","site_name":"North Moss Lane - Solar Photovoltaic Farm","site_status":"Revised"}},{"type":"Feature","geometry":{"type":"Point","coordinates":[-2.98636,53.45924]},"properties":{"project":"Hawthorne Road BESS","mw":22.2,"tech":"Battery","tech_cat":"battery","date":"2023-12-31","connection_point":"Lister Drive","sub_name":"Lister Drive","gate1_reserved":false,"geom_type":"point","located":true,"geocode_source":"REPD","site_name":"Hawthorne Road","site_status":"Under Construction"}},{"type":"Feature","geometry":{"type":"Point","coordinates":[-2.86398,53.34239]},"properties":{"project":"Speke Hall BESS","mw":23.7,"tech":"Battery","tech_cat":"battery","date":"2037-10-30","connection_point":"Lister Drive","sub_name":"Lister Drive","gate1_reserved":false,"geom_type":"point","located":true,"geocode_source":"REPD","site_name":"Speke Hall Avenue - Battery Energy Storage System","site_status":"Awaiting Construction"}},{"type":"Feature","geometry":{"type":"Point","coordinates":[-2.7355974895431774,53.28507810524175]},"properties":{"project":"Chadwick Road","mw":20.0,"tech":"Battery","tech_cat":"battery","date":"2037-10-30","connection_point":"Frodsham","sub_name":"Frodsham","gate1_reserved":false,"geom_type":"point","located":false,"geocode_source":"substation"}},{"type":"Feature","geometry":{"type":"Point","coordinates":[-1.61017,53.63899]},"properties":{"project":"New Cut lane Farm","mw":20.0,"tech":"Solar","tech_cat":"solar","date":"2037-10-30","connection_point":"Kirkby","sub_name":"Kirkby","gate1_reserved":false,"geom_type":"point","located":true,"geocode_source":"REPD","site_name":"New Hall Farm, New Hall Lane - Solar Farm","site_status":"Awaiting Construction"}},{"type":"Feature","geometry":{"type":"Point","coordinates":[-0.13358,53.53329]},"properties":{"project":"Fowl Farm Solar","mw":20.0,"tech":"Solar","tech_cat":"solar","date":"2037-10-30","connection_point":"Carrington","sub_name":"Carrington","gate1_reserved":false,"geom_type":"point","located":true,"geocode_source":"REPD","site_name":"Low Farm Solar Array","site_status":"Operational"}},{"type":"Feature","geometry":{"type":"Point","coordinates":[-2.44646,52.67372]},"properties":{"project":"Lon Pin Solar PV","mw":5.0,"tech":"Solar","tech_cat":"solar","date":"2025-12-31","connection_point":"Trawsfynydd","sub_name":"Trawsfynydd","gate1_reserved":false,"geom_type":"point","located":true,"geocode_source":"REPD","site_name":"Telford Ten Pin, International Way - Solar PV Panels","site_status":"Awaiting Construction"}},{"type":"Feature","geometry":{"type":"Point","coordinates":[-4.16661,53.18593]},"properties":{"project":"FWS Tyddyn Forgan","mw":105.6,"tech":"Battery","tech_cat":"battery","date":"2037-10-30","connection_point":"Pentir","sub_name":"Pentir","gate1_reserved":false,"geom_type":"point","located":true,"geocode_source":"REPD","site_name":"Tyddyn Forgan, Llanddeiniolen - Energy Storage System","site_status":"Awaiting Construction"}},{"type":"Feature","geometry":{"type":"Point","coordinates":[-2.9213,53.02898]},"properties":{"project":"Williams Farm Extension (AKA Cefn Park Solar)","mw":11.0,"tech":"Solar","tech_cat":"solar","date":"2025-09-29","connection_point":"Legacy","sub_name":"Legacy","gate1_reserved":false,"geom_type":"point","located":true,"geocode_source":"REPD","site_name":"Williams Farm","site_status":"Operational"}},{"type":"Feature","geometry":{"type":"Point","coordinates":[-1.1614,54.12502]},"properties":{"project":"Rose Cottage Solar Farm","mw":20.0,"tech":"Solar","tech_cat":"solar","date":"2037-10-30","connection_point":"Birkenhead","sub_name":"Birkenhead","gate1_reserved":false,"geom_type":"point","located":true,"geocode_source":"REPD","site_name":"Rose Cottage, Easingwold To Crayke - Solar panels","site_status":"Awaiting Construction"}},{"type":"Feature","geometry":{"type":"Point","coordinates":[-4.40139,53.40678]},"properties":{"project":"Pen y Groes Project","mw":18.0,"tech":"Solar","tech_cat":"solar","date":"2037-10-31","connection_point":"Trawsfynydd","sub_name":"Trawsfynydd","gate1_reserved":false,"geom_type":"point","located":true,"geocode_source":"REPD","site_name":"Rhyd-y-Groes Wind Farm - repowering","site_status":"Awaiting Construction"}},{"type":"Feature","geometry":{"type":"Point","coordinates":[-4.40139,53.40678]},"properties":{"project":"Pen y Groes Project","mw":16.0,"tech":"Onshore Wind","tech_cat":"wind","date":"2037-10-31","connection_point":"Trawsfynydd","sub_name":"Trawsfynydd","gate1_reserved":false,"geom_type":"point","located":true,"geocode_source":"REPD","site_name":"Rhyd-y-Groes Wind Farm - repowering","site_status":"Awaiting Construction"}},{"type":"Feature","geometry":{"type":"Point","coordinates":[-4.40139,53.40678]},"properties":{"project":"Pen y Groes Project","mw":6.0,"tech":"Battery","tech_cat":"battery","date":"2037-10-31","connection_point":"Trawsfynydd","sub_name":"Trawsfynydd","gate1_reserved":false,"geom_type":"point","located":true,"geocode_source":"REPD","site_name":"Rhyd-y-Groes Wind Farm - repowering","site_status":"Awaiting Construction"}},{"type":"Feature","geometry":{"type":"Point","coordinates":[-2.416057552180347,53.43425199640318]},"properties":{"project":"WIMBOLDSLEY GRANGE","mw":49.9,"tech":"Solar","tech_cat":"solar","date":"2037-10-30","connection_point":"Carrington","sub_name":"Carrington","gate1_reserved":false,"geom_type":"point","located":false,"geocode_source":"substation"}},{"type":"Feature","geometry":{"type":"Point","coordinates":[-2.4183575958802233,53.43434666698744]},"properties":{"project":"WIMBOLDSLEY GRANGE","mw":49.9,"tech":"Battery","tech_cat":"battery","date":"2037-10-30","connection_point":"Carrington","sub_name":"Carrington","gate1_reserved":false,"geom_type":"point","located":false,"geocode_source":"substation"}},{"type":"Feature","geometry":{"type":"Point","coordinates":[-4.483598910504531,53.41678126112647]},"properties":{"project":"Llanfihangel yn Nhowyn","mw":28.5,"tech":"Solar","tech_cat":"solar","date":"2026-11-10","connection_point":"Wylfa","sub_name":"Wylfa","gate1_reserved":false,"geom_type":"point","located":false,"geocode_source":"substation"}},{"type":"Feature","geometry":{"type":"Point","coordinates":[-1.06602,53.12841]},"properties":{"project":"Osgodby Grange Farm","mw":41.0,"tech":"Solar","tech_cat":"solar","date":"2029-10-01","connection_point":"Drax","sub_name":"Drax","gate1_reserved":false,"geom_type":"point","located":true,"geocode_source":"REPD","site_name":"Inkersall Grange Farm","site_status":"Awaiting Construction"}},{"type":"Feature","geometry":{"type":"Point","coordinates":[-4.3139,55.7464]},"properties":{"project":"Addison Road Hybrid Solar PV &BESS","mw":27.2,"tech":"Battery","tech_cat":"battery","date":"2031-09-30","connection_point":"Spennymoor","sub_name":"Spennymoor","gate1_reserved":false,"geom_type":"point","located":true,"geocode_source":"REPD","site_name":"Bonnyton, Kirkton Moor Road  - Solar PV Panels","site_status":"Application Submitted"}},{"type":"Feature","geometry":{"type":"Point","coordinates":[-4.3139,55.7464]},"properties":{"project":"Addison Road Hybrid Solar PV &BESS","mw":27.2,"tech":"Solar","tech_cat":"solar","date":"2031-09-30","connection_point":"Spennymoor","sub_name":"Spennymoor","gate1_reserved":false,"geom_type":"point","located":true,"geocode_source":"REPD","site_name":"Bonnyton, Kirkton Moor Road  - Solar PV Panels","site_status":"Application Submitted"}},{"type":"Feature","geometry":{"type":"Point","coordinates":[-0.50573,53.541]},"properties":{"project":"Scawby Brook Energy","mw":50.0,"tech":"Solar","tech_cat":"solar","date":"2034-10-31","connection_point":"Keadby","sub_name":"Keadby","gate1_reserved":false,"geom_type":"point","located":true,"geocode_source":"REPD","site_name":"Scawby Brook, Brigg - Battery Storage","site_status":"Awaiting Construction"}},{"type":"Feature","geometry":{"type":"Point","coordinates":[-0.50573,53.541]},"properties":{"project":"Scawby Brook Energy","mw":30.0,"tech":"Battery","tech_cat":"battery","date":"2034-10-31","connection_point":"Keadby","sub_name":"Keadby","gate1_reserved":false,"geom_type":"point","located":true,"geocode_source":"REPD","site_name":"Scawby Brook, Brigg - Battery Storage","site_status":"Awaiting Construction"}},{"type":"Feature","geometry":{"type":"Point","coordinates":[-0.20002,53.6019]},"properties":{"project":"Mauxhall Farm","mw":30.7,"tech":"Battery","tech_cat":"battery","date":"2026-03-30","connection_point":"Grimsby West","sub_name":"Grimsby West","gate1_reserved":false,"geom_type":"point","located":true,"geocode_source":"REPD","site_name":"Mauxhall Farm","site_status":"Planning Permission Expired"}},{"type":"Feature","geometry":{"type":"Point","coordinates":[-1.1989,54.598]},"properties":{"project":"Tees Valley Energy Recovery","mw":49.9,"tech":"Low Carbon Dispatchable Power","tech_cat":"other","date":"2031-10-31","connection_point":"Norton","sub_name":"Norton","gate1_reserved":false,"geom_type":"point","located":true,"geocode_source":"REPD","site_name":"Tees Valley Renewable Energy Facility - TV2","site_status":"Abandoned"}},{"type":"Feature","geometry":{"type":"Point","coordinates":[-1.031096737871451,53.949793795614475]},"properties":{"project":"Knapton Hybrid BESS","mw":44.0,"tech":"Battery","tech_cat":"battery","date":"2025-12-31","connection_point":"Osbaldwick","sub_name":"Osbaldwick","gate1_reserved":false,"geom_type":"point","located":false,"geocode_source":"substation"}},{"type":"Feature","geometry":{"type":"Point","coordinates":[-0.7634,52.77714]},"properties":{"project":"Holmside Hall PV","mw":27.0,"tech":"Solar","tech_cat":"solar","date":"2031-09-30","connection_point":"Spennymoor","sub_name":"Spennymoor","gate1_reserved":false,"geom_type":"point","located":true,"geocode_source":"REPD","site_name":"Hall Farm, Wymondham Road - Solar PV Panels","site_status":"Awaiting Construction"}},{"type":"Feature","geometry":{"type":"Point","coordinates":[-1.54936,54.71022]},"properties":{"project":"Hett Moor Farm Solar PV","mw":46.6,"tech":"Solar","tech_cat":"solar","date":"2031-09-30","connection_point":"Spennymoor","sub_name":"Spennymoor","gate1_reserved":false,"geom_type":"point","located":true,"geocode_source":"REPD","site_name":"Hett Moor Farm, Hett - Solar Farm","site_status":"Revised"}},{"type":"Feature","geometry":{"type":"Point","coordinates":[-0.41788818329378996,53.86846411253768]},"properties":{"project":"Woodhouse Solar Farm","mw":42.8,"tech":"Solar","tech_cat":"solar","date":"2033-05-31","connection_point":"Creyke Beck","sub_name":"Creyke Beck","gate1_reserved":false,"geom_type":"point","located":false,"geocode_source":"substation"}},{"type":"Feature","geometry":{"type":"Point","coordinates":[-0.40799,53.98334]},"properties":{"project":"Norton Back Lane","mw":39.7,"tech":"Battery","tech_cat":"battery","date":"2031-10-31","connection_point":"Norton","sub_name":"Norton","gate1_reserved":false,"geom_type":"point","located":true,"geocode_source":"REPD","site_name":"Back Lane, Skerne - Solar Farm & Battery Storage","site_status":"Awaiting Construction"}},{"type":"Feature","geometry":{"type":"Point","coordinates":[-0.40799,53.98334]},"properties":{"project":"Norton Back Lane","mw":50.2,"tech":"Solar","tech_cat":"solar","date":"2031-10-31","connection_point":"Norton","sub_name":"Norton","gate1_reserved":false,"geom_type":"point","located":true,"geocode_source":"REPD","site_name":"Back Lane, Skerne - Solar Farm & Battery Storage","site_status":"Awaiting Construction"}},{"type":"Feature","geometry":{"type":"Point","coordinates":[-1.749312482160079,54.96713569835586]},"properties":{"project":"Dewley Hill SPV","mw":20.9,"tech":"Solar","tech_cat":"solar","date":"2035-10-30","connection_point":"Stella North","sub_name":"Stella West","gate1_reserved":false,"geom_type":"point","located":false,"geocode_source":"substation"}},{"type":"Feature","geometry":{"type":"Point","coordinates":[-0.1305878848743374,53.550864321499745]},"properties":{"project":"Humberston BESS","mw":62.1,"tech":"Battery","tech_cat":"battery","date":"2035-10-30","connection_point":"Grimsby West","sub_name":"Grimsby West","gate1_reserved":false,"geom_type":"point","located":false,"geocode_source":"substation"}},{"type":"Feature","geometry":{"type":"Point","coordinates":[-1.751812220015747,54.96564803646097]},"properties":{"project":"Lemington BESS","mw":49.9,"tech":"Battery","tech_cat":"battery","date":"2035-10-30","connection_point":"Stella North","sub_name":"Stella West","gate1_reserved":false,"geom_type":"point","located":false,"geocode_source":"substation"}},{"type":"Feature","geometry":{"type":"Point","coordinates":[-0.13537801833821267,53.55057754129389]},"properties":{"project":"Brocklesby","mw":30.0,"tech":"Battery","tech_cat":"battery","date":"2035-10-30","connection_point":"Grimsby West","sub_name":"Grimsby West","gate1_reserved":false,"geom_type":"point","located":false,"geocode_source":"substation"}},{"type":"Feature","geometry":{"type":"Point","coordinates":[-0.13587483965386365,53.54882572877397]},"properties":{"project":"Brocklesby","mw":50.0,"tech":"Solar","tech_cat":"solar","date":"2035-10-30","connection_point":"Grimsby West","sub_name":"Grimsby West","gate1_reserved":false,"geom_type":"point","located":false,"geocode_source":"substation"}},{"type":"Feature","geometry":{"type":"Point","coordinates":[-1.59268,55.12454]},"properties":{"project":"Broadway House Farm PV","mw":51.0,"tech":"Solar","tech_cat":"solar","date":"2031-10-30","connection_point":"Blyth 66kV","sub_name":"Blyth","gate1_reserved":false,"geom_type":"point","located":true,"geocode_source":"REPD","site_name":"Broadway House Farm Solar Farm","site_status":"Awaiting Construction"}},{"type":"Feature","geometry":{"type":"Point","coordinates":[-2.28433,50.66725]},"properties":{"project":"Model Farm Solar","mw":40.0,"tech":"Solar","tech_cat":"solar","date":"2033-05-31","connection_point":"Creyke Beck","sub_name":"Creyke Beck","gate1_reserved":false,"geom_type":"point","located":true,"geocode_source":"REPD","site_name":"North Fossil Farm - Solar Panels","site_status":"Awaiting Construction"}},{"type":"Feature","geometry":{"type":"Point","coordinates":[-0.417002182432981,53.864909632601375]},"properties":{"project":"Lissett Lane","mw":23.0,"tech":"Solar","tech_cat":"solar","date":"2033-05-31","connection_point":"Creyke Beck","sub_name":"Creyke Beck","gate1_reserved":false,"geom_type":"point","located":false,"geocode_source":"substation"}},{"type":"Feature","geometry":{"type":"Point","coordinates":[-1.16021,51.17939]},"properties":{"project":"Backworth 28MW Solar PV","mw":28.1,"tech":"Solar","tech_cat":"solar","date":"2036-10-31","connection_point":"Blyth 66kV","sub_name":"Blyth","gate1_reserved":false,"geom_type":"point","located":true,"geocode_source":"REPD","site_name":"Preston Farm, Preston Candover - Solar PV Array","site_status":"Awaiting Construction"}},{"type":"Feature","geometry":{"type":"Point","coordinates":[-1.48204,54.98913]},"properties":{"project":"Thorneholme Energy Park","mw":25.0,"tech":"Battery","tech_cat":"battery","date":"2033-05-31","connection_point":"Creyke Beck","sub_name":"Creyke Beck","gate1_reserved":false,"geom_type":"point","located":true,"geocode_source":"REPD","site_name":"Howdon Green Energy Park","site_status":"Abandoned"}},{"type":"Feature","geometry":{"type":"Point","coordinates":[-1.90217,54.89796]},"properties":{"project":"Thorneholme Energy Park","mw":39.0,"tech":"Solar","tech_cat":"solar","date":"2033-05-31","connection_point":"Creyke Beck","sub_name":"Creyke Beck","gate1_reserved":false,"geom_type":"point","located":true,"geocode_source":"REPD","site_name":"Highfield Energy Park","site_status":"Appeal Lodged"}},{"type":"Feature","geometry":{"type":"Point","coordinates":[-0.7512658336981776,53.583637720302434]},"properties":{"project":"Keadby BESS","mw":117.3,"tech":"Battery","tech_cat":"battery","date":"2034-10-31","connection_point":"Keadby","sub_name":"Keadby","gate1_reserved":false,"geom_type":"point","located":false,"geocode_source":"substation"}},{"type":"Feature","geometry":{"type":"Point","coordinates":[-1.4986967268724514,55.1323333144444]},"properties":{"project":"Sleekburn BESS","mw":30.0,"tech":"Battery","tech_cat":"battery","date":"2036-10-31","connection_point":"Blyth 66kV","sub_name":"Blyth","gate1_reserved":false,"geom_type":"point","located":false,"geocode_source":"substation"}},{"type":"Feature","geometry":{"type":"Point","coordinates":[0.46621,51.17452]},"properties":{"project":"Chuch Farm Solar Energy Centre","mw":49.9,"tech":"Battery","tech_cat":"battery","date":"2033-05-31","connection_point":"Creyke Beck","sub_name":"Creyke Beck","gate1_reserved":false,"geom_type":"point","located":true,"geocode_source":"REPD","site_name":"Eckley Farms, Marden - Solar Energy Farm","site_status":"Awaiting Construction"}},{"type":"Feature","geometry":{"type":"Point","coordinates":[0.46621,51.17452]},"properties":{"project":"Chuch Farm Solar Energy Centre","mw":49.9,"tech":"Solar","tech_cat":"solar","date":"2033-05-31","connection_point":"Creyke Beck","sub_name":"Creyke Beck","gate1_reserved":false,"geom_type":"point","located":true,"geocode_source":"REPD","site_name":"Eckley Farms, Marden - Solar Energy Farm","site_status":"Awaiting Construction"}},{"type":"Feature","geometry":{"type":"Point","coordinates":[-0.55617,54.1986]},"properties":{"project":"Carr House Hybrid SPV and BESS","mw":30.8,"tech":"Battery","tech_cat":"battery","date":"2033-08-30","connection_point":"Osbaldwick","sub_name":"Osbaldwick","gate1_reserved":false,"geom_type":"point","located":true,"geocode_source":"REPD","site_name":"Carr House Farm, East Heslerton - Solar Farm","site_status":"Awaiting Construction"}},{"type":"Feature","geometry":{"type":"Point","coordinates":[-0.35675,53.8292]},"properties":{"project":"Carr House Hybrid SPV and BESS","mw":40.5,"tech":"Solar","tech_cat":"solar","date":"2033-08-30","connection_point":"Osbaldwick","sub_name":"Osbaldwick","gate1_reserved":false,"geom_type":"point","located":true,"geocode_source":"REPD","site_name":"Carr House Farm, Drove Lane - Solar Panels","site_status":"Awaiting Construction"}},{"type":"Feature","geometry":{"type":"Point","coordinates":[-1.6002862627901768,54.68403075520914]},"properties":{"project":"Sikbereen Solar Farm","mw":120.0,"tech":"Solar","tech_cat":"solar","date":"2031-08-30","connection_point":"Spennymoor","sub_name":"Spennymoor","gate1_reserved":false,"geom_type":"point","located":false,"geocode_source":"substation"}},{"type":"Feature","geometry":{"type":"Point","coordinates":[-1.49304,54.43396]},"properties":{"project":"East Cowton","mw":20.0,"tech":"Solar","tech_cat":"solar","date":"2033-10-31","connection_point":"Norton","sub_name":"Norton","gate1_reserved":false,"geom_type":"point","located":true,"geocode_source":"REPD","site_name":"East Cowton Solar Farm","site_status":"Application Submitted"}},{"type":"Feature","geometry":{"type":"Point","coordinates":[-1.747341567267363,54.96737458571226]},"properties":{"project":"Highfield Lodge (Whittonstall) SPV & BESS","mw":12.5,"tech":"Battery","tech_cat":"battery","date":"2035-10-30","connection_point":"Stella South","sub_name":"Stella West","gate1_reserved":false,"geom_type":"point","located":false,"geocode_source":"substation"}},{"type":"Feature","geometry":{"type":"Point","coordinates":[-1.7492157356972626,54.96773618089593]},"properties":{"project":"Highfield Lodge (Whittonstall) SPV & BESS","mw":44.7,"tech":"Solar","tech_cat":"solar","date":"2035-10-30","connection_point":"Stella South","sub_name":"Stella West","gate1_reserved":false,"geom_type":"point","located":false,"geocode_source":"substation"}},{"type":"Feature","geometry":{"type":"Point","coordinates":[-0.46157,53.72332]},"properties":{"project":"Humberfield Recycling Centre BESS","mw":31.2,"tech":"Battery","tech_cat":"battery","date":"2033-05-31","connection_point":"Creyke Beck","sub_name":"Creyke Beck","gate1_reserved":false,"geom_type":"point","located":true,"geocode_source":"REPD","site_name":"Humberfield Recycling Centre - Battery Energy Storage Facility","site_status":"Awaiting Construction"}},{"type":"Feature","geometry":{"type":"Point","coordinates":[-1.75753,54.76369]},"properties":{"project":"High Hedley Hope 40MW Wind Farm","mw":40.0,"tech":"Onshore Wind","tech_cat":"wind","date":"2033-10-31","connection_point":"Spennymoor","sub_name":"Spennymoor","gate1_reserved":false,"geom_type":"point","located":true,"geocode_source":"REPD","site_name":"High Hedley Hope 2 (Extension)","site_status":"Operational"}},{"type":"Feature","geometry":{"type":"Point","coordinates":[-0.81769,52.33879]},"properties":{"project":"Beelsby Hall Farm","mw":11.0,"tech":"Battery","tech_cat":"battery","date":"2035-10-30","connection_point":"Grimsby West","sub_name":"Grimsby West","gate1_reserved":false,"geom_type":"point","located":true,"geocode_source":"REPD","site_name":"Hall Farm (Hannington)","site_status":"Planning Permission Expired"}},{"type":"Feature","geometry":{"type":"Point","coordinates":[-1.2223,53.54148]},"properties":{"project":"Beelsby Hall Farm","mw":38.7,"tech":"Solar","tech_cat":"solar","date":"2035-10-30","connection_point":"Grimsby West","sub_name":"Grimsby West","gate1_reserved":false,"geom_type":"point","located":true,"geocode_source":"REPD","site_name":"Marr Hall Farm, Barnsley Road - Solar Farm","site_status":"Application Refused"}},{"type":"Feature","geometry":{"type":"Point","coordinates":[-1.75753,54.76369]},"properties":{"project":"High Hedley Hope 25.2MW Wind Farm","mw":25.2,"tech":"Onshore Wind","tech_cat":"wind","date":"2033-10-31","connection_point":"Spennymoor","sub_name":"Spennymoor","gate1_reserved":false,"geom_type":"point","located":true,"geocode_source":"REPD","site_name":"High Hedley Hope 2 (Extension)","site_status":"Operational"}},{"type":"Feature","geometry":{"type":"Point","coordinates":[-0.7473701720857956,53.583880258954274]},"properties":{"project":"Ludborough Solar Farm","mw":98.0,"tech":"Solar","tech_cat":"solar","date":"2034-10-31","connection_point":"Keadby","sub_name":"Keadby","gate1_reserved":false,"geom_type":"point","located":false,"geocode_source":"substation"}},{"type":"Feature","geometry":{"type":"Point","coordinates":[-1.19972597091408,54.166430500277976]},"properties":{"project":"David Anderson","mw":26.4,"tech":"Solar","tech_cat":"solar","date":"2033-10-31","connection_point":"Norton","sub_name":"Norton","gate1_reserved":false,"geom_type":"point","located":false,"geocode_source":"substation"}},{"type":"Feature","geometry":{"type":"Point","coordinates":[-1.74062,54.97525]},"properties":{"project":"Newburn Bridge BESS","mw":80.0,"tech":"Battery","tech_cat":"battery","date":"2035-10-30","connection_point":"Stella South","sub_name":"Stella West","gate1_reserved":false,"geom_type":"point","located":true,"geocode_source":"REPD","site_name":"Newburn Bridge Road - Battery Storage Facility","site_status":"Awaiting Construction"}},{"type":"Feature","geometry":{"type":"Point","coordinates":[-2.13632,52.72652]},"properties":{"project":"Preston Farm BESS","mw":62.1,"tech":"Battery","tech_cat":"battery","date":"2033-10-31","connection_point":"Norton","sub_name":"Norton","gate1_reserved":false,"geom_type":"point","located":true,"geocode_source":"REPD","site_name":"Preston Hill Farm, Penkridge - Solar Farm","site_status":"Awaiting Construction"}},{"type":"Feature","geometry":{"type":"Point","coordinates":[-1.3239,53.11021]},"properties":{"project":"High Spen Solar PV & BESS","mw":52.8,"tech":"Battery","tech_cat":"battery","date":"2035-10-30","connection_point":"Stella South","sub_name":"Stella West","gate1_reserved":false,"geom_type":"point","located":true,"geocode_source":"REPD","site_name":"Eurocell Nickel, High View Road -  Solar Pv System","site_status":"Application Submitted"}},{"type":"Feature","geometry":{"type":"Point","coordinates":[-1.3239,53.11021]},"properties":{"project":"High Spen Solar PV & BESS","mw":47.6,"tech":"Solar","tech_cat":"solar","date":"2035-10-30","connection_point":"Stella South","sub_name":"Stella West","gate1_reserved":false,"geom_type":"point","located":true,"geocode_source":"REPD","site_name":"Eurocell Nickel, High View Road -  Solar Pv System","site_status":"Application Submitted"}},{"type":"Feature","geometry":{"type":"Point","coordinates":[-1.0308016081290068,53.950531485004255]},"properties":{"project":"Salton Lane Hybrid","mw":10.0,"tech":"Battery","tech_cat":"battery","date":"2033-08-30","connection_point":"Osbaldwick","sub_name":"Osbaldwick","gate1_reserved":false,"geom_type":"point","located":false,"geocode_source":"substation"}},{"type":"Feature","geometry":{"type":"Point","coordinates":[-1.035921831959263,53.951175872174744]},"properties":{"project":"Salton Lane Hybrid","mw":27.5,"tech":"Solar","tech_cat":"solar","date":"2033-08-30","connection_point":"Osbaldwick","sub_name":"Osbaldwick","gate1_reserved":false,"geom_type":"point","located":false,"geocode_source":"substation"}},{"type":"Feature","geometry":{"type":"Point","coordinates":[-0.33972,53.76719]},"properties":{"project":"Clough Road BESS","mw":85.5,"tech":"Battery","tech_cat":"battery","date":"2034-10-30","connection_point":"Creyke Beck","sub_name":"Creyke Beck","gate1_reserved":false,"geom_type":"point","located":true,"geocode_source":"REPD","site_name":"Clough Road - Battery Energy System","site_status":"Awaiting Construction"}},{"type":"Feature","geometry":{"type":"Point","coordinates":[-1.71437,54.97361]},"properties":{"project":"Newburn Haugh BESS","mw":49.9,"tech":"Battery","tech_cat":"battery","date":"2035-10-30","connection_point":"Stella North","sub_name":"Stella West","gate1_reserved":false,"geom_type":"point","located":true,"geocode_source":"REPD","site_name":"Newburn Haugh Battery Storage Systemc","site_status":"Awaiting Construction"}},{"type":"Feature","geometry":{"type":"Point","coordinates":[-0.3637,52.96879]},"properties":{"project":"Harperley Lane Solar & BESS","mw":43.0,"tech":"Battery","tech_cat":"battery","date":"2035-10-30","connection_point":"Stella South","sub_name":"Stella West","gate1_reserved":false,"geom_type":"point","located":true,"geocode_source":"REPD","site_name":"Burton Gorse Plantation, Whitecross Lane - Solar Panels","site_status":"Application Submitted"}},{"type":"Feature","geometry":{"type":"Point","coordinates":[-1.64495,52.67503]},"properties":{"project":"Harperley Lane Solar & BESS","mw":49.9,"tech":"Solar","tech_cat":"solar","date":"2035-10-30","connection_point":"Stella South","sub_name":"Stella West","gate1_reserved":false,"geom_type":"point","located":true,"geocode_source":"REPD","site_name":"Highfields Farm, Clifton Lane - Solar Panels","site_status":"Awaiting Construction"}},{"type":"Feature","geometry":{"type":"Point","coordinates":[-1.2011830598064235,54.16549732204119]},"properties":{"project":"Turnstall Solar Farm","mw":22.0,"tech":"Solar","tech_cat":"solar","date":"2039-07-30","connection_point":"Norton","sub_name":"Norton","gate1_reserved":false,"geom_type":"point","located":false,"geocode_source":"substation"}},{"type":"Feature","geometry":{"type":"Point","coordinates":[-1.7495659884599994,54.967596247799456]},"properties":{"project":"Blucher Solar","mw":31.4,"tech":"Solar","tech_cat":"solar","date":"2035-10-30","connection_point":"Stella North","sub_name":"Stella West","gate1_reserved":false,"geom_type":"point","located":false,"geocode_source":"substation"}},{"type":"Feature","geometry":{"type":"Point","coordinates":[-1.602339279372792,54.682538998117906]},"properties":{"project":"Fylands Bridge BESS","mw":20.7,"tech":"Battery","tech_cat":"battery","date":"2035-10-29","connection_point":"Spennymoor","sub_name":"Spennymoor","gate1_reserved":false,"geom_type":"point","located":false,"geocode_source":"substation"}},{"type":"Feature","geometry":{"type":"Point","coordinates":[-1.598756189433271,54.683979240768366]},"properties":{"project":"Institute Street","mw":20.0,"tech":"Battery","tech_cat":"battery","date":"2035-10-30","connection_point":"Spennymoor","sub_name":"Spennymoor","gate1_reserved":false,"geom_type":"point","located":false,"geocode_source":"substation"}},{"type":"Feature","geometry":{"type":"Point","coordinates":[-1.5999970595901802,54.68489363446668]},"properties":{"project":"Institute Street","mw":20.0,"tech":"Solar","tech_cat":"solar","date":"2035-10-30","connection_point":"Spennymoor","sub_name":"Spennymoor","gate1_reserved":false,"geom_type":"point","located":false,"geocode_source":"substation"}},{"type":"Feature","geometry":{"type":"Point","coordinates":[-1.752631134830462,54.96667766278964]},"properties":{"project":"GATESHEAD BESS","mw":105.6,"tech":"Battery","tech_cat":"battery","date":"2035-10-26","connection_point":"Stella North","sub_name":"Stella West","gate1_reserved":false,"geom_type":"point","located":false,"geocode_source":"substation"}},{"type":"Feature","geometry":{"type":"Point","coordinates":[-1.0337158038049912,53.948343498823064]},"properties":{"project":"Osbaldwick  99.8MW BESS","mw":105.6,"tech":"Battery","tech_cat":"battery","date":"2039-10-30","connection_point":"Osbaldwick","sub_name":"Osbaldwick","gate1_reserved":false,"geom_type":"point","located":false,"geocode_source":"substation"}},{"type":"Feature","geometry":{"type":"Point","coordinates":[-1.6015545451975837,54.682660357700094]},"properties":{"project":"Bucks Head Hybrid","mw":21.0,"tech":"Battery","tech_cat":"battery","date":"2039-10-30","connection_point":"Spennymoor","sub_name":"Spennymoor","gate1_reserved":false,"geom_type":"point","located":false,"geocode_source":"substation"}},{"type":"Feature","geometry":{"type":"Point","coordinates":[-1.5971235202020793,54.681828776791875]},"properties":{"project":"Bucks Head Hybrid","mw":41.5,"tech":"Solar","tech_cat":"solar","date":"2039-10-30","connection_point":"Spennymoor","sub_name":"Spennymoor","gate1_reserved":false,"geom_type":"point","located":false,"geocode_source":"substation"}},{"type":"Feature","geometry":{"type":"Point","coordinates":[-1.45275,52.45833]},"properties":{"project":"Thorney Hall Farm","mw":25.0,"tech":"Solar","tech_cat":"solar","date":"2035-10-30","connection_point":"Spennymoor","sub_name":"Spennymoor","gate1_reserved":false,"geom_type":"point","located":true,"geocode_source":"REPD","site_name":"Tolldish Hall Farm, Parrotts Grove - Solar Photovoltaic Panels","site_status":"Under Construction"}},{"type":"Feature","geometry":{"type":"Point","coordinates":[-1.5995317092023424,54.684509451010065]},"properties":{"project":"Wadsworth Farm BESS","mw":50.0,"tech":"Battery","tech_cat":"battery","date":"2035-10-30","connection_point":"Spennymoor","sub_name":"Spennymoor","gate1_reserved":false,"geom_type":"point","located":false,"geocode_source":"substation"}},{"type":"Feature","geometry":{"type":"Point","coordinates":[-3.02779,53.55261]},"properties":{"project":"Lord's Moor Farm 30MW Solar PV","mw":30.0,"tech":"Solar","tech_cat":"solar","date":"2039-07-30","connection_point":"Norton","sub_name":"Norton","gate1_reserved":false,"geom_type":"point","located":true,"geocode_source":"REPD","site_name":"Suttons Farm, Lord Sefton Way -  Solar Pv System","site_status":"Awaiting Construction"}},{"type":"Feature","geometry":{"type":"Point","coordinates":[-1.1989,54.598]},"properties":{"project":"Tees Valley Additional 5MW","mw":49.9,"tech":"Low Carbon Dispatchable Power","tech_cat":"other","date":"2039-07-30","connection_point":"Norton","sub_name":"Norton","gate1_reserved":false,"geom_type":"point","located":true,"geocode_source":"REPD","site_name":"Tees Valley Renewable Energy Facility - TV2","site_status":"Abandoned"}},{"type":"Feature","geometry":{"type":"Point","coordinates":[-1.19692796083358,54.168322830600104]},"properties":{"project":"Thornley BESS","mw":99.4,"tech":"Battery","tech_cat":"battery","date":"2039-07-30","connection_point":"Norton","sub_name":"Norton","gate1_reserved":false,"geom_type":"point","located":false,"geocode_source":"substation"}},{"type":"Feature","geometry":{"type":"Point","coordinates":[0.68005,51.20493]},"properties":{"project":"Little Becks Solar","mw":99.9,"tech":"Solar","tech_cat":"solar","date":"2039-10-20","connection_point":"Grimsby West","sub_name":"Grimsby West","gate1_reserved":false,"geom_type":"point","located":true,"geocode_source":"REPD","site_name":"Little Telpits Farm, Woodcock Lane - Solar Panels","site_status":"Awaiting Construction"}},{"type":"Feature","geometry":{"type":"Point","coordinates":[-1.86572,53.81049]},"properties":{"project":"Morrow Edge Farm BESS","mw":45.0,"tech":"Battery","tech_cat":"battery","date":"2035-10-30","connection_point":"Stella South","sub_name":"Stella West","gate1_reserved":false,"geom_type":"point","located":true,"geocode_source":"REPD","site_name":"Harrop Edge Farm","site_status":"Revised"}},{"type":"Feature","geometry":{"type":"Point","coordinates":[-0.0675,53.57486]},"properties":{"project":"Grimsby Solar","mw":50.0,"tech":"Solar","tech_cat":"solar","date":"2026-03-30","connection_point":"Grimsby West","sub_name":"Grimsby West","gate1_reserved":false,"geom_type":"point","located":true,"geocode_source":"REPD","site_name":"Gorton Street & Murray Street, Grimsby Docks - Solar PV Panels","site_status":"Awaiting Construction"}},{"type":"Feature","geometry":{"type":"Point","coordinates":[-1.12346,53.30116]},"properties":{"project":"Fylands Bridge PV","mw":50.0,"tech":"Solar","tech_cat":"solar","date":"2035-10-30","connection_point":"Spennymoor","sub_name":"Spennymoor","gate1_reserved":false,"geom_type":"point","located":true,"geocode_source":"REPD","site_name":"Bridge Street - Solar Pv System","site_status":"Awaiting Construction"}},{"type":"Feature","geometry":{"type":"Point","coordinates":[-1.49304,54.43396]},"properties":{"project":"Cross Rein Link East Cowton Solar Farm","mw":28.9,"tech":"Solar","tech_cat":"solar","date":"2039-07-30","connection_point":"Norton","sub_name":"Norton","gate1_reserved":false,"geom_type":"point","located":true,"geocode_source":"REPD","site_name":"East Cowton Solar Farm","site_status":"Application Submitted"}},{"type":"Feature","geometry":{"type":"Point","coordinates":[-1.56324,54.72389]},"properties":{"project":"Porch House Farm BESS","mw":99.4,"tech":"Battery","tech_cat":"battery","date":"2035-10-30","connection_point":"Spennymoor","sub_name":"Spennymoor","gate1_reserved":false,"geom_type":"point","located":true,"geocode_source":"REPD","site_name":"Porch House Farm, East Street - Battery Energy Storage System","site_status":"Application Submitted"}},{"type":"Feature","geometry":{"type":"Point","coordinates":[-1.0347099795336974,53.950620213703495]},"properties":{"project":"Birdstall Estate Hybrid","mw":54.0,"tech":"Battery","tech_cat":"battery","date":"2039-07-30","connection_point":"Osbaldwick","sub_name":"Osbaldwick","gate1_reserved":false,"geom_type":"point","located":false,"geocode_source":"substation"}},{"type":"Feature","geometry":{"type":"Point","coordinates":[-1.0317323163070067,53.948344834023324]},"properties":{"project":"Birdstall Estate Hybrid","mw":54.0,"tech":"Solar","tech_cat":"solar","date":"2039-07-30","connection_point":"Osbaldwick","sub_name":"Osbaldwick","gate1_reserved":false,"geom_type":"point","located":false,"geocode_source":"substation"}},{"type":"Feature","geometry":{"type":"Point","coordinates":[-0.7490812246617894,53.583193802963706]},"properties":{"project":"Manton Solar Farm","mw":29.4,"tech":"Solar","tech_cat":"solar","date":"2039-10-31","connection_point":"Keadby","sub_name":"Keadby","gate1_reserved":false,"geom_type":"point","located":false,"geocode_source":"substation"}},{"type":"Feature","geometry":{"type":"Point","coordinates":[-4.3139,55.7464]},"properties":{"project":"Hurworth Moor PV","mw":38.0,"tech":"Solar","tech_cat":"solar","date":"2039-07-30","connection_point":"Norton","sub_name":"Norton","gate1_reserved":false,"geom_type":"point","located":true,"geocode_source":"REPD","site_name":"Bonnyton, Kirkton Moor Road  - Solar PV Panels","site_status":"Application Submitted"}},{"type":"Feature","geometry":{"type":"Point","coordinates":[-0.13522997545718357,53.551497862036534]},"properties":{"project":"NEL Immingham BESS","mw":80.0,"tech":"Battery","tech_cat":"battery","date":"2035-10-30","connection_point":"Grimsby West","sub_name":"Grimsby West","gate1_reserved":false,"geom_type":"point","located":false,"geocode_source":"substation"}},{"type":"Feature","geometry":{"type":"Point","coordinates":[-1.7491547374980676,54.967007186651]},"properties":{"project":"Kibblesworth Grange Extension 16.9MW SPV","mw":20.6,"tech":"Solar","tech_cat":"solar","date":"2039-10-30","connection_point":"Stella South","sub_name":"Stella West","gate1_reserved":false,"geom_type":"point","located":false,"geocode_source":"substation"}},{"type":"Feature","geometry":{"type":"Point","coordinates":[-0.7524787648470556,53.58327021288789]},"properties":{"project":"Vox Winterton BESS","mw":95.0,"tech":"Battery","tech_cat":"battery","date":"2034-10-31","connection_point":"Keadby","sub_name":"Keadby","gate1_reserved":false,"geom_type":"point","located":false,"geocode_source":"substation"}},{"type":"Feature","geometry":{"type":"Point","coordinates":[-0.21221,53.64023]},"properties":{"project":"ABP Immingham wind farm","mw":17.0,"tech":"Onshore Wind","tech_cat":"wind","date":"2039-10-30","connection_point":"Grimsby West","sub_name":"Grimsby West","gate1_reserved":false,"geom_type":"point","located":true,"geocode_source":"REPD","site_name":"ABP Immingham, Shed 35 Immingham Dock - Solar Panels","site_status":"Awaiting Construction"}},{"type":"Feature","geometry":{"type":"Point","coordinates":[-2.7268,53.46031]},"properties":{"project":"Billingham Energy Waste","mw":12.2,"tech":"Low Carbon Dispatchable Power","tech_cat":"other","date":"2039-10-30","connection_point":"Norton","sub_name":"Norton","gate1_reserved":false,"geom_type":"point","located":true,"geocode_source":"REPD","site_name":"Lock Street Energy from Waste Plant","site_status":"Revised"}},{"type":"Feature","geometry":{"type":"Point","coordinates":[-1.7510453571057047,54.96615265980267]},"properties":{"project":"Greencroft","mw":50.0,"tech":"Battery","tech_cat":"battery","date":"2039-10-30","connection_point":"Stella South","sub_name":"Stella West","gate1_reserved":false,"geom_type":"point","located":false,"geocode_source":"substation"}},{"type":"Feature","geometry":{"type":"Point","coordinates":[-0.4145159848936417,53.867312480634276]},"properties":{"project":"Thornholme Wind","mw":25.2,"tech":"Onshore Wind","tech_cat":"wind","date":"2039-10-30","connection_point":"Creyke Beck","sub_name":"Creyke Beck","gate1_reserved":false,"geom_type":"point","located":false,"geocode_source":"substation"}},{"type":"Feature","geometry":{"type":"Point","coordinates":[-0.53829,53.71417]},"properties":{"project":"Gibson Lane wind farm","mw":24.0,"tech":"Low Carbon Dispatchable Power","tech_cat":"other","date":"2027-09-30","connection_point":"Creyke Beck","sub_name":"Creyke Beck","gate1_reserved":false,"geom_type":"point","located":true,"geocode_source":"REPD","site_name":"Gibson Lane Anaerobic Digestion Plan","site_status":"Application Withdrawn"}},{"type":"Feature","geometry":{"type":"Point","coordinates":[-1.36436,55.16695]},"properties":{"project":"Blyth Offshore Demonstrator 2","mw":58.4,"tech":"Offshore Wind","tech_cat":"wind","date":"2027-12-30","connection_point":"Blyth 66kV","sub_name":"Blyth","gate1_reserved":false,"geom_type":"point","located":true,"geocode_source":"REPD","site_name":"Blyth Offshore Wind Farm Phase 2 Demonstrator Project","site_status":"Awaiting Construction"}},{"type":"Feature","geometry":{"type":"Point","coordinates":[1.07861,52.75623]},"properties":{"project":"Warren Lane Photovoltaic","mw":41.9,"tech":"Battery","tech_cat":"battery","date":"2026-06-30","connection_point":"Keadby","sub_name":"Keadby","gate1_reserved":false,"geom_type":"point","located":true,"geocode_source":"REPD","site_name":"Nowhere Lane, Norwich - Solar Photovoltaic Panels","site_status":"Awaiting Construction"}},{"type":"Feature","geometry":{"type":"Point","coordinates":[1.07861,52.75623]},"properties":{"project":"Warren Lane Photovoltaic","mw":41.9,"tech":"Solar","tech_cat":"solar","date":"2026-06-30","connection_point":"Keadby","sub_name":"Keadby","gate1_reserved":false,"geom_type":"point","located":true,"geocode_source":"REPD","site_name":"Nowhere Lane, Norwich - Solar Photovoltaic Panels","site_status":"Awaiting Construction"}},{"type":"Feature","geometry":{"type":"Point","coordinates":[-0.7488255349814606,53.58268729318888]},"properties":{"project":"Santon Solar Farm","mw":60.0,"tech":"Battery","tech_cat":"battery","date":"2027-10-31","connection_point":"Keadby","sub_name":"Keadby","gate1_reserved":false,"geom_type":"point","located":false,"geocode_source":"substation"}},{"type":"Feature","geometry":{"type":"Point","coordinates":[-0.7473002823360421,53.5825375840633]},"properties":{"project":"Santon Solar Farm","mw":99.9,"tech":"Solar","tech_cat":"solar","date":"2027-10-31","connection_point":"Keadby","sub_name":"Keadby","gate1_reserved":false,"geom_type":"point","located":false,"geocode_source":"substation"}},{"type":"Feature","geometry":{"type":"Point","coordinates":[-0.7496962069569154,53.584428837725056]},"properties":{"project":"FLIXBOROUGH HRS","mw":63.0,"tech":"Low Carbon Dispatchable Power","tech_cat":"other","date":"2027-10-31","connection_point":"Keadby","sub_name":"Keadby","gate1_reserved":false,"geom_type":"point","located":false,"geocode_source":"substation"}},{"type":"Feature","geometry":{"type":"Point","coordinates":[-6.03176,54.6569]},"properties":{"project":"Queens Road Turbine","mw":49.5,"tech":"Low Carbon Dispatchable Power","tech_cat":"other","date":"2028-06-30","connection_point":"Grimsby West","sub_name":"Grimsby West","gate1_reserved":false,"geom_type":"point","located":true,"geocode_source":"REPD","site_name":"Aughnabrack Road Replacement Turbine","site_status":"Awaiting Construction"}},{"type":"Feature","geometry":{"type":"Point","coordinates":[-0.25158,53.74724]},"properties":{"project":"Great Coates Moody Lane","mw":21.0,"tech":"Unabated Gas","tech_cat":"gas","date":"2026-09-30","connection_point":"Grimsby West","sub_name":"Grimsby West","gate1_reserved":false,"geom_type":"point","located":true,"geocode_source":"REPD","site_name":"Green Frog Power, Great Field Lane - Battery Energy Storage System","site_status":"Awaiting Construction"}},{"type":"Feature","geometry":{"type":"Point","coordinates":[-2.07285,52.35516]},"properties":{"project":"Hell Hole Solar  (NE1048)","mw":120.0,"tech":"Solar","tech_cat":"solar","date":"2026-03-30","connection_point":"Norton","sub_name":"Norton","gate1_reserved":false,"geom_type":"point","located":true,"geocode_source":"REPD","site_name":"Bumble Hole Lane, Dodford - Solar PV","site_status":"Operational"}},{"type":"Feature","geometry":{"type":"Point","coordinates":[-0.1781,53.61002]},"properties":{"project":"Netherlands Way (Site 1) Y1560","mw":20.0,"tech":"Battery","tech_cat":"battery","date":"2026-03-13","connection_point":"Grimsby West","sub_name":"Grimsby West","gate1_reserved":false,"geom_type":"point","located":true,"geocode_source":"REPD","site_name":"Netherlands Way - Battery Energy Facility","site_status":"Awaiting Construction"}},{"type":"Feature","geometry":{"type":"Point","coordinates":[-0.1781,53.61002]},"properties":{"project":"Netherlands Way (Site 2) Y1560","mw":20.0,"tech":"Battery","tech_cat":"battery","date":"2026-03-13","connection_point":"Grimsby West","sub_name":"Grimsby West","gate1_reserved":false,"geom_type":"point","located":true,"geocode_source":"REPD","site_name":"Netherlands Way - Battery Energy Facility","site_status":"Awaiting Construction"}},{"type":"Feature","geometry":{"type":"Point","coordinates":[-0.1781,53.61002]},"properties":{"project":"Netherlands Way (Site 3) Y1560","mw":20.0,"tech":"Battery","tech_cat":"battery","date":"2026-03-13","connection_point":"Grimsby West","sub_name":"Grimsby West","gate1_reserved":false,"geom_type":"point","located":true,"geocode_source":"REPD","site_name":"Netherlands Way - Battery Energy Facility","site_status":"Awaiting Construction"}},{"type":"Feature","geometry":{"type":"Point","coordinates":[-0.1781,53.61002]},"properties":{"project":"Netherlands Way (Site 4) Y1560","mw":20.0,"tech":"Battery","tech_cat":"battery","date":"2026-03-13","connection_point":"Grimsby West","sub_name":"Grimsby West","gate1_reserved":false,"geom_type":"point","located":true,"geocode_source":"REPD","site_name":"Netherlands Way - Battery Energy Facility","site_status":"Awaiting Construction"}},{"type":"Feature","geometry":{"type":"Point","coordinates":[-0.88884,52.00221]},"properties":{"project":"Guisborough Estate 39.6MW Solar PV","mw":39.6,"tech":"Solar","tech_cat":"solar","date":"2031-10-31","connection_point":"Lackenby","sub_name":"Lackenby","gate1_reserved":false,"geom_type":"point","located":true,"geocode_source":"REPD","site_name":"Thornton Estate -  Solar PV Panels","site_status":"Application Submitted"}},{"type":"Feature","geometry":{"type":"Point","coordinates":[-0.43715,53.23874]},"properties":{"project":"Old Malton Hybrid Solar","mw":62.4,"tech":"Solar","tech_cat":"solar","date":"2027-12-30","connection_point":"Osbaldwick","sub_name":"Osbaldwick","gate1_reserved":false,"geom_type":"point","located":true,"geocode_source":"REPD","site_name":"The Old Airfield Solar Photovoltaic Farm","site_status":"Awaiting Construction"}},{"type":"Feature","geometry":{"type":"Point","coordinates":[-1.7511632007873805,54.96653737327097]},"properties":{"project":"Newcastle BESS","mw":105.4,"tech":"Battery","tech_cat":"battery","date":"2025-12-30","connection_point":"Stella South","sub_name":"Stella West","gate1_reserved":false,"geom_type":"point","located":false,"geocode_source":"substation"}},{"type":"Feature","geometry":{"type":"Point","coordinates":[-1.1971086756445908,54.16606378563059]},"properties":{"project":"California Hybrid Solar & BESS","mw":100.0,"tech":"Battery","tech_cat":"battery","date":"2027-03-30","connection_point":"Norton","sub_name":"Norton","gate1_reserved":false,"geom_type":"point","located":false,"geocode_source":"substation"}},{"type":"Feature","geometry":{"type":"Point","coordinates":[-1.1999102427249322,54.1663550302052]},"properties":{"project":"California Hybrid Solar & BESS","mw":50.0,"tech":"Solar","tech_cat":"solar","date":"2027-03-30","connection_point":"Norton","sub_name":"Norton","gate1_reserved":false,"geom_type":"point","located":false,"geocode_source":"substation"}},{"type":"Feature","geometry":{"type":"Point","coordinates":[-0.41573745929257505,53.86845722917322]},"properties":{"project":"SUNDERLANDWICK SOLAR PV FARM","mw":35.0,"tech":"Solar","tech_cat":"solar","date":"2033-05-31","connection_point":"Creyke Beck","sub_name":"Creyke Beck","gate1_reserved":false,"geom_type":"point","located":false,"geocode_source":"substation"}},{"type":"Feature","geometry":{"type":"Point","coordinates":[-4.3139,55.7464]},"properties":{"project":"Seamer Moor PV","mw":23.0,"tech":"Solar","tech_cat":"solar","date":"2026-04-30","connection_point":"Osbaldwick","sub_name":"Osbaldwick","gate1_reserved":false,"geom_type":"point","located":true,"geocode_source":"REPD","site_name":"Bonnyton, Kirkton Moor Road  - Solar PV Panels","site_status":"Application Submitted"}},{"type":"Feature","geometry":{"type":"Point","coordinates":[-0.4172296368126219,53.866853336939684]},"properties":{"project":"Weel Power IDNO","mw":40.0,"tech":"Battery","tech_cat":"battery","date":"2033-05-31","connection_point":"Creyke Beck","sub_name":"Creyke Beck","gate1_reserved":false,"geom_type":"point","located":false,"geocode_source":"substation"}},{"type":"Feature","geometry":{"type":"Point","coordinates":[-0.4175438580951793,53.86557529714902]},"properties":{"project":"Weel Power IDNO","mw":40.0,"tech":"Solar","tech_cat":"solar","date":"2033-05-31","connection_point":"Creyke Beck","sub_name":"Creyke Beck","gate1_reserved":false,"geom_type":"point","located":false,"geocode_source":"substation"}},{"type":"Feature","geometry":{"type":"Point","coordinates":[-1.1992288193770004,54.1676231953546]},"properties":{"project":"Whessoe PV","mw":40.0,"tech":"Solar","tech_cat":"solar","date":"2025-12-30","connection_point":"Norton","sub_name":"Norton","gate1_reserved":false,"geom_type":"point","located":false,"geocode_source":"substation"}},{"type":"Feature","geometry":{"type":"Point","coordinates":[-2.68444,50.92529]},"properties":{"project":"West House Hybrid PV % BESS","mw":18.0,"tech":"Battery","tech_cat":"battery","date":"2026-09-30","connection_point":"Norton","sub_name":"Norton","gate1_reserved":false,"geom_type":"point","located":true,"geocode_source":"REPD","site_name":"Camp Road, West Coker - Solar PV Panels","site_status":"Awaiting Construction"}},{"type":"Feature","geometry":{"type":"Point","coordinates":[-1.47229,54.68961]},"properties":{"project":"West House Hybrid PV % BESS","mw":39.0,"tech":"Solar","tech_cat":"solar","date":"2026-09-30","connection_point":"Norton","sub_name":"Norton","gate1_reserved":false,"geom_type":"point","located":true,"geocode_source":"REPD","site_name":"West House Farm, Fishburn - Solar Farm","site_status":"Awaiting Construction"}},{"type":"Feature","geometry":{"type":"Point","coordinates":[-0.49398,53.37794]},"properties":{"project":"Normanby Solar","mw":8.0,"tech":"Solar","tech_cat":"solar","date":"2027-10-31","connection_point":"Keadby","sub_name":"Keadby","gate1_reserved":false,"geom_type":"point","located":true,"geocode_source":"REPD","site_name":"Highgate Lane, Normanby-By-Spital - Solar Photovoltaic Farm","site_status":"Awaiting Construction"}},{"type":"Feature","geometry":{"type":"Point","coordinates":[-0.73992,53.61358]},"properties":{"project":"Keadby Solar DN17","mw":49.9,"tech":"Solar","tech_cat":"solar","date":"2027-10-31","connection_point":"Keadby","sub_name":"Keadby","gate1_reserved":false,"geom_type":"point","located":true,"geocode_source":"REPD","site_name":"North Moor Farm, Keadby - Solar Panels","site_status":"Application Submitted"}},{"type":"Feature","geometry":{"type":"Point","coordinates":[-1.7518590468277424,54.96763596592982]},"properties":{"project":"Morrow Edge Solar","mw":46.6,"tech":"Solar","tech_cat":"solar","date":"2027-06-30","connection_point":"Stella South","sub_name":"Stella West","gate1_reserved":false,"geom_type":"point","located":false,"geocode_source":"substation"}},{"type":"Feature","geometry":{"type":"Point","coordinates":[-0.7474065308585155,53.583477190700705]},"properties":{"project":"Ealand Solar Farm","mw":49.9,"tech":"Solar","tech_cat":"solar","date":"2034-10-31","connection_point":"Keadby","sub_name":"Keadby","gate1_reserved":false,"geom_type":"point","located":false,"geocode_source":"substation"}},{"type":"Feature","geometry":{"type":"Point","coordinates":[-1.75177,53.78797]},"properties":{"project":"Swan House PV","mw":39.6,"tech":"Solar","tech_cat":"solar","date":"2031-10-31","connection_point":"Norton","sub_name":"Norton","gate1_reserved":false,"geom_type":"point","located":true,"geocode_source":"REPD","site_name":"Trafalgar House Police Station - Installation Of  Solar PV System","site_status":"Under Construction"}},{"type":"Feature","geometry":{"type":"Point","coordinates":[-1.032087237069409,53.94977721794226]},"properties":{"project":"Old Malton BESS","mw":20.7,"tech":"Battery","tech_cat":"battery","date":"2031-10-31","connection_point":"Osbaldwick","sub_name":"Osbaldwick","gate1_reserved":false,"geom_type":"point","located":false,"geocode_source":"substation"}},{"type":"Feature","geometry":{"type":"Point","coordinates":[-0.4138113665203046,53.865337133900105]},"properties":{"project":"Wansford Road","mw":30.0,"tech":"Battery","tech_cat":"battery","date":"2033-05-31","connection_point":"Creyke Beck","sub_name":"Creyke Beck","gate1_reserved":false,"geom_type":"point","located":false,"geocode_source":"substation"}},{"type":"Feature","geometry":{"type":"Point","coordinates":[-0.4182916287574589,53.867091938001494]},"properties":{"project":"Wansford Road","mw":30.0,"tech":"Solar","tech_cat":"solar","date":"2033-05-31","connection_point":"Creyke Beck","sub_name":"Creyke Beck","gate1_reserved":false,"geom_type":"point","located":false,"geocode_source":"substation"}},{"type":"Feature","geometry":{"type":"Point","coordinates":[-0.70518,52.44669]},"properties":{"project":"Skeeby Ph2 39.3MW Solar PV & 33.9MW BESS","mw":38.5,"tech":"Battery","tech_cat":"battery","date":"2031-10-31","connection_point":"Norton","sub_name":"Norton","gate1_reserved":false,"geom_type":"point","located":true,"geocode_source":"REPD","site_name":"Oakley Bush Solar Farm - Solar PV Panels","site_status":"Application Submitted"}},{"type":"Feature","geometry":{"type":"Point","coordinates":[-2.41412,51.79505]},"properties":{"project":"Skeeby Ph2 39.3MW Solar PV & 33.9MW BESS","mw":49.1,"tech":"Solar","tech_cat":"solar","date":"2031-10-31","connection_point":"Norton","sub_name":"Norton","gate1_reserved":false,"geom_type":"point","located":true,"geocode_source":"REPD","site_name":"Arlingham Solar Farm - Solar PV Panels & Battery Storage Facility","site_status":"Application Withdrawn"}},{"type":"Feature","geometry":{"type":"Point","coordinates":[-0.7496917049484638,53.5820701613897]},"properties":{"project":"Caistor Solar Farm","mw":49.9,"tech":"Solar","tech_cat":"solar","date":"2034-10-31","connection_point":"Keadby","sub_name":"Keadby","gate1_reserved":false,"geom_type":"point","located":false,"geocode_source":"substation"}},{"type":"Feature","geometry":{"type":"Point","coordinates":[-1.30416,53.28735]},"properties":{"project":"Low Bohemia Farm","mw":10.0,"tech":"Battery","tech_cat":"battery","date":"2031-10-31","connection_point":"Osbaldwick","sub_name":"Osbaldwick","gate1_reserved":false,"geom_type":"point","located":true,"geocode_source":"REPD","site_name":"Land South East of Low Common Farm","site_status":"Application Refused"}},{"type":"Feature","geometry":{"type":"Point","coordinates":[0.18071,53.09897]},"properties":{"project":"Low Bohemia Farm","mw":49.9,"tech":"Solar","tech_cat":"solar","date":"2031-10-31","connection_point":"Osbaldwick","sub_name":"Osbaldwick","gate1_reserved":false,"geom_type":"point","located":true,"geocode_source":"REPD","site_name":"Low Farm Solar Farm","site_status":"Under Construction"}},{"type":"Feature","geometry":{"type":"Point","coordinates":[-4.3139,55.7464]},"properties":{"project":"Moor Leaze Solar PV","mw":41.8,"tech":"Solar","tech_cat":"solar","date":"2035-10-30","connection_point":"Stella South","sub_name":"Stella West","gate1_reserved":false,"geom_type":"point","located":true,"geocode_source":"REPD","site_name":"Bonnyton, Kirkton Moor Road  - Solar PV Panels","site_status":"Application Submitted"}},{"type":"Feature","geometry":{"type":"Point","coordinates":[-0.30907,53.62662]},"properties":{"project":"Sweet Briar Farm","mw":31.4,"tech":"Solar","tech_cat":"solar","date":"2035-10-30","connection_point":"Grimsby West","sub_name":"Grimsby West","gate1_reserved":false,"geom_type":"point","located":true,"geocode_source":"REPD","site_name":"Sweet Briar Farm - Solar Farm","site_status":"Application Submitted"}},{"type":"Feature","geometry":{"type":"Point","coordinates":[-1.79261,54.62153]},"properties":{"project":"Bluestone Farm 40MW SPV","mw":42.2,"tech":"Solar","tech_cat":"solar","date":"2027-09-30","connection_point":"Spennymoor","sub_name":"Spennymoor","gate1_reserved":false,"geom_type":"point","located":true,"geocode_source":"REPD","site_name":"Bluestone Farm, Low Lands - Solar Farm","site_status":"Awaiting Construction"}},{"type":"Feature","geometry":{"type":"Point","coordinates":[-0.9857756319019378,53.733488105072595]},"properties":{"project":"Drax Battery Storage","mw":110.4,"tech":"Battery","tech_cat":"battery","date":"2029-10-01","connection_point":"Drax","sub_name":"Drax","gate1_reserved":false,"geom_type":"point","located":false,"geocode_source":"substation"}},{"type":"Feature","geometry":{"type":"Point","coordinates":[-0.0675,53.57486]},"properties":{"project":"Grimsby Solar II","mw":49.9,"tech":"Solar","tech_cat":"solar","date":"2035-10-30","connection_point":"Grimsby West","sub_name":"Grimsby West","gate1_reserved":false,"geom_type":"point","located":true,"geocode_source":"REPD","site_name":"Gorton Street & Murray Street, Grimsby Docks - Solar PV Panels","site_status":"Awaiting Construction"}},{"type":"Feature","geometry":{"type":"Point","coordinates":[-3.25427,51.39623]},"properties":{"project":"Tegco Site 1","mw":60.0,"tech":"Unabated Gas","tech_cat":"gas","date":"2026-09-30","connection_point":"Grimsby West","sub_name":"Grimsby West","gate1_reserved":false,"geom_type":"point","located":true,"geocode_source":"REPD","site_name":"Port of Barry  - Site 1","site_status":"Operational"}},{"type":"Feature","geometry":{"type":"Point","coordinates":[-3.25427,51.39623]},"properties":{"project":"Tegco Site 2","mw":60.0,"tech":"Unabated Gas","tech_cat":"gas","date":"2026-09-30","connection_point":"Grimsby West","sub_name":"Grimsby West","gate1_reserved":false,"geom_type":"point","located":true,"geocode_source":"REPD","site_name":"Port of Barry  - Site 2","site_status":"Operational"}},{"type":"Feature","geometry":{"type":"Point","coordinates":[-1.45891,52.72787]},"properties":{"project":"Nordens Barn Farm","mw":15.0,"tech":"Solar","tech_cat":"solar","date":"2029-10-01","connection_point":"Drax","sub_name":"Drax","gate1_reserved":false,"geom_type":"point","located":true,"geocode_source":"REPD","site_name":"Hill Farm - Energy Barn","site_status":"Operational"}},{"type":"Feature","geometry":{"type":"Point","coordinates":[-0.40257,52.99173]},"properties":{"project":"Ketton 49.9MW Solar PV","mw":52.0,"tech":"Solar","tech_cat":"solar","date":"2031-10-31","connection_point":"Norton","sub_name":"Norton","gate1_reserved":false,"geom_type":"point","located":true,"geocode_source":"REPD","site_name":"Mareham Lane, Solar PV Panels","site_status":"Awaiting Construction"}},{"type":"Feature","geometry":{"type":"Point","coordinates":[-0.7474959338178773,53.58507212570182]},"properties":{"project":"Winterton Carr","mw":7.0,"tech":"Solar","tech_cat":"solar","date":"2027-10-31","connection_point":"Keadby","sub_name":"Keadby","gate1_reserved":false,"geom_type":"point","located":false,"geocode_source":"substation"}},{"type":"Feature","geometry":{"type":"Point","coordinates":[-1.602382170268134,54.683161212419044]},"properties":{"project":"Glaxosmith Barnard Solar","mw":12.8,"tech":"Solar","tech_cat":"solar","date":"2031-09-30","connection_point":"Spennymoor","sub_name":"Spennymoor","gate1_reserved":false,"geom_type":"point","located":false,"geocode_source":"substation"}},{"type":"Feature","geometry":{"type":"Point","coordinates":[-1.56312,55.11015]},"properties":{"project":"Low Horton PV - Part-1","mw":42.2,"tech":"Solar","tech_cat":"solar","date":"2026-10-30","connection_point":"Blyth 66kV","sub_name":"Blyth","gate1_reserved":false,"geom_type":"point","located":true,"geocode_source":"REPD","site_name":"Low Horton Farm - Solar Farm","site_status":"Awaiting Construction"}},{"type":"Feature","geometry":{"type":"Point","coordinates":[-1.56312,55.11015]},"properties":{"project":"Low Horton PV - Part-2","mw":42.2,"tech":"Solar","tech_cat":"solar","date":"2027-10-30","connection_point":"Blyth 66kV","sub_name":"Blyth","gate1_reserved":false,"geom_type":"point","located":true,"geocode_source":"REPD","site_name":"Low Horton Farm - Solar Farm","site_status":"Awaiting Construction"}},{"type":"Feature","geometry":{"type":"Point","coordinates":[1.17262,52.32603]},"properties":{"project":"Burnt House 40MW Solar PV","mw":42.2,"tech":"Solar","tech_cat":"solar","date":"2027-10-30","connection_point":"Blyth 66kV","sub_name":"Blyth","gate1_reserved":false,"geom_type":"point","located":true,"geocode_source":"REPD","site_name":"Burnt House Farm, Hoxne Road - Solar PV Array","site_status":"Awaiting Construction"}},{"type":"Feature","geometry":{"type":"Point","coordinates":[-0.7500098511731355,53.58449571542557]},"properties":{"project":"Roxby Solar","mw":30.0,"tech":"Solar","tech_cat":"solar","date":"2027-10-31","connection_point":"Keadby","sub_name":"Keadby","gate1_reserved":false,"geom_type":"point","located":false,"geocode_source":"substation"}},{"type":"Feature","geometry":{"type":"Point","coordinates":[-1.5999447509012166,54.68407977197357]},"properties":{"project":"Thinford Storage BESS","mw":105.3,"tech":"Battery","tech_cat":"battery","date":"2031-03-30","connection_point":"Spennymoor","sub_name":"Spennymoor","gate1_reserved":false,"geom_type":"point","located":false,"geocode_source":"substation"}},{"type":"Feature","geometry":{"type":"Point","coordinates":[0.23731,51.50333]},"properties":{"project":"Sandy Lane","mw":16.1,"tech":"Unabated Gas","tech_cat":"gas","date":"2026-01-31","connection_point":"Stalybridge","sub_name":"Stalybridge","gate1_reserved":false,"geom_type":"point","located":true,"geocode_source":"REPD","site_name":"Aveley Landfill, Sandy Lane - PV Solar Array & Battery Energy Storage","site_status":"Awaiting Construction"}},{"type":"Feature","geometry":{"type":"Point","coordinates":[-2.89234,54.02606]},"properties":{"project":"Lancaster Power","mw":75.0,"tech":"Battery","tech_cat":"battery","date":"2026-01-31","connection_point":"Heysham","sub_name":"Heysham","gate1_reserved":false,"geom_type":"point","located":true,"geocode_source":"REPD","site_name":"Lancaster Power Extension, Middleton Road - Energy Storage Facility","site_status":"Awaiting Construction"}},{"type":"Feature","geometry":{"type":"Point","coordinates":[-2.881274973692812,53.482484329628164]},"properties":{"project":"Orrell Battery Energy Storage","mw":70.0,"tech":"Battery","tech_cat":"battery","date":"2026-01-31","connection_point":"Kirkby","sub_name":"Kirkby","gate1_reserved":false,"geom_type":"point","located":false,"geocode_source":"substation"}},{"type":"Feature","geometry":{"type":"Point","coordinates":[-0.48871,53.83962]},"properties":{"project":"Grange Farm Solar","mw":24.0,"tech":"Solar","tech_cat":"solar","date":"2025-11-30","connection_point":"Penwortham","sub_name":"Penwortham","gate1_reserved":false,"geom_type":"point","located":true,"geocode_source":"REPD","site_name":"Grange Farm, Finchcroft Lane - Solar Panels","site_status":"Awaiting Construction"}},{"type":"Feature","geometry":{"type":"Point","coordinates":[-0.95983,51.24715]},"properties":{"project":"NORTH FARM ELECTRICITY STORAGE PLANT","mw":99.9,"tech":"Battery","tech_cat":"battery","date":"2029-10-30","connection_point":"Heysham","sub_name":"Heysham","gate1_reserved":false,"geom_type":"point","located":true,"geocode_source":"REPD","site_name":"Chosley Farm, North Warnborough Solar Farm and Battery storage","site_status":"Awaiting Construction"}},{"type":"Feature","geometry":{"type":"Point","coordinates":[-2.07307,53.4818]},"properties":{"project":"Tame Power","mw":4.3,"tech":"Unabated Gas","tech_cat":"gas","date":"2026-01-31","connection_point":"Stalybridge","sub_name":"Stalybridge","gate1_reserved":false,"geom_type":"point","located":true,"geocode_source":"REPD","site_name":"Tame Power - Flexible Energy Facility","site_status":"Revised"}},{"type":"Feature","geometry":{"type":"Point","coordinates":[-2.81793,53.75797]},"properties":{"project":"Clifton Marsh Solar Project","mw":70.4,"tech":"Solar","tech_cat":"solar","date":"2025-11-30","connection_point":"Penwortham","sub_name":"Penwortham","gate1_reserved":false,"geom_type":"point","located":true,"geocode_source":"REPD","site_name":"Clifton Marsh Farm, Preston New Road - Solar Farm","site_status":"Application Submitted"}},{"type":"Feature","geometry":{"type":"Point","coordinates":[-2.734860212556454,53.75172888067737]},"properties":{"project":"Poulton Power","mw":7.6,"tech":"Battery","tech_cat":"battery","date":"2025-07-31","connection_point":"Penwortham","sub_name":"Penwortham","gate1_reserved":false,"geom_type":"point","located":false,"geocode_source":"substation"}},{"type":"Feature","geometry":{"type":"Point","coordinates":[-2.68839,53.61443]},"properties":{"project":"Vause Farm BESS","mw":20.0,"tech":"Battery","tech_cat":"battery","date":"2025-11-30","connection_point":"Penwortham","sub_name":"Penwortham","gate1_reserved":false,"geom_type":"point","located":true,"geocode_source":"REPD","site_name":"Vause Farm - Battery Storage","site_status":"Awaiting Construction"}},{"type":"Feature","geometry":{"type":"Point","coordinates":[-2.2142,53.80457]},"properties":{"project":"Widow Hill BESS","mw":70.0,"tech":"Battery","tech_cat":"battery","date":"2026-01-31","connection_point":"Rochdale","sub_name":"Rochdale","gate1_reserved":false,"geom_type":"point","located":true,"geocode_source":"REPD","site_name":"Widow Hill, Balderstone Lane - Battery Energy Storage System","site_status":"Under Construction"}},{"type":"Feature","geometry":{"type":"Point","coordinates":[-2.25346,53.80134]},"properties":{"project":"Holme Road","mw":11.0,"tech":"Battery","tech_cat":"battery","date":"2037-10-30","connection_point":"Rochdale","sub_name":"Rochdale","gate1_reserved":false,"geom_type":"point","located":true,"geocode_source":"REPD","site_name":"he Yard, Holme Road, Burnley - Battery Storeage","site_status":"Application Submitted"}},{"type":"Feature","geometry":{"type":"Point","coordinates":[-2.150706509564169,53.61688455427677]},"properties":{"project":"Kingsway BP BESS","mw":30.0,"tech":"Battery","tech_cat":"battery","date":"2026-01-31","connection_point":"Rochdale","sub_name":"Rochdale","gate1_reserved":false,"geom_type":"point","located":false,"geocode_source":"substation"}},{"type":"Feature","geometry":{"type":"Point","coordinates":[-0.88884,52.00221]},"properties":{"project":"Rigby Estate Solar & BESS project","mw":60.0,"tech":"Solar","tech_cat":"solar","date":"2025-10-31","connection_point":"Penwortham","sub_name":"Penwortham","gate1_reserved":false,"geom_type":"point","located":true,"geocode_source":"REPD","site_name":"Thornton Estate -  Solar PV Panels","site_status":"Application Submitted"}},{"type":"Feature","geometry":{"type":"Point","coordinates":[0.58474,52.44149]},"properties":{"project":"Rigby Estate Solar & BESS project","mw":30.0,"tech":"Battery","tech_cat":"battery","date":"2025-10-31","connection_point":"Penwortham","sub_name":"Penwortham","gate1_reserved":false,"geom_type":"point","located":true,"geocode_source":"REPD","site_name":"Brandon Fields Estate, Brandon Fields - Solar Panels","site_status":"Application Submitted"}},{"type":"Feature","geometry":{"type":"Point","coordinates":[-2.733249827962698,53.75151872533976]},"properties":{"project":"Raby Farm BESS","mw":45.0,"tech":"Battery","tech_cat":"battery","date":"2025-11-30","connection_point":"Penwortham","sub_name":"Penwortham","gate1_reserved":false,"geom_type":"point","located":false,"geocode_source":"substation"}},{"type":"Feature","geometry":{"type":"Point","coordinates":[-2.1477907421782994,53.61806557451853]},"properties":{"project":"Hanson Tenement","mw":21.0,"tech":"Solar","tech_cat":"solar","date":"2037-10-30","connection_point":"Rochdale","sub_name":"Rochdale","gate1_reserved":false,"geom_type":"point","located":false,"geocode_source":"substation"}},{"type":"Feature","geometry":{"type":"Point","coordinates":[-2.51924,53.5582]},"properties":{"project":"Slack Lane BESS","mw":30.0,"tech":"Battery","tech_cat":"battery","date":"2025-11-30","connection_point":"Kearsley","sub_name":"Kearsley","gate1_reserved":false,"geom_type":"point","located":true,"geocode_source":"REPD","site_name":"Slack Lane, Westhoughton - Battery Energy Storage System","site_status":"Awaiting Construction"}},{"type":"Feature","geometry":{"type":"Point","coordinates":[-2.7315343899543993,53.74919449065016]},"properties":{"project":"Pets Choice","mw":24.2,"tech":"Battery","tech_cat":"battery","date":"2036-10-30","connection_point":"Penwortham","sub_name":"Penwortham","gate1_reserved":false,"geom_type":"point","located":false,"geocode_source":"substation"}},{"type":"Feature","geometry":{"type":"Point","coordinates":[-2.35034,53.54952]},"properties":{"project":"Shore Top Farm","mw":11.0,"tech":"Battery","tech_cat":"battery","date":"2037-10-30","connection_point":"Kearsley","sub_name":"Kearsley","gate1_reserved":false,"geom_type":"point","located":true,"geocode_source":"REPD","site_name":"Shore Top Farm, Kearsley Road -  Battery Energy Storage","site_status":"Awaiting Construction"}},{"type":"Feature","geometry":{"type":"Point","coordinates":[-2.7306562173024176,53.749693792724784]},"properties":{"project":"Lytham Bess","mw":30.0,"tech":"Battery","tech_cat":"battery","date":"2036-10-30","connection_point":"Penwortham","sub_name":"Penwortham","gate1_reserved":false,"geom_type":"point","located":false,"geocode_source":"substation"}},{"type":"Feature","geometry":{"type":"Point","coordinates":[-2.60038,53.67466]},"properties":{"project":"Tithe Barn PV Plant","mw":21.0,"tech":"Solar","tech_cat":"solar","date":"2036-10-30","connection_point":"Penwortham","sub_name":"Penwortham","gate1_reserved":false,"geom_type":"point","located":true,"geocode_source":"REPD","site_name":"Tithe Barn Lane","site_status":"Application Refused"}},{"type":"Feature","geometry":{"type":"Point","coordinates":[-2.2480637654106044,53.416727855632914]},"properties":{"project":"Sale BESS","mw":99.9,"tech":"Battery","tech_cat":"battery","date":"2026-11-30","connection_point":"South Manchester","sub_name":"South Manchester","gate1_reserved":false,"geom_type":"point","located":false,"geocode_source":"substation"}},{"type":"Feature","geometry":{"type":"Point","coordinates":[-2.901234770088082,54.03251822033982]},"properties":{"project":"CEL Heysham BESS","mw":90.0,"tech":"Battery","tech_cat":"battery","date":"2029-10-30","connection_point":"Heysham","sub_name":"Heysham","gate1_reserved":false,"geom_type":"point","located":false,"geocode_source":"substation"}},{"type":"Feature","geometry":{"type":"Point","coordinates":[-2.2461,53.39436]},"properties":{"project":"South Manchester BESS","mw":70.8,"tech":"Battery","tech_cat":"battery","date":"2037-11-01","connection_point":"South Manchester","sub_name":"South Manchester","gate1_reserved":false,"geom_type":"point","located":true,"geocode_source":"REPD","site_name":"South Manchester Resource Recovery Centre (AD)","site_status":"Operational"}},{"type":"Feature","geometry":{"type":"Point","coordinates":[-2.94594,51.73424]},"properties":{"project":"Lower House Farm","mw":12.0,"tech":"Solar","tech_cat":"solar","date":"2037-10-30","connection_point":"Penwortham","sub_name":"Penwortham","gate1_reserved":false,"geom_type":"point","located":true,"geocode_source":"REPD","site_name":"Land at Lower House Farm","site_status":"Operational"}},{"type":"Feature","geometry":{"type":"Point","coordinates":[-2.246986449721071,53.41701297580069]},"properties":{"project":"CEL Bridgewater BESS","mw":90.0,"tech":"Battery","tech_cat":"battery","date":"2037-11-01","connection_point":"South Manchester","sub_name":"South Manchester","gate1_reserved":false,"geom_type":"point","located":false,"geocode_source":"substation"}},{"type":"Feature","geometry":{"type":"Point","coordinates":[-2.0521259414859463,53.48326270524796]},"properties":{"project":"Waterswallows 2 BESS","mw":20.0,"tech":"Battery","tech_cat":"battery","date":"2026-01-31","connection_point":"Stalybridge","sub_name":"Stalybridge","gate1_reserved":false,"geom_type":"point","located":false,"geocode_source":"substation"}},{"type":"Feature","geometry":{"type":"Point","coordinates":[-2.050936975369016,53.48343889007973]},"properties":{"project":"Buxton 2 BESS","mw":20.0,"tech":"Battery","tech_cat":"battery","date":"2026-01-31","connection_point":"Stalybridge","sub_name":"Stalybridge","gate1_reserved":false,"geom_type":"point","located":false,"geocode_source":"substation"}},{"type":"Feature","geometry":{"type":"Point","coordinates":[-2.533038791902878,53.23348690270146]},"properties":{"project":"Lowerfield Farm BESS","mw":29.0,"tech":"Battery","tech_cat":"battery","date":"2037-10-30","connection_point":"Whitegate","sub_name":"Whitegate","gate1_reserved":false,"geom_type":"point","located":false,"geocode_source":"substation"}},{"type":"Feature","geometry":{"type":"Point","coordinates":[-2.5343719118518213,53.233139240620716]},"properties":{"project":"Meek Street BESS","mw":100.0,"tech":"Battery","tech_cat":"battery","date":"2026-01-31","connection_point":"Whitegate","sub_name":"Whitegate","gate1_reserved":false,"geom_type":"point","located":false,"geocode_source":"substation"}},{"type":"Feature","geometry":{"type":"Point","coordinates":[-2.7320975938809693,53.74887914854535]},"properties":{"project":"Noventum Power","mw":23.0,"tech":"Solar","tech_cat":"solar","date":"2037-10-30","connection_point":"Penwortham","sub_name":"Penwortham","gate1_reserved":false,"geom_type":"point","located":false,"geocode_source":"substation"}},{"type":"Feature","geometry":{"type":"Point","coordinates":[-2.36973,53.43306]},"properties":{"project":"Wild Fowl Farm BESS","mw":35.0,"tech":"Battery","tech_cat":"battery","date":"2025-10-31","connection_point":"Carrington","sub_name":"Carrington","gate1_reserved":false,"geom_type":"point","located":true,"geocode_source":"REPD","site_name":"Wild Fowl Farm, Carrington Lane - Battery Storage Facility","site_status":"Awaiting Construction"}},{"type":"Feature","geometry":{"type":"Point","coordinates":[-2.251609379053816,53.416958471511144]},"properties":{"project":"Moss Nook","mw":70.0,"tech":"Battery","tech_cat":"battery","date":"2037-10-30","connection_point":"South Manchester","sub_name":"South Manchester","gate1_reserved":false,"geom_type":"point","located":false,"geocode_source":"substation"}},{"type":"Feature","geometry":{"type":"Point","coordinates":[-2.736078357714602,53.750991960110355]},"properties":{"project":"Alpaca BESS","mw":50.0,"tech":"Battery","tech_cat":"battery","date":"2037-10-30","connection_point":"Penwortham","sub_name":"Penwortham","gate1_reserved":false,"geom_type":"point","located":false,"geocode_source":"substation"}},{"type":"Feature","geometry":{"type":"Point","coordinates":[-1.8794,53.27265]},"properties":{"project":"Buxton Road BESS","mw":20.0,"tech":"Battery","tech_cat":"battery","date":"2037-10-30","connection_point":"Stalybridge","sub_name":"Stalybridge","gate1_reserved":false,"geom_type":"point","located":true,"geocode_source":"REPD","site_name":"Waterswallows Road - Buxton Battery Storage Equipment","site_status":"Operational"}},{"type":"Feature","geometry":{"type":"Point","coordinates":[-2.71918,53.52746]},"properties":{"project":"Far Moor BESS","mw":51.4,"tech":"Battery","tech_cat":"battery","date":"2037-10-30","connection_point":"Kirkby","sub_name":"Kirkby","gate1_reserved":false,"geom_type":"point","located":true,"geocode_source":"REPD","site_name":"Far Moor - Battery Energy Storage System","site_status":"Application Submitted"}},{"type":"Feature","geometry":{"type":"Point","coordinates":[-2.2487603494774144,53.41758093854563]},"properties":{"project":"Moss Nook 2","mw":70.0,"tech":"Battery","tech_cat":"battery","date":"2037-10-30","connection_point":"South Manchester","sub_name":"South Manchester","gate1_reserved":false,"geom_type":"point","located":false,"geocode_source":"substation"}},{"type":"Feature","geometry":{"type":"Point","coordinates":[-2.97498,53.7652]},"properties":{"project":"HIGHER MOSS BESS","mw":85.0,"tech":"Battery","tech_cat":"battery","date":"2037-10-30","connection_point":"Rochdale","sub_name":"Rochdale","gate1_reserved":false,"geom_type":"point","located":true,"geocode_source":"REPD","site_name":"West Moss Lane, Higher Ballam -  Battery Energy Storage System","site_status":"Awaiting Construction"}},{"type":"Feature","geometry":{"type":"Point","coordinates":[-2.7339935731425444,53.75112107204923]},"properties":{"project":"Standish Hall Wind Farm","mw":10.0,"tech":"Onshore Wind","tech_cat":"wind","date":"2037-10-30","connection_point":"Penwortham","sub_name":"Penwortham","gate1_reserved":false,"geom_type":"point","located":false,"geocode_source":"substation"}},{"type":"Feature","geometry":{"type":"Point","coordinates":[0.72688,51.62167]},"properties":{"project":"Peel Hill Farm","mw":50.0,"tech":"Battery","tech_cat":"battery","date":"2037-10-30","connection_point":"Penwortham","sub_name":"Penwortham","gate1_reserved":false,"geom_type":"point","located":true,"geocode_source":"REPD","site_name":"Bolt Hall Farm, Lark Hill Road - Solar Photovoltaic Farm.","site_status":"Application Submitted"}},{"type":"Feature","geometry":{"type":"Point","coordinates":[-3.9314383006100013,51.66728927978615]},"properties":{"project":"Cefn Blaenau Pencarreg","mw":5.0,"tech":"Onshore Wind","tech_cat":"wind","date":"2025-07-01","connection_point":"Swansea North Grid","sub_name":"Swansea North","gate1_reserved":false,"geom_type":"point","located":false,"geocode_source":"substation"}},{"type":"Feature","geometry":{"type":"Point","coordinates":[-0.69204,50.82909]},"properties":{"project":"Decoy Farm","mw":13.0,"tech":"Solar","tech_cat":"solar","date":"2026-12-02","connection_point":"WALPOLE 132kV S STN","sub_name":"Walpole","gate1_reserved":false,"geom_type":"point","located":true,"geocode_source":"REPD","site_name":"Decoy Farm House Solar Modules","site_status":"Operational"}},{"type":"Feature","geometry":{"type":"Point","coordinates":[-0.13286,52.698]},"properties":{"project":"Decoy Farm","mw":5.0,"tech":"Low Carbon Dispatchable Power","tech_cat":"other","date":"2026-12-02","connection_point":"WALPOLE 132kV S STN","sub_name":"Walpole","gate1_reserved":false,"geom_type":"point","located":true,"geocode_source":"REPD","site_name":"Decoy Farm","site_status":"Operational"}},{"type":"Feature","geometry":{"type":"Point","coordinates":[-4.85805,51.68931]},"properties":{"project":"Blackberry Lane Solar Farm","mw":9.9,"tech":"Solar","tech_cat":"solar","date":"2027-06-30","connection_point":"Pembroke Power Station","sub_name":"Pembroke","gate1_reserved":false,"geom_type":"point","located":true,"geocode_source":"REPD","site_name":"Blackberry Lane -  Solar Farm","site_status":"Awaiting Construction"}},{"type":"Feature","geometry":{"type":"Point","coordinates":[-2.9333270341605755,51.53503094529917]},"properties":{"project":"Hawse Farm","mw":41.0,"tech":"Solar","tech_cat":"solar","date":"2029-10-30","connection_point":"Uskmouth","sub_name":"Uskmouth","gate1_reserved":false,"geom_type":"point","located":false,"geocode_source":"substation"}},{"type":"Feature","geometry":{"type":"Point","coordinates":[-1.60977,52.76665]},"properties":{"project":"Breach Farm","mw":44.0,"tech":"Battery","tech_cat":"battery","date":"2023-06-30","connection_point":"DRAKELOW 132kV","sub_name":"Drakelow","gate1_reserved":false,"geom_type":"point","located":true,"geocode_source":"REPD","site_name":"Breach Farm - Energy Barn","site_status":"Awaiting Construction"}},{"type":"Feature","geometry":{"type":"Point","coordinates":[-0.8166861768731231,53.36503327060085]},"properties":{"project":"Stourton Estate","mw":49.9,"tech":"Solar","tech_cat":"solar","date":"2025-11-13","connection_point":"WEST BURTON 132kV S STN","sub_name":"West Burton","gate1_reserved":false,"geom_type":"point","located":false,"geocode_source":"substation"}},{"type":"Feature","geometry":{"type":"Point","coordinates":[-2.6604,51.51833]},"properties":{"project":"Severn Road","mw":20.0,"tech":"Unabated Gas","tech_cat":"gas","date":"2027-01-17","connection_point":"Seabank Sgp","sub_name":"Seabank","gate1_reserved":false,"geom_type":"point","located":true,"geocode_source":"REPD","site_name":"Severn Road","site_status":"Operational"}},{"type":"Feature","geometry":{"type":"Point","coordinates":[-2.26096,52.10889]},"properties":{"project":"Whitehouse Farm","mw":40.0,"tech":"Battery","tech_cat":"battery","date":"2027-08-10","connection_point":"BISHOPS WOOD 132kV S STN","sub_name":"Bishops Wood","gate1_reserved":false,"geom_type":"point","located":true,"geocode_source":"REPD","site_name":"Whitehouse Farm Energy Barn","site_status":"Awaiting Construction"}},{"type":"Feature","geometry":{"type":"Point","coordinates":[-2.6604,51.51833]},"properties":{"project":"Severn Road","mw":20.0,"tech":"Unabated Gas","tech_cat":"gas","date":"2027-01-17","connection_point":"Seabank Sgp","sub_name":"Seabank","gate1_reserved":false,"geom_type":"point","located":true,"geocode_source":"REPD","site_name":"Severn Road","site_status":"Operational"}},{"type":"Feature","geometry":{"type":"Point","coordinates":[-0.72336,52.24361]},"properties":{"project":"Grendon Lakes","mw":49.9,"tech":"Battery","tech_cat":"battery","date":"2026-02-16","connection_point":"GRENDON 132kV S STN","sub_name":"Grendon","gate1_reserved":false,"geom_type":"point","located":true,"geocode_source":"REPD","site_name":"Grendon Lakes - Battery Storage","site_status":"Revised"}},{"type":"Feature","geometry":{"type":"Point","coordinates":[-2.08183,54.97334]},"properties":{"project":"East of Wood End PV","mw":40.0,"tech":"Solar","tech_cat":"solar","date":"2027-10-30","connection_point":"EAST CLAYDON 132KV S STN","sub_name":"East Claydon","gate1_reserved":false,"geom_type":"point","located":true,"geocode_source":"REPD","site_name":"Land South East Of Water Treatment Works Bridge End","site_status":"Operational"}},{"type":"Feature","geometry":{"type":"Point","coordinates":[-1.66904,52.86614]},"properties":{"project":"Hoon Hay Farm","mw":6.0,"tech":"Unabated Gas","tech_cat":"gas","date":"2025-10-14","connection_point":"DRAKELOW 132kV","sub_name":"Drakelow","gate1_reserved":false,"geom_type":"point","located":true,"geocode_source":"REPD","site_name":"Hoon Hay Manor, Hatton - Solar Farm","site_status":"Awaiting Construction"}},{"type":"Feature","geometry":{"type":"Point","coordinates":[-1.90799,52.76223]},"properties":{"project":"Mill Farm Solar","mw":22.0,"tech":"Solar","tech_cat":"solar","date":"2026-12-17","connection_point":"RATCLIFFE ON SOAR 132kV S STN","sub_name":"Ratcliffe-on-Soar","gate1_reserved":false,"geom_type":"point","located":true,"geocode_source":"REPD","site_name":"Colton Mill Farm & Cawarden Springs Farm - Solar Panels","site_status":"Awaiting Construction"}},{"type":"Feature","geometry":{"type":"Point","coordinates":[-5.32563,50.19089]},"properties":{"project":"UK001-S Copper Bottom","mw":30.0,"tech":"Solar","tech_cat":"solar","date":"2026-12-30","connection_point":"Indian Queens S.G.P.","sub_name":"Indian Queens","gate1_reserved":false,"geom_type":"point","located":true,"geocode_source":"REPD","site_name":"Copper Bottom Solar Farm Ground-Mounted Solar PV Array","site_status":"Awaiting Construction"}},{"type":"Feature","geometry":{"type":"Point","coordinates":[-3.5145972098082043,50.73362464954551]},"properties":{"project":"UK002-S Horton","mw":49.9,"tech":"Solar","tech_cat":"solar","date":"2026-05-31","connection_point":"Exeter Main S.G.P.","sub_name":"Exeter","gate1_reserved":false,"geom_type":"point","located":false,"geocode_source":"substation"}},{"type":"Feature","geometry":{"type":"Point","coordinates":[1.18385,52.79746]},"properties":{"project":"Land at Chapel Street","mw":15.0,"tech":"Solar","tech_cat":"solar","date":"2025-12-31","connection_point":"COVENTRY 132kV S STN","sub_name":"Coventry","gate1_reserved":false,"geom_type":"point","located":true,"geocode_source":"REPD","site_name":"Land at Oulton Street  (Farm AD)","site_status":"Application Refused"}},{"type":"Feature","geometry":{"type":"Point","coordinates":[-4.933637015816622,50.38464708534659]},"properties":{"project":"Fraddon Solar","mw":49.9,"tech":"Solar","tech_cat":"solar","date":"2025-11-25","connection_point":"Indian Queens S.G.P.","sub_name":"Indian Queens","gate1_reserved":false,"geom_type":"point","located":false,"geocode_source":"substation"}},{"type":"Feature","geometry":{"type":"Point","coordinates":[-3.03728,51.62446]},"properties":{"project":"Pentre Bach","mw":20.0,"tech":"Solar","tech_cat":"solar","date":"2026-09-30","connection_point":"Uskmouth","sub_name":"Uskmouth","gate1_reserved":false,"geom_type":"point","located":true,"geocode_source":"REPD","site_name":"Pentre Bach Solar Farm","site_status":"Application Submitted"}},{"type":"Feature","geometry":{"type":"Point","coordinates":[-4.37976,50.62745]},"properties":{"project":"Cold Northcott Wind Farm","mw":20.0,"tech":"Onshore Wind","tech_cat":"wind","date":"2028-05-31","connection_point":"Indian Queens S.G.P.","sub_name":"Indian Queens","gate1_reserved":false,"geom_type":"point","located":true,"geocode_source":"REPD","site_name":"Cold Northcott Windfarm Repowering","site_status":"Application Submitted"}},{"type":"Feature","geometry":{"type":"Point","coordinates":[-0.39495,51.46768]},"properties":{"project":"Doverdale Solar B","mw":49.9,"tech":"Solar","tech_cat":"solar","date":"2026-02-10","connection_point":"BISHOPS WOOD 132kV S STN","sub_name":"Bishops Wood","gate1_reserved":false,"geom_type":"point","located":true,"geocode_source":"REPD","site_name":"Prologis Park, Unit B - Solar Panels","site_status":"Revised"}},{"type":"Feature","geometry":{"type":"Point","coordinates":[-2.31991,52.21981]},"properties":{"project":"Land at Redlands Farm","mw":40.0,"tech":"Solar","tech_cat":"solar","date":"2025-05-21","connection_point":"Bridgwater S.G.P.","sub_name":"Bridgwater","gate1_reserved":false,"geom_type":"point","located":true,"geocode_source":"REPD","site_name":"Land at Woodhall Farm","site_status":"Appeal Refused"}},{"type":"Feature","geometry":{"type":"Point","coordinates":[-2.3002552932167393,52.60009342391251]},"properties":{"project":"The Forge","mw":5.5,"tech":"Low Carbon Dispatchable Power","tech_cat":"other","date":"2026-03-30","connection_point":"BISHOPS WOOD 132kV S STN","sub_name":"Bishops Wood","gate1_reserved":false,"geom_type":"point","located":false,"geocode_source":"substation"}},{"type":"Feature","geometry":{"type":"Point","coordinates":[-3.04088,51.66522]},"properties":{"project":"Mynydd Maen Energy Parc","mw":55.9,"tech":"Onshore Wind","tech_cat":"wind","date":"2029-06-30","connection_point":"Uskmouth","sub_name":"Uskmouth","gate1_reserved":false,"geom_type":"point","located":true,"geocode_source":"REPD","site_name":"Mynydd Maen - Wind Farm","site_status":"Application Submitted"}},{"type":"Feature","geometry":{"type":"Point","coordinates":[-3.62109,51.64489]},"properties":{"project":"Mynydd Maen Energy Parc","mw":25.0,"tech":"Solar","tech_cat":"solar","date":"2029-06-30","connection_point":"Uskmouth","sub_name":"Uskmouth","gate1_reserved":false,"geom_type":"point","located":true,"geocode_source":"REPD","site_name":"Llynfi Renewable Energy Park, Land at Mynydd Caerau","site_status":"Operational"}},{"type":"Feature","geometry":{"type":"Point","coordinates":[-3.62109,51.64489]},"properties":{"project":"Mynydd Maen Energy Parc","mw":10.0,"tech":"Battery","tech_cat":"battery","date":"2029-06-30","connection_point":"Uskmouth","sub_name":"Uskmouth","gate1_reserved":false,"geom_type":"point","located":true,"geocode_source":"REPD","site_name":"Llynfi Renewable Energy Park, Land at Mynydd Caerau","site_status":"Operational"}},{"type":"Feature","geometry":{"type":"Point","coordinates":[-3.79243,51.79666]},"properties":{"project":"Bryn Henllys Solar Park","mw":25.8,"tech":"Solar","tech_cat":"solar","date":"2027-04-30","connection_point":"Swansea North Grid","sub_name":"Swansea North","gate1_reserved":false,"geom_type":"point","located":true,"geocode_source":"REPD","site_name":"Bryn Henllys","site_status":"Awaiting Construction"}},{"type":"Feature","geometry":{"type":"Point","coordinates":[-4.9189,51.81948]},"properties":{"project":"Home Farm PV","mw":35.1,"tech":"Solar","tech_cat":"solar","date":"2025-12-29","connection_point":"FECKENHAM 66 11kV S STN","sub_name":"Feckenham","gate1_reserved":false,"geom_type":"point","located":true,"geocode_source":"REPD","site_name":"Fenton Home Farm","site_status":"Operational"}},{"type":"Feature","geometry":{"type":"Point","coordinates":[-0.9172254110955358,51.917500797779255]},"properties":{"project":"Brackley Solar Farm","mw":20.0,"tech":"Solar","tech_cat":"solar","date":"2026-03-27","connection_point":"EAST CLAYDON 132KV S STN","sub_name":"East Claydon","gate1_reserved":false,"geom_type":"point","located":false,"geocode_source":"substation"}},{"type":"Feature","geometry":{"type":"Point","coordinates":[-3.29875,50.77726]},"properties":{"project":"Escot Estate","mw":35.0,"tech":"Solar","tech_cat":"solar","date":"2026-01-21","connection_point":"Exeter Main S.G.P.","sub_name":"Exeter","gate1_reserved":false,"geom_type":"point","located":true,"geocode_source":"REPD","site_name":"Escot Park Estate, Talaton - Solar Farm","site_status":"Application Submitted"}},{"type":"Feature","geometry":{"type":"Point","coordinates":[-1.9353564829916068,52.76725721277514]},"properties":{"project":"Meadow Solar Farm","mw":35.0,"tech":"Solar","tech_cat":"solar","date":"2026-12-31","connection_point":"RUGELEY 132kV S STN","sub_name":"Rugeley","gate1_reserved":false,"geom_type":"point","located":false,"geocode_source":"substation"}},{"type":"Feature","geometry":{"type":"Point","coordinates":[-3.930576624223102,51.666590166163544]},"properties":{"project":"Penllergaer Solar Park","mw":30.0,"tech":"Solar","tech_cat":"solar","date":"2026-08-31","connection_point":"Swansea North Grid","sub_name":"Swansea North","gate1_reserved":false,"geom_type":"point","located":false,"geocode_source":"substation"}},{"type":"Feature","geometry":{"type":"Point","coordinates":[-1.9488668458445444,52.249418820442585]},"properties":{"project":"Crimscote Solar Project","mw":47.0,"tech":"Solar","tech_cat":"solar","date":"2026-04-02","connection_point":"FECKENHAM 66 11kV S STN","sub_name":"Feckenham","gate1_reserved":false,"geom_type":"point","located":false,"geocode_source":"substation"}},{"type":"Feature","geometry":{"type":"Point","coordinates":[-0.51896,54.15198]},"properties":{"project":"Peplow PV Farm","mw":99.9,"tech":"Solar","tech_cat":"solar","date":"2033-10-31","connection_point":"IRONBRIDGE 132kV S STN","sub_name":"Ironbridge","gate1_reserved":false,"geom_type":"point","located":true,"geocode_source":"REPD","site_name":"Fosters Wold Farm, Weaverthorpe - Solar PV Array","site_status":"Awaiting Construction"}},{"type":"Feature","geometry":{"type":"Point","coordinates":[-1.02995,53.77771]},"properties":{"project":"Belvoir PV Easthorpe Lane","mw":49.9,"tech":"Solar","tech_cat":"solar","date":"2025-11-29","connection_point":"STAYTHORPE C 132kV S STN","sub_name":"Staythorpe","gate1_reserved":false,"geom_type":"point","located":true,"geocode_source":"REPD","site_name":"Newlands Farm, Turnham Lane - Solar PV Panels","site_status":"Application Submitted"}},{"type":"Feature","geometry":{"type":"Point","coordinates":[-2.67178,51.53111]},"properties":{"project":"Severn Road","mw":9.9,"tech":"Unabated Gas","tech_cat":"gas","date":"2027-01-17","connection_point":"Seabank Sgp","sub_name":"Seabank","gate1_reserved":false,"geom_type":"point","located":true,"geocode_source":"REPD","site_name":"Severn Road Resource Recovery Centre (Avonmouth RRC)","site_status":"Abandoned"}},{"type":"Feature","geometry":{"type":"Point","coordinates":[-1.46156,53.83162]},"properties":{"project":"Balladoole Solar A","mw":49.9,"tech":"Solar","tech_cat":"solar","date":"2025-10-15","connection_point":"FECKENHAM 66 11kV S STN","sub_name":"Feckenham","gate1_reserved":false,"geom_type":"point","located":true,"geocode_source":"REPD","site_name":"Units A, B & C Coal Road, Seacroft  - Solar Panels","site_status":"Awaiting Construction"}},{"type":"Feature","geometry":{"type":"Point","coordinates":[-2.931264254740624,51.53383941194928]},"properties":{"project":"WENTLOOGE SOLAR PROJECT","mw":36.0,"tech":"Solar","tech_cat":"solar","date":"2029-10-31","connection_point":"Uskmouth","sub_name":"Uskmouth","gate1_reserved":false,"geom_type":"point","located":false,"geocode_source":"substation"}},{"type":"Feature","geometry":{"type":"Point","coordinates":[0.76795,51.40874]},"properties":{"project":"Land off Fryers Road","mw":54.2,"tech":"Low Carbon Dispatchable Power","tech_cat":"other","date":"2026-03-27","connection_point":"RUGELEY 132kV S STN","sub_name":"Rugeley","gate1_reserved":false,"geom_type":"point","located":true,"geocode_source":"REPD","site_name":"Land off Queenborough Road","site_status":"Under Construction"}},{"type":"Feature","geometry":{"type":"Point","coordinates":[-2.50684,51.67474]},"properties":{"project":"Worlds End Farm Solar Park Limited","mw":49.9,"tech":"Solar","tech_cat":"solar","date":"2026-08-31","connection_point":"IRON ACTON 132kV S STN","sub_name":"Iron Acton","gate1_reserved":false,"geom_type":"point","located":true,"geocode_source":"REPD","site_name":"Worlds End Solar Farm","site_status":"Application Submitted"}},{"type":"Feature","geometry":{"type":"Point","coordinates":[-0.58841,52.05311]},"properties":{"project":"Butterhill Solar PV","mw":40.0,"tech":"Solar","tech_cat":"solar","date":"2027-07-30","connection_point":"Bushbury D 132kV","sub_name":"Bushbury","gate1_reserved":false,"geom_type":"point","located":true,"geocode_source":"REPD","site_name":"Brogborough Landfill, Lidlington - Solar PV park","site_status":"Awaiting Construction"}},{"type":"Feature","geometry":{"type":"Point","coordinates":[-2.42472,51.59268]},"properties":{"project":"Rag Lane Solar Farm","mw":40.0,"tech":"Solar","tech_cat":"solar","date":"2026-01-22","connection_point":"IRON ACTON 132kV S STN","sub_name":"Iron Acton","gate1_reserved":false,"geom_type":"point","located":true,"geocode_source":"REPD","site_name":"Rag Lane  Solar Farm","site_status":"Awaiting Construction"}},{"type":"Feature","geometry":{"type":"Point","coordinates":[-1.5145789937286216,52.41796842881163]},"properties":{"project":"Rainsbrook Solar Farm","mw":12.8,"tech":"Solar","tech_cat":"solar","date":"2026-11-30","connection_point":"COVENTRY 132kV S STN","sub_name":"Coventry","gate1_reserved":false,"geom_type":"point","located":false,"geocode_source":"substation"}},{"type":"Feature","geometry":{"type":"Point","coordinates":[-2.67178,51.53111]},"properties":{"project":"Severn Road","mw":15.0,"tech":"Unabated Gas","tech_cat":"gas","date":"2027-01-17","connection_point":"Seabank Sgp","sub_name":"Seabank","gate1_reserved":false,"geom_type":"point","located":true,"geocode_source":"REPD","site_name":"Severn Road Resource Recovery Centre (Avonmouth RRC)","site_status":"Abandoned"}},{"type":"Feature","geometry":{"type":"Point","coordinates":[-0.71286,53.32048]},"properties":{"project":"Stow Park Solar Farm","mw":35.0,"tech":"Solar","tech_cat":"solar","date":"2026-05-19","connection_point":"WEST BURTON 132kV S STN","sub_name":"West Burton","gate1_reserved":false,"geom_type":"point","located":true,"geocode_source":"REPD","site_name":"Stow Park Farm, Stow Park - Solar Panels","site_status":"Application Submitted"}},{"type":"Feature","geometry":{"type":"Point","coordinates":[-0.8843984131068535,53.06626803383108]},"properties":{"project":"Averham Leazes Park","mw":49.9,"tech":"Solar","tech_cat":"solar","date":"2028-02-01","connection_point":"STAYTHORPE C 132kV S STN","sub_name":"Staythorpe","gate1_reserved":false,"geom_type":"point","located":false,"geocode_source":"substation"}},{"type":"Feature","geometry":{"type":"Point","coordinates":[-3.30024,54.79998]},"properties":{"project":"Peradon Solar & Storage","mw":52.8,"tech":"Solar","tech_cat":"solar","date":"2027-02-28","connection_point":"Exeter Main S.G.P.","sub_name":"Exeter","gate1_reserved":false,"geom_type":"point","located":true,"geocode_source":"REPD","site_name":"Pow Motey, Langrigg - Solar Panels & Batteries Storage","site_status":"Application Submitted"}},{"type":"Feature","geometry":{"type":"Point","coordinates":[-3.87381,51.68777]},"properties":{"project":"Craig Y Perchych Solar Park","mw":16.5,"tech":"Solar","tech_cat":"solar","date":"2026-08-31","connection_point":"Swansea North Grid","sub_name":"Swansea North","gate1_reserved":false,"geom_type":"point","located":true,"geocode_source":"REPD","site_name":"Craig Y Perchych, Glais - Solar farm","site_status":"Awaiting Construction"}},{"type":"Feature","geometry":{"type":"Point","coordinates":[-2.61736,51.68518]},"properties":{"project":"Marston Solar Farm / Copse Lodge Solar","mw":49.9,"tech":"Solar","tech_cat":"solar","date":"2025-11-11","connection_point":"EAST CLAYDON 132KV S STN","sub_name":"East Claydon","gate1_reserved":false,"geom_type":"point","located":true,"geocode_source":"REPD","site_name":"Reecer Space, Ashwell Grange Lodge - Solar Panels","site_status":"Awaiting Construction"}},{"type":"Feature","geometry":{"type":"Point","coordinates":[-1.9484746485536129,52.250787382730806]},"properties":{"project":"Littleton Pastures Solar Farm","mw":31.0,"tech":"Solar","tech_cat":"solar","date":"2025-08-15","connection_point":"FECKENHAM 66 11kV S STN","sub_name":"Feckenham","gate1_reserved":false,"geom_type":"point","located":false,"geocode_source":"substation"}},{"type":"Feature","geometry":{"type":"Point","coordinates":[-0.9194087316558179,51.91804057886263]},"properties":{"project":"Furzen Solar Farm","mw":49.9,"tech":"Solar","tech_cat":"solar","date":"2027-10-30","connection_point":"EAST CLAYDON 132KV S STN","sub_name":"East Claydon","gate1_reserved":false,"geom_type":"point","located":false,"geocode_source":"substation"}},{"type":"Feature","geometry":{"type":"Point","coordinates":[-0.9159344768169181,51.91514631468985]},"properties":{"project":"Furzen Solar Farm","mw":49.9,"tech":"Battery","tech_cat":"battery","date":"2027-10-30","connection_point":"EAST CLAYDON 132KV S STN","sub_name":"East Claydon","gate1_reserved":false,"geom_type":"point","located":false,"geocode_source":"substation"}},{"type":"Feature","geometry":{"type":"Point","coordinates":[-2.58037,51.34174]},"properties":{"project":"Stowey Road","mw":49.9,"tech":"Solar","tech_cat":"solar","date":"2026-08-01","connection_point":"Seabank Sgp","sub_name":"Seabank","gate1_reserved":false,"geom_type":"point","located":true,"geocode_source":"REPD","site_name":"Stowey Road, Stowey - Solar Farm","site_status":"Awaiting Construction"}},{"type":"Feature","geometry":{"type":"Point","coordinates":[-0.9137967663638128,51.91821534475561]},"properties":{"project":"Potash Solar Farm","mw":3.7,"tech":"Solar","tech_cat":"solar","date":"2026-05-01","connection_point":"EAST CLAYDON 132KV S STN","sub_name":"East Claydon","gate1_reserved":false,"geom_type":"point","located":false,"geocode_source":"substation"}},{"type":"Feature","geometry":{"type":"Point","coordinates":[-2.5003916579453573,52.634188358920255]},"properties":{"project":"Kemberton Solar farm","mw":23.3,"tech":"Solar","tech_cat":"solar","date":"2026-03-16","connection_point":"IRONBRIDGE 132kV S STN","sub_name":"Ironbridge","gate1_reserved":false,"geom_type":"point","located":false,"geocode_source":"substation"}},{"type":"Feature","geometry":{"type":"Point","coordinates":[-2.465925686981092,51.548554395254975]},"properties":{"project":"Slimbridge BESS","mw":36.0,"tech":"Battery","tech_cat":"battery","date":"2026-01-16","connection_point":"IRON ACTON 132kV S STN","sub_name":"Iron Acton","gate1_reserved":false,"geom_type":"point","located":false,"geocode_source":"substation"}},{"type":"Feature","geometry":{"type":"Point","coordinates":[-1.16021,51.17939]},"properties":{"project":"Aston Flamville Farm Solar PV","mw":20.0,"tech":"Solar","tech_cat":"solar","date":"2026-06-01","connection_point":"COVENTRY 132kV S STN","sub_name":"Coventry","gate1_reserved":false,"geom_type":"point","located":true,"geocode_source":"REPD","site_name":"Preston Farm, Preston Candover - Solar PV Array","site_status":"Awaiting Construction"}},{"type":"Feature","geometry":{"type":"Point","coordinates":[-0.8836374310375515,53.068041285237385]},"properties":{"project":"Longmoor Solar","mw":70.0,"tech":"Solar","tech_cat":"solar","date":"2025-11-01","connection_point":"STAYTHORPE C 132kV S STN","sub_name":"Staythorpe","gate1_reserved":false,"geom_type":"point","located":false,"geocode_source":"substation"}},{"type":"Feature","geometry":{"type":"Point","coordinates":[-1.66904,52.86614]},"properties":{"project":"Hoon Hay Farm","mw":5.1,"tech":"Solar","tech_cat":"solar","date":"2026-02-07","connection_point":"DRAKELOW 132kV","sub_name":"Drakelow","gate1_reserved":false,"geom_type":"point","located":true,"geocode_source":"REPD","site_name":"Hoon Hay Manor, Hatton - Solar Farm","site_status":"Awaiting Construction"}},{"type":"Feature","geometry":{"type":"Point","coordinates":[-2.92764,53.41993]},"properties":{"project":"Land at Imerys","mw":19.9,"tech":"Onshore Wind","tech_cat":"wind","date":"2027-01-31","connection_point":"Indian Queens S.G.P.","sub_name":"Indian Queens","gate1_reserved":false,"geom_type":"point","located":true,"geocode_source":"REPD","site_name":"Land at Carnegie Road","site_status":"Operational"}},{"type":"Feature","geometry":{"type":"Point","coordinates":[-2.464364436826871,51.55069840418605]},"properties":{"project":"Perrinpit Road","mw":39.4,"tech":"Solar","tech_cat":"solar","date":"2026-06-24","connection_point":"IRON ACTON 132kV S STN","sub_name":"Iron Acton","gate1_reserved":false,"geom_type":"point","located":false,"geocode_source":"substation"}},{"type":"Feature","geometry":{"type":"Point","coordinates":[0.1850613201116222,52.74836556748724]},"properties":{"project":"Wittering","mw":3.0,"tech":"Solar","tech_cat":"solar","date":"2025-09-26","connection_point":"WALPOLE 132kV S STN","sub_name":"Walpole","gate1_reserved":false,"geom_type":"point","located":false,"geocode_source":"substation"}},{"type":"Feature","geometry":{"type":"Point","coordinates":[0.18255561448534172,52.749256123993476]},"properties":{"project":"Wittering","mw":3.0,"tech":"Battery","tech_cat":"battery","date":"2025-09-26","connection_point":"WALPOLE 132kV S STN","sub_name":"Walpole","gate1_reserved":false,"geom_type":"point","located":false,"geocode_source":"substation"}},{"type":"Feature","geometry":{"type":"Point","coordinates":[-0.66149,52.508]},"properties":{"project":"Willowbrook Industrial Estate","mw":15.0,"tech":"Low Carbon Dispatchable Power","tech_cat":"other","date":"2026-12-01","connection_point":"GRENDON 132kV S STN","sub_name":"Grendon","gate1_reserved":false,"geom_type":"point","located":true,"geocode_source":"REPD","site_name":"Willowbrook Industrial Estate East","site_status":"Revised"}},{"type":"Feature","geometry":{"type":"Point","coordinates":[-0.66149,52.508]},"properties":{"project":"Willowbrook Industrial Estate","mw":30.0,"tech":"Low Carbon Dispatchable Power","tech_cat":"other","date":"2027-09-01","connection_point":"GRENDON 132kV S STN","sub_name":"Grendon","gate1_reserved":false,"geom_type":"point","located":true,"geocode_source":"REPD","site_name":"Willowbrook Industrial Estate East","site_status":"Revised"}},{"type":"Feature","geometry":{"type":"Point","coordinates":[-1.9498167337822787,52.24872405126452]},"properties":{"project":"Atherstone Farm","mw":26.0,"tech":"Solar","tech_cat":"solar","date":"2027-01-02","connection_point":"FECKENHAM 66 11kV S STN","sub_name":"Feckenham","gate1_reserved":false,"geom_type":"point","located":false,"geocode_source":"substation"}},{"type":"Feature","geometry":{"type":"Point","coordinates":[-2.31991,52.21981]},"properties":{"project":"Land at Normanton Larches","mw":40.0,"tech":"Solar","tech_cat":"solar","date":"2025-12-01","connection_point":"STAYTHORPE C 132kV S STN","sub_name":"Staythorpe","gate1_reserved":false,"geom_type":"point","located":true,"geocode_source":"REPD","site_name":"Land at Woodhall Farm","site_status":"Appeal Refused"}},{"type":"Feature","geometry":{"type":"Point","coordinates":[-2.9316071236839516,51.53353734102289]},"properties":{"project":"Trecelyn Wind Farm","mw":18.6,"tech":"Onshore Wind","tech_cat":"wind","date":"2030-01-23","connection_point":"Uskmouth","sub_name":"Uskmouth","gate1_reserved":false,"geom_type":"point","located":false,"geocode_source":"substation"}},{"type":"Feature","geometry":{"type":"Point","coordinates":[-2.92968,53.76791]},"properties":{"project":"Land off Mallows Lane","mw":10.2,"tech":"Solar","tech_cat":"solar","date":"2026-10-21","connection_point":"WALPOLE 132kV S STN","sub_name":"Walpole","gate1_reserved":false,"geom_type":"point","located":true,"geocode_source":"REPD","site_name":"Land off Moss Side Lane","site_status":"Revised"}},{"type":"Feature","geometry":{"type":"Point","coordinates":[-2.60038,53.67466]},"properties":{"project":"Land off Mallows Lane","mw":5.2,"tech":"Battery","tech_cat":"battery","date":"2026-10-21","connection_point":"WALPOLE 132kV S STN","sub_name":"Walpole","gate1_reserved":false,"geom_type":"point","located":true,"geocode_source":"REPD","site_name":"Land off Tithe Barn lane","site_status":"Application Refused"}},{"type":"Feature","geometry":{"type":"Point","coordinates":[-4.9857446693638074,51.68211194113665]},"properties":{"project":"Alleston Solar Farm","mw":30.6,"tech":"Solar","tech_cat":"solar","date":"2028-10-31","connection_point":"Pembroke Power Station","sub_name":"Pembroke","gate1_reserved":false,"geom_type":"point","located":false,"geocode_source":"substation"}},{"type":"Feature","geometry":{"type":"Point","coordinates":[-2.466006954754318,51.55133502255512]},"properties":{"project":"Scrap Yard Site","mw":7.2,"tech":"Battery","tech_cat":"battery","date":"2028-10-31","connection_point":"Iron Acton S.G.P.","sub_name":"Iron Acton","gate1_reserved":false,"geom_type":"point","located":false,"geocode_source":"substation"}},{"type":"Feature","geometry":{"type":"Point","coordinates":[-1.2475380904814415,52.86576698725069]},"properties":{"project":"Chestnut Solar Farm","mw":20.0,"tech":"Solar","tech_cat":"solar","date":"2026-03-26","connection_point":"RATCLIFFE ON SOAR 132kV S STN","sub_name":"Ratcliffe-on-Soar","gate1_reserved":false,"geom_type":"point","located":false,"geocode_source":"substation"}},{"type":"Feature","geometry":{"type":"Point","coordinates":[-1.2502316828381626,52.86541522379247]},"properties":{"project":"Chestnut Solar Farm","mw":2.0,"tech":"Battery","tech_cat":"battery","date":"2026-03-26","connection_point":"RATCLIFFE ON SOAR 132kV S STN","sub_name":"Ratcliffe-on-Soar","gate1_reserved":false,"geom_type":"point","located":false,"geocode_source":"substation"}},{"type":"Feature","geometry":{"type":"Point","coordinates":[-2.24506,52.63466]},"properties":{"project":"County Lane","mw":9.0,"tech":"Solar","tech_cat":"solar","date":"2026-03-31","connection_point":"Bushbury D 132kV","sub_name":"Bushbury","gate1_reserved":false,"geom_type":"point","located":true,"geocode_source":"REPD","site_name":"County Lane - Solar farm","site_status":"Awaiting Construction"}},{"type":"Feature","geometry":{"type":"Point","coordinates":[-2.24506,52.63466]},"properties":{"project":"County Lane","mw":2.0,"tech":"Battery","tech_cat":"battery","date":"2026-03-31","connection_point":"Bushbury D 132kV","sub_name":"Bushbury","gate1_reserved":false,"geom_type":"point","located":true,"geocode_source":"REPD","site_name":"County Lane - Solar farm","site_status":"Awaiting Construction"}},{"type":"Feature","geometry":{"type":"Point","coordinates":[-3.9347201452692038,51.66581431842189]},"properties":{"project":"Gwenlais Fawr Solar Farm","mw":17.6,"tech":"Solar","tech_cat":"solar","date":"2027-08-31","connection_point":"Swansea North Grid","sub_name":"Swansea North","gate1_reserved":false,"geom_type":"point","located":false,"geocode_source":"substation"}},{"type":"Feature","geometry":{"type":"Point","coordinates":[-2.13632,52.72652]},"properties":{"project":"UK021-S Preston Hill","mw":49.9,"tech":"Solar","tech_cat":"solar","date":"2027-02-02","connection_point":"Bushbury D 132kV","sub_name":"Bushbury","gate1_reserved":false,"geom_type":"point","located":true,"geocode_source":"REPD","site_name":"Preston Hill Farm, Penkridge - Solar Farm","site_status":"Awaiting Construction"}},{"type":"Feature","geometry":{"type":"Point","coordinates":[-1.24818331792882,52.86493383075324]},"properties":{"project":"Highfields","mw":49.9,"tech":"Solar","tech_cat":"solar","date":"2026-06-04","connection_point":"RATCLIFFE ON SOAR 132kV S STN","sub_name":"Ratcliffe-on-Soar","gate1_reserved":false,"geom_type":"point","located":false,"geocode_source":"substation"}},{"type":"Feature","geometry":{"type":"Point","coordinates":[-1.45021,51.62453]},"properties":{"project":"Manor Farm Solar Plant","mw":35.5,"tech":"Solar","tech_cat":"solar","date":"2026-12-31","connection_point":"EAST CLAYDON 132KV S STN","sub_name":"East Claydon","gate1_reserved":false,"geom_type":"point","located":true,"geocode_source":"REPD","site_name":"Manor Farm, Denchworth - Solar Photovoltaic Panels","site_status":"Awaiting Construction"}},{"type":"Feature","geometry":{"type":"Point","coordinates":[-2.6656721256575393,51.53474435392495]},"properties":{"project":"Ash Solar Farm","mw":10.0,"tech":"Solar","tech_cat":"solar","date":"2037-12-31","connection_point":"Seabank Sgp","sub_name":"Seabank","gate1_reserved":false,"geom_type":"point","located":false,"geocode_source":"substation"}},{"type":"Feature","geometry":{"type":"Point","coordinates":[-1.5170439381732956,52.41546871223946]},"properties":{"project":"Corley Solar Park","mw":19.4,"tech":"Solar","tech_cat":"solar","date":"2026-10-01","connection_point":"COVENTRY 132kV S STN","sub_name":"Coventry","gate1_reserved":false,"geom_type":"point","located":false,"geocode_source":"substation"}},{"type":"Feature","geometry":{"type":"Point","coordinates":[-0.22173,53.60636]},"properties":{"project":"Higher Witheven Solar PV Plant","mw":35.2,"tech":"Solar","tech_cat":"solar","date":"2026-06-30","connection_point":"Alverdiscott S.G.P.","sub_name":"Alverdiscott","gate1_reserved":false,"geom_type":"point","located":true,"geocode_source":"REPD","site_name":"Stallingboroughe, Stallingborough Road - Solar PV Energy","site_status":"Application Submitted"}},{"type":"Feature","geometry":{"type":"Point","coordinates":[0.31074,52.29369]},"properties":{"project":"Vicarage Drove Solar & Storage Plant","mw":51.8,"tech":"Solar","tech_cat":"solar","date":"2025-09-19","connection_point":"BICKER FEN 132kV S STN","sub_name":"Bicker Fen","gate1_reserved":false,"geom_type":"point","located":true,"geocode_source":"REPD","site_name":"Burwell Anchor Lane Farm, Newnham Drove - Solar Panels","site_status":"Application Submitted"}},{"type":"Feature","geometry":{"type":"Point","coordinates":[-0.22261,52.93102]},"properties":{"project":"Vicarage Drove Solar & Storage Plant","mw":22.6,"tech":"Battery","tech_cat":"battery","date":"2025-09-19","connection_point":"BICKER FEN 132kV S STN","sub_name":"Bicker Fen","gate1_reserved":false,"geom_type":"point","located":true,"geocode_source":"REPD","site_name":"Vicarage Drove - Solar farm & Battery storage","site_status":"Awaiting Construction"}},{"type":"Feature","geometry":{"type":"Point","coordinates":[-2.45148,53.12941]},"properties":{"project":"Land at Moss Farm","mw":7.6,"tech":"Unabated Gas","tech_cat":"gas","date":"2025-07-16","connection_point":"GRENDON 132kV S STN","sub_name":"Grendon","gate1_reserved":false,"geom_type":"point","located":true,"geocode_source":"REPD","site_name":"Land at Moss Farm (North)","site_status":"Planning Permission Expired"}},{"type":"Feature","geometry":{"type":"Point","coordinates":[-4.932805592631951,50.38274403624799]},"properties":{"project":"Speedwell Solar Farm (Hayle)","mw":40.0,"tech":"Solar","tech_cat":"solar","date":"2027-05-31","connection_point":"Indian Queens S.G.P.","sub_name":"Indian Queens","gate1_reserved":false,"geom_type":"point","located":false,"geocode_source":"substation"}},{"type":"Feature","geometry":{"type":"Point","coordinates":[-2.30044863131478,52.6005001793285]},"properties":{"project":"Hindlip Lane","mw":7.5,"tech":"Unabated Gas","tech_cat":"gas","date":"2025-12-31","connection_point":"BISHOPS WOOD 132kV S STN","sub_name":"Bishops Wood","gate1_reserved":false,"geom_type":"point","located":false,"geocode_source":"substation"}},{"type":"Feature","geometry":{"type":"Point","coordinates":[-1.98624,52.94073]},"properties":{"project":"Lower Tean Leys","mw":52.5,"tech":"Solar","tech_cat":"solar","date":"2027-09-30","connection_point":"RUGELEY 132kV S STN","sub_name":"Rugeley","gate1_reserved":false,"geom_type":"point","located":true,"geocode_source":"REPD","site_name":"Tean Leys Farm, Tean Leys - Battery Storage","site_status":"Application Submitted"}},{"type":"Feature","geometry":{"type":"Point","coordinates":[-1.98624,52.94073]},"properties":{"project":"Lower Tean Leys","mw":20.0,"tech":"Battery","tech_cat":"battery","date":"2027-09-30","connection_point":"RUGELEY 132kV S STN","sub_name":"Rugeley","gate1_reserved":false,"geom_type":"point","located":true,"geocode_source":"REPD","site_name":"Tean Leys Farm, Tean Leys - Battery Storage","site_status":"Application Submitted"}},{"type":"Feature","geometry":{"type":"Point","coordinates":[-4.41985,50.79126]},"properties":{"project":"Derril Water Solar","mw":30.4,"tech":"Solar","tech_cat":"solar","date":"2025-08-30","connection_point":"Alverdiscott S.G.P.","sub_name":"Alverdiscott","gate1_reserved":false,"geom_type":"point","located":true,"geocode_source":"REPD","site_name":"Derril Water Solar Farm - Solar Farm","site_status":"Operational"}},{"type":"Feature","geometry":{"type":"Point","coordinates":[-0.9146846286172149,51.915800353607864]},"properties":{"project":"Leckhampstead","mw":15.0,"tech":"Solar","tech_cat":"solar","date":"2026-12-31","connection_point":"EAST CLAYDON 132KV S STN","sub_name":"East Claydon","gate1_reserved":false,"geom_type":"point","located":false,"geocode_source":"substation"}},{"type":"Feature","geometry":{"type":"Point","coordinates":[-0.7006775258295062,52.2156171811968]},"properties":{"project":"Althorp Solar (/Glassthorpe Solar Farm)","mw":49.9,"tech":"Solar","tech_cat":"solar","date":"2026-03-02","connection_point":"GRENDON 132kV S STN","sub_name":"Grendon","gate1_reserved":false,"geom_type":"point","located":false,"geocode_source":"substation"}},{"type":"Feature","geometry":{"type":"Point","coordinates":[-2.017,52.94787]},"properties":{"project":"Blythe House Farm","mw":54.6,"tech":"Solar","tech_cat":"solar","date":"2027-09-30","connection_point":"RUGELEY 132kV S STN","sub_name":"Rugeley","gate1_reserved":false,"geom_type":"point","located":true,"geocode_source":"REPD","site_name":"Blythe House Farm Extension - Solar Array","site_status":"Awaiting Construction"}},{"type":"Feature","geometry":{"type":"Point","coordinates":[-2.017,52.94787]},"properties":{"project":"Blythe House Farm","mw":33.0,"tech":"Battery","tech_cat":"battery","date":"2027-09-30","connection_point":"RUGELEY 132kV S STN","sub_name":"Rugeley","gate1_reserved":false,"geom_type":"point","located":true,"geocode_source":"REPD","site_name":"Blythe House Farm Extension - Solar Array","site_status":"Awaiting Construction"}},{"type":"Feature","geometry":{"type":"Point","coordinates":[-1.36547,52.0915]},"properties":{"project":"The Hanwell Estate","mw":40.0,"tech":"Solar","tech_cat":"solar","date":"2026-10-30","connection_point":"EAST CLAYDON 132KV S STN","sub_name":"East Claydon","gate1_reserved":false,"geom_type":"point","located":true,"geocode_source":"REPD","site_name":"Hanwell Estate, Main Street - Solar Farm","site_status":"Application Submitted"}},{"type":"Feature","geometry":{"type":"Point","coordinates":[-2.301557617888607,52.599939549019815]},"properties":{"project":"Rocks Green","mw":40.0,"tech":"Solar","tech_cat":"solar","date":"2025-11-15","connection_point":"BISHOPS WOOD 132kV S STN","sub_name":"Bishops Wood","gate1_reserved":false,"geom_type":"point","located":false,"geocode_source":"substation"}},{"type":"Feature","geometry":{"type":"Point","coordinates":[-2.2995565794175055,52.600258921692465]},"properties":{"project":"Rocks Green","mw":12.0,"tech":"Battery","tech_cat":"battery","date":"2025-11-15","connection_point":"BISHOPS WOOD 132kV S STN","sub_name":"Bishops Wood","gate1_reserved":false,"geom_type":"point","located":false,"geocode_source":"substation"}},{"type":"Feature","geometry":{"type":"Point","coordinates":[-1.9345183368728085,52.76847369135706]},"properties":{"project":"UK019-S Moreton Brooks","mw":49.9,"tech":"Solar","tech_cat":"solar","date":"2027-09-30","connection_point":"RUGELEY 132kV S STN","sub_name":"Rugeley","gate1_reserved":false,"geom_type":"point","located":false,"geocode_source":"substation"}},{"type":"Feature","geometry":{"type":"Point","coordinates":[-4.932406675075844,50.38502060014447]},"properties":{"project":"Trerice Solar Farm","mw":44.0,"tech":"Solar","tech_cat":"solar","date":"2027-05-30","connection_point":"Indian Queens S.G.P.","sub_name":"Indian Queens","gate1_reserved":false,"geom_type":"point","located":false,"geocode_source":"substation"}},{"type":"Feature","geometry":{"type":"Point","coordinates":[-4.932927781693824,50.38248812936864]},"properties":{"project":"Trerice Solar Farm","mw":44.0,"tech":"Battery","tech_cat":"battery","date":"2027-05-30","connection_point":"Indian Queens S.G.P.","sub_name":"Indian Queens","gate1_reserved":false,"geom_type":"point","located":false,"geocode_source":"substation"}},{"type":"Feature","geometry":{"type":"Point","coordinates":[-3.098599878493875,51.01736887817384]},"properties":{"project":"Wyndham Estate","mw":20.0,"tech":"Solar","tech_cat":"solar","date":"2025-10-01","connection_point":"Taunton S.G.P.","sub_name":"Taunton","gate1_reserved":false,"geom_type":"point","located":false,"geocode_source":"substation"}},{"type":"Feature","geometry":{"type":"Point","coordinates":[-3.099391087076564,51.01507655930279]},"properties":{"project":"Wyndham Estate","mw":20.0,"tech":"Battery","tech_cat":"battery","date":"2025-10-01","connection_point":"Taunton S.G.P.","sub_name":"Taunton","gate1_reserved":false,"geom_type":"point","located":false,"geocode_source":"substation"}},{"type":"Feature","geometry":{"type":"Point","coordinates":[-5.02758,54.90364]},"properties":{"project":"Waun Maenllwyd Wind Energy Hub","mw":25.2,"tech":"Onshore Wind","tech_cat":"wind","date":"2030-01-31","connection_point":"Swansea North Grid","sub_name":"Swansea North","gate1_reserved":false,"geom_type":"point","located":true,"geocode_source":"REPD","site_name":"Craig Nab Wind Energy Hub - Wind Farm","site_status":"Application Submitted"}},{"type":"Feature","geometry":{"type":"Point","coordinates":[-4.09904,50.37782]},"properties":{"project":"Chelson Meadow Solar Farm","mw":15.0,"tech":"Solar","tech_cat":"solar","date":"2026-08-01","connection_point":"Landulph S.G.P.","sub_name":"Landulph","gate1_reserved":false,"geom_type":"point","located":true,"geocode_source":"REPD","site_name":"Chelson Meadow - Solar Farm","site_status":"Awaiting Construction"}},{"type":"Feature","geometry":{"type":"Point","coordinates":[-1.12736,54.56454]},"properties":{"project":"Old Hall Farm","mw":18.0,"tech":"Solar","tech_cat":"solar","date":"2028-10-30","connection_point":"RATCLIFFE ON SOAR 132kV S STN","sub_name":"Ratcliffe-on-Soar","gate1_reserved":false,"geom_type":"point","located":true,"geocode_source":"REPD","site_name":"Old Hall Farm, Lackenby - BESS","site_status":"Application Submitted"}},{"type":"Feature","geometry":{"type":"Point","coordinates":[-1.12736,54.56454]},"properties":{"project":"Old Hall Farm","mw":2.0,"tech":"Battery","tech_cat":"battery","date":"2028-10-30","connection_point":"RATCLIFFE ON SOAR 132kV S STN","sub_name":"Ratcliffe-on-Soar","gate1_reserved":false,"geom_type":"point","located":true,"geocode_source":"REPD","site_name":"Old Hall Farm, Lackenby - BESS","site_status":"Application Submitted"}},{"type":"Feature","geometry":{"type":"Point","coordinates":[-1.45275,52.45833]},"properties":{"project":"Tolldish ISG Solar Limited","mw":27.2,"tech":"Solar","tech_cat":"solar","date":"2026-05-15","connection_point":"COVENTRY 132kV S STN","sub_name":"Coventry","gate1_reserved":false,"geom_type":"point","located":true,"geocode_source":"REPD","site_name":"Tolldish Hall Farm, Parrotts Grove - Solar Photovoltaic Panels","site_status":"Under Construction"}},{"type":"Feature","geometry":{"type":"Point","coordinates":[-1.89792,52.77103]},"properties":{"project":"Black Flatts","mw":42.0,"tech":"Solar","tech_cat":"solar","date":"2027-09-30","connection_point":"RUGELEY 132kV S STN","sub_name":"Rugeley","gate1_reserved":false,"geom_type":"point","located":true,"geocode_source":"REPD","site_name":"Black Flatts Solar Farm","site_status":"Awaiting Construction"}},{"type":"Feature","geometry":{"type":"Point","coordinates":[-2.5276,51.66385]},"properties":{"project":"Hill Court Solar Farm (Berkeley)","mw":35.0,"tech":"Solar","tech_cat":"solar","date":"2028-10-31","connection_point":"IRON ACTON 132kV S STN","sub_name":"Iron Acton","gate1_reserved":false,"geom_type":"point","located":true,"geocode_source":"REPD","site_name":"Hill Court Solar farm & Battery storage","site_status":"Awaiting Construction"}},{"type":"Feature","geometry":{"type":"Point","coordinates":[-2.5276,51.66385]},"properties":{"project":"Hill Court Solar Farm (Berkeley)","mw":35.0,"tech":"Battery","tech_cat":"battery","date":"2028-10-31","connection_point":"IRON ACTON 132kV S STN","sub_name":"Iron Acton","gate1_reserved":false,"geom_type":"point","located":true,"geocode_source":"REPD","site_name":"Hill Court Solar farm & Battery storage","site_status":"Awaiting Construction"}},{"type":"Feature","geometry":{"type":"Point","coordinates":[-2.497602693328975,52.633288218231485]},"properties":{"project":"Steerway Farm","mw":30.0,"tech":"Solar","tech_cat":"solar","date":"2027-09-30","connection_point":"IRONBRIDGE 132kV S STN","sub_name":"Ironbridge","gate1_reserved":false,"geom_type":"point","located":false,"geocode_source":"substation"}},{"type":"Feature","geometry":{"type":"Point","coordinates":[-0.87161,52.96555]},"properties":{"project":"Thoroton Solar Plant (Longhedge Solar)","mw":52.0,"tech":"Solar","tech_cat":"solar","date":"2028-04-30","connection_point":"STAYTHORPE C 132kV S STN","sub_name":"Staythorpe","gate1_reserved":false,"geom_type":"point","located":true,"geocode_source":"REPD","site_name":"Smite Lane Farm, Thoroton - Solar Panels","site_status":"Awaiting Construction"}},{"type":"Feature","geometry":{"type":"Point","coordinates":[-2.298228615035597,52.59923029894525]},"properties":{"project":"Norchard Solar Farm","mw":25.0,"tech":"Solar","tech_cat":"solar","date":"2026-04-11","connection_point":"BISHOPS WOOD 132kV S STN","sub_name":"Bishops Wood","gate1_reserved":false,"geom_type":"point","located":false,"geocode_source":"substation"}},{"type":"Feature","geometry":{"type":"Point","coordinates":[-1.2508806852968395,52.867085433993395]},"properties":{"project":"Garendon Solar Plant","mw":49.9,"tech":"Solar","tech_cat":"solar","date":"2028-10-30","connection_point":"RATCLIFFE ON SOAR 132kV S STN","sub_name":"Ratcliffe-on-Soar","gate1_reserved":false,"geom_type":"point","located":false,"geocode_source":"substation"}},{"type":"Feature","geometry":{"type":"Point","coordinates":[-2.9326003755128927,51.53379182436082]},"properties":{"project":"Newport (Vogen Stor)","mw":20.0,"tech":"Low Carbon Dispatchable Power","tech_cat":"other","date":"2029-10-11","connection_point":"Uskmouth","sub_name":"Uskmouth","gate1_reserved":false,"geom_type":"point","located":false,"geocode_source":"substation"}},{"type":"Feature","geometry":{"type":"Point","coordinates":[-0.8819763818480518,53.06733995205104]},"properties":{"project":"Averham Leazes BESS","mw":49.9,"tech":"Battery","tech_cat":"battery","date":"2028-02-01","connection_point":"STAYTHORPE C 132kV S STN","sub_name":"Staythorpe","gate1_reserved":false,"geom_type":"point","located":false,"geocode_source":"substation"}},{"type":"Feature","geometry":{"type":"Point","coordinates":[-0.9147252904945152,51.91727305354514]},"properties":{"project":"Potterspury Solar Farm","mw":40.0,"tech":"Solar","tech_cat":"solar","date":"2026-12-31","connection_point":"EAST CLAYDON 132KV S STN","sub_name":"East Claydon","gate1_reserved":false,"geom_type":"point","located":false,"geocode_source":"substation"}},{"type":"Feature","geometry":{"type":"Point","coordinates":[-3.35426,50.70248]},"properties":{"project":"Higher Hawkerland Solar Farm","mw":10.0,"tech":"Solar","tech_cat":"solar","date":"2026-05-14","connection_point":"Exeter Main S.G.P.","sub_name":"Exeter","gate1_reserved":false,"geom_type":"point","located":true,"geocode_source":"REPD","site_name":"Higher Hawkerland Farm, Sidmouth Road - Solar Farm","site_status":"Awaiting Construction"}},{"type":"Feature","geometry":{"type":"Point","coordinates":[-0.20708,52.21037]},"properties":{"project":"Manor farm","mw":30.0,"tech":"Solar","tech_cat":"solar","date":"2031-10-31","connection_point":"EAST CLAYDON 132KV S STN","sub_name":"East Claydon","gate1_reserved":false,"geom_type":"point","located":true,"geocode_source":"REPD","site_name":"Caldecote Manor Farm","site_status":"Revised"}},{"type":"Feature","geometry":{"type":"Point","coordinates":[-2.42792,52.74544]},"properties":{"project":"Twitch Hill","mw":19.0,"tech":"Solar","tech_cat":"solar","date":"2025-12-23","connection_point":"IRONBRIDGE 132kV S STN","sub_name":"Ironbridge","gate1_reserved":false,"geom_type":"point","located":true,"geocode_source":"REPD","site_name":"Twitch Hill, Cheswell Grange Farm - Solar Farm & Battery Storage","site_status":"Under Construction"}},{"type":"Feature","geometry":{"type":"Point","coordinates":[-2.87814,54.72551]},"properties":{"project":"Battery site at Gresley","mw":20.6,"tech":"Battery","tech_cat":"battery","date":"2025-10-31","connection_point":"DRAKELOW 132kV","sub_name":"Drakelow","gate1_reserved":false,"geom_type":"point","located":true,"geocode_source":"REPD","site_name":"Land at Skelton Radio Transmitter Site","site_status":"Application Withdrawn"}},{"type":"Feature","geometry":{"type":"Point","coordinates":[-4.931022486237945,50.38376169317327]},"properties":{"project":"Menear Farm","mw":5.0,"tech":"Battery","tech_cat":"battery","date":"2027-07-30","connection_point":"Indian Queens S.G.P.","sub_name":"Indian Queens","gate1_reserved":false,"geom_type":"point","located":false,"geocode_source":"substation"}},{"type":"Feature","geometry":{"type":"Point","coordinates":[-1.6511368118849692,52.76722682619201]},"properties":{"project":"Royle Farm BESS","mw":125.1,"tech":"Battery","tech_cat":"battery","date":"2025-10-31","connection_point":"DRAKELOW 132kV","sub_name":"Drakelow","gate1_reserved":false,"geom_type":"point","located":false,"geocode_source":"substation"}},{"type":"Feature","geometry":{"type":"Point","coordinates":[-1.25361,52.84595]},"properties":{"project":"Church Farm","mw":49.9,"tech":"Solar","tech_cat":"solar","date":"2028-10-30","connection_point":"RATCLIFFE ON SOAR 132kV S STN","sub_name":"Ratcliffe-on-Soar","gate1_reserved":false,"geom_type":"point","located":true,"geocode_source":"REPD","site_name":"Church Farm, Kingston On Soar - Solar Photovoltaic Farm","site_status":"Awaiting Construction"}},{"type":"Feature","geometry":{"type":"Point","coordinates":[-2.46623931937421,51.549786963484586]},"properties":{"project":"Cattybrook Solar Farm","mw":55.0,"tech":"Solar","tech_cat":"solar","date":"2027-10-01","connection_point":"IRON ACTON 132kV S STN","sub_name":"Iron Acton","gate1_reserved":false,"geom_type":"point","located":false,"geocode_source":"substation"}},{"type":"Feature","geometry":{"type":"Point","coordinates":[-0.84848,52.02004]},"properties":{"project":"Oaks Farm","mw":20.9,"tech":"Solar","tech_cat":"solar","date":"2031-10-31","connection_point":"EAST CLAYDON 132KV S STN","sub_name":"East Claydon","gate1_reserved":false,"geom_type":"point","located":true,"geocode_source":"REPD","site_name":"Oaks Farm - Solar Farm","site_status":"Application Submitted"}},{"type":"Feature","geometry":{"type":"Point","coordinates":[-2.62486,52.33314]},"properties":{"project":"Brick House Solar Plant","mw":52.3,"tech":"Solar","tech_cat":"solar","date":"2027-04-01","connection_point":"BISHOPS WOOD 132kV S STN","sub_name":"Bishops Wood","gate1_reserved":false,"geom_type":"point","located":true,"geocode_source":"REPD","site_name":"Brick House Farm - Solar Farm","site_status":"Awaiting Construction"}},{"type":"Feature","geometry":{"type":"Point","coordinates":[-1.48088,52.25374]},"properties":{"project":"Land on the West side of","mw":40.0,"tech":"Solar","tech_cat":"solar","date":"2024-06-30","connection_point":"GRENDON 132kV S STN","sub_name":"Grendon","gate1_reserved":false,"geom_type":"point","located":true,"geocode_source":"REPD","site_name":"Land On The East Side Of Fosse Way","site_status":"Operational"}},{"type":"Feature","geometry":{"type":"Point","coordinates":[-2.86646,51.39375]},"properties":{"project":"Yew Tree Farm","mw":49.9,"tech":"Solar","tech_cat":"solar","date":"2027-09-30","connection_point":"RUGELEY 132kV S STN","sub_name":"Rugeley","gate1_reserved":false,"geom_type":"point","located":true,"geocode_source":"REPD","site_name":"Yew Tree Farm, Yew Tree Lane - Solar Farm","site_status":"Awaiting Construction"}},{"type":"Feature","geometry":{"type":"Point","coordinates":[-2.86646,51.39375]},"properties":{"project":"Yew Tree Farm","mw":49.9,"tech":"Battery","tech_cat":"battery","date":"2027-09-30","connection_point":"RUGELEY 132kV S STN","sub_name":"Rugeley","gate1_reserved":false,"geom_type":"point","located":true,"geocode_source":"REPD","site_name":"Yew Tree Farm, Yew Tree Lane - Solar Farm","site_status":"Awaiting Construction"}},{"type":"Feature","geometry":{"type":"Point","coordinates":[-4.01775,50.94982]},"properties":{"project":"Deptford Farm","mw":30.0,"tech":"Solar","tech_cat":"solar","date":"2027-07-01","connection_point":"Alverdiscott S.G.P.","sub_name":"Alverdiscott","gate1_reserved":false,"geom_type":"point","located":true,"geocode_source":"REPD","site_name":"Deptford Farm, Ebberley Hill - Solar Farm","site_status":"Awaiting Construction"}},{"type":"Feature","geometry":{"type":"Point","coordinates":[-4.01775,50.94982]},"properties":{"project":"Deptford Farm","mw":30.0,"tech":"Battery","tech_cat":"battery","date":"2027-07-01","connection_point":"Alverdiscott S.G.P.","sub_name":"Alverdiscott","gate1_reserved":false,"geom_type":"point","located":true,"geocode_source":"REPD","site_name":"Deptford Farm, Ebberley Hill - Solar Farm","site_status":"Awaiting Construction"}},{"type":"Feature","geometry":{"type":"Point","coordinates":[-4.085645468562844,51.017536495164585]},"properties":{"project":"Limebury Solar Farm","mw":6.3,"tech":"Solar","tech_cat":"solar","date":"2025-08-31","connection_point":"Alverdiscott S.G.P.","sub_name":"Alverdiscott","gate1_reserved":false,"geom_type":"point","located":false,"geocode_source":"substation"}},{"type":"Feature","geometry":{"type":"Point","coordinates":[-1.6485275373681012,52.76596239762586]},"properties":{"project":"Hawthorn Solar Farm","mw":6.1,"tech":"Solar","tech_cat":"solar","date":"2026-03-01","connection_point":"DRAKELOW 132kV","sub_name":"Drakelow","gate1_reserved":false,"geom_type":"point","located":false,"geocode_source":"substation"}},{"type":"Feature","geometry":{"type":"Point","coordinates":[-3.00211028250657,51.132132304253595]},"properties":{"project":"Mounsel House Solar Farm","mw":30.0,"tech":"Solar","tech_cat":"solar","date":"2028-10-31","connection_point":"Bridgwater S.G.P.","sub_name":"Bridgwater","gate1_reserved":false,"geom_type":"point","located":false,"geocode_source":"substation"}},{"type":"Feature","geometry":{"type":"Point","coordinates":[0.5743,52.11834]},"properties":{"project":"Abbey Farm","mw":25.0,"tech":"Solar","tech_cat":"solar","date":"2032-10-30","connection_point":"IRONBRIDGE 132kV S STN","sub_name":"Ironbridge","gate1_reserved":false,"geom_type":"point","located":true,"geocode_source":"REPD","site_name":"Chipley Abbey Farm, Gosland Green - Wind Turbine","site_status":"Application Submitted"}},{"type":"Feature","geometry":{"type":"Point","coordinates":[-2.9305713832186737,51.53344186793234]},"properties":{"project":"Bishton Solar & Battery","mw":99.9,"tech":"Solar","tech_cat":"solar","date":"2029-10-11","connection_point":"Uskmouth","sub_name":"Uskmouth","gate1_reserved":false,"geom_type":"point","located":false,"geocode_source":"substation"}},{"type":"Feature","geometry":{"type":"Point","coordinates":[-2.9309070574146476,51.53341106854533]},"properties":{"project":"Bishton Solar & Battery","mw":99.9,"tech":"Battery","tech_cat":"battery","date":"2029-10-11","connection_point":"Uskmouth","sub_name":"Uskmouth","gate1_reserved":false,"geom_type":"point","located":false,"geocode_source":"substation"}},{"type":"Feature","geometry":{"type":"Point","coordinates":[-2.10239,52.30876]},"properties":{"project":"Rectory Farm","mw":29.7,"tech":"Battery","tech_cat":"battery","date":"2025-12-18","connection_point":"BISHOPS WOOD 132kV S STN","sub_name":"Bishops Wood","gate1_reserved":false,"geom_type":"point","located":true,"geocode_source":"REPD","site_name":"Rectory Farm, Rectory Lane - Battery Storage","site_status":"Awaiting Construction"}},{"type":"Feature","geometry":{"type":"Point","coordinates":[-0.8847560320968544,53.06788970143044]},"properties":{"project":"Brecks Farm","mw":34.5,"tech":"Solar","tech_cat":"solar","date":"2030-10-31","connection_point":"STAYTHORPE C 132kV S STN","sub_name":"Staythorpe","gate1_reserved":false,"geom_type":"point","located":false,"geocode_source":"substation"}},{"type":"Feature","geometry":{"type":"Point","coordinates":[-4.233402626893079,50.45116888332515]},"properties":{"project":"Criffle Mill","mw":49.9,"tech":"Solar","tech_cat":"solar","date":"2028-10-31","connection_point":"Landulph S.G.P.","sub_name":"Landulph","gate1_reserved":false,"geom_type":"point","located":false,"geocode_source":"substation"}},{"type":"Feature","geometry":{"type":"Point","coordinates":[0.08939,52.85186]},"properties":{"project":"Caudwell Farm","mw":70.0,"tech":"Solar","tech_cat":"solar","date":"2027-05-31","connection_point":"WALPOLE 132kV S STN","sub_name":"Walpole","gate1_reserved":false,"geom_type":"point","located":true,"geocode_source":"REPD","site_name":"Caudwell Farm, Hollbeach - Solar Array","site_status":"Awaiting Construction"}},{"type":"Feature","geometry":{"type":"Point","coordinates":[-2.14861,52.73988]},"properties":{"project":"Levedale Road","mw":50.9,"tech":"Battery","tech_cat":"battery","date":"2026-06-06","connection_point":"Bushbury D 132kV","sub_name":"Bushbury","gate1_reserved":false,"geom_type":"point","located":true,"geocode_source":"REPD","site_name":"Levedale Road, Levedale - Battery Energy Storage","site_status":"Awaiting Construction"}},{"type":"Feature","geometry":{"type":"Point","coordinates":[0.2278,50.879]},"properties":{"project":"Lower Hanyards Farm Solar","mw":49.5,"tech":"Solar","tech_cat":"solar","date":"2027-09-30","connection_point":"RUGELEY 132kV S STN","sub_name":"Rugeley","gate1_reserved":false,"geom_type":"point","located":true,"geocode_source":"REPD","site_name":"Boship Lions Farm Hotel, Lower Dicker - Solar Panels","site_status":"Application Submitted"}},{"type":"Feature","geometry":{"type":"Point","coordinates":[-2.4652725815743404,51.551103358577656]},"properties":{"project":"Bambers Solar","mw":24.4,"tech":"Solar","tech_cat":"solar","date":"2036-12-06","connection_point":"IRON ACTON 132kV S STN","sub_name":"Iron Acton","gate1_reserved":false,"geom_type":"point","located":false,"geocode_source":"substation"}},{"type":"Feature","geometry":{"type":"Point","coordinates":[-2.4689279173300087,51.54941937491368]},"properties":{"project":"Bambers Solar","mw":12.5,"tech":"Battery","tech_cat":"battery","date":"2036-12-06","connection_point":"IRON ACTON 132kV S STN","sub_name":"Iron Acton","gate1_reserved":false,"geom_type":"point","located":false,"geocode_source":"substation"}},{"type":"Feature","geometry":{"type":"Point","coordinates":[-3.0020609606622584,51.13496641585433]},"properties":{"project":"Thurloxton Energy Storage Plant","mw":49.9,"tech":"Battery","tech_cat":"battery","date":"2036-12-06","connection_point":"Bridgwater S.G.P.","sub_name":"Bridgwater","gate1_reserved":false,"geom_type":"point","located":false,"geocode_source":"substation"}},{"type":"Feature","geometry":{"type":"Point","coordinates":[-2.2978653972317593,52.601679400754065]},"properties":{"project":"Ledwyche Solar","mw":15.8,"tech":"Solar","tech_cat":"solar","date":"2026-03-31","connection_point":"BISHOPS WOOD 132kV S STN","sub_name":"Bishops Wood","gate1_reserved":false,"geom_type":"point","located":false,"geocode_source":"substation"}},{"type":"Feature","geometry":{"type":"Point","coordinates":[-2.20342,52.65866]},"properties":{"project":"Chillington Estate PV & BESS","mw":40.0,"tech":"Solar","tech_cat":"solar","date":"2027-03-31","connection_point":"Bushbury D 132kV","sub_name":"Bushbury","gate1_reserved":false,"geom_type":"point","located":true,"geocode_source":"REPD","site_name":"Chillington Estate, Chillington Park - Solar Panels","site_status":"Awaiting Construction"}},{"type":"Feature","geometry":{"type":"Point","coordinates":[-2.20342,52.65866]},"properties":{"project":"Chillington Estate PV & BESS","mw":40.0,"tech":"Battery","tech_cat":"battery","date":"2027-03-31","connection_point":"Bushbury D 132kV","sub_name":"Bushbury","gate1_reserved":false,"geom_type":"point","located":true,"geocode_source":"REPD","site_name":"Chillington Estate, Chillington Park - Solar Panels","site_status":"Awaiting Construction"}},{"type":"Feature","geometry":{"type":"Point","coordinates":[-1.93649,52.07179]},"properties":{"project":"BEDWORTH SOLAR LIMITED","mw":23.0,"tech":"Solar","tech_cat":"solar","date":"2026-04-01","connection_point":"COVENTRY 132kV S STN","sub_name":"Coventry","gate1_reserved":false,"geom_type":"point","located":true,"geocode_source":"REPD","site_name":"Primafruit Limited - Solar Panels","site_status":"Awaiting Construction"}},{"type":"Feature","geometry":{"type":"Point","coordinates":[-4.78377,50.35864]},"properties":{"project":"St Austell BESS","mw":49.5,"tech":"Battery","tech_cat":"battery","date":"2028-10-31","connection_point":"Indian Queens S.G.P.","sub_name":"Indian Queens","gate1_reserved":false,"geom_type":"point","located":true,"geocode_source":"REPD","site_name":"St Austell Road, Treverbyn - Micro Energy Storage","site_status":"Application Submitted"}},{"type":"Feature","geometry":{"type":"Point","coordinates":[0.76795,51.40874]},"properties":{"project":"Land off A5/Kilsby Road","mw":44.3,"tech":"Solar","tech_cat":"solar","date":"2028-10-30","connection_point":"COVENTRY 132kV S STN","sub_name":"Coventry","gate1_reserved":false,"geom_type":"point","located":true,"geocode_source":"REPD","site_name":"Land off Queenborough Road","site_status":"Under Construction"}},{"type":"Feature","geometry":{"type":"Point","coordinates":[-0.51135,51.89169]},"properties":{"project":"UK057-B Whatton Estate","mw":60.0,"tech":"Battery","tech_cat":"battery","date":"2028-10-30","connection_point":"RATCLIFFE ON SOAR 132kV S STN","sub_name":"Ratcliffe-on-Soar","gate1_reserved":false,"geom_type":"point","located":true,"geocode_source":"REPD","site_name":"Unit B, Chiltern Park Industrial Estate -  Solar Panels","site_status":"Awaiting Construction"}},{"type":"Feature","geometry":{"type":"Point","coordinates":[-3.02052,51.02028]},"properties":{"project":"Ham Farm Solar Limited","mw":14.6,"tech":"Solar","tech_cat":"solar","date":"2036-12-06","connection_point":"Bridgwater S.G.P.","sub_name":"Bridgwater","gate1_reserved":false,"geom_type":"point","located":true,"geocode_source":"REPD","site_name":"Ham Farm, Creech St Michael - Solar Array","site_status":"Awaiting Construction"}},{"type":"Feature","geometry":{"type":"Point","coordinates":[-2.2971553164268075,52.60080718016347]},"properties":{"project":"Upton Solar Farm","mw":29.4,"tech":"Solar","tech_cat":"solar","date":"2026-08-18","connection_point":"BISHOPS WOOD 132kV S STN","sub_name":"Bishops Wood","gate1_reserved":false,"geom_type":"point","located":false,"geocode_source":"substation"}},{"type":"Feature","geometry":{"type":"Point","coordinates":[-2.85596,53.47598]},"properties":{"project":"Charley Road Solar","mw":49.9,"tech":"Solar","tech_cat":"solar","date":"2028-10-30","connection_point":"RATCLIFFE ON SOAR 132kV S STN","sub_name":"Ratcliffe-on-Soar","gate1_reserved":false,"geom_type":"point","located":true,"geocode_source":"REPD","site_name":"Dams Warehouse, Charley Wood Road - Solar Panels","site_status":"Revised"}},{"type":"Feature","geometry":{"type":"Point","coordinates":[-3.5149675591898646,50.73498217109028]},"properties":{"project":"Exeter Battery Storage Site","mw":99.9,"tech":"Battery","tech_cat":"battery","date":"2028-10-31","connection_point":"Exeter Main S.G.P.","sub_name":"Exeter","gate1_reserved":false,"geom_type":"point","located":false,"geocode_source":"substation"}},{"type":"Feature","geometry":{"type":"Point","coordinates":[-2.68444,50.92529]},"properties":{"project":"Codrington Road Solar PV","mw":15.0,"tech":"Solar","tech_cat":"solar","date":"2036-12-06","connection_point":"IRON ACTON 132kV S STN","sub_name":"Iron Acton","gate1_reserved":false,"geom_type":"point","located":true,"geocode_source":"REPD","site_name":"Camp Road, West Coker - Solar PV Panels","site_status":"Awaiting Construction"}},{"type":"Feature","geometry":{"type":"Point","coordinates":[-0.86855,51.76594]},"properties":{"project":"Lower Farm","mw":55.0,"tech":"Solar","tech_cat":"solar","date":"2027-10-01","connection_point":"RUGELEY 132kV S STN","sub_name":"Rugeley","gate1_reserved":false,"geom_type":"point","located":true,"geocode_source":"REPD","site_name":"Lower Waldridge Farm, Ford - Solar Farm","site_status":"Revised"}},{"type":"Feature","geometry":{"type":"Point","coordinates":[-1.96298,52.83971]},"properties":{"project":"Lower Farm","mw":33.0,"tech":"Battery","tech_cat":"battery","date":"2027-10-01","connection_point":"RUGELEY 132kV S STN","sub_name":"Rugeley","gate1_reserved":false,"geom_type":"point","located":true,"geocode_source":"REPD","site_name":"Lower Farm, Drointon Lane - Solar farm & Battery Energy Storage","site_status":"Awaiting Construction"}},{"type":"Feature","geometry":{"type":"Point","coordinates":[-0.1815638491525894,52.93281679017786]},"properties":{"project":"Grantham Solar Farm","mw":25.0,"tech":"Solar","tech_cat":"solar","date":"2026-12-14","connection_point":"BICKER FEN 132kV S STN","sub_name":"Bicker Fen","gate1_reserved":false,"geom_type":"point","located":false,"geocode_source":"substation"}},{"type":"Feature","geometry":{"type":"Point","coordinates":[-0.18308156524705912,52.931550107158365]},"properties":{"project":"Grantham Solar Farm","mw":25.0,"tech":"Battery","tech_cat":"battery","date":"2026-12-14","connection_point":"BICKER FEN 132kV S STN","sub_name":"Bicker Fen","gate1_reserved":false,"geom_type":"point","located":false,"geocode_source":"substation"}},{"type":"Feature","geometry":{"type":"Point","coordinates":[-3.099010986715032,51.01653722969984]},"properties":{"project":"Preston Solar Farm","mw":23.0,"tech":"Solar","tech_cat":"solar","date":"2026-03-31","connection_point":"Taunton S.G.P.","sub_name":"Taunton","gate1_reserved":false,"geom_type":"point","located":false,"geocode_source":"substation"}},{"type":"Feature","geometry":{"type":"Point","coordinates":[-1.6276,52.81636]},"properties":{"project":"Hawkins Lane","mw":31.3,"tech":"Battery","tech_cat":"battery","date":"2029-10-30","connection_point":"DRAKELOW 132kV","sub_name":"Drakelow","gate1_reserved":false,"geom_type":"point","located":true,"geocode_source":"REPD","site_name":"Burton Enterprise Park, Hawkins Lane - Battery Energy Storage","site_status":"Awaiting Construction"}},{"type":"Feature","geometry":{"type":"Point","coordinates":[-1.2494957251393473,52.867320426870464]},"properties":{"project":"Newhurst ERF","mw":48.6,"tech":"Low Carbon Dispatchable Power","tech_cat":"other","date":"2028-10-30","connection_point":"RATCLIFFE ON SOAR 132kV S STN","sub_name":"Ratcliffe-on-Soar","gate1_reserved":false,"geom_type":"point","located":false,"geocode_source":"substation"}},{"type":"Feature","geometry":{"type":"Point","coordinates":[-2.97785,51.16147]},"properties":{"project":"Horsey Levels","mw":20.0,"tech":"Solar","tech_cat":"solar","date":"2036-12-06","connection_point":"Bridgwater S.G.P.","sub_name":"Bridgwater","gate1_reserved":false,"geom_type":"point","located":true,"geocode_source":"REPD","site_name":"Horsey Levels - Solar Farm","site_status":"Operational"}},{"type":"Feature","geometry":{"type":"Point","coordinates":[-2.89435,51.56736]},"properties":{"project":"Swadlincote Energy Recovery Facility (SERF)","mw":21.5,"tech":"Low Carbon Dispatchable Power","tech_cat":"other","date":"2029-10-30","connection_point":"DRAKELOW 132kV","sub_name":"Drakelow","gate1_reserved":false,"geom_type":"point","located":true,"geocode_source":"REPD","site_name":"Llanwern Steelworks Energy Recovery Facility","site_status":"Appeal Withdrawn"}},{"type":"Feature","geometry":{"type":"Point","coordinates":[-0.6974129083810686,52.21786070228442]},"properties":{"project":"Exton Solar Farm","mw":49.9,"tech":"Solar","tech_cat":"solar","date":"2026-12-01","connection_point":"GRENDON 132kV S STN","sub_name":"Grendon","gate1_reserved":false,"geom_type":"point","located":false,"geocode_source":"substation"}},{"type":"Feature","geometry":{"type":"Point","coordinates":[-1.4055,52.52471]},"properties":{"project":"Hydes Lane","mw":49.5,"tech":"Battery","tech_cat":"battery","date":"2027-01-24","connection_point":"COVENTRY 132kV S STN","sub_name":"Coventry","gate1_reserved":false,"geom_type":"point","located":true,"geocode_source":"REPD","site_name":"Hydes Lane, Stretton Baskerville - Battery Storage","site_status":"Awaiting Construction"}},{"type":"Feature","geometry":{"type":"Point","coordinates":[-0.58925,52.2526]},"properties":{"project":"FIBDEN FARM ENERGY PARK","mw":40.0,"tech":"Solar","tech_cat":"solar","date":"2032-09-30","connection_point":"BISHOPS WOOD 132kV S STN","sub_name":"Bishops Wood","gate1_reserved":false,"geom_type":"point","located":true,"geocode_source":"REPD","site_name":"Glebe Farm Solar Energy Park","site_status":"Operational"}},{"type":"Feature","geometry":{"type":"Point","coordinates":[-0.58925,52.2526]},"properties":{"project":"FIBDEN FARM ENERGY PARK","mw":40.0,"tech":"Battery","tech_cat":"battery","date":"2032-09-30","connection_point":"BISHOPS WOOD 132kV S STN","sub_name":"Bishops Wood","gate1_reserved":false,"geom_type":"point","located":true,"geocode_source":"REPD","site_name":"Glebe Farm Solar Energy Park","site_status":"Operational"}},{"type":"Feature","geometry":{"type":"Point","coordinates":[-2.3015776741341485,52.59859004596792]},"properties":{"project":"Main Land Centred Around Newland","mw":49.9,"tech":"Solar","tech_cat":"solar","date":"2032-10-30","connection_point":"BISHOPS WOOD 132kV S STN","sub_name":"Bishops Wood","gate1_reserved":false,"geom_type":"point","located":false,"geocode_source":"substation"}},{"type":"Feature","geometry":{"type":"Point","coordinates":[-2.297722587313641,52.59829008873873]},"properties":{"project":"Main Land Centred Around Newland","mw":49.9,"tech":"Battery","tech_cat":"battery","date":"2032-10-30","connection_point":"BISHOPS WOOD 132kV S STN","sub_name":"Bishops Wood","gate1_reserved":false,"geom_type":"point","located":false,"geocode_source":"substation"}},{"type":"Feature","geometry":{"type":"Point","coordinates":[-0.36551,52.97589]},"properties":{"project":"White Cross Offshore Windfarm","mw":99.9,"tech":"Offshore Wind","tech_cat":"wind","date":"2028-10-31","connection_point":"Alverdiscott S.G.P.","sub_name":"Alverdiscott","gate1_reserved":false,"geom_type":"point","located":true,"geocode_source":"REPD","site_name":"White Cross Lane","site_status":"Under Construction"}},{"type":"Feature","geometry":{"type":"Point","coordinates":[-4.230952268381661,50.450221066576105]},"properties":{"project":"Landulph Energy Storage Plant","mw":49.9,"tech":"Battery","tech_cat":"battery","date":"2036-12-31","connection_point":"Landulph S.G.P.","sub_name":"Landulph","gate1_reserved":false,"geom_type":"point","located":false,"geocode_source":"substation"}},{"type":"Feature","geometry":{"type":"Point","coordinates":[-2.94839,51.57203]},"properties":{"project":"Leeway House 20.6MW BESS Facility","mw":20.6,"tech":"Battery","tech_cat":"battery","date":"2029-10-11","connection_point":"Uskmouth","sub_name":"Uskmouth","gate1_reserved":false,"geom_type":"point","located":true,"geocode_source":"REPD","site_name":"Leeway House, Leeway Industrial Estate - Battery Energy Storage System","site_status":"Awaiting Construction"}},{"type":"Feature","geometry":{"type":"Point","coordinates":[1.07821,52.11736]},"properties":{"project":"Land at Imerys","mw":9.9,"tech":"Onshore Wind","tech_cat":"wind","date":"2028-10-31","connection_point":"Indian Queens S.G.P.","sub_name":"Indian Queens","gate1_reserved":false,"geom_type":"point","located":true,"geocode_source":"REPD","site_name":"Land at Hill Farm","site_status":"Application Withdrawn"}},{"type":"Feature","geometry":{"type":"Point","coordinates":[-1.1184,52.8466]},"properties":{"project":"Old Wood Solar Farm","mw":40.0,"tech":"Solar","tech_cat":"solar","date":"2028-10-30","connection_point":"RATCLIFFE ON SOAR 132kV S STN","sub_name":"Ratcliffe-on-Soar","gate1_reserved":false,"geom_type":"point","located":true,"geocode_source":"REPD","site_name":"Old Wood Energy Park - Solar Pv Panel","site_status":"Application Refused"}},{"type":"Feature","geometry":{"type":"Point","coordinates":[-3.5191843444503443,50.732296921920266]},"properties":{"project":"Sparrowhawk (Exeter)","mw":35.0,"tech":"Solar","tech_cat":"solar","date":"2026-06-01","connection_point":"Exeter Main S.G.P.","sub_name":"Exeter","gate1_reserved":false,"geom_type":"point","located":false,"geocode_source":"substation"}},{"type":"Feature","geometry":{"type":"Point","coordinates":[-4.23994,50.81439]},"properties":{"project":"East Rightadown Solar","mw":7.9,"tech":"Solar","tech_cat":"solar","date":"2026-07-01","connection_point":"Alverdiscott S.G.P.","sub_name":"Alverdiscott","gate1_reserved":false,"geom_type":"point","located":true,"geocode_source":"REPD","site_name":"East Rightadown Farm, Brandis Corner - Solar Farm","site_status":"Awaiting Construction"}},{"type":"Feature","geometry":{"type":"Point","coordinates":[-1.26515,52.42153]},"properties":{"project":"Fields Farm","mw":49.9,"tech":"Solar","tech_cat":"solar","date":"2028-10-30","connection_point":"RATCLIFFE ON SOAR 132kV S STN","sub_name":"Ratcliffe-on-Soar","gate1_reserved":false,"geom_type":"point","located":true,"geocode_source":"REPD","site_name":"Harborough Fields Farm","site_status":"Planning Permission Expired"}},{"type":"Feature","geometry":{"type":"Point","coordinates":[-1.26515,52.42153]},"properties":{"project":"Fields Farm","mw":49.9,"tech":"Battery","tech_cat":"battery","date":"2028-10-30","connection_point":"RATCLIFFE ON SOAR 132kV S STN","sub_name":"Ratcliffe-on-Soar","gate1_reserved":false,"geom_type":"point","located":true,"geocode_source":"REPD","site_name":"Harborough Fields Farm","site_status":"Planning Permission Expired"}},{"type":"Feature","geometry":{"type":"Point","coordinates":[-1.71331,52.51585]},"properties":{"project":"Point Lane Solar Farm","mw":5.7,"tech":"Solar","tech_cat":"solar","date":"2025-10-31","connection_point":"Pembroke Power Station","sub_name":"Pembroke","gate1_reserved":false,"geom_type":"point","located":true,"geocode_source":"REPD","site_name":"Highway Point, Gorsey Lane - Solar Panels","site_status":"Awaiting Construction"}},{"type":"Feature","geometry":{"type":"Point","coordinates":[1.343,51.31196]},"properties":{"project":"Hoppaworthy Energy Park (Stoneworthy BESS)","mw":50.4,"tech":"Battery","tech_cat":"battery","date":"2028-10-31","connection_point":"Alverdiscott S.G.P.","sub_name":"Alverdiscott","gate1_reserved":false,"geom_type":"point","located":true,"geocode_source":"REPD","site_name":"Richborough Energy Park - Phase 2","site_status":"Operational"}},{"type":"Feature","geometry":{"type":"Point","coordinates":[-4.78377,50.35864]},"properties":{"project":"St Austell 10MW BESS","mw":10.0,"tech":"Battery","tech_cat":"battery","date":"2028-10-31","connection_point":"Indian Queens S.G.P.","sub_name":"Indian Queens","gate1_reserved":false,"geom_type":"point","located":true,"geocode_source":"REPD","site_name":"St Austell Road, Treverbyn - Micro Energy Storage","site_status":"Application Submitted"}},{"type":"Feature","geometry":{"type":"Point","coordinates":[-3.097657272441498,51.017865879265]},"properties":{"project":"Hele BESS","mw":21.1,"tech":"Battery","tech_cat":"battery","date":"2028-10-31","connection_point":"Taunton S.G.P.","sub_name":"Taunton","gate1_reserved":false,"geom_type":"point","located":false,"geocode_source":"substation"}},{"type":"Feature","geometry":{"type":"Point","coordinates":[-2.300543543054473,52.5992878846283]},"properties":{"project":"Bleathwood","mw":49.8,"tech":"Solar","tech_cat":"solar","date":"2032-10-01","connection_point":"BISHOPS WOOD 132kV S STN","sub_name":"Bishops Wood","gate1_reserved":false,"geom_type":"point","located":false,"geocode_source":"substation"}},{"type":"Feature","geometry":{"type":"Point","coordinates":[-2.2973549466190373,52.59870319724503]},"properties":{"project":"Bleathwood","mw":30.0,"tech":"Battery","tech_cat":"battery","date":"2032-10-01","connection_point":"BISHOPS WOOD 132kV S STN","sub_name":"Bishops Wood","gate1_reserved":false,"geom_type":"point","located":false,"geocode_source":"substation"}},{"type":"Feature","geometry":{"type":"Point","coordinates":[-1.46093,52.45506]},"properties":{"project":"Hawkesbury Hall","mw":98.0,"tech":"Battery","tech_cat":"battery","date":"2028-10-30","connection_point":"COVENTRY 132kV S STN","sub_name":"Coventry","gate1_reserved":false,"geom_type":"point","located":true,"geocode_source":"REPD","site_name":"Coventry National Grid Substation, Hawkesbury Hall - Battery Storage","site_status":"Application Submitted"}},{"type":"Feature","geometry":{"type":"Point","coordinates":[-2.3000437148960198,52.59929571250368]},"properties":{"project":"Brockhill Solar Farm","mw":25.0,"tech":"Solar","tech_cat":"solar","date":"2032-10-30","connection_point":"BISHOPS WOOD 132kV S STN","sub_name":"Bishops Wood","gate1_reserved":false,"geom_type":"point","located":false,"geocode_source":"substation"}},{"type":"Feature","geometry":{"type":"Point","coordinates":[-4.0147,51.64904]},"properties":{"project":"Waunarlwydd STOR","mw":20.0,"tech":"Unabated Gas","tech_cat":"gas","date":"2026-09-30","connection_point":"Swansea North Grid","sub_name":"Swansea North","gate1_reserved":false,"geom_type":"point","located":true,"geocode_source":"OSM","site_name":"Waunarlwydd STOR","site_status":""}},{"type":"Feature","geometry":{"type":"Point","coordinates":[-4.9532,50.42957]},"properties":{"project":"St Columb Major BESS","mw":5.0,"tech":"Battery","tech_cat":"battery","date":"2028-10-31","connection_point":"Indian Queens S.G.P.","sub_name":"Indian Queens","gate1_reserved":false,"geom_type":"point","located":true,"geocode_source":"REPD","site_name":"St Columb Major - Battery Energy Storage Facility","site_status":"Awaiting Construction"}},{"type":"Feature","geometry":{"type":"Point","coordinates":[-3.37537,50.66361]},"properties":{"project":"Blackhill Quarry","mw":64.0,"tech":"Battery","tech_cat":"battery","date":"2036-12-31","connection_point":"Exeter Main S.G.P.","sub_name":"Exeter","gate1_reserved":false,"geom_type":"point","located":true,"geocode_source":"REPD","site_name":"Blackhill Quarry, Woodbury - Battery Energy Storage Facility","site_status":"Awaiting Construction"}},{"type":"Feature","geometry":{"type":"Point","coordinates":[-2.41393,51.53959]},"properties":{"project":"Iron Acton","mw":49.5,"tech":"Battery","tech_cat":"battery","date":"2036-12-06","connection_point":"IRON ACTON 132kV S STN","sub_name":"Iron Acton","gate1_reserved":false,"geom_type":"point","located":true,"geocode_source":"REPD","site_name":"Larks Lane, Iron Acton - Battery Storage Facility","site_status":"Awaiting Construction"}},{"type":"Feature","geometry":{"type":"Point","coordinates":[-2.114403785427974,52.61524989119504]},"properties":{"project":"Coven","mw":47.3,"tech":"Solar","tech_cat":"solar","date":"2025-12-17","connection_point":"Bushbury D 132kV","sub_name":"Bushbury","gate1_reserved":false,"geom_type":"point","located":false,"geocode_source":"substation"}},{"type":"Feature","geometry":{"type":"Point","coordinates":[0.18302429517144292,52.748688390575346]},"properties":{"project":"Fen Dyke","mw":20.0,"tech":"Solar","tech_cat":"solar","date":"2030-10-31","connection_point":"WALPOLE 132kV S STN","sub_name":"Walpole","gate1_reserved":false,"geom_type":"point","located":false,"geocode_source":"substation"}},{"type":"Feature","geometry":{"type":"Point","coordinates":[0.18474608149886562,52.75061375038786]},"properties":{"project":"Fen Dyke","mw":10.0,"tech":"Battery","tech_cat":"battery","date":"2030-10-31","connection_point":"WALPOLE 132kV S STN","sub_name":"Walpole","gate1_reserved":false,"geom_type":"point","located":false,"geocode_source":"substation"}},{"type":"Feature","geometry":{"type":"Point","coordinates":[-3.0004639661365804,51.134905506708805]},"properties":{"project":"Creech Solar Farm","mw":19.4,"tech":"Solar","tech_cat":"solar","date":"2036-12-06","connection_point":"Bridgwater S.G.P.","sub_name":"Bridgwater","gate1_reserved":false,"geom_type":"point","located":false,"geocode_source":"substation"}},{"type":"Feature","geometry":{"type":"Point","coordinates":[-2.95046,51.16951]},"properties":{"project":"Land West of Lark's Lane","mw":49.5,"tech":"Battery","tech_cat":"battery","date":"2036-12-06","connection_point":"IRON ACTON 132kV S STN","sub_name":"Iron Acton","gate1_reserved":false,"geom_type":"point","located":true,"geocode_source":"REPD","site_name":"Land to the South West of Horsey Lane","site_status":"Appeal Refused"}},{"type":"Feature","geometry":{"type":"Point","coordinates":[-0.39219,52.8914]},"properties":{"project":"Washdyke Farm","mw":24.8,"tech":"Solar","tech_cat":"solar","date":"2026-10-01","connection_point":"BICKER FEN 132kV S STN","sub_name":"Bicker Fen","gate1_reserved":false,"geom_type":"point","located":true,"geocode_source":"REPD","site_name":"Washdyke Farm, Billingborough Road - Solar farm","site_status":"Awaiting Construction"}},{"type":"Feature","geometry":{"type":"Point","coordinates":[-2.4687000879030117,51.550872168453154]},"properties":{"project":"Varley Solar Farm","mw":28.6,"tech":"Solar","tech_cat":"solar","date":"2036-12-06","connection_point":"IRON ACTON 132kV S STN","sub_name":"Iron Acton","gate1_reserved":false,"geom_type":"point","located":false,"geocode_source":"substation"}},{"type":"Feature","geometry":{"type":"Point","coordinates":[-0.99415,53.30786]},"properties":{"project":"Mansfield Road","mw":30.0,"tech":"Battery","tech_cat":"battery","date":"2030-10-31","connection_point":"STAYTHORPE C 132kV S STN","sub_name":"Staythorpe","gate1_reserved":false,"geom_type":"point","located":true,"geocode_source":"REPD","site_name":"Mansfield Road, Little Morton Farm  - Battery Storage","site_status":"Awaiting Construction"}},{"type":"Feature","geometry":{"type":"Point","coordinates":[-1.65238574266837,52.766393584298775]},"properties":{"project":"Wetmore Hall Solar Farm","mw":26.4,"tech":"Solar","tech_cat":"solar","date":"2029-10-30","connection_point":"DRAKELOW 132kV","sub_name":"Drakelow","gate1_reserved":false,"geom_type":"point","located":false,"geocode_source":"substation"}},{"type":"Feature","geometry":{"type":"Point","coordinates":[-3.100525808369767,51.016661649336044]},"properties":{"project":"Taunton Energy Storage Plant","mw":49.9,"tech":"Battery","tech_cat":"battery","date":"2036-12-06","connection_point":"Taunton S.G.P.","sub_name":"Taunton","gate1_reserved":false,"geom_type":"point","located":false,"geocode_source":"substation"}},{"type":"Feature","geometry":{"type":"Point","coordinates":[-4.935938163895688,50.38492547749137]},"properties":{"project":"Helland Wind Farm","mw":25.0,"tech":"Onshore Wind","tech_cat":"wind","date":"2036-12-06","connection_point":"Indian Queens S.G.P.","sub_name":"Indian Queens","gate1_reserved":false,"geom_type":"point","located":false,"geocode_source":"substation"}},{"type":"Feature","geometry":{"type":"Point","coordinates":[-0.66199,52.36438]},"properties":{"project":"Kettering Energy Park","mw":35.0,"tech":"Solar","tech_cat":"solar","date":"2031-10-30","connection_point":"GRENDON 132kV S STN","sub_name":"Grendon","gate1_reserved":false,"geom_type":"point","located":true,"geocode_source":"REPD","site_name":"Kettering Energy Park","site_status":"Application Submitted"}},{"type":"Feature","geometry":{"type":"Point","coordinates":[-2.117035704216651,52.616233907851445]},"properties":{"project":"Albrighton","mw":7.0,"tech":"Battery","tech_cat":"battery","date":"2032-10-30","connection_point":"Bushbury D 132kV","sub_name":"Bushbury","gate1_reserved":false,"geom_type":"point","located":false,"geocode_source":"substation"}},{"type":"Feature","geometry":{"type":"Point","coordinates":[-1.98074,52.25363]},"properties":{"project":"Astwood Lane","mw":99.4,"tech":"Battery","tech_cat":"battery","date":"2033-10-31","connection_point":"FECKENHAM 66 11kV S STN","sub_name":"Feckenham","gate1_reserved":false,"geom_type":"point","located":true,"geocode_source":"REPD","site_name":"Astwood Lane - Greener Grid Park & Energy Storage","site_status":"Awaiting Construction"}},{"type":"Feature","geometry":{"type":"Point","coordinates":[-4.231290391852353,50.451621998611465]},"properties":{"project":"Landulph Solar Farm Plant","mw":30.3,"tech":"Solar","tech_cat":"solar","date":"2036-12-31","connection_point":"Landulph S.G.P.","sub_name":"Landulph","gate1_reserved":false,"geom_type":"point","located":false,"geocode_source":"substation"}},{"type":"Feature","geometry":{"type":"Point","coordinates":[-2.1155990278039902,52.61525767664858]},"properties":{"project":"Bognop","mw":30.0,"tech":"Solar","tech_cat":"solar","date":"2032-10-31","connection_point":"Bushbury D 132kV","sub_name":"Bushbury","gate1_reserved":false,"geom_type":"point","located":false,"geocode_source":"substation"}},{"type":"Feature","geometry":{"type":"Point","coordinates":[-2.113866681458399,52.616860077101336]},"properties":{"project":"Bognop","mw":30.0,"tech":"Battery","tech_cat":"battery","date":"2032-10-31","connection_point":"Bushbury D 132kV","sub_name":"Bushbury","gate1_reserved":false,"geom_type":"point","located":false,"geocode_source":"substation"}},{"type":"Feature","geometry":{"type":"Point","coordinates":[-4.43295,50.78019]},"properties":{"project":"Pinkworthy Farm Bess","mw":25.0,"tech":"Battery","tech_cat":"battery","date":"2036-12-06","connection_point":"Alverdiscott S.G.P.","sub_name":"Alverdiscott","gate1_reserved":false,"geom_type":"point","located":true,"geocode_source":"REPD","site_name":"Pinkworthy Farm, Pyworthy - Battery Storage","site_status":"Awaiting Construction"}},{"type":"Feature","geometry":{"type":"Point","coordinates":[-1.94472,52.82485]},"properties":{"project":"Brook Farm","mw":40.0,"tech":"Battery","tech_cat":"battery","date":"2034-10-31","connection_point":"WILLINGTON 132kV S STN","sub_name":"Willington","gate1_reserved":false,"geom_type":"point","located":true,"geocode_source":"REPD","site_name":"Moreton Brook Farm, Lea Lane -  Solar Farm","site_status":"Awaiting Construction"}},{"type":"Feature","geometry":{"type":"Point","coordinates":[-1.16021,51.17939]},"properties":{"project":"Foley Farm Solar PV","mw":19.7,"tech":"Solar","tech_cat":"solar","date":"2033-02-28","connection_point":"BISHOPS WOOD 132kV S STN","sub_name":"Bishops Wood","gate1_reserved":false,"geom_type":"point","located":true,"geocode_source":"REPD","site_name":"Preston Farm, Preston Candover - Solar PV Array","site_status":"Awaiting Construction"}},{"type":"Feature","geometry":{"type":"Point","coordinates":[-2.9338894889118134,51.53279122582836]},"properties":{"project":"Dwr Cymru Cyf","mw":45.8,"tech":"Solar","tech_cat":"solar","date":"2036-12-06","connection_point":"Uskmouth","sub_name":"Uskmouth","gate1_reserved":false,"geom_type":"point","located":false,"geocode_source":"substation"}},{"type":"Feature","geometry":{"type":"Point","coordinates":[-2.22233,53.45548]},"properties":{"project":"Lower Park Road","mw":15.0,"tech":"Solar","tech_cat":"solar","date":"2033-06-06","connection_point":"Alverdiscott S.G.P.","sub_name":"Alverdiscott","gate1_reserved":false,"geom_type":"point","located":true,"geocode_source":"REPD","site_name":"Xaverian College, Lower Park Road - Solar Panels","site_status":"Awaiting Construction"}},{"type":"Feature","geometry":{"type":"Point","coordinates":[-1.96502,51.62446]},"properties":{"project":"Land at Larford Lane PV farm","mw":49.9,"tech":"Solar","tech_cat":"solar","date":"2033-06-30","connection_point":"BISHOPS WOOD 132kV S STN","sub_name":"Bishops Wood","gate1_reserved":false,"geom_type":"point","located":true,"geocode_source":"REPD","site_name":"Land At Moor Lane Farm","site_status":"Application Refused"}},{"type":"Feature","geometry":{"type":"Point","coordinates":[-4.79677,51.78663]},"properties":{"project":"Newhouse Farm","mw":1.0,"tech":"Onshore Wind","tech_cat":"wind","date":"2026-09-01","connection_point":"Pembroke Power Station","sub_name":"Pembroke","gate1_reserved":false,"geom_type":"point","located":true,"geocode_source":"REPD","site_name":"Newhouse Farm, Canaston Bridge - Wind Turbines","site_status":"Application Withdrawn"}},{"type":"Feature","geometry":{"type":"Point","coordinates":[-1.9522218010756072,52.24888331082378]},"properties":{"project":"North Drayton Solar Farm","mw":25.0,"tech":"Solar","tech_cat":"solar","date":"2032-04-01","connection_point":"FECKENHAM 66 11kV S STN","sub_name":"Feckenham","gate1_reserved":false,"geom_type":"point","located":false,"geocode_source":"substation"}},{"type":"Feature","geometry":{"type":"Point","coordinates":[-2.41393,51.53959]},"properties":{"project":"Iron Acton 5","mw":49.5,"tech":"Battery","tech_cat":"battery","date":"2036-12-06","connection_point":"IRON ACTON 132kV S STN","sub_name":"Iron Acton","gate1_reserved":false,"geom_type":"point","located":true,"geocode_source":"REPD","site_name":"Larks Lane, Iron Acton - Battery Storage Facility","site_status":"Awaiting Construction"}},{"type":"Feature","geometry":{"type":"Point","coordinates":[-2.51516,51.56522]},"properties":{"project":"Earthcott Green Farm","mw":99.4,"tech":"Battery","tech_cat":"battery","date":"2036-12-06","connection_point":"IRON ACTON 132kV S STN","sub_name":"Iron Acton","gate1_reserved":false,"geom_type":"point","located":true,"geocode_source":"REPD","site_name":"Old Green Farm, Earthcott Road - Anaerobic Digester","site_status":"Application Submitted"}},{"type":"Feature","geometry":{"type":"Point","coordinates":[-3.52056,52.42861]},"properties":{"project":"Osberton Solar Site","mw":34.0,"tech":"Solar","tech_cat":"solar","date":"2025-12-22","connection_point":"WEST BURTON 132kV S STN","sub_name":"West Burton","gate1_reserved":false,"geom_type":"point","located":true,"geocode_source":"REPD","site_name":"Bryn Posteg Landfill Site - Solar Array & Battery Storage","site_status":"Abandoned"}},{"type":"Feature","geometry":{"type":"Point","coordinates":[-2.09376,52.3134]},"properties":{"project":"Greenfields Farm","mw":35.0,"tech":"Battery","tech_cat":"battery","date":"2033-06-30","connection_point":"BISHOPS WOOD 132kV S STN","sub_name":"Bishops Wood","gate1_reserved":false,"geom_type":"point","located":true,"geocode_source":"REPD","site_name":"Greenfields Farm, Worcester Road - Battery Energy Storage","site_status":"Awaiting Construction"}},{"type":"Feature","geometry":{"type":"Point","coordinates":[-1.5335699394807694,52.85125291947847]},"properties":{"project":"Sudbury Estate","mw":49.9,"tech":"Solar","tech_cat":"solar","date":"2024-07-25","connection_point":"WILLINGTON 132kV S STN","sub_name":"Willington","gate1_reserved":false,"geom_type":"point","located":false,"geocode_source":"substation"}},{"type":"Feature","geometry":{"type":"Point","coordinates":[-1.5324552692699145,52.85058596745702]},"properties":{"project":"Sudbury Estate","mw":49.9,"tech":"Battery","tech_cat":"battery","date":"2024-07-25","connection_point":"WILLINGTON 132kV S STN","sub_name":"Willington","gate1_reserved":false,"geom_type":"point","located":false,"geocode_source":"substation"}},{"type":"Feature","geometry":{"type":"Point","coordinates":[-2.469471029313741,51.55034972545427]},"properties":{"project":"Westerleigh","mw":99.4,"tech":"Battery","tech_cat":"battery","date":"2036-12-06","connection_point":"IRON ACTON 132kV S STN","sub_name":"Iron Acton","gate1_reserved":false,"geom_type":"point","located":false,"geocode_source":"substation"}},{"type":"Feature","geometry":{"type":"Point","coordinates":[-2.20637,52.56029]},"properties":{"project":"Astwood Lane 2","mw":99.4,"tech":"Battery","tech_cat":"battery","date":"2032-01-01","connection_point":"FECKENHAM 66 11kV S STN","sub_name":"Feckenham","gate1_reserved":false,"geom_type":"point","located":true,"geocode_source":"REPD","site_name":"Penstone Lane, Lower Penn 2 - Battery Storage","site_status":"Awaiting Construction"}},{"type":"Feature","geometry":{"type":"Point","coordinates":[-1.1184,52.8466]},"properties":{"project":"Old Wood BESS & Wymeswold Solar Energy Development","mw":40.0,"tech":"Solar","tech_cat":"solar","date":"2033-10-30","connection_point":"RATCLIFFE ON SOAR 132kV S STN","sub_name":"Ratcliffe-on-Soar","gate1_reserved":false,"geom_type":"point","located":true,"geocode_source":"REPD","site_name":"Old Wood Energy Park - Solar Pv Panel","site_status":"Application Refused"}},{"type":"Feature","geometry":{"type":"Point","coordinates":[-1.1184,52.8466]},"properties":{"project":"Old Wood BESS & Wymeswold Solar Energy Development","mw":85.0,"tech":"Battery","tech_cat":"battery","date":"2033-10-30","connection_point":"RATCLIFFE ON SOAR 132kV S STN","sub_name":"Ratcliffe-on-Soar","gate1_reserved":false,"geom_type":"point","located":true,"geocode_source":"REPD","site_name":"Old Wood Energy Park - Solar Pv Panel","site_status":"Application Refused"}},{"type":"Feature","geometry":{"type":"Point","coordinates":[-2.4681845694557345,51.55103246052563]},"properties":{"project":"Westerleigh","mw":99.4,"tech":"Battery","tech_cat":"battery","date":"2036-12-06","connection_point":"IRON ACTON 132kV S STN","sub_name":"Iron Acton","gate1_reserved":false,"geom_type":"point","located":false,"geocode_source":"substation"}},{"type":"Feature","geometry":{"type":"Point","coordinates":[-0.44208,52.73544]},"properties":{"project":"Home Farm","mw":28.0,"tech":"Solar","tech_cat":"solar","date":"2034-10-30","connection_point":"WALPOLE 132kV S STN","sub_name":"Walpole","gate1_reserved":false,"geom_type":"point","located":true,"geocode_source":"REPD","site_name":"Home Farm - Solar PV Farm","site_status":"Awaiting Construction"}},{"type":"Feature","geometry":{"type":"Point","coordinates":[-0.6996205491326133,52.21535332598711]},"properties":{"project":"Broadholme Solar Farm","mw":7.6,"tech":"Solar","tech_cat":"solar","date":"2025-12-15","connection_point":"GRENDON 132kV S STN","sub_name":"Grendon","gate1_reserved":false,"geom_type":"point","located":false,"geocode_source":"substation"}},{"type":"Feature","geometry":{"type":"Point","coordinates":[1.18789,52.43425]},"properties":{"project":"Willington Solar PV","mw":20.9,"tech":"Solar","tech_cat":"solar","date":"2029-10-30","connection_point":"DRAKELOW 132kV","sub_name":"Drakelow","gate1_reserved":false,"geom_type":"point","located":true,"geocode_source":"REPD","site_name":"Station Road, Tivetshall St Margaret - Solar PV Panels","site_status":"Awaiting Construction"}},{"type":"Feature","geometry":{"type":"Point","coordinates":[0.48764,51.18171]},"properties":{"project":"Deepmore Lane Solar PV","mw":18.0,"tech":"Solar","tech_cat":"solar","date":"2037-10-30","connection_point":"Bushbury D 132kV","sub_name":"Bushbury","gate1_reserved":false,"geom_type":"point","located":true,"geocode_source":"REPD","site_name":"Pattenden Lane - Solar PV Energy","site_status":"Application Submitted"}},{"type":"Feature","geometry":{"type":"Point","coordinates":[-1.18097,52.20655]},"properties":{"project":"Fawsley Estate","mw":12.0,"tech":"Solar","tech_cat":"solar","date":"2037-10-30","connection_point":"COVENTRY 132kV S STN","sub_name":"Coventry","gate1_reserved":false,"geom_type":"point","located":true,"geocode_source":"REPD","site_name":"Fawsley Estate, Fawsley - Solar Arrays","site_status":"Awaiting Construction"}},{"type":"Feature","geometry":{"type":"Point","coordinates":[-3.41751,50.67768]},"properties":{"project":"Higher Bagmore ESS","mw":50.0,"tech":"Battery","tech_cat":"battery","date":"2036-12-31","connection_point":"Exeter Main S.G.P.","sub_name":"Exeter","gate1_reserved":false,"geom_type":"point","located":true,"geocode_source":"REPD","site_name":"Higher Bagmore Farm, Ebford Lane -Battery Energy Storage System","site_status":"Application Submitted"}},{"type":"Feature","geometry":{"type":"Point","coordinates":[-1.25209,52.92736]},"properties":{"project":"Southfields Farm","mw":99.9,"tech":"Battery","tech_cat":"battery","date":"2033-10-30","connection_point":"RATCLIFFE ON SOAR 132kV S STN","sub_name":"Ratcliffe-on-Soar","gate1_reserved":false,"geom_type":"point","located":true,"geocode_source":"REPD","site_name":"Southfields Farm, Common Lane - Battery Storage","site_status":"Awaiting Construction"}},{"type":"Feature","geometry":{"type":"Point","coordinates":[-3.14268,56.1461]},"properties":{"project":"Land North of Bath Road (Southbrook)","mw":52.1,"tech":"Battery","tech_cat":"battery","date":"2037-11-15","connection_point":"Melksham S.G.P.","sub_name":"Melksham","gate1_reserved":false,"geom_type":"point","located":true,"geocode_source":"REPD","site_name":"Land North of Thornton Road","site_status":"Awaiting Construction"}},{"type":"Feature","geometry":{"type":"Point","coordinates":[-0.6984419735233219,52.21514699655017]},"properties":{"project":"Brentingby Hall","mw":35.8,"tech":"Solar","tech_cat":"solar","date":"2031-10-30","connection_point":"GRENDON 132kV S STN","sub_name":"Grendon","gate1_reserved":false,"geom_type":"point","located":false,"geocode_source":"substation"}},{"type":"Feature","geometry":{"type":"Point","coordinates":[-0.40257,52.99173]},"properties":{"project":"Mareham Lane","mw":40.8,"tech":"Solar","tech_cat":"solar","date":"2034-10-30","connection_point":"BICKER FEN 132kV S STN","sub_name":"Bicker Fen","gate1_reserved":false,"geom_type":"point","located":true,"geocode_source":"REPD","site_name":"Mareham Lane, Solar PV Panels","site_status":"Awaiting Construction"}},{"type":"Feature","geometry":{"type":"Point","coordinates":[-4.93649,51.60898]},"properties":{"project":"TwinHub Offshore Floating Wind Farm","mw":32.0,"tech":"Offshore Wind","tech_cat":"wind","date":"2037-10-31","connection_point":"Indian Queens S.G.P.","sub_name":"Indian Queens","gate1_reserved":false,"geom_type":"point","located":true,"geocode_source":"REPD","site_name":"Erebus - Floating Offshore Wind Demonstration Project","site_status":"Awaiting Construction"}},{"type":"Feature","geometry":{"type":"Point","coordinates":[-0.86855,51.76594]},"properties":{"project":"Lower Coalmoor Farm","mw":49.9,"tech":"Battery","tech_cat":"battery","date":"2033-10-31","connection_point":"IRONBRIDGE 132kV S STN","sub_name":"Ironbridge","gate1_reserved":false,"geom_type":"point","located":true,"geocode_source":"REPD","site_name":"Lower Waldridge Farm, Ford - Solar Farm","site_status":"Revised"}},{"type":"Feature","geometry":{"type":"Point","coordinates":[-2.12315,52.81444]},"properties":{"project":"Grey Friars Way","mw":49.5,"tech":"Battery","tech_cat":"battery","date":"2034-06-30","connection_point":"RUGELEY 132kV S STN","sub_name":"Rugeley","gate1_reserved":false,"geom_type":"point","located":true,"geocode_source":"REPD","site_name":"Grey Friars Way - Battery Storage","site_status":"Awaiting Construction"}},{"type":"Feature","geometry":{"type":"Point","coordinates":[-2.6683438537324125,51.532245766533244]},"properties":{"project":"Welton Hill","mw":42.0,"tech":"Solar","tech_cat":"solar","date":"2026-07-01","connection_point":"Seabank Sgp","sub_name":"Seabank","gate1_reserved":false,"geom_type":"point","located":false,"geocode_source":"substation"}},{"type":"Feature","geometry":{"type":"Point","coordinates":[-2.6676921646164504,51.53463090353637]},"properties":{"project":"Welton Hill","mw":52.1,"tech":"Battery","tech_cat":"battery","date":"2026-07-01","connection_point":"Seabank Sgp","sub_name":"Seabank","gate1_reserved":false,"geom_type":"point","located":false,"geocode_source":"substation"}},{"type":"Feature","geometry":{"type":"Point","coordinates":[-2.664382036361315,51.532031195047786]},"properties":{"project":"Keynsham PV Plant","mw":16.6,"tech":"Solar","tech_cat":"solar","date":"2036-12-06","connection_point":"Seabank Sgp","sub_name":"Seabank","gate1_reserved":false,"geom_type":"point","located":false,"geocode_source":"substation"}},{"type":"Feature","geometry":{"type":"Point","coordinates":[-4.931276531011009,50.38151020798533]},"properties":{"project":"Trendeal Solar Farm","mw":49.9,"tech":"Solar","tech_cat":"solar","date":"2037-10-31","connection_point":"Indian Queens S.G.P.","sub_name":"Indian Queens","gate1_reserved":false,"geom_type":"point","located":false,"geocode_source":"substation"}},{"type":"Feature","geometry":{"type":"Point","coordinates":[-1.2522065452237712,52.865420876729154]},"properties":{"project":"Ratcliffe BESS Ltd","mw":99.0,"tech":"Battery","tech_cat":"battery","date":"2033-10-30","connection_point":"RATCLIFFE ON SOAR 132kV S STN","sub_name":"Ratcliffe-on-Soar","gate1_reserved":false,"geom_type":"point","located":false,"geocode_source":"substation"}},{"type":"Feature","geometry":{"type":"Point","coordinates":[-4.24987,50.4472]},"properties":{"project":"Ellbridge Lane","mw":80.0,"tech":"Battery","tech_cat":"battery","date":"2037-10-31","connection_point":"Landulph S.G.P.","sub_name":"Landulph","gate1_reserved":false,"geom_type":"point","located":true,"geocode_source":"REPD","site_name":"Ellbridge Lane","site_status":"Revised"}},{"type":"Feature","geometry":{"type":"Point","coordinates":[0.44548,50.87954]},"properties":{"project":"Toton Grid Battery One Southfields Farm","mw":30.0,"tech":"Battery","tech_cat":"battery","date":"2033-10-30","connection_point":"RATCLIFFE ON SOAR 132kV S STN","sub_name":"Ratcliffe-on-Soar","gate1_reserved":false,"geom_type":"point","located":true,"geocode_source":"REPD","site_name":"Kilnwood Farm - Greener Grid Park & Energy Storage","site_status":"Application Submitted"}},{"type":"Feature","geometry":{"type":"Point","coordinates":[-2.118630036122469,52.61580235510822]},"properties":{"project":"Shareshill Energy Storage Plant","mw":70.4,"tech":"Battery","tech_cat":"battery","date":"2037-10-30","connection_point":"Bushbury D 132kV","sub_name":"Bushbury","gate1_reserved":false,"geom_type":"point","located":false,"geocode_source":"substation"}},{"type":"Feature","geometry":{"type":"Point","coordinates":[-0.68401,51.59588]},"properties":{"project":"Whisby Floating Solar PV System (Whisby South)","mw":7.6,"tech":"Solar","tech_cat":"solar","date":"2034-10-30","connection_point":"WEST BURTON 132kV S STN","sub_name":"West Burton","gate1_reserved":false,"geom_type":"point","located":true,"geocode_source":"REPD","site_name":"David Lloyd Leisure Group - Solar PV System","site_status":"Awaiting Construction"}},{"type":"Feature","geometry":{"type":"Point","coordinates":[-0.68401,51.59588]},"properties":{"project":"Whisby Floating Solar PV System (Whisby North)","mw":5.0,"tech":"Solar","tech_cat":"solar","date":"2033-05-30","connection_point":"WEST BURTON 132kV S STN","sub_name":"West Burton","gate1_reserved":false,"geom_type":"point","located":true,"geocode_source":"REPD","site_name":"David Lloyd Leisure Group - Solar PV System","site_status":"Awaiting Construction"}},{"type":"Feature","geometry":{"type":"Point","coordinates":[-0.7027864474066519,52.21727980751335]},"properties":{"project":"Bromborough","mw":75.9,"tech":"Solar","tech_cat":"solar","date":"2034-10-30","connection_point":"GRENDON 132kV S STN","sub_name":"Grendon","gate1_reserved":false,"geom_type":"point","located":false,"geocode_source":"substation"}},{"type":"Feature","geometry":{"type":"Point","coordinates":[-0.91175,52.78973]},"properties":{"project":"Potters Hill","mw":20.0,"tech":"Solar","tech_cat":"solar","date":"2034-10-30","connection_point":"GRENDON 132kV S STN","sub_name":"Grendon","gate1_reserved":false,"geom_type":"point","located":true,"geocode_source":"REPD","site_name":"Potters~ Hill Solar Photovoltaic Arrays","site_status":"Application Submitted"}},{"type":"Feature","geometry":{"type":"Point","coordinates":[-1.45081,52.46805]},"properties":{"project":"Hollyhurst Farm","mw":26.3,"tech":"Solar","tech_cat":"solar","date":"2037-10-30","connection_point":"COVENTRY 132kV S STN","sub_name":"Coventry","gate1_reserved":false,"geom_type":"point","located":true,"geocode_source":"REPD","site_name":"Hollyhurst Farm, Mile Tree Lane - Solar Panels","site_status":"Application Submitted"}},{"type":"Feature","geometry":{"type":"Point","coordinates":[-2.45693,52.14368]},"properties":{"project":"Sinton's End Farm","mw":20.0,"tech":"Solar","tech_cat":"solar","date":"2037-10-30","connection_point":"BISHOPS WOOD 132kV S STN","sub_name":"Bishops Wood","gate1_reserved":false,"geom_type":"point","located":true,"geocode_source":"REPD","site_name":"Sinton End Farm, Acton Beauchamp  - Solar Farm","site_status":"Application Refused"}},{"type":"Feature","geometry":{"type":"Point","coordinates":[-0.6982960919597493,52.21495349717804]},"properties":{"project":"Northampton","mw":40.0,"tech":"Battery","tech_cat":"battery","date":"2034-10-30","connection_point":"GRENDON 132kV S STN","sub_name":"Grendon","gate1_reserved":false,"geom_type":"point","located":false,"geocode_source":"substation"}},{"type":"Feature","geometry":{"type":"Point","coordinates":[-2.67969,51.14812]},"properties":{"project":"Wells Park Farm","mw":6.8,"tech":"Solar","tech_cat":"solar","date":"2025-09-01","connection_point":"Exeter Main S.G.P.","sub_name":"Exeter","gate1_reserved":false,"geom_type":"point","located":true,"geocode_source":"REPD","site_name":"Norwood Park Farm","site_status":"Appeal Refused"}},{"type":"Feature","geometry":{"type":"Point","coordinates":[-0.7010354934585141,52.21575655378193]},"properties":{"project":"Waterleys Farm","mw":49.9,"tech":"Solar","tech_cat":"solar","date":"2034-10-30","connection_point":"GRENDON 132kV S STN","sub_name":"Grendon","gate1_reserved":false,"geom_type":"point","located":false,"geocode_source":"substation"}},{"type":"Feature","geometry":{"type":"Point","coordinates":[-1.2526692724485742,52.86552728632506]},"properties":{"project":"Ratcliffe BESS Ltd","mw":99.9,"tech":"Battery","tech_cat":"battery","date":"2033-10-30","connection_point":"RATCLIFFE ON SOAR 132kV S STN","sub_name":"Ratcliffe-on-Soar","gate1_reserved":false,"geom_type":"point","located":false,"geocode_source":"substation"}},{"type":"Feature","geometry":{"type":"Point","coordinates":[-0.18314419945506807,52.93417018500504]},"properties":{"project":"Welby Solar Farm Limited","mw":45.9,"tech":"Solar","tech_cat":"solar","date":"2034-10-30","connection_point":"BICKER FEN 132kV S STN","sub_name":"Bicker Fen","gate1_reserved":false,"geom_type":"point","located":false,"geocode_source":"substation"}},{"type":"Feature","geometry":{"type":"Point","coordinates":[-1.5168402074638814,52.41758439499012]},"properties":{"project":"Fillongley PV","mw":40.0,"tech":"Solar","tech_cat":"solar","date":"2037-10-30","connection_point":"COVENTRY 132kV S STN","sub_name":"Coventry","gate1_reserved":false,"geom_type":"point","located":false,"geocode_source":"substation"}},{"type":"Feature","geometry":{"type":"Point","coordinates":[-0.6999222156714172,52.217700861341534]},"properties":{"project":"Clarkes Lodge","mw":12.0,"tech":"Solar","tech_cat":"solar","date":"2034-10-30","connection_point":"GRENDON 132kV S STN","sub_name":"Grendon","gate1_reserved":false,"geom_type":"point","located":false,"geocode_source":"substation"}},{"type":"Feature","geometry":{"type":"Point","coordinates":[-2.62646,52.71244]},"properties":{"project":"Church Farm BESS","mw":25.0,"tech":"Battery","tech_cat":"battery","date":"2033-10-30","connection_point":"RATCLIFFE ON SOAR 132kV S STN","sub_name":"Ratcliffe-on-Soar","gate1_reserved":false,"geom_type":"point","located":true,"geocode_source":"REPD","site_name":"Church Farm, Withington - Solar Farm","site_status":"Awaiting Construction"}},{"type":"Feature","geometry":{"type":"Point","coordinates":[-4.06617,55.8356]},"properties":{"project":"Queens Park Drive","mw":50.0,"tech":"Battery","tech_cat":"battery","date":"2033-10-30","connection_point":"RATCLIFFE ON SOAR 132kV S STN","sub_name":"Ratcliffe-on-Soar","gate1_reserved":false,"geom_type":"point","located":true,"geocode_source":"REPD","site_name":"Tannochside Drive, Tannochside Park - Roof Mounted Solar Array","site_status":"Awaiting Construction"}},{"type":"Feature","geometry":{"type":"Point","coordinates":[-2.299977247558554,52.59859259443601]},"properties":{"project":"Steventon BESS","mw":22.8,"tech":"Battery","tech_cat":"battery","date":"2037-10-30","connection_point":"BISHOPS WOOD 132kV S STN","sub_name":"Bishops Wood","gate1_reserved":false,"geom_type":"point","located":false,"geocode_source":"substation"}},{"type":"Feature","geometry":{"type":"Point","coordinates":[-2.9668,51.12799]},"properties":{"project":"Summerway Drove 90MW BESS","mw":90.0,"tech":"Battery","tech_cat":"battery","date":"2037-10-31","connection_point":"Bridgwater S.G.P.","sub_name":"Bridgwater","gate1_reserved":false,"geom_type":"point","located":true,"geocode_source":"REPD","site_name":"Summerway Drove, East Bower - Battery Storage","site_status":"Awaiting Construction"}},{"type":"Feature","geometry":{"type":"Point","coordinates":[-1.5360220989803233,52.851603496314695]},"properties":{"project":"Denby","mw":40.0,"tech":"Solar","tech_cat":"solar","date":"2037-10-30","connection_point":"WILLINGTON 132kV S STN","sub_name":"Willington","gate1_reserved":false,"geom_type":"point","located":false,"geocode_source":"substation"}},{"type":"Feature","geometry":{"type":"Point","coordinates":[-1.531112348077713,52.85101961718553]},"properties":{"project":"Denby","mw":40.0,"tech":"Battery","tech_cat":"battery","date":"2037-10-30","connection_point":"WILLINGTON 132kV S STN","sub_name":"Willington","gate1_reserved":false,"geom_type":"point","located":false,"geocode_source":"substation"}},{"type":"Feature","geometry":{"type":"Point","coordinates":[-1.5335501175272241,52.85007722437297]},"properties":{"project":"Kidsley","mw":40.0,"tech":"Solar","tech_cat":"solar","date":"2037-10-30","connection_point":"WILLINGTON 132kV S STN","sub_name":"Willington","gate1_reserved":false,"geom_type":"point","located":false,"geocode_source":"substation"}},{"type":"Feature","geometry":{"type":"Point","coordinates":[-1.535918013965302,52.85167049425924]},"properties":{"project":"Kidsley","mw":40.0,"tech":"Battery","tech_cat":"battery","date":"2037-10-30","connection_point":"WILLINGTON 132kV S STN","sub_name":"Willington","gate1_reserved":false,"geom_type":"point","located":false,"geocode_source":"substation"}},{"type":"Feature","geometry":{"type":"Point","coordinates":[-1.9338853580493585,52.766624334879594]},"properties":{"project":"Lion's Den","mw":99.9,"tech":"Battery","tech_cat":"battery","date":"2037-10-30","connection_point":"RUGELEY 132kV S STN","sub_name":"Rugeley","gate1_reserved":false,"geom_type":"point","located":false,"geocode_source":"substation"}},{"type":"Feature","geometry":{"type":"Point","coordinates":[-0.7000571788087768,52.21736995098583]},"properties":{"project":"Brigstock PV","mw":49.9,"tech":"Solar","tech_cat":"solar","date":"2026-12-22","connection_point":"GRENDON 132kV S STN","sub_name":"Grendon","gate1_reserved":false,"geom_type":"point","located":false,"geocode_source":"substation"}},{"type":"Feature","geometry":{"type":"Point","coordinates":[-0.60507,52.45474]},"properties":{"project":"Grafton Underwood Solar","mw":49.9,"tech":"Solar","tech_cat":"solar","date":"2025-10-01","connection_point":"GRENDON 132kV S STN","sub_name":"Grendon","gate1_reserved":false,"geom_type":"point","located":true,"geocode_source":"REPD","site_name":"The Grafton Solar Project - Solar Photovoltaic Panels","site_status":"Application Submitted"}},{"type":"Feature","geometry":{"type":"Point","coordinates":[-1.51921745802891,52.41817492298481]},"properties":{"project":"Foxhil Farm","mw":17.0,"tech":"Solar","tech_cat":"solar","date":"2037-10-30","connection_point":"COVENTRY 132kV S STN","sub_name":"Coventry","gate1_reserved":false,"geom_type":"point","located":false,"geocode_source":"substation"}},{"type":"Feature","geometry":{"type":"Point","coordinates":[-5.0911,50.28486]},"properties":{"project":"Great Roseveth","mw":101.3,"tech":"Battery","tech_cat":"battery","date":"2037-10-31","connection_point":"Indian Queens S.G.P.","sub_name":"Indian Queens","gate1_reserved":false,"geom_type":"point","located":true,"geocode_source":"REPD","site_name":"Great Roseveth Farm - Battery Energy Storage System","site_status":"Application Submitted"}},{"type":"Feature","geometry":{"type":"Point","coordinates":[-1.04397,52.97578]},"properties":{"project":"Stoke Bardolph","mw":20.0,"tech":"Solar","tech_cat":"solar","date":"2033-10-30","connection_point":"RATCLIFFE ON SOAR 132kV S STN","sub_name":"Ratcliffe-on-Soar","gate1_reserved":false,"geom_type":"point","located":true,"geocode_source":"REPD","site_name":"Stoke Bardolph Farm","site_status":"Application Refused"}},{"type":"Feature","geometry":{"type":"Point","coordinates":[-1.04397,52.97578]},"properties":{"project":"Stoke Bardolph","mw":7.0,"tech":"Battery","tech_cat":"battery","date":"2033-10-30","connection_point":"RATCLIFFE ON SOAR 132kV S STN","sub_name":"Ratcliffe-on-Soar","gate1_reserved":false,"geom_type":"point","located":true,"geocode_source":"REPD","site_name":"Stoke Bardolph Farm","site_status":"Application Refused"}},{"type":"Feature","geometry":{"type":"Point","coordinates":[-2.299358106299951,52.59849084571868]},"properties":{"project":"Hucklebatch Farm BESS","mw":60.0,"tech":"Battery","tech_cat":"battery","date":"2037-10-30","connection_point":"BISHOPS WOOD 132kV S STN","sub_name":"Bishops Wood","gate1_reserved":false,"geom_type":"point","located":false,"geocode_source":"substation"}},{"type":"Feature","geometry":{"type":"Point","coordinates":[-2.41393,51.53959]},"properties":{"project":"Larks Lane","mw":102.0,"tech":"Battery","tech_cat":"battery","date":"2037-10-30","connection_point":"IRON ACTON 132kV S STN","sub_name":"Iron Acton","gate1_reserved":false,"geom_type":"point","located":true,"geocode_source":"REPD","site_name":"Larks Lane, Iron Acton - Battery Storage Facility","site_status":"Awaiting Construction"}},{"type":"Feature","geometry":{"type":"Point","coordinates":[-1.3617,52.42339]},"properties":{"project":"Bungalow Farm BESS","mw":60.0,"tech":"Battery","tech_cat":"battery","date":"2037-10-30","connection_point":"COVENTRY 132kV S STN","sub_name":"Coventry","gate1_reserved":false,"geom_type":"point","located":true,"geocode_source":"REPD","site_name":"Bungalow Farm, Smeaton Lane - Battery Energy Storage","site_status":"Application Submitted"}},{"type":"Feature","geometry":{"type":"Point","coordinates":[-1.90275,52.74447]},"properties":{"project":"Hawkesyard Estate","mw":99.9,"tech":"Battery","tech_cat":"battery","date":"2037-10-30","connection_point":"RUGELEY 132kV S STN","sub_name":"Rugeley","gate1_reserved":false,"geom_type":"point","located":true,"geocode_source":"REPD","site_name":"Hawkesyard Estate, Rugeley Road - Battery Energy Storage","site_status":"Application Submitted"}},{"type":"Feature","geometry":{"type":"Point","coordinates":[-3.9346058636742507,51.66513645603995]},"properties":{"project":"Westfa BESS","mw":25.0,"tech":"Battery","tech_cat":"battery","date":"2037-10-31","connection_point":"Swansea North Grid","sub_name":"Swansea North","gate1_reserved":false,"geom_type":"point","located":false,"geocode_source":"substation"}},{"type":"Feature","geometry":{"type":"Point","coordinates":[-1.5330117369223741,52.850479076207485]},"properties":{"project":"Heanor Energy Storage Park","mw":40.0,"tech":"Battery","tech_cat":"battery","date":"2037-10-30","connection_point":"WILLINGTON 132kV S STN","sub_name":"Willington","gate1_reserved":false,"geom_type":"point","located":false,"geocode_source":"substation"}},{"type":"Feature","geometry":{"type":"Point","coordinates":[-1.2470502829669614,52.86607066759595]},"properties":{"project":"Winking Hill BESS","mw":105.3,"tech":"Battery","tech_cat":"battery","date":"2037-10-30","connection_point":"RATCLIFFE ON SOAR 132kV S STN","sub_name":"Ratcliffe-on-Soar","gate1_reserved":false,"geom_type":"point","located":false,"geocode_source":"substation"}},{"type":"Feature","geometry":{"type":"Point","coordinates":[-2.51516,51.56522]},"properties":{"project":"Earthcott Green Farm 2","mw":99.4,"tech":"Battery","tech_cat":"battery","date":"2037-10-31","connection_point":"IRON ACTON 132kV S STN","sub_name":"Iron Acton","gate1_reserved":false,"geom_type":"point","located":true,"geocode_source":"REPD","site_name":"Old Green Farm, Earthcott Road - Anaerobic Digester","site_status":"Application Submitted"}},{"type":"Feature","geometry":{"type":"Point","coordinates":[-2.3006,51.75151]},"properties":{"project":"Brunel Way BESS","mw":30.0,"tech":"Battery","tech_cat":"battery","date":"2037-10-31","connection_point":"Swansea North Grid","sub_name":"Swansea North","gate1_reserved":false,"geom_type":"point","located":true,"geocode_source":"REPD","site_name":"Delphi Diesel Systems, Brunel Way -  Solar Panels","site_status":"Awaiting Construction"}},{"type":"Feature","geometry":{"type":"Point","coordinates":[-2.09446,52.66622]},"properties":{"project":"Upper Latherford BESS","mw":49.9,"tech":"Battery","tech_cat":"battery","date":"2037-10-30","connection_point":"Bushbury D 132kV","sub_name":"Bushbury","gate1_reserved":false,"geom_type":"point","located":true,"geocode_source":"REPD","site_name":"Upper Latherford Farm, Latherford Lane - Battery Energy Storage System","site_status":"Awaiting Construction"}},{"type":"Feature","geometry":{"type":"Point","coordinates":[-0.1835764430741558,52.93341000461476]},"properties":{"project":"Gauntlet","mw":36.8,"tech":"Battery","tech_cat":"battery","date":"2034-10-30","connection_point":"BICKER FEN 132kV S STN","sub_name":"Bicker Fen","gate1_reserved":false,"geom_type":"point","located":false,"geocode_source":"substation"}},{"type":"Feature","geometry":{"type":"Point","coordinates":[-1.97382,52.65817]},"properties":{"project":"Lime Lane","mw":99.9,"tech":"Battery","tech_cat":"battery","date":"2037-10-30","connection_point":"RUGELEY 132kV S STN","sub_name":"Rugeley","gate1_reserved":false,"geom_type":"point","located":true,"geocode_source":"REPD","site_name":"Lime Lane, Pelsall - Battery Energy Storage System","site_status":"Application Submitted"}},{"type":"Feature","geometry":{"type":"Point","coordinates":[-3.9356264689298897,51.66707953644953]},"properties":{"project":"Global Centre for Rail Excellence","mw":12.7,"tech":"Solar","tech_cat":"solar","date":"2037-10-31","connection_point":"Swansea North Grid","sub_name":"Swansea North","gate1_reserved":false,"geom_type":"point","located":false,"geocode_source":"substation"}},{"type":"Feature","geometry":{"type":"Point","coordinates":[-4.081281137702947,51.01742640590677]},"properties":{"project":"Webbery Barton","mw":99.4,"tech":"Battery","tech_cat":"battery","date":"2037-10-31","connection_point":"Alverdiscott S.G.P.","sub_name":"Alverdiscott","gate1_reserved":false,"geom_type":"point","located":false,"geocode_source":"substation"}},{"type":"Feature","geometry":{"type":"Point","coordinates":[-1.21197,51.82294]},"properties":{"project":"Manor Farm Arleston PV","mw":41.0,"tech":"Solar","tech_cat":"solar","date":"2037-10-30","connection_point":"WILLINGTON 132kV S STN","sub_name":"Willington","gate1_reserved":false,"geom_type":"point","located":true,"geocode_source":"REPD","site_name":"Manor Farm, Noke - Solar Farm","site_status":"Awaiting Construction"}},{"type":"Feature","geometry":{"type":"Point","coordinates":[-2.298405820967758,52.600543299993575]},"properties":{"project":"Crown Lane","mw":99.4,"tech":"Battery","tech_cat":"battery","date":"2037-10-30","connection_point":"BISHOPS WOOD 132kV S STN","sub_name":"Bishops Wood","gate1_reserved":false,"geom_type":"point","located":false,"geocode_source":"substation"}},{"type":"Feature","geometry":{"type":"Point","coordinates":[-0.9183632720193963,51.91749502369996]},"properties":{"project":"Noventum Power Limted","mw":49.9,"tech":"Solar","tech_cat":"solar","date":"2037-10-31","connection_point":"EAST CLAYDON 132KV S STN","sub_name":"East Claydon","gate1_reserved":false,"geom_type":"point","located":false,"geocode_source":"substation"}},{"type":"Feature","geometry":{"type":"Point","coordinates":[-4.96579,51.76421]},"properties":{"project":"White House Farm","mw":30.0,"tech":"Solar","tech_cat":"solar","date":"2027-12-31","connection_point":"Pembroke Power Station","sub_name":"Pembroke","gate1_reserved":false,"geom_type":"point","located":true,"geocode_source":"REPD","site_name":"White House Farm","site_status":"Application Submitted"}},{"type":"Feature","geometry":{"type":"Point","coordinates":[-4.96579,51.76421]},"properties":{"project":"White House Farm","mw":11.4,"tech":"Battery","tech_cat":"battery","date":"2027-12-31","connection_point":"Pembroke Power Station","sub_name":"Pembroke","gate1_reserved":false,"geom_type":"point","located":true,"geocode_source":"REPD","site_name":"White House Farm","site_status":"Application Submitted"}},{"type":"Feature","geometry":{"type":"Point","coordinates":[-0.18492162143469906,52.933125597697476]},"properties":{"project":"Londonthorpe Solar Farm","mw":35.5,"tech":"Solar","tech_cat":"solar","date":"2034-10-30","connection_point":"BICKER FEN 132kV S STN","sub_name":"Bicker Fen","gate1_reserved":false,"geom_type":"point","located":false,"geocode_source":"substation"}},{"type":"Feature","geometry":{"type":"Point","coordinates":[-1.5169744713059157,52.416120153827805]},"properties":{"project":"Astley Gorse Solar Farm","mw":20.0,"tech":"Solar","tech_cat":"solar","date":"2025-12-23","connection_point":"COVENTRY 132kV S STN","sub_name":"Coventry","gate1_reserved":false,"geom_type":"point","located":false,"geocode_source":"substation"}},{"type":"Feature","geometry":{"type":"Point","coordinates":[-1.11701,52.30439]},"properties":{"project":"Watford Gap Solar Farm","mw":8.7,"tech":"Solar","tech_cat":"solar","date":"2037-10-30","connection_point":"COVENTRY 132kV S STN","sub_name":"Coventry","gate1_reserved":false,"geom_type":"point","located":true,"geocode_source":"REPD","site_name":"Watford Gap Wind Farm","site_status":"Application Refused"}},{"type":"Feature","geometry":{"type":"Point","coordinates":[-1.252414709208399,52.86639756274094]},"properties":{"project":"Ratcliffe BESS Ltd","mw":99.9,"tech":"Battery","tech_cat":"battery","date":"2037-10-30","connection_point":"RATCLIFFE ON SOAR 132kV S STN","sub_name":"Ratcliffe-on-Soar","gate1_reserved":false,"geom_type":"point","located":false,"geocode_source":"substation"}},{"type":"Feature","geometry":{"type":"Point","coordinates":[-4.4673,55.34801]},"properties":{"project":"Westleigh Farm Solar","mw":16.0,"tech":"Solar","tech_cat":"solar","date":"2034-10-30","connection_point":"GRENDON 132kV S STN","sub_name":"Grendon","gate1_reserved":false,"geom_type":"point","located":true,"geocode_source":"REPD","site_name":"Knockkippen Wind, Solar & Battery Farm","site_status":"Awaiting Construction"}},{"type":"Feature","geometry":{"type":"Point","coordinates":[-1.12286,52.2532]},"properties":{"project":"NEWNHAM GRANGE","mw":15.0,"tech":"Solar","tech_cat":"solar","date":"2037-10-30","connection_point":"COVENTRY 132kV S STN","sub_name":"Coventry","gate1_reserved":false,"geom_type":"point","located":true,"geocode_source":"REPD","site_name":"Newnham Grange Farm - Battery Energy Storage","site_status":"Application Submitted"}},{"type":"Feature","geometry":{"type":"Point","coordinates":[-1.34803,51.61656]},"properties":{"project":"Hill Farm PV","mw":15.0,"tech":"Solar","tech_cat":"solar","date":"2037-10-31","connection_point":"IRON ACTON 132kV S STN","sub_name":"Iron Acton","gate1_reserved":false,"geom_type":"point","located":true,"geocode_source":"REPD","site_name":"Hill Farm Solar Park (VoWH)","site_status":"Operational"}},{"type":"Feature","geometry":{"type":"Point","coordinates":[-2.2990213830249027,52.59973635042254]},"properties":{"project":"Doverdale Solar","mw":20.0,"tech":"Battery","tech_cat":"battery","date":"2037-10-30","connection_point":"BISHOPS WOOD 132kV S STN","sub_name":"Bishops Wood","gate1_reserved":false,"geom_type":"point","located":false,"geocode_source":"substation"}},{"type":"Feature","geometry":{"type":"Point","coordinates":[-0.8187957230807046,53.36624748368437]},"properties":{"project":"Worksop 2 Solar Farm","mw":25.0,"tech":"Solar","tech_cat":"solar","date":"2034-10-30","connection_point":"WEST BURTON 132kV S STN","sub_name":"West Burton","gate1_reserved":false,"geom_type":"point","located":false,"geocode_source":"substation"}},{"type":"Feature","geometry":{"type":"Point","coordinates":[-2.67375,51.5151]},"properties":{"project":"Kings Weston Lane","mw":21.1,"tech":"Battery","tech_cat":"battery","date":"2037-10-31","connection_point":"Seabank Sgp","sub_name":"Seabank","gate1_reserved":false,"geom_type":"point","located":true,"geocode_source":"REPD","site_name":"Kings Weston Lane - Battery Energy Storage System","site_status":"Application Submitted"}},{"type":"Feature","geometry":{"type":"Point","coordinates":[-3.70167,56.00051]},"properties":{"project":"Land East of Newark Road","mw":20.5,"tech":"Solar","tech_cat":"solar","date":"2034-10-30","connection_point":"STAYTHORPE C 132kV S STN","sub_name":"Staythorpe","gate1_reserved":false,"geom_type":"point","located":true,"geocode_source":"REPD","site_name":"Land To The East Of Wholeflats Road (Grangemouth)","site_status":"Planning Permission Expired"}},{"type":"Feature","geometry":{"type":"Point","coordinates":[-3.70167,56.00051]},"properties":{"project":"Land East of Newark Road","mw":20.5,"tech":"Battery","tech_cat":"battery","date":"2034-10-30","connection_point":"STAYTHORPE C 132kV S STN","sub_name":"Staythorpe","gate1_reserved":false,"geom_type":"point","located":true,"geocode_source":"REPD","site_name":"Land To The East Of Wholeflats Road (Grangemouth)","site_status":"Planning Permission Expired"}},{"type":"Feature","geometry":{"type":"Point","coordinates":[-3.9358124670535988,51.66822274612864]},"properties":{"project":"Tor Clawdd Wind Farm","mw":49.9,"tech":"Onshore Wind","tech_cat":"wind","date":"2037-10-31","connection_point":"Swansea North Grid","sub_name":"Swansea North","gate1_reserved":false,"geom_type":"point","located":false,"geocode_source":"substation"}},{"type":"Feature","geometry":{"type":"Point","coordinates":[1.16537,52.05356]},"properties":{"project":"University of Exeter Streatham Campus","mw":10.0,"tech":"Solar","tech_cat":"solar","date":"2037-10-31","connection_point":"Exeter Main S.G.P.","sub_name":"Exeter","gate1_reserved":false,"geom_type":"point","located":true,"geocode_source":"REPD","site_name":"University Of Suffolk Campus North","site_status":"Operational"}},{"type":"Feature","geometry":{"type":"Point","coordinates":[-3.30024,54.79998]},"properties":{"project":"Peradon Solar & Storage","mw":22.0,"tech":"Battery","tech_cat":"battery","date":"2026-01-01","connection_point":"Exeter Main S.G.P.","sub_name":"Exeter","gate1_reserved":false,"geom_type":"point","located":true,"geocode_source":"REPD","site_name":"Pow Motey, Langrigg - Solar Panels & Batteries Storage","site_status":"Application Submitted"}},{"type":"Feature","geometry":{"type":"Point","coordinates":[-1.5191009469060566,52.41789437879851]},"properties":{"project":"Copston Magna","mw":49.5,"tech":"Solar","tech_cat":"solar","date":"2037-10-30","connection_point":"COVENTRY 132kV S STN","sub_name":"Coventry","gate1_reserved":false,"geom_type":"point","located":false,"geocode_source":"substation"}},{"type":"Feature","geometry":{"type":"Point","coordinates":[-1.5152905139093342,52.415247631957236]},"properties":{"project":"Copston Magna","mw":49.5,"tech":"Battery","tech_cat":"battery","date":"2037-10-30","connection_point":"COVENTRY 132kV S STN","sub_name":"Coventry","gate1_reserved":false,"geom_type":"point","located":false,"geocode_source":"substation"}},{"type":"Feature","geometry":{"type":"Point","coordinates":[-3.932972810085223,51.667822369427]},"properties":{"project":"Seven Sisters Solar Park","mw":15.0,"tech":"Solar","tech_cat":"solar","date":"2029-07-31","connection_point":"Swansea North Grid","sub_name":"Swansea North","gate1_reserved":false,"geom_type":"point","located":false,"geocode_source":"substation"}},{"type":"Feature","geometry":{"type":"Point","coordinates":[-0.18293216395788028,52.93361127429787]},"properties":{"project":"Skegness Solar Farm","mw":30.0,"tech":"Solar","tech_cat":"solar","date":"2034-10-30","connection_point":"BICKER FEN 132kV S STN","sub_name":"Bicker Fen","gate1_reserved":false,"geom_type":"point","located":false,"geocode_source":"substation"}},{"type":"Feature","geometry":{"type":"Point","coordinates":[-0.18555629225383555,52.9326867255331]},"properties":{"project":"Skegness Solar Farm","mw":25.0,"tech":"Battery","tech_cat":"battery","date":"2034-10-30","connection_point":"BICKER FEN 132kV S STN","sub_name":"Bicker Fen","gate1_reserved":false,"geom_type":"point","located":false,"geocode_source":"substation"}},{"type":"Feature","geometry":{"type":"Point","coordinates":[-0.51135,51.89169]},"properties":{"project":"UK057-B Whatton Estate Extension","mw":70.0,"tech":"Battery","tech_cat":"battery","date":"2037-10-30","connection_point":"RATCLIFFE ON SOAR 132kV S STN","sub_name":"Ratcliffe-on-Soar","gate1_reserved":false,"geom_type":"point","located":true,"geocode_source":"REPD","site_name":"Unit B, Chiltern Park Industrial Estate -  Solar Panels","site_status":"Awaiting Construction"}},{"type":"Feature","geometry":{"type":"Point","coordinates":[-1.53838,52.87733]},"properties":{"project":"Landown Farm","mw":40.0,"tech":"Battery","tech_cat":"battery","date":"2037-10-30","connection_point":"WILLINGTON 132kV S STN","sub_name":"Willington","gate1_reserved":false,"geom_type":"point","located":true,"geocode_source":"REPD","site_name":"Landown Farm, Bakeacre Lane - Battery Energy Storage System","site_status":"Awaiting Construction"}},{"type":"Feature","geometry":{"type":"Point","coordinates":[-0.6990284829642435,52.216172953086684]},"properties":{"project":"Desborough Airfield A","mw":57.2,"tech":"Solar","tech_cat":"solar","date":"2034-10-30","connection_point":"GRENDON 132kV S STN","sub_name":"Grendon","gate1_reserved":false,"geom_type":"point","located":false,"geocode_source":"substation"}},{"type":"Feature","geometry":{"type":"Point","coordinates":[-0.6978371436514883,52.21760102330091]},"properties":{"project":"Desborough Airfield A","mw":57.2,"tech":"Battery","tech_cat":"battery","date":"2034-10-30","connection_point":"GRENDON 132kV S STN","sub_name":"Grendon","gate1_reserved":false,"geom_type":"point","located":false,"geocode_source":"substation"}},{"type":"Feature","geometry":{"type":"Point","coordinates":[-0.6972477572708311,52.21749581844349]},"properties":{"project":"Desborough Airfield B","mw":57.2,"tech":"Solar","tech_cat":"solar","date":"2034-10-30","connection_point":"GRENDON 132kV S STN","sub_name":"Grendon","gate1_reserved":false,"geom_type":"point","located":false,"geocode_source":"substation"}},{"type":"Feature","geometry":{"type":"Point","coordinates":[-0.7008717056043855,52.21706147632841]},"properties":{"project":"Desborough Airfield B","mw":57.2,"tech":"Battery","tech_cat":"battery","date":"2034-10-30","connection_point":"GRENDON 132kV S STN","sub_name":"Grendon","gate1_reserved":false,"geom_type":"point","located":false,"geocode_source":"substation"}},{"type":"Feature","geometry":{"type":"Point","coordinates":[-1.06748,52.82713]},"properties":{"project":"Thorpe-in-the-Glebe Solar Farm","mw":30.0,"tech":"Solar","tech_cat":"solar","date":"2037-10-30","connection_point":"RATCLIFFE ON SOAR 132kV S STN","sub_name":"Ratcliffe-on-Soar","gate1_reserved":false,"geom_type":"point","located":true,"geocode_source":"REPD","site_name":"West Thorpe Church Farm, Willoughby On The Wolds - Battery Energy Storage","site_status":"Awaiting Construction"}},{"type":"Feature","geometry":{"type":"Point","coordinates":[-1.5183955504294702,52.4169805066662]},"properties":{"project":"Nuneaton","mw":49.9,"tech":"Battery","tech_cat":"battery","date":"2037-10-30","connection_point":"COVENTRY 132kV S STN","sub_name":"Coventry","gate1_reserved":false,"geom_type":"point","located":false,"geocode_source":"substation"}},{"type":"Feature","geometry":{"type":"Point","coordinates":[-0.8849520942318155,53.067264250690755]},"properties":{"project":"Newark Energy Storage Plant","mw":25.3,"tech":"Battery","tech_cat":"battery","date":"2034-10-30","connection_point":"STAYTHORPE C 132kV S STN","sub_name":"Staythorpe","gate1_reserved":false,"geom_type":"point","located":false,"geocode_source":"substation"}},{"type":"Feature","geometry":{"type":"Point","coordinates":[-1.18936,52.30357]},"properties":{"project":"Ashby St Ledgers","mw":35.0,"tech":"Solar","tech_cat":"solar","date":"2037-10-30","connection_point":"COVENTRY 132kV S STN","sub_name":"Coventry","gate1_reserved":false,"geom_type":"point","located":true,"geocode_source":"REPD","site_name":"The A361, Ashby St Ledgers - Solar Farm","site_status":"Application Submitted"}},{"type":"Feature","geometry":{"type":"Point","coordinates":[-4.12052,51.11048]},"properties":{"project":"Luscott Barton","mw":15.0,"tech":"Solar","tech_cat":"solar","date":"2037-10-31","connection_point":"Alverdiscott S.G.P.","sub_name":"Alverdiscott","gate1_reserved":false,"geom_type":"point","located":true,"geocode_source":"REPD","site_name":"Luscott Barton","site_status":"Operational"}},{"type":"Feature","geometry":{"type":"Point","coordinates":[-4.12052,51.11048]},"properties":{"project":"Luscott Barton","mw":15.0,"tech":"Battery","tech_cat":"battery","date":"2037-10-31","connection_point":"Alverdiscott S.G.P.","sub_name":"Alverdiscott","gate1_reserved":false,"geom_type":"point","located":true,"geocode_source":"REPD","site_name":"Luscott Barton","site_status":"Operational"}},{"type":"Feature","geometry":{"type":"Point","coordinates":[0.2544,53.16392]},"properties":{"project":"Burgh Le Marsh Solar Farm","mw":20.0,"tech":"Solar","tech_cat":"solar","date":"2034-10-30","connection_point":"BICKER FEN 132kV S STN","sub_name":"Bicker Fen","gate1_reserved":false,"geom_type":"point","located":true,"geocode_source":"REPD","site_name":"Ingoldmells Road, Burgh Le Marsh - Battery Storage","site_status":"Application Submitted"}},{"type":"Feature","geometry":{"type":"Point","coordinates":[-1.5146614439409156,52.415289586174936]},"properties":{"project":"Astley Gorse Solar Farm Extension","mw":20.0,"tech":"Solar","tech_cat":"solar","date":"2037-10-30","connection_point":"COVENTRY 132kV S STN","sub_name":"Coventry","gate1_reserved":false,"geom_type":"point","located":false,"geocode_source":"substation"}},{"type":"Feature","geometry":{"type":"Point","coordinates":[-2.20637,52.56029]},"properties":{"project":"Crown Lane BESS 2","mw":99.4,"tech":"Battery","tech_cat":"battery","date":"2037-10-30","connection_point":"BISHOPS WOOD 132kV S STN","sub_name":"Bishops Wood","gate1_reserved":false,"geom_type":"point","located":true,"geocode_source":"REPD","site_name":"Penstone Lane, Lower Penn 2 - Battery Storage","site_status":"Awaiting Construction"}},{"type":"Feature","geometry":{"type":"Point","coordinates":[-0.58601,53.10461]},"properties":{"project":"Manor Farm Arleston BESS","mw":99.9,"tech":"Battery","tech_cat":"battery","date":"2037-10-30","connection_point":"WILLINGTON 132kV S STN","sub_name":"Willington","gate1_reserved":false,"geom_type":"point","located":true,"geocode_source":"REPD","site_name":"Skinnand Manor Farm, Navenby - Solar panels","site_status":"Awaiting Construction"}},{"type":"Feature","geometry":{"type":"Point","coordinates":[-1.515149978274812,52.41622321978221]},"properties":{"project":"Kilsby","mw":49.9,"tech":"Solar","tech_cat":"solar","date":"2037-10-30","connection_point":"COVENTRY 132kV S STN","sub_name":"Coventry","gate1_reserved":false,"geom_type":"point","located":false,"geocode_source":"substation"}},{"type":"Feature","geometry":{"type":"Point","coordinates":[-1.5148866352362058,52.41696676001559]},"properties":{"project":"Kilsby","mw":49.9,"tech":"Battery","tech_cat":"battery","date":"2037-10-30","connection_point":"COVENTRY 132kV S STN","sub_name":"Coventry","gate1_reserved":false,"geom_type":"point","located":false,"geocode_source":"substation"}},{"type":"Feature","geometry":{"type":"Point","coordinates":[-3.514000862605647,50.734542558580785]},"properties":{"project":"Wards Cross","mw":15.0,"tech":"Solar","tech_cat":"solar","date":"2037-10-31","connection_point":"Exeter Main S.G.P.","sub_name":"Exeter","gate1_reserved":false,"geom_type":"point","located":false,"geocode_source":"substation"}},{"type":"Feature","geometry":{"type":"Point","coordinates":[-3.5160540152071063,50.73444633669435]},"properties":{"project":"Wards Cross","mw":50.0,"tech":"Battery","tech_cat":"battery","date":"2037-10-31","connection_point":"Exeter Main S.G.P.","sub_name":"Exeter","gate1_reserved":false,"geom_type":"point","located":false,"geocode_source":"substation"}},{"type":"Feature","geometry":{"type":"Point","coordinates":[-1.9527857531343629,52.250513716989786]},"properties":{"project":"Roundhill","mw":49.9,"tech":"Battery","tech_cat":"battery","date":"2037-10-30","connection_point":"FECKENHAM 66 11kV S STN","sub_name":"Feckenham","gate1_reserved":false,"geom_type":"point","located":false,"geocode_source":"substation"}},{"type":"Feature","geometry":{"type":"Point","coordinates":[-3.02483,53.22787]},"properties":{"project":"Toyota Motor Manufacturing","mw":13.5,"tech":"Solar","tech_cat":"solar","date":"2037-10-30","connection_point":"WILLINGTON 132kV S STN","sub_name":"Willington","gate1_reserved":false,"geom_type":"point","located":true,"geocode_source":"REPD","site_name":"Toyota Motor Manufacturing Uk - Deeside","site_status":"Operational"}},{"type":"Feature","geometry":{"type":"Point","coordinates":[-4.981387025759101,51.68484470344758]},"properties":{"project":"Lambeeth Farm BESS","mw":49.9,"tech":"Battery","tech_cat":"battery","date":"2026-10-31","connection_point":"Pembroke Power Station","sub_name":"Pembroke","gate1_reserved":false,"geom_type":"point","located":false,"geocode_source":"substation"}},{"type":"Feature","geometry":{"type":"Point","coordinates":[-5.02758,54.90364]},"properties":{"project":"Scotland Corner Wind Energy Hub","mw":19.2,"tech":"Onshore Wind","tech_cat":"wind","date":"2037-10-31","connection_point":"Indian Queens S.G.P.","sub_name":"Indian Queens","gate1_reserved":false,"geom_type":"point","located":true,"geocode_source":"REPD","site_name":"Craig Nab Wind Energy Hub - Wind Farm","site_status":"Application Submitted"}},{"type":"Feature","geometry":{"type":"Point","coordinates":[-5.02758,54.90364]},"properties":{"project":"Scotland Corner Wind Energy Hub","mw":19.2,"tech":"Battery","tech_cat":"battery","date":"2037-10-31","connection_point":"Indian Queens S.G.P.","sub_name":"Indian Queens","gate1_reserved":false,"geom_type":"point","located":true,"geocode_source":"REPD","site_name":"Craig Nab Wind Energy Hub - Wind Farm","site_status":"Application Submitted"}},{"type":"Feature","geometry":{"type":"Point","coordinates":[-1.02995,53.77771]},"properties":{"project":"Belvoir PV Easthorpe Lane","mw":49.9,"tech":"Battery","tech_cat":"battery","date":"2034-10-31","connection_point":"STAYTHORPE C 132kV S STN","sub_name":"Staythorpe","gate1_reserved":false,"geom_type":"point","located":true,"geocode_source":"REPD","site_name":"Newlands Farm, Turnham Lane - Solar PV Panels","site_status":"Application Submitted"}},{"type":"Feature","geometry":{"type":"Point","coordinates":[-0.29039,52.77165]},"properties":{"project":"Limes Farm Solar Park","mw":20.0,"tech":"Solar","tech_cat":"solar","date":"2034-10-30","connection_point":"WALPOLE 132kV S STN","sub_name":"Walpole","gate1_reserved":false,"geom_type":"point","located":true,"geocode_source":"REPD","site_name":"Limes Farm Solar Farm & Battery Energy Storage","site_status":"Awaiting Construction"}},{"type":"Feature","geometry":{"type":"Point","coordinates":[-2.4685501832767693,51.549162811810554]},"properties":{"project":"Maiden Head Solar Park","mw":18.0,"tech":"Solar","tech_cat":"solar","date":"2037-12-01","connection_point":"Iron Acton S.G.P.","sub_name":"Iron Acton","gate1_reserved":false,"geom_type":"point","located":false,"geocode_source":"substation"}},{"type":"Feature","geometry":{"type":"Point","coordinates":[-1.9511232206973537,52.25072971558232]},"properties":{"project":"Honeybourne Solar","mw":18.0,"tech":"Solar","tech_cat":"solar","date":"2037-10-30","connection_point":"FECKENHAM 66 11kV S STN","sub_name":"Feckenham","gate1_reserved":false,"geom_type":"point","located":false,"geocode_source":"substation"}},{"type":"Feature","geometry":{"type":"Point","coordinates":[-2.87814,54.72551]},"properties":{"project":"Site at Stanford Syboles","mw":33.0,"tech":"Solar","tech_cat":"solar","date":"2037-10-30","connection_point":"COVENTRY 132kV S STN","sub_name":"Coventry","gate1_reserved":false,"geom_type":"point","located":true,"geocode_source":"REPD","site_name":"Land at Skelton Radio Transmitter Site","site_status":"Application Withdrawn"}},{"type":"Feature","geometry":{"type":"Point","coordinates":[-1.5362442093481463,52.8494233687644]},"properties":{"project":"Stanton by Dale Solar Farm","mw":23.2,"tech":"Solar","tech_cat":"solar","date":"2037-10-30","connection_point":"WILLINGTON 132kV S STN","sub_name":"Willington","gate1_reserved":false,"geom_type":"point","located":false,"geocode_source":"substation"}},{"type":"Feature","geometry":{"type":"Point","coordinates":[-0.3637,52.96879]},"properties":{"project":"Burton Gorse","mw":42.0,"tech":"Solar","tech_cat":"solar","date":"2034-10-30","connection_point":"WALPOLE 132kV S STN","sub_name":"Walpole","gate1_reserved":false,"geom_type":"point","located":true,"geocode_source":"REPD","site_name":"Burton Gorse Plantation, Whitecross Lane - Solar Panels","site_status":"Application Submitted"}},{"type":"Feature","geometry":{"type":"Point","coordinates":[1.24961,52.55261]},"properties":{"project":"Land south of Rhigos Road","mw":7.6,"tech":"Solar","tech_cat":"solar","date":"2026-04-01","connection_point":"Swansea North Grid","sub_name":"Swansea North","gate1_reserved":false,"geom_type":"point","located":true,"geocode_source":"REPD","site_name":"Land south of Brick Kiln Road","site_status":"Operational"}},{"type":"Feature","geometry":{"type":"Point","coordinates":[-2.46452,51.25853]},"properties":{"project":"Ash Farm BESS","mw":10.0,"tech":"Battery","tech_cat":"battery","date":"2037-10-31","connection_point":"Seabank Sgp","sub_name":"Seabank","gate1_reserved":false,"geom_type":"point","located":true,"geocode_source":"REPD","site_name":"Ash Farm, Charlton Road - Battery Storage System","site_status":"Awaiting Construction"}},{"type":"Feature","geometry":{"type":"Point","coordinates":[0.63714,52.25719]},"properties":{"project":"Noventum Power Ltd","mw":10.0,"tech":"Solar","tech_cat":"solar","date":"2037-10-30","connection_point":"RATCLIFFE ON SOAR 132kV S STN","sub_name":"Ratcliffe-on-Soar","gate1_reserved":false,"geom_type":"point","located":true,"geocode_source":"REPD","site_name":"Symonds Farm Power Ltd (Farm AD)","site_status":"Operational"}},{"type":"Feature","geometry":{"type":"Point","coordinates":[-0.57496,53.27441]},"properties":{"project":"South Carlton Farm PV","mw":29.0,"tech":"Solar","tech_cat":"solar","date":"2034-10-30","connection_point":"WEST BURTON 132kV S STN","sub_name":"West Burton","gate1_reserved":false,"geom_type":"point","located":true,"geocode_source":"REPD","site_name":"South Carlton - Solar Panels","site_status":"Application Submitted"}},{"type":"Feature","geometry":{"type":"Point","coordinates":[-1.60338,52.85259]},"properties":{"project":"FWS Derby Road Egginton BESS","mw":105.6,"tech":"Battery","tech_cat":"battery","date":"2037-10-30","connection_point":"WILLINGTON 132kV S STN","sub_name":"Willington","gate1_reserved":false,"geom_type":"point","located":true,"geocode_source":"REPD","site_name":"Derby Road, Egginton -  Battery Storage Facility","site_status":"Awaiting Construction"}},{"type":"Feature","geometry":{"type":"Point","coordinates":[0.1836944462457209,52.75133150574353]},"properties":{"project":"Bourne Solar Farm","mw":21.7,"tech":"Solar","tech_cat":"solar","date":"2034-10-30","connection_point":"WALPOLE 132kV S STN","sub_name":"Walpole","gate1_reserved":false,"geom_type":"point","located":false,"geocode_source":"substation"}},{"type":"Feature","geometry":{"type":"Point","coordinates":[-4.0853493782380434,51.0163428236384]},"properties":{"project":"Noventum Power Limted","mw":49.9,"tech":"Solar","tech_cat":"solar","date":"2037-10-31","connection_point":"Alverdiscott S.G.P.","sub_name":"Alverdiscott","gate1_reserved":false,"geom_type":"point","located":false,"geocode_source":"substation"}},{"type":"Feature","geometry":{"type":"Point","coordinates":[-4.085985822547629,51.01717941924556]},"properties":{"project":"Noventum Power Limted","mw":49.9,"tech":"Battery","tech_cat":"battery","date":"2037-10-31","connection_point":"Alverdiscott S.G.P.","sub_name":"Alverdiscott","gate1_reserved":false,"geom_type":"point","located":false,"geocode_source":"substation"}},{"type":"Feature","geometry":{"type":"Point","coordinates":[-0.7016738380886274,52.217586002343225]},"properties":{"project":"Noventum Power Limted","mw":12.0,"tech":"Solar","tech_cat":"solar","date":"2034-10-31","connection_point":"GRENDON 132kV S STN","sub_name":"Grendon","gate1_reserved":false,"geom_type":"point","located":false,"geocode_source":"substation"}},{"type":"Feature","geometry":{"type":"Point","coordinates":[-1.33889,52.93713]},"properties":{"project":"Boyah Grange Solar","mw":32.9,"tech":"Solar","tech_cat":"solar","date":"2037-10-30","connection_point":"WILLINGTON 132kV S STN","sub_name":"Willington","gate1_reserved":false,"geom_type":"point","located":true,"geocode_source":"REPD","site_name":"Boyah Grange Solar Farm, Potato Pit Lane - Solar Farm","site_status":"Application Submitted"}},{"type":"Feature","geometry":{"type":"Point","coordinates":[-1.534248453186436,52.849711396977554]},"properties":{"project":"SmartParc Spondon Site Derby","mw":19.6,"tech":"Solar","tech_cat":"solar","date":"2037-10-30","connection_point":"WILLINGTON 132kV S STN","sub_name":"Willington","gate1_reserved":false,"geom_type":"point","located":false,"geocode_source":"substation"}},{"type":"Feature","geometry":{"type":"Point","coordinates":[-2.998728714013886,51.13283219113291]},"properties":{"project":"Fordgate Farm","mw":57.5,"tech":"Solar","tech_cat":"solar","date":"2037-10-31","connection_point":"Bridgwater S.G.P.","sub_name":"Bridgwater","gate1_reserved":false,"geom_type":"point","located":false,"geocode_source":"substation"}},{"type":"Feature","geometry":{"type":"Point","coordinates":[-4.10161,51.68126]},"properties":{"project":"Pencoed Ganol Solar PV","mw":26.3,"tech":"Solar","tech_cat":"solar","date":"2037-10-31","connection_point":"Swansea North Grid","sub_name":"Swansea North","gate1_reserved":false,"geom_type":"point","located":true,"geocode_source":"REPD","site_name":"Pencoed Ganol Farm, Pendderi Road - Solar Panels","site_status":"Application Submitted"}},{"type":"Feature","geometry":{"type":"Point","coordinates":[-0.9163054892234281,51.91769660823188]},"properties":{"project":"Alyesbury PV","mw":22.0,"tech":"Solar","tech_cat":"solar","date":"2037-10-31","connection_point":"EAST CLAYDON 132KV S STN","sub_name":"East Claydon","gate1_reserved":false,"geom_type":"point","located":false,"geocode_source":"substation"}},{"type":"Feature","geometry":{"type":"Point","coordinates":[-1.93649,52.07179]},"properties":{"project":"GM Raymond Brown Solar Limited","mw":25.0,"tech":"Solar","tech_cat":"solar","date":"2037-10-30","connection_point":"WILLINGTON 132kV S STN","sub_name":"Willington","gate1_reserved":false,"geom_type":"point","located":true,"geocode_source":"REPD","site_name":"Primafruit Limited - Solar Panels","site_status":"Awaiting Construction"}},{"type":"Feature","geometry":{"type":"Point","coordinates":[-0.8193992316509248,53.36520584534392]},"properties":{"project":"Dunholme Station","mw":57.5,"tech":"Solar","tech_cat":"solar","date":"2034-10-30","connection_point":"WEST BURTON 132kV S STN","sub_name":"West Burton","gate1_reserved":false,"geom_type":"point","located":false,"geocode_source":"substation"}},{"type":"Feature","geometry":{"type":"Point","coordinates":[-1.5325975413168416,52.848766675629584]},"properties":{"project":"Brassington Solar Farm","mw":12.0,"tech":"Solar","tech_cat":"solar","date":"2037-10-30","connection_point":"WILLINGTON 132kV S STN","sub_name":"Willington","gate1_reserved":false,"geom_type":"point","located":false,"geocode_source":"substation"}},{"type":"Feature","geometry":{"type":"Point","coordinates":[-4.984623257283282,51.68392628735821]},"properties":{"project":"Great Harmeston Solar Farm","mw":65.0,"tech":"Solar","tech_cat":"solar","date":"2037-12-31","connection_point":"Pembroke Power Station","sub_name":"Pembroke","gate1_reserved":false,"geom_type":"point","located":false,"geocode_source":"substation"}},{"type":"Feature","geometry":{"type":"Point","coordinates":[-4.983383253576868,51.68388297929411]},"properties":{"project":"Great Harmeston Solar Farm","mw":32.5,"tech":"Battery","tech_cat":"battery","date":"2037-12-31","connection_point":"Pembroke Power Station","sub_name":"Pembroke","gate1_reserved":false,"geom_type":"point","located":false,"geocode_source":"substation"}},{"type":"Feature","geometry":{"type":"Point","coordinates":[-2.5013454942925812,52.63309135907211]},"properties":{"project":"Ironbridge Energy BESS","mw":105.7,"tech":"Battery","tech_cat":"battery","date":"2037-10-31","connection_point":"IRONBRIDGE 132kV S STN","sub_name":"Ironbridge","gate1_reserved":false,"geom_type":"point","located":false,"geocode_source":"substation"}},{"type":"Feature","geometry":{"type":"Point","coordinates":[-2.62486,52.33314]},"properties":{"project":"Brick House Farm","mw":52.8,"tech":"Battery","tech_cat":"battery","date":"2037-10-30","connection_point":"BISHOPS WOOD 132kV S STN","sub_name":"Bishops Wood","gate1_reserved":false,"geom_type":"point","located":true,"geocode_source":"REPD","site_name":"Brick House Farm - Solar Farm","site_status":"Awaiting Construction"}},{"type":"Feature","geometry":{"type":"Point","coordinates":[-0.67725,52.27088]},"properties":{"project":"Vicarage Farm","mw":49.9,"tech":"Battery","tech_cat":"battery","date":"2034-10-31","connection_point":"GRENDON 132kV S STN","sub_name":"Grendon","gate1_reserved":false,"geom_type":"point","located":true,"geocode_source":"REPD","site_name":"Vicarage Farm - 50MW Battery Energy Storage System","site_status":"Application Refused"}},{"type":"Feature","geometry":{"type":"Point","coordinates":[-1.87178,50.77623]},"properties":{"project":"Woodtown Farm","mw":99.4,"tech":"Battery","tech_cat":"battery","date":"2037-10-31","connection_point":"Alverdiscott S.G.P.","sub_name":"Alverdiscott","gate1_reserved":false,"geom_type":"point","located":true,"geocode_source":"REPD","site_name":"Woodtown Farm","site_status":"Operational"}},{"type":"Feature","geometry":{"type":"Point","coordinates":[-2.79573,51.3531]},"properties":{"project":"Marsh Green Farm","mw":34.6,"tech":"Solar","tech_cat":"solar","date":"2026-03-05","connection_point":"Exeter Main S.G.P.","sub_name":"Exeter","gate1_reserved":false,"geom_type":"point","located":true,"geocode_source":"REPD","site_name":"Brinsea Green Farm, Brinsea Lane - Solar Photovoltaic","site_status":"Awaiting Construction"}},{"type":"Feature","geometry":{"type":"Point","coordinates":[-1.79137,51.52446]},"properties":{"project":"Bears Down Farm","mw":13.5,"tech":"Onshore Wind","tech_cat":"wind","date":"2036-12-06","connection_point":"Indian Queens S.G.P.","sub_name":"Indian Queens","gate1_reserved":false,"geom_type":"point","located":true,"geocode_source":"REPD","site_name":"Lower Basset Down Farm","site_status":"Operational"}},{"type":"Feature","geometry":{"type":"Point","coordinates":[-4.15913,51.00835]},"properties":{"project":"Gammaton Barton BESS","mw":105.6,"tech":"Battery","tech_cat":"battery","date":"2037-10-31","connection_point":"Alverdiscott S.G.P.","sub_name":"Alverdiscott","gate1_reserved":false,"geom_type":"point","located":true,"geocode_source":"REPD","site_name":"Gammaton Barton Farm, Alverdiscott - Battery Energy Storage","site_status":"Awaiting Construction"}},{"type":"Feature","geometry":{"type":"Point","coordinates":[-0.20354,52.93982]},"properties":{"project":"FWS Bicker Drove BESS","mw":99.8,"tech":"Battery","tech_cat":"battery","date":"2034-10-30","connection_point":"BICKER FEN 132kV S STN","sub_name":"Bicker Fen","gate1_reserved":false,"geom_type":"point","located":true,"geocode_source":"REPD","site_name":"Bicker Drove - Battery Energy Storage System","site_status":"Awaiting Construction"}},{"type":"Feature","geometry":{"type":"Point","coordinates":[-0.819029943160956,53.36761779531721]},"properties":{"project":"Skellingthorpe Solar Farm","mw":29.4,"tech":"Solar","tech_cat":"solar","date":"2034-10-30","connection_point":"WEST BURTON 132kV S STN","sub_name":"West Burton","gate1_reserved":false,"geom_type":"point","located":false,"geocode_source":"substation"}},{"type":"Feature","geometry":{"type":"Point","coordinates":[-2.85423,51.55759]},"properties":{"project":"North court Farm","mw":3.6,"tech":"Onshore Wind","tech_cat":"wind","date":"2036-12-06","connection_point":"Uskmouth","sub_name":"Uskmouth","gate1_reserved":false,"geom_type":"point","located":true,"geocode_source":"REPD","site_name":"North Court Farm, Redwick - Wind Turbine","site_status":"Application Submitted"}},{"type":"Feature","geometry":{"type":"Point","coordinates":[-2.5012857055071462,52.63304768908023]},"properties":{"project":"Saplins Farm/ Blaebeck","mw":99.9,"tech":"Battery","tech_cat":"battery","date":"2037-10-31","connection_point":"IRONBRIDGE 132kV S STN","sub_name":"Ironbridge","gate1_reserved":false,"geom_type":"point","located":false,"geocode_source":"substation"}},{"type":"Feature","geometry":{"type":"Point","coordinates":[-4.933375468043219,50.38394255051713]},"properties":{"project":"Fraddon","mw":49.9,"tech":"Battery","tech_cat":"battery","date":"2036-12-06","connection_point":"Indian Queens S.G.P.","sub_name":"Indian Queens","gate1_reserved":false,"geom_type":"point","located":false,"geocode_source":"substation"}},{"type":"Feature","geometry":{"type":"Point","coordinates":[-1.9526730664879828,52.25060167721145]},"properties":{"project":"Salt Way BESS","mw":70.0,"tech":"Battery","tech_cat":"battery","date":"2037-10-30","connection_point":"FECKENHAM 66 11kV S STN","sub_name":"Feckenham","gate1_reserved":false,"geom_type":"point","located":false,"geocode_source":"substation"}},{"type":"Feature","geometry":{"type":"Point","coordinates":[-0.9161202884437541,51.91632294822591]},"properties":{"project":"Marston Solar Farm / Copse Lodge BESS","mw":49.9,"tech":"Battery","tech_cat":"battery","date":"2037-10-30","connection_point":"EAST CLAYDON 132KV S STN","sub_name":"East Claydon","gate1_reserved":false,"geom_type":"point","located":false,"geocode_source":"substation"}},{"type":"Feature","geometry":{"type":"Point","coordinates":[-1.2511842374054936,52.86492767350924]},"properties":{"project":"River Soar","mw":99.9,"tech":"Battery","tech_cat":"battery","date":"2037-10-30","connection_point":"RATCLIFFE ON SOAR 132kV S STN","sub_name":"Ratcliffe-on-Soar","gate1_reserved":false,"geom_type":"point","located":false,"geocode_source":"substation"}},{"type":"Feature","geometry":{"type":"Point","coordinates":[-0.91175,52.78973]},"properties":{"project":"Potters Hill 20 MW Battery Import","mw":20.0,"tech":"Battery","tech_cat":"battery","date":"2034-10-31","connection_point":"GRENDON 132kV S STN","sub_name":"Grendon","gate1_reserved":false,"geom_type":"point","located":true,"geocode_source":"REPD","site_name":"Potters~ Hill Solar Photovoltaic Arrays","site_status":"Application Submitted"}},{"type":"Feature","geometry":{"type":"Point","coordinates":[-0.26322,52.55116]},"properties":{"project":"JBM Solar Projects 6 Limited","mw":49.9,"tech":"Battery","tech_cat":"battery","date":"2035-10-31","connection_point":"STAYTHORPE C 132kV S STN","sub_name":"Staythorpe","gate1_reserved":false,"geom_type":"point","located":true,"geocode_source":"REPD","site_name":"J S Davidson Limited, Shrewsbury Avenue - Solar PV panels","site_status":"Awaiting Construction"}},{"type":"Feature","geometry":{"type":"Point","coordinates":[-3.71258,51.65874]},"properties":{"project":"Mynydd Fforch-dwm Generation","mw":30.0,"tech":"Onshore Wind","tech_cat":"wind","date":"2027-08-31","connection_point":"Swansea North Grid","sub_name":"Swansea North","gate1_reserved":false,"geom_type":"point","located":true,"geocode_source":"REPD","site_name":"Tonmawr - Mynydd Fforch Dwm Wind Farm","site_status":"Awaiting Construction"}},{"type":"Feature","geometry":{"type":"Point","coordinates":[-1.31864,52.4724]},"properties":{"project":"Coal Pit Lane PV","mw":16.0,"tech":"Solar","tech_cat":"solar","date":"2037-10-30","connection_point":"COVENTRY 132kV S STN","sub_name":"Coventry","gate1_reserved":false,"geom_type":"point","located":true,"geocode_source":"REPD","site_name":"Coal Pit Lane, Willey - Solar Farm","site_status":"Application Submitted"}},{"type":"Feature","geometry":{"type":"Point","coordinates":[-0.26159,52.94775]},"properties":{"project":"Little Hale BESS","mw":99.0,"tech":"Battery","tech_cat":"battery","date":"2034-10-30","connection_point":"BICKER FEN 132kV S STN","sub_name":"Bicker Fen","gate1_reserved":false,"geom_type":"point","located":true,"geocode_source":"REPD","site_name":"Little Hale Drove, Little Hale Fen - Battery Storage","site_status":"Awaiting Construction"}},{"type":"Feature","geometry":{"type":"Point","coordinates":[-0.7021315559347813,52.215660442325195]},"properties":{"project":"Waterleys Battery 30MW Import Top Up","mw":30.0,"tech":"Battery","tech_cat":"battery","date":"2034-10-31","connection_point":"GRENDON 132kV S STN","sub_name":"Grendon","gate1_reserved":false,"geom_type":"point","located":false,"geocode_source":"substation"}},{"type":"Feature","geometry":{"type":"Point","coordinates":[-0.9177031663701487,51.91581987021448]},"properties":{"project":"Towcester Campus","mw":6.0,"tech":"Solar","tech_cat":"solar","date":"2031-10-31","connection_point":"EAST CLAYDON 132KV S STN","sub_name":"East Claydon","gate1_reserved":false,"geom_type":"point","located":false,"geocode_source":"substation"}},{"type":"Feature","geometry":{"type":"Point","coordinates":[0.4295,51.46226]},"properties":{"project":"Indian Queens Energy Centre","mw":99.9,"tech":"Battery","tech_cat":"battery","date":"2036-12-06","connection_point":"Indian Queens S.G.P.","sub_name":"Indian Queens","gate1_reserved":false,"geom_type":"point","located":true,"geocode_source":"REPD","site_name":"Tilbury Energy Centre","site_status":"Abandoned"}},{"type":"Feature","geometry":{"type":"Point","coordinates":[-2.75713,51.06771]},"properties":{"project":"Somerton Door / Etsome Solar Park","mw":20.0,"tech":"Solar","tech_cat":"solar","date":"2037-10-31","connection_point":"Bridgwater S.G.P.","sub_name":"Bridgwater","gate1_reserved":false,"geom_type":"point","located":true,"geocode_source":"REPD","site_name":"Somerton Door Farm, Somerton Door Drove - Solar farm","site_status":"Application Submitted"}},{"type":"Feature","geometry":{"type":"Point","coordinates":[-0.28681,50.89817]},"properties":{"project":"Broadpath Landfill Site","mw":18.4,"tech":"Solar","tech_cat":"solar","date":"2037-10-31","connection_point":"Exeter Main S.G.P.","sub_name":"Exeter","gate1_reserved":false,"geom_type":"point","located":true,"geocode_source":"REPD","site_name":"Horton Landfill Site, Henfield Road -  Solar Panels","site_status":"Application Submitted"}},{"type":"Feature","geometry":{"type":"Point","coordinates":[-0.28681,50.89817]},"properties":{"project":"Broadpath Landfill Site","mw":18.0,"tech":"Battery","tech_cat":"battery","date":"2037-10-31","connection_point":"Exeter Main S.G.P.","sub_name":"Exeter","gate1_reserved":false,"geom_type":"point","located":true,"geocode_source":"REPD","site_name":"Horton Landfill Site, Henfield Road -  Solar Panels","site_status":"Application Submitted"}},{"type":"Feature","geometry":{"type":"Point","coordinates":[-2.1152353549489336,52.61492782766365]},"properties":{"project":"Four Crosses Solar Farm","mw":30.0,"tech":"Solar","tech_cat":"solar","date":"2037-10-30","connection_point":"Bushbury D 132kV","sub_name":"Bushbury","gate1_reserved":false,"geom_type":"point","located":false,"geocode_source":"substation"}},{"type":"Feature","geometry":{"type":"Point","coordinates":[-0.7007038837620831,52.21553250128676]},"properties":{"project":"Cranford Solar Farm","mw":52.0,"tech":"Solar","tech_cat":"solar","date":"2034-10-31","connection_point":"GRENDON 132kV S STN","sub_name":"Grendon","gate1_reserved":false,"geom_type":"point","located":false,"geocode_source":"substation"}},{"type":"Feature","geometry":{"type":"Point","coordinates":[-0.699998458489494,52.21743321654818]},"properties":{"project":"Cranford Solar Farm","mw":52.0,"tech":"Battery","tech_cat":"battery","date":"2034-10-31","connection_point":"GRENDON 132kV S STN","sub_name":"Grendon","gate1_reserved":false,"geom_type":"point","located":false,"geocode_source":"substation"}},{"type":"Feature","geometry":{"type":"Point","coordinates":[-0.6982008118905384,52.21790007512872]},"properties":{"project":"Grendon BESS Farm","mw":101.9,"tech":"Battery","tech_cat":"battery","date":"2034-10-31","connection_point":"GRENDON 132kV S STN","sub_name":"Grendon","gate1_reserved":false,"geom_type":"point","located":false,"geocode_source":"substation"}},{"type":"Feature","geometry":{"type":"Point","coordinates":[-0.9501,51.14238]},"properties":{"project":"Land North and South of Carlton North","mw":52.8,"tech":"Solar","tech_cat":"solar","date":"2039-10-30","connection_point":"WEST BURTON 132kV S STN","sub_name":"West Burton","gate1_reserved":false,"geom_type":"point","located":true,"geocode_source":"REPD","site_name":"Land to the north and south of Cakers Lane (Wilsom)","site_status":"Operational"}},{"type":"Feature","geometry":{"type":"Point","coordinates":[-0.9145885570378883,51.91515947178773]},"properties":{"project":"Crosshouse Solar Farm","mw":49.9,"tech":"Solar","tech_cat":"solar","date":"2037-10-30","connection_point":"EAST CLAYDON 132KV S STN","sub_name":"East Claydon","gate1_reserved":false,"geom_type":"point","located":false,"geocode_source":"substation"}},{"type":"Feature","geometry":{"type":"Point","coordinates":[-1.5195406133875384,52.415052288141624]},"properties":{"project":"Coventry BESS","mw":31.6,"tech":"Battery","tech_cat":"battery","date":"2037-10-30","connection_point":"COVENTRY 132kV S STN","sub_name":"Coventry","gate1_reserved":false,"geom_type":"point","located":false,"geocode_source":"substation"}},{"type":"Feature","geometry":{"type":"Point","coordinates":[-0.48338,52.38714]},"properties":{"project":"Wood Lodge Solar Project","mw":36.0,"tech":"Solar","tech_cat":"solar","date":"2026-10-02","connection_point":"GRENDON 132kV S STN","sub_name":"Grendon","gate1_reserved":false,"geom_type":"point","located":true,"geocode_source":"REPD","site_name":"Wood Lodge Farm, Huntingdon Road - Solar Farm","site_status":"Application Submitted"}},{"type":"Feature","geometry":{"type":"Point","coordinates":[-2.114552905607119,52.61821618476421]},"properties":{"project":"JLR EPMC Wolverhampton","mw":14.3,"tech":"Solar","tech_cat":"solar","date":"2037-10-30","connection_point":"Bushbury D 132kV","sub_name":"Bushbury","gate1_reserved":false,"geom_type":"point","located":false,"geocode_source":"substation"}},{"type":"Feature","geometry":{"type":"Point","coordinates":[-3.44879,50.75192]},"properties":{"project":"Kerswell Barton Farm","mw":11.5,"tech":"Solar","tech_cat":"solar","date":"2037-10-31","connection_point":"Exeter Main S.G.P.","sub_name":"Exeter","gate1_reserved":false,"geom_type":"point","located":true,"geocode_source":"REPD","site_name":"Kerswell Barton Farm, Broadclyst - Solar Panels","site_status":"Awaiting Construction"}},{"type":"Feature","geometry":{"type":"Point","coordinates":[-1.98624,52.94073]},"properties":{"project":"Horse Leys Farm Solar Park","mw":15.7,"tech":"Solar","tech_cat":"solar","date":"2037-10-30","connection_point":"RATCLIFFE ON SOAR 132kV S STN","sub_name":"Ratcliffe-on-Soar","gate1_reserved":false,"geom_type":"point","located":true,"geocode_source":"REPD","site_name":"Tean Leys Farm, Tean Leys - Battery Storage","site_status":"Application Submitted"}},{"type":"Feature","geometry":{"type":"Point","coordinates":[-2.49956461897542,52.63357273297865]},"properties":{"project":"Dawley Road (New Works)","mw":21.0,"tech":"Solar","tech_cat":"solar","date":"2026-05-31","connection_point":"IRONBRIDGE 132kV S STN","sub_name":"Ironbridge","gate1_reserved":false,"geom_type":"point","located":false,"geocode_source":"substation"}},{"type":"Feature","geometry":{"type":"Point","coordinates":[-0.58925,52.2526]},"properties":{"project":"Glebe Farm Solar","mw":38.7,"tech":"Solar","tech_cat":"solar","date":"2034-10-30","connection_point":"BICKER FEN 132kV S STN","sub_name":"Bicker Fen","gate1_reserved":false,"geom_type":"point","located":true,"geocode_source":"REPD","site_name":"Glebe Farm Solar Energy Park","site_status":"Operational"}},{"type":"Feature","geometry":{"type":"Point","coordinates":[-0.7004836184146288,52.21745419626165]},"properties":{"project":"Oakley Bushes Solar Farm","mw":40.0,"tech":"Solar","tech_cat":"solar","date":"2027-01-01","connection_point":"GRENDON 132kV S STN","sub_name":"Grendon","gate1_reserved":false,"geom_type":"point","located":false,"geocode_source":"substation"}},{"type":"Feature","geometry":{"type":"Point","coordinates":[-2.31991,52.21981]},"properties":{"project":"Land At","mw":55.2,"tech":"Solar","tech_cat":"solar","date":"2037-10-30","connection_point":"COVENTRY 132kV S STN","sub_name":"Coventry","gate1_reserved":false,"geom_type":"point","located":true,"geocode_source":"REPD","site_name":"Land at Woodhall Farm","site_status":"Appeal Refused"}},{"type":"Feature","geometry":{"type":"Point","coordinates":[1.07821,52.11736]},"properties":{"project":"Land At","mw":13.8,"tech":"Battery","tech_cat":"battery","date":"2037-10-30","connection_point":"COVENTRY 132kV S STN","sub_name":"Coventry","gate1_reserved":false,"geom_type":"point","located":true,"geocode_source":"REPD","site_name":"Land at Hill Farm","site_status":"Application Withdrawn"}},{"type":"Feature","geometry":{"type":"Point","coordinates":[1.07821,52.11736]},"properties":{"project":"Land at Parsonage Farm (Watchet BESS)","mw":15.4,"tech":"Battery","tech_cat":"battery","date":"2026-06-30","connection_point":"Taunton S.G.P.","sub_name":"Taunton","gate1_reserved":false,"geom_type":"point","located":true,"geocode_source":"REPD","site_name":"Land at Hill Farm","site_status":"Application Withdrawn"}},{"type":"Feature","geometry":{"type":"Point","coordinates":[-2.936072911397848,51.531914624141585]},"properties":{"project":"Associated British Ports","mw":3.0,"tech":"Solar","tech_cat":"solar","date":"2036-12-06","connection_point":"Uskmouth","sub_name":"Uskmouth","gate1_reserved":false,"geom_type":"point","located":false,"geocode_source":"substation"}},{"type":"Feature","geometry":{"type":"Point","coordinates":[-2.91407,53.04823]},"properties":{"project":"Land at Hallenbeagle Sawmills Lane","mw":10.0,"tech":"Low Carbon Dispatchable Power","tech_cat":"other","date":"2027-09-30","connection_point":"Indian Queens S.G.P.","sub_name":"Indian Queens","gate1_reserved":false,"geom_type":"point","located":true,"geocode_source":"REPD","site_name":"Land at Bryn Lane","site_status":"Abandoned"}},{"type":"Feature","geometry":{"type":"Point","coordinates":[-3.29713,56.5321]},"properties":{"project":"Binworthy Energy Park","mw":50.0,"tech":"Solar","tech_cat":"solar","date":"2037-10-31","connection_point":"Alverdiscott S.G.P.","sub_name":"Alverdiscott","gate1_reserved":false,"geom_type":"point","located":true,"geocode_source":"REPD","site_name":"Stirling Battery and Solar Energy Park","site_status":"Application Submitted"}},{"type":"Feature","geometry":{"type":"Point","coordinates":[-3.29713,56.5321]},"properties":{"project":"Binworthy Energy Park","mw":50.0,"tech":"Battery","tech_cat":"battery","date":"2037-10-31","connection_point":"Alverdiscott S.G.P.","sub_name":"Alverdiscott","gate1_reserved":false,"geom_type":"point","located":true,"geocode_source":"REPD","site_name":"Stirling Battery and Solar Energy Park","site_status":"Application Submitted"}},{"type":"Feature","geometry":{"type":"Point","coordinates":[-1.11962,52.88394]},"properties":{"project":"Barn Farm PV","mw":50.0,"tech":"Solar","tech_cat":"solar","date":"2037-10-31","connection_point":"Pembroke Power Station","sub_name":"Pembroke","gate1_reserved":false,"geom_type":"point","located":true,"geocode_source":"REPD","site_name":"Wells Agriculture Barn Farm, Flawforth Lane - Solar PV System","site_status":"Awaiting Construction"}},{"type":"Feature","geometry":{"type":"Point","coordinates":[-4.931598812464225,50.382669165446]},"properties":{"project":"Trevarthian Solar Park","mw":14.0,"tech":"Solar","tech_cat":"solar","date":"2037-10-31","connection_point":"Indian Queens S.G.P.","sub_name":"Indian Queens","gate1_reserved":false,"geom_type":"point","located":false,"geocode_source":"substation"}},{"type":"Feature","geometry":{"type":"Point","coordinates":[-4.9314254669237165,50.3837252509479]},"properties":{"project":"Trevarthian Solar Park","mw":14.0,"tech":"Battery","tech_cat":"battery","date":"2037-10-31","connection_point":"Indian Queens S.G.P.","sub_name":"Indian Queens","gate1_reserved":false,"geom_type":"point","located":false,"geocode_source":"substation"}},{"type":"Feature","geometry":{"type":"Point","coordinates":[-2.935683585475484,51.53481117110626]},"properties":{"project":"Abertillery Wind Farm","mw":48.0,"tech":"Onshore Wind","tech_cat":"wind","date":"2028-09-30","connection_point":"Uskmouth","sub_name":"Uskmouth","gate1_reserved":false,"geom_type":"point","located":false,"geocode_source":"substation"}},{"type":"Feature","geometry":{"type":"Point","coordinates":[0.12701,51.88784]},"properties":{"project":"Wickham Hall","mw":10.0,"tech":"Solar","tech_cat":"solar","date":"2025-12-01","connection_point":"Pelham","sub_name":"Pelham","gate1_reserved":false,"geom_type":"point","located":true,"geocode_source":"REPD","site_name":"Wickham Hall Estate - Battery Storage","site_status":"Awaiting Construction"}},{"type":"Feature","geometry":{"type":"Point","coordinates":[0.08181451441940833,51.53454014369533]},"properties":{"project":"Chinook Urban Mining","mw":25.0,"tech":"Unabated Gas","tech_cat":"gas","date":"2026-03-30","connection_point":"Barking (EPN)","sub_name":"Barking","gate1_reserved":false,"geom_type":"point","located":false,"geocode_source":"substation"}},{"type":"Feature","geometry":{"type":"Point","coordinates":[0.10013990946424342,51.933619936637896]},"properties":{"project":"Berden Solar Farm","mw":49.9,"tech":"Solar","tech_cat":"solar","date":"2027-03-31","connection_point":"Pelham","sub_name":"Pelham","gate1_reserved":false,"geom_type":"point","located":false,"geocode_source":"substation"}},{"type":"Feature","geometry":{"type":"Point","coordinates":[0.09889225511640425,51.9329247601087]},"properties":{"project":"West Thaxted Solar Farm","mw":20.0,"tech":"Solar","tech_cat":"solar","date":"2025-12-01","connection_point":"Pelham","sub_name":"Pelham","gate1_reserved":false,"geom_type":"point","located":false,"geocode_source":"substation"}},{"type":"Feature","geometry":{"type":"Point","coordinates":[1.04892,52.71481]},"properties":{"project":"Three Bridges","mw":15.0,"tech":"Solar","tech_cat":"solar","date":"2026-03-30","connection_point":"Norwich Main","sub_name":"Norwich Main","gate1_reserved":false,"geom_type":"point","located":true,"geocode_source":"REPD","site_name":"Three Bridges Solar Farm","site_status":"Awaiting Construction"}},{"type":"Feature","geometry":{"type":"Point","coordinates":[1.04892,52.71481]},"properties":{"project":"Three Bridges","mw":15.0,"tech":"Battery","tech_cat":"battery","date":"2026-03-30","connection_point":"Norwich Main","sub_name":"Norwich Main","gate1_reserved":false,"geom_type":"point","located":true,"geocode_source":"REPD","site_name":"Three Bridges Solar Farm","site_status":"Awaiting Construction"}},{"type":"Feature","geometry":{"type":"Point","coordinates":[0.09902534219378191,51.93272224781214]},"properties":{"project":"Maggotts End","mw":50.0,"tech":"Solar","tech_cat":"solar","date":"2025-12-01","connection_point":"Pelham","sub_name":"Pelham","gate1_reserved":false,"geom_type":"point","located":false,"geocode_source":"substation"}},{"type":"Feature","geometry":{"type":"Point","coordinates":[0.10006120847540116,51.93210527774897]},"properties":{"project":"Maggotts End","mw":50.0,"tech":"Battery","tech_cat":"battery","date":"2025-12-01","connection_point":"Pelham","sub_name":"Pelham","gate1_reserved":false,"geom_type":"point","located":false,"geocode_source":"substation"}},{"type":"Feature","geometry":{"type":"Point","coordinates":[-2.82659,51.33597]},"properties":{"project":"Crabbs Green Farm / Stocking Pelham","mw":49.9,"tech":"Battery","tech_cat":"battery","date":"2025-12-01","connection_point":"Pelham","sub_name":"Pelham","gate1_reserved":false,"geom_type":"point","located":true,"geocode_source":"REPD","site_name":"Yanel Farm, Churchill Green - Solar Farm","site_status":"Awaiting Construction"}},{"type":"Feature","geometry":{"type":"Point","coordinates":[1.38225,52.1392]},"properties":{"project":"Thorpe Park Farm","mw":20.0,"tech":"Solar","tech_cat":"solar","date":"2028-12-31","connection_point":"Bramford","sub_name":"Bramford","gate1_reserved":false,"geom_type":"point","located":true,"geocode_source":"REPD","site_name":"Park Farm - Solar Panels","site_status":"Awaiting Construction"}},{"type":"Feature","geometry":{"type":"Point","coordinates":[1.36615,51.34353]},"properties":{"project":"Land near Ledburn","mw":52.8,"tech":"Solar","tech_cat":"solar","date":"2031-10-31","connection_point":"Sundon","sub_name":"Sundon","gate1_reserved":false,"geom_type":"point","located":true,"geocode_source":"REPD","site_name":"Land near Manston","site_status":"Application Refused"}},{"type":"Feature","geometry":{"type":"Point","coordinates":[0.94733,52.67841]},"properties":{"project":"Dereham Road","mw":40.0,"tech":"Solar","tech_cat":"solar","date":"2030-10-31","connection_point":"Norwich Main","sub_name":"Norwich Main","gate1_reserved":false,"geom_type":"point","located":true,"geocode_source":"REPD","site_name":"Dereham Leisure Centre, Station Road - Solar Panels","site_status":"Awaiting Construction"}},{"type":"Feature","geometry":{"type":"Point","coordinates":[0.94733,52.67841]},"properties":{"project":"Dereham Road","mw":10.0,"tech":"Battery","tech_cat":"battery","date":"2030-10-31","connection_point":"Norwich Main","sub_name":"Norwich Main","gate1_reserved":false,"geom_type":"point","located":true,"geocode_source":"REPD","site_name":"Dereham Leisure Centre, Station Road - Solar Panels","site_status":"Awaiting Construction"}},{"type":"Feature","geometry":{"type":"Point","coordinates":[1.0667583019365658,52.08191049590342]},"properties":{"project":"Crabbes Farm","mw":35.0,"tech":"Solar","tech_cat":"solar","date":"2028-12-31","connection_point":"Bramford","sub_name":"Bramford","gate1_reserved":false,"geom_type":"point","located":false,"geocode_source":"substation"}},{"type":"Feature","geometry":{"type":"Point","coordinates":[1.30636,52.60512]},"properties":{"project":"Land east of Drayton Lane","mw":18.0,"tech":"Solar","tech_cat":"solar","date":"2030-10-31","connection_point":"Norwich Main","sub_name":"Norwich Main","gate1_reserved":false,"geom_type":"point","located":true,"geocode_source":"REPD","site_name":"Land East of White Horse Lane","site_status":"Operational"}},{"type":"Feature","geometry":{"type":"Point","coordinates":[1.16111,51.91489]},"properties":{"project":"Primrose Lane Primrose Hall","mw":17.6,"tech":"Solar","tech_cat":"solar","date":"2028-12-31","connection_point":"Bramford","sub_name":"Bramford","gate1_reserved":false,"geom_type":"point","located":true,"geocode_source":"REPD","site_name":"Primrose Hall Solar Farm","site_status":"Awaiting Construction"}},{"type":"Feature","geometry":{"type":"Point","coordinates":[0.13937,51.88501]},"properties":{"project":"Hadham Road","mw":40.0,"tech":"Solar","tech_cat":"solar","date":"2028-12-31","connection_point":"Pelham","sub_name":"Pelham","gate1_reserved":false,"geom_type":"point","located":true,"geocode_source":"REPD","site_name":"Hadham Road","site_status":"Planning Permission Expired"}},{"type":"Feature","geometry":{"type":"Point","coordinates":[-2.95046,51.16951]},"properties":{"project":"Land south of A47","mw":49.5,"tech":"Solar","tech_cat":"solar","date":"2030-10-31","connection_point":"Norwich Main","sub_name":"Norwich Main","gate1_reserved":false,"geom_type":"point","located":true,"geocode_source":"REPD","site_name":"Land to the South West of Horsey Lane","site_status":"Appeal Refused"}},{"type":"Feature","geometry":{"type":"Point","coordinates":[-1.06602,53.12841]},"properties":{"project":"Grange Farm Palgrave","mw":72.0,"tech":"Solar","tech_cat":"solar","date":"2028-12-31","connection_point":"Bramford","sub_name":"Bramford","gate1_reserved":false,"geom_type":"point","located":true,"geocode_source":"REPD","site_name":"Inkersall Grange Farm","site_status":"Awaiting Construction"}},{"type":"Feature","geometry":{"type":"Point","coordinates":[0.18240415590603717,52.75146132183369]},"properties":{"project":"Muntjac Solar Farm","mw":50.0,"tech":"Solar","tech_cat":"solar","date":"2030-10-31","connection_point":"Walpole","sub_name":"Walpole","gate1_reserved":false,"geom_type":"point","located":false,"geocode_source":"substation"}},{"type":"Feature","geometry":{"type":"Point","coordinates":[0.18519695418783524,52.750818564780424]},"properties":{"project":"Muntjac Solar Farm","mw":25.0,"tech":"Battery","tech_cat":"battery","date":"2030-10-31","connection_point":"Walpole","sub_name":"Walpole","gate1_reserved":false,"geom_type":"point","located":false,"geocode_source":"substation"}},{"type":"Feature","geometry":{"type":"Point","coordinates":[-0.9501,51.14238]},"properties":{"project":"Land to the North of Grays Lane","mw":27.0,"tech":"Solar","tech_cat":"solar","date":"2028-12-31","connection_point":"Bramford","sub_name":"Bramford","gate1_reserved":false,"geom_type":"point","located":true,"geocode_source":"REPD","site_name":"Land to the north and south of Cakers Lane (Wilsom)","site_status":"Operational"}},{"type":"Feature","geometry":{"type":"Point","coordinates":[-0.9501,51.14238]},"properties":{"project":"Land to the North of Grays Lane","mw":10.0,"tech":"Battery","tech_cat":"battery","date":"2028-12-31","connection_point":"Bramford","sub_name":"Bramford","gate1_reserved":false,"geom_type":"point","located":true,"geocode_source":"REPD","site_name":"Land to the north and south of Cakers Lane (Wilsom)","site_status":"Operational"}},{"type":"Feature","geometry":{"type":"Point","coordinates":[-2.13604,53.54906]},"properties":{"project":"Mill Street","mw":20.0,"tech":"Solar","tech_cat":"solar","date":"2031-10-31","connection_point":"Bramford","sub_name":"Bramford","gate1_reserved":false,"geom_type":"point","located":true,"geocode_source":"REPD","site_name":"Manor Mill, Victoria Street - Solar Panels","site_status":"Awaiting Construction"}},{"type":"Feature","geometry":{"type":"Point","coordinates":[-0.45153984007653913,51.934434133220705]},"properties":{"project":"Crown Hills","mw":4.0,"tech":"Solar","tech_cat":"solar","date":"2031-10-31","connection_point":"Sundon","sub_name":"Sundon","gate1_reserved":false,"geom_type":"point","located":false,"geocode_source":"substation"}},{"type":"Feature","geometry":{"type":"Point","coordinates":[-0.01846100031963737,51.7654271991858]},"properties":{"project":"Harlow Road","mw":35.0,"tech":"Solar","tech_cat":"solar","date":"2031-10-31","connection_point":"Rye House","sub_name":"Rye House","gate1_reserved":false,"geom_type":"point","located":false,"geocode_source":"substation"}},{"type":"Feature","geometry":{"type":"Point","coordinates":[1.01656,51.91668]},"properties":{"project":"Bromley Road","mw":35.0,"tech":"Solar","tech_cat":"solar","date":"2031-10-31","connection_point":"Bramford","sub_name":"Bramford","gate1_reserved":false,"geom_type":"point","located":true,"geocode_source":"REPD","site_name":"Ardleigh Road, Little Bromley - Battery Energy Storage","site_status":"Awaiting Construction"}},{"type":"Feature","geometry":{"type":"Point","coordinates":[1.01656,51.91668]},"properties":{"project":"Bromley Road","mw":35.0,"tech":"Battery","tech_cat":"battery","date":"2031-10-31","connection_point":"Bramford","sub_name":"Bramford","gate1_reserved":false,"geom_type":"point","located":true,"geocode_source":"REPD","site_name":"Ardleigh Road, Little Bromley - Battery Energy Storage","site_status":"Awaiting Construction"}},{"type":"Feature","geometry":{"type":"Point","coordinates":[0.36820372569717963,51.46706863634699]},"properties":{"project":"The Manorway","mw":11.0,"tech":"Battery","tech_cat":"battery","date":"2025-11-30","connection_point":"Tilbury","sub_name":"Tilbury","gate1_reserved":false,"geom_type":"point","located":false,"geocode_source":"substation"}},{"type":"Feature","geometry":{"type":"Point","coordinates":[0.3648343000559762,51.46725983243787]},"properties":{"project":"The Manorway","mw":9.0,"tech":"Unabated Gas","tech_cat":"gas","date":"2025-11-30","connection_point":"Tilbury","sub_name":"Tilbury","gate1_reserved":false,"geom_type":"point","located":false,"geocode_source":"substation"}},{"type":"Feature","geometry":{"type":"Point","coordinates":[-2.42156,51.68167]},"properties":{"project":"North Of Shooters Dr","mw":49.5,"tech":"Solar","tech_cat":"solar","date":"2034-10-31","connection_point":"Rye House","sub_name":"Rye House","gate1_reserved":false,"geom_type":"point","located":true,"geocode_source":"REPD","site_name":"Land North of Actrees Solar Farm","site_status":"Abandoned"}},{"type":"Feature","geometry":{"type":"Point","coordinates":[-2.42156,51.68167]},"properties":{"project":"North Of Shooters Dr","mw":49.5,"tech":"Battery","tech_cat":"battery","date":"2034-10-31","connection_point":"Rye House","sub_name":"Rye House","gate1_reserved":false,"geom_type":"point","located":true,"geocode_source":"REPD","site_name":"Land North of Actrees Solar Farm","site_status":"Abandoned"}},{"type":"Feature","geometry":{"type":"Point","coordinates":[0.36666600361005447,51.467682253121296]},"properties":{"project":"Site Office","mw":47.8,"tech":"Other","tech_cat":"other","date":"2033-10-31","connection_point":"Tilbury","sub_name":"Tilbury","gate1_reserved":false,"geom_type":"point","located":false,"geocode_source":"substation"}},{"type":"Feature","geometry":{"type":"Point","coordinates":[-5.00315,51.70334]},"properties":{"project":"Long Meadow Solar Farm","mw":12.5,"tech":"Solar","tech_cat":"solar","date":"2032-10-31","connection_point":"Pelham","sub_name":"Pelham","gate1_reserved":false,"geom_type":"point","located":true,"geocode_source":"REPD","site_name":"Dragon Long Meadow  - Solar farm","site_status":"Operational"}},{"type":"Feature","geometry":{"type":"Point","coordinates":[-0.015188268526702176,51.76761600497089]},"properties":{"project":"Epping Solar Farm","mw":35.0,"tech":"Solar","tech_cat":"solar","date":"2034-10-31","connection_point":"Rye House","sub_name":"Rye House","gate1_reserved":false,"geom_type":"point","located":false,"geocode_source":"substation"}},{"type":"Feature","geometry":{"type":"Point","coordinates":[0.12701,51.88784]},"properties":{"project":"Wickham Hall","mw":10.0,"tech":"Battery","tech_cat":"battery","date":"2026-06-06","connection_point":"Pelham","sub_name":"Pelham","gate1_reserved":false,"geom_type":"point","located":true,"geocode_source":"REPD","site_name":"Wickham Hall Estate - Battery Storage","site_status":"Awaiting Construction"}},{"type":"Feature","geometry":{"type":"Point","coordinates":[0.34564,51.4645]},"properties":{"project":"Tilbury Docks Site Office","mw":47.8,"tech":"Other","tech_cat":"other","date":"2025-10-30","connection_point":"Tilbury","sub_name":"Tilbury","gate1_reserved":false,"geom_type":"point","located":true,"geocode_source":"REPD","site_name":"Tilbury Docks - Phase 2 (EfW)","site_status":"Planning Permission Expired"}},{"type":"Feature","geometry":{"type":"Point","coordinates":[-0.95993,51.84349]},"properties":{"project":"Westcott Venture Park","mw":8.0,"tech":"Solar","tech_cat":"solar","date":"2026-04-30","connection_point":"Sundon","sub_name":"Sundon","gate1_reserved":false,"geom_type":"point","located":true,"geocode_source":"REPD","site_name":"Westcott Venture Park Solar Farm","site_status":"Abandoned"}},{"type":"Feature","geometry":{"type":"Point","coordinates":[-0.4475235017816874,51.93311605892519]},"properties":{"project":"Tring Road","mw":49.9,"tech":"Unabated Gas","tech_cat":"gas","date":"2026-08-01","connection_point":"Sundon","sub_name":"Sundon","gate1_reserved":false,"geom_type":"point","located":false,"geocode_source":"substation"}},{"type":"Feature","geometry":{"type":"Point","coordinates":[-1.12925,53.5321]},"properties":{"project":"Wharf Road","mw":49.5,"tech":"Unabated Gas","tech_cat":"gas","date":"2026-03-30","connection_point":"Tilbury","sub_name":"Tilbury","gate1_reserved":false,"geom_type":"point","located":true,"geocode_source":"REPD","site_name":"Cutts Bros, Wharf Road - Battery Storage Facility","site_status":"Revised"}},{"type":"Feature","geometry":{"type":"Point","coordinates":[-4.5016,54.95297]},"properties":{"project":"Elgin Energy ES CO Ltd","mw":40.0,"tech":"Solar","tech_cat":"solar","date":"2026-04-30","connection_point":"Sundon","sub_name":"Sundon","gate1_reserved":false,"geom_type":"point","located":true,"geocode_source":"REPD","site_name":"Energy from Waste Glasgow Ltd","site_status":"Application Withdrawn"}},{"type":"Feature","geometry":{"type":"Point","coordinates":[-2.879,51.37226]},"properties":{"project":"Fancott Chalgrave Manor PV Farm","mw":49.9,"tech":"Solar","tech_cat":"solar","date":"2026-03-30","connection_point":"Sundon","sub_name":"Sundon","gate1_reserved":false,"geom_type":"point","located":true,"geocode_source":"REPD","site_name":"Manor Farm, Wick Lane - Solar Farm & Battery Storage","site_status":"Application Submitted"}},{"type":"Feature","geometry":{"type":"Point","coordinates":[1.01307,52.18141]},"properties":{"project":"Stowmarket Road/Needham Road","mw":40.0,"tech":"Solar","tech_cat":"solar","date":"2026-03-30","connection_point":"Bramford","sub_name":"Bramford","gate1_reserved":false,"geom_type":"point","located":true,"geocode_source":"REPD","site_name":"Climax Molybdenum UK Limited, Needham Road - Solar PV Panels","site_status":"Awaiting Construction"}},{"type":"Feature","geometry":{"type":"Point","coordinates":[-0.44921003729310766,51.93353217042025]},"properties":{"project":"Cranfield Road","mw":45.0,"tech":"Solar","tech_cat":"solar","date":"2025-11-15","connection_point":"Sundon","sub_name":"Sundon","gate1_reserved":false,"geom_type":"point","located":false,"geocode_source":"substation"}},{"type":"Feature","geometry":{"type":"Point","coordinates":[-0.56556,51.91883]},"properties":{"project":"Trinity Hall Farm","mw":15.0,"tech":"Solar","tech_cat":"solar","date":"2025-11-16","connection_point":"Sundon","sub_name":"Sundon","gate1_reserved":false,"geom_type":"point","located":true,"geocode_source":"REPD","site_name":"Trinity Hall Farm","site_status":"Operational"}},{"type":"Feature","geometry":{"type":"Point","coordinates":[0.18546636671649905,52.75044827840599]},"properties":{"project":"Stanground Closed Landfill","mw":2.7,"tech":"Solar","tech_cat":"solar","date":"2030-10-31","connection_point":"Walpole","sub_name":"Walpole","gate1_reserved":false,"geom_type":"point","located":false,"geocode_source":"substation"}},{"type":"Feature","geometry":{"type":"Point","coordinates":[0.18122406106816333,52.75045798266484]},"properties":{"project":"Stanground Closed Landfill","mw":10.0,"tech":"Battery","tech_cat":"battery","date":"2030-10-31","connection_point":"Walpole","sub_name":"Walpole","gate1_reserved":false,"geom_type":"point","located":false,"geocode_source":"substation"}},{"type":"Feature","geometry":{"type":"Point","coordinates":[0.55277,52.88151]},"properties":{"project":"Sedgeford Hall Estate","mw":22.5,"tech":"Solar","tech_cat":"solar","date":"2030-10-31","connection_point":"Walpole","sub_name":"Walpole","gate1_reserved":false,"geom_type":"point","located":true,"geocode_source":"REPD","site_name":"Sedgeford Hall Estate - Solar Panels & Battery Storage","site_status":"Awaiting Construction"}},{"type":"Feature","geometry":{"type":"Point","coordinates":[-1.79261,54.62153]},"properties":{"project":"Bluestone Solar Project Nr Beerhouse Farm","mw":22.4,"tech":"Solar","tech_cat":"solar","date":"2030-10-31","connection_point":"Norwich Main","sub_name":"Norwich Main","gate1_reserved":false,"geom_type":"point","located":true,"geocode_source":"REPD","site_name":"Bluestone Farm, Low Lands - Solar Farm","site_status":"Awaiting Construction"}},{"type":"Feature","geometry":{"type":"Point","coordinates":[1.2663575897804695,52.581745830530586]},"properties":{"project":"Bunwell Road","mw":18.0,"tech":"Solar","tech_cat":"solar","date":"2030-10-31","connection_point":"Norwich Main","sub_name":"Norwich Main","gate1_reserved":false,"geom_type":"point","located":false,"geocode_source":"substation"}},{"type":"Feature","geometry":{"type":"Point","coordinates":[1.2653649687810518,52.5825901535665]},"properties":{"project":"Bunwell Road","mw":18.0,"tech":"Battery","tech_cat":"battery","date":"2030-10-31","connection_point":"Norwich Main","sub_name":"Norwich Main","gate1_reserved":false,"geom_type":"point","located":false,"geocode_source":"substation"}},{"type":"Feature","geometry":{"type":"Point","coordinates":[1.21156,52.56155]},"properties":{"project":"Bracon Ash","mw":28.2,"tech":"Solar","tech_cat":"solar","date":"2030-10-31","connection_point":"Norwich Main","sub_name":"Norwich Main","gate1_reserved":false,"geom_type":"point","located":true,"geocode_source":"REPD","site_name":"Bracon Ash Solar","site_status":"Under Construction"}},{"type":"Feature","geometry":{"type":"Point","coordinates":[-6.11479,54.63561]},"properties":{"project":"West of Station Road","mw":15.0,"tech":"Solar","tech_cat":"solar","date":"2028-12-31","connection_point":"Bramford","sub_name":"Bramford","gate1_reserved":false,"geom_type":"point","located":true,"geocode_source":"REPD","site_name":"Lands West of Belfast Road","site_status":"Operational"}},{"type":"Feature","geometry":{"type":"Point","coordinates":[0.39854,52.76111]},"properties":{"project":"Estuary Farm","mw":49.9,"tech":"Solar","tech_cat":"solar","date":"2030-10-31","connection_point":"Walpole","sub_name":"Walpole","gate1_reserved":false,"geom_type":"point","located":true,"geocode_source":"REPD","site_name":"Estuary Farm, Edward Benefer Way - Solar Farm & Battery Storage","site_status":"Awaiting Construction"}},{"type":"Feature","geometry":{"type":"Point","coordinates":[0.18334363629503178,52.748402219632766]},"properties":{"project":"Hardwick Farm","mw":24.8,"tech":"Solar","tech_cat":"solar","date":"2030-10-31","connection_point":"Walpole","sub_name":"Walpole","gate1_reserved":false,"geom_type":"point","located":false,"geocode_source":"substation"}},{"type":"Feature","geometry":{"type":"Point","coordinates":[0.1177,51.9396]},"properties":{"project":"Stocking Pelham","mw":49.9,"tech":"Battery","tech_cat":"battery","date":"2028-12-31","connection_point":"Pelham","sub_name":"Pelham","gate1_reserved":false,"geom_type":"point","located":true,"geocode_source":"REPD","site_name":"Stocking Pelham - Battery Storage System","site_status":"Application Submitted"}},{"type":"Feature","geometry":{"type":"Point","coordinates":[-0.97721,52.20608]},"properties":{"project":"The Common Suggenhall Farm Energy","mw":6.0,"tech":"Solar","tech_cat":"solar","date":"2026-12-31","connection_point":"Bramford","sub_name":"Bramford","gate1_reserved":false,"geom_type":"point","located":true,"geocode_source":"REPD","site_name":"Land to the south of Hill Farm","site_status":"Revised"}},{"type":"Feature","geometry":{"type":"Point","coordinates":[-2.92764,53.41993]},"properties":{"project":"Land at Haddon Road","mw":25.0,"tech":"Solar","tech_cat":"solar","date":"2030-10-31","connection_point":"Walpole","sub_name":"Walpole","gate1_reserved":false,"geom_type":"point","located":true,"geocode_source":"REPD","site_name":"Land at Carnegie Road","site_status":"Operational"}},{"type":"Feature","geometry":{"type":"Point","coordinates":[1.09455,52.07736]},"properties":{"project":"Bullen Lane","mw":58.0,"tech":"Battery","tech_cat":"battery","date":"2028-12-31","connection_point":"Bramford","sub_name":"Bramford","gate1_reserved":false,"geom_type":"point","located":true,"geocode_source":"REPD","site_name":"Bullen Lane - Battery Storage","site_status":"Under Construction"}},{"type":"Feature","geometry":{"type":"Point","coordinates":[-2.37172,53.72287]},"properties":{"project":"Old Bury Road","mw":30.0,"tech":"Solar","tech_cat":"solar","date":"2028-12-31","connection_point":"Bramford","sub_name":"Bramford","gate1_reserved":false,"geom_type":"point","located":true,"geocode_source":"REPD","site_name":"Ramsclough Farm, Haslingden Old Road - Solar Farm","site_status":"Application Submitted"}},{"type":"Feature","geometry":{"type":"Point","coordinates":[1.11704,51.83193]},"properties":{"project":"Rectory Road Hartley Wood Solar Farm","mw":18.0,"tech":"Solar","tech_cat":"solar","date":"2028-12-31","connection_point":"Bramford","sub_name":"Bramford","gate1_reserved":false,"geom_type":"point","located":true,"geocode_source":"REPD","site_name":"Hartley Wood Farm - Solar Farm","site_status":"Awaiting Construction"}},{"type":"Feature","geometry":{"type":"Point","coordinates":[-0.016979721883138586,51.766017468262184]},"properties":{"project":"Epping Road","mw":18.0,"tech":"Solar","tech_cat":"solar","date":"2031-10-31","connection_point":"Rye House","sub_name":"Rye House","gate1_reserved":false,"geom_type":"point","located":false,"geocode_source":"substation"}},{"type":"Feature","geometry":{"type":"Point","coordinates":[-0.60258,51.93262]},"properties":{"project":"Grounds Farm","mw":20.0,"tech":"Solar","tech_cat":"solar","date":"2031-10-31","connection_point":"Sundon","sub_name":"Sundon","gate1_reserved":false,"geom_type":"point","located":true,"geocode_source":"REPD","site_name":"Grounds Farm - Solar farm","site_status":"Awaiting Construction"}},{"type":"Feature","geometry":{"type":"Point","coordinates":[-2.44796,50.84195]},"properties":{"project":"Norwich Road Halesworth Business Park","mw":11.0,"tech":"Battery","tech_cat":"battery","date":"2028-12-31","connection_point":"Bramford","sub_name":"Bramford","gate1_reserved":false,"geom_type":"point","located":true,"geocode_source":"REPD","site_name":"Court Farm Business Park, Road To Court Farm - Hydroelectric System","site_status":"Operational"}},{"type":"Feature","geometry":{"type":"Point","coordinates":[-1.2705,52.61891]},"properties":{"project":"Clay Lane Park Farm","mw":20.0,"tech":"Solar","tech_cat":"solar","date":"2031-10-31","connection_point":"Bramford","sub_name":"Bramford","gate1_reserved":false,"geom_type":"point","located":true,"geocode_source":"REPD","site_name":"Park House Farm, Leicester Lane - Wind Turbines","site_status":"Application Submitted"}},{"type":"Feature","geometry":{"type":"Point","coordinates":[0.37976,52.72476]},"properties":{"project":"High Road","mw":49.9,"tech":"Battery","tech_cat":"battery","date":"2030-10-31","connection_point":"Walpole","sub_name":"Walpole","gate1_reserved":false,"geom_type":"point","located":true,"geocode_source":"REPD","site_name":"High Road, Saddlebow - Battery Storage","site_status":"Awaiting Construction"}},{"type":"Feature","geometry":{"type":"Point","coordinates":[-0.36299,51.86062]},"properties":{"project":"Land around Chiltern Green","mw":22.9,"tech":"Solar","tech_cat":"solar","date":"2031-10-31","connection_point":"Sundon","sub_name":"Sundon","gate1_reserved":false,"geom_type":"point","located":true,"geocode_source":"REPD","site_name":"Chiltern Green Road","site_status":"Application Withdrawn"}},{"type":"Feature","geometry":{"type":"Point","coordinates":[-0.2054,52.5702]},"properties":{"project":"Third Drove","mw":49.9,"tech":"Battery","tech_cat":"battery","date":"2030-10-31","connection_point":"Walpole","sub_name":"Walpole","gate1_reserved":false,"geom_type":"point","located":true,"geocode_source":"REPD","site_name":"Third Drove, Fengate - Battery Storage","site_status":"Awaiting Construction"}},{"type":"Feature","geometry":{"type":"Point","coordinates":[-0.76599,51.57121]},"properties":{"project":"Bullen Lane A9 Moorside Business Park","mw":58.0,"tech":"Battery","tech_cat":"battery","date":"2028-12-31","connection_point":"Bramford","sub_name":"Bramford","gate1_reserved":false,"geom_type":"point","located":true,"geocode_source":"REPD","site_name":"Globe Business Park, Fieldhouse Lane - PV Panels","site_status":"Awaiting Construction"}},{"type":"Feature","geometry":{"type":"Point","coordinates":[1.0686431707068103,52.081704804183005]},"properties":{"project":"Bucklesham","mw":25.2,"tech":"Solar","tech_cat":"solar","date":"2028-12-31","connection_point":"Bramford","sub_name":"Bramford","gate1_reserved":false,"geom_type":"point","located":false,"geocode_source":"substation"}},{"type":"Feature","geometry":{"type":"Point","coordinates":[0.49305,52.06654]},"properties":{"project":"Waterhall Road","mw":26.4,"tech":"Solar","tech_cat":"solar","date":"2028-12-31","connection_point":"Pelham","sub_name":"Pelham","gate1_reserved":false,"geom_type":"point","located":true,"geocode_source":"REPD","site_name":"Water Hall Farm, Waterhall Road - Solar Farm","site_status":"Awaiting Construction"}},{"type":"Feature","geometry":{"type":"Point","coordinates":[-0.61693,51.91971]},"properties":{"project":"Leighton Road","mw":20.0,"tech":"Solar","tech_cat":"solar","date":"2031-10-31","connection_point":"Sundon","sub_name":"Sundon","gate1_reserved":false,"geom_type":"point","located":true,"geocode_source":"REPD","site_name":"Leighton Road & Hawthorn - Solar Panels","site_status":"Application Submitted"}},{"type":"Feature","geometry":{"type":"Point","coordinates":[1.01656,51.91668]},"properties":{"project":"Little Bromley Road","mw":50.0,"tech":"Battery","tech_cat":"battery","date":"2028-12-31","connection_point":"Bramford","sub_name":"Bramford","gate1_reserved":false,"geom_type":"point","located":true,"geocode_source":"REPD","site_name":"Ardleigh Road, Little Bromley - Battery Energy Storage","site_status":"Awaiting Construction"}},{"type":"Feature","geometry":{"type":"Point","coordinates":[0.18546638550528266,52.74847623160422]},"properties":{"project":"Scolding Drove","mw":50.0,"tech":"Solar","tech_cat":"solar","date":"2030-10-31","connection_point":"Walpole","sub_name":"Walpole","gate1_reserved":false,"geom_type":"point","located":false,"geocode_source":"substation"}},{"type":"Feature","geometry":{"type":"Point","coordinates":[0.183984015051322,52.75127905613724]},"properties":{"project":"Scolding Drove","mw":50.0,"tech":"Battery","tech_cat":"battery","date":"2030-10-31","connection_point":"Walpole","sub_name":"Walpole","gate1_reserved":false,"geom_type":"point","located":false,"geocode_source":"substation"}},{"type":"Feature","geometry":{"type":"Point","coordinates":[0.36648451905927204,51.466725444142405]},"properties":{"project":"Barleylands Road","mw":49.9,"tech":"Battery","tech_cat":"battery","date":"2030-10-30","connection_point":"Tilbury","sub_name":"Tilbury","gate1_reserved":false,"geom_type":"point","located":false,"geocode_source":"substation"}},{"type":"Feature","geometry":{"type":"Point","coordinates":[1.0684095494534531,52.083495538936816]},"properties":{"project":"Firsfield Farm","mw":47.0,"tech":"Solar","tech_cat":"solar","date":"2031-10-31","connection_point":"Bramford","sub_name":"Bramford","gate1_reserved":false,"geom_type":"point","located":false,"geocode_source":"substation"}},{"type":"Feature","geometry":{"type":"Point","coordinates":[-0.4502934884912473,51.93472515635601]},"properties":{"project":"CX Utilities Ltd","mw":7.5,"tech":"Solar","tech_cat":"solar","date":"2031-10-31","connection_point":"Sundon","sub_name":"Sundon","gate1_reserved":false,"geom_type":"point","located":false,"geocode_source":"substation"}},{"type":"Feature","geometry":{"type":"Point","coordinates":[-0.44911347068082835,51.93441533730372]},"properties":{"project":"CX Utilities Ltd","mw":4.5,"tech":"Onshore Wind","tech_cat":"wind","date":"2031-10-31","connection_point":"Sundon","sub_name":"Sundon","gate1_reserved":false,"geom_type":"point","located":false,"geocode_source":"substation"}},{"type":"Feature","geometry":{"type":"Point","coordinates":[0.0998577058518586,51.93265749634637]},"properties":{"project":"Boxted Hall","mw":22.0,"tech":"Solar","tech_cat":"solar","date":"2032-10-31","connection_point":"Pelham","sub_name":"Pelham","gate1_reserved":false,"geom_type":"point","located":false,"geocode_source":"substation"}},{"type":"Feature","geometry":{"type":"Point","coordinates":[-1.62571,52.4131]},"properties":{"project":"Rowley Hill Road","mw":16.0,"tech":"Solar","tech_cat":"solar","date":"2026-10-31","connection_point":"Pelham","sub_name":"Pelham","gate1_reserved":false,"geom_type":"point","located":true,"geocode_source":"REPD","site_name":"Hill House Farm, Coventry Road - Battery Energy Storage System","site_status":"Application Submitted"}},{"type":"Feature","geometry":{"type":"Point","coordinates":[-1.25085,54.59442]},"properties":{"project":"Rowley Hill Road","mw":4.0,"tech":"Battery","tech_cat":"battery","date":"2026-10-31","connection_point":"Pelham","sub_name":"Pelham","gate1_reserved":false,"geom_type":"point","located":true,"geocode_source":"REPD","site_name":"Outfitting Facility, Haverton Hill Road - Hydrogen Production Facility","site_status":"Application Submitted"}},{"type":"Feature","geometry":{"type":"Point","coordinates":[-1.39553,53.14686]},"properties":{"project":"Land at Wood Farm Land at Wood Farm","mw":126.2,"tech":"Battery","tech_cat":"battery","date":"2031-10-31","connection_point":"Norwich Main","sub_name":"Norwich Main","gate1_reserved":false,"geom_type":"point","located":true,"geocode_source":"REPD","site_name":"Land North of the Wood at Averill Farm","site_status":"Operational"}},{"type":"Feature","geometry":{"type":"Point","coordinates":[-0.4525580764065063,51.932043099876104]},"properties":{"project":"Darley Road","mw":35.0,"tech":"Solar","tech_cat":"solar","date":"2031-10-31","connection_point":"Sundon","sub_name":"Sundon","gate1_reserved":false,"geom_type":"point","located":false,"geocode_source":"substation"}},{"type":"Feature","geometry":{"type":"Point","coordinates":[-0.4476696287408873,51.931872606758176]},"properties":{"project":"Darley Road","mw":35.0,"tech":"Battery","tech_cat":"battery","date":"2031-10-31","connection_point":"Sundon","sub_name":"Sundon","gate1_reserved":false,"geom_type":"point","located":false,"geocode_source":"substation"}},{"type":"Feature","geometry":{"type":"Point","coordinates":[0.39129,51.56649]},"properties":{"project":"Lower Dunton Road","mw":46.3,"tech":"Battery","tech_cat":"battery","date":"2030-10-30","connection_point":"Tilbury","sub_name":"Tilbury","gate1_reserved":false,"geom_type":"point","located":true,"geocode_source":"REPD","site_name":"Lower Dunton Road Battery Storage Facility","site_status":"Operational"}},{"type":"Feature","geometry":{"type":"Point","coordinates":[1.73158,52.58588]},"properties":{"project":"Admiralty Road","mw":49.9,"tech":"Battery","tech_cat":"battery","date":"2032-10-31","connection_point":"Norwich Main","sub_name":"Norwich Main","gate1_reserved":false,"geom_type":"point","located":true,"geocode_source":"REPD","site_name":"Admiralty Road - Battery Energy Storage Facility","site_status":"Revised"}},{"type":"Feature","geometry":{"type":"Point","coordinates":[-1.42177,51.62298]},"properties":{"project":"Potash Lane Grove Farm","mw":39.5,"tech":"Solar","tech_cat":"solar","date":"2031-10-31","connection_point":"Bramford","sub_name":"Bramford","gate1_reserved":false,"geom_type":"point","located":true,"geocode_source":"REPD","site_name":"Grove Farm, Cow Lane - Anaerobic Digestion Facility","site_status":"Application Withdrawn"}},{"type":"Feature","geometry":{"type":"Point","coordinates":[-0.73491,51.85728]},"properties":{"project":"Tring Road Straws Hadley's","mw":39.5,"tech":"Solar","tech_cat":"solar","date":"2031-10-31","connection_point":"Sundon","sub_name":"Sundon","gate1_reserved":false,"geom_type":"point","located":true,"geocode_source":"REPD","site_name":"Straws Hadley Solar Farm","site_status":"Awaiting Construction"}},{"type":"Feature","geometry":{"type":"Point","coordinates":[-1.96502,51.62446]},"properties":{"project":"Limbersey Lane Land at Brickhill Pastures Farm","mw":40.0,"tech":"Solar","tech_cat":"solar","date":"2031-10-31","connection_point":"Sundon","sub_name":"Sundon","gate1_reserved":false,"geom_type":"point","located":true,"geocode_source":"REPD","site_name":"Land At Moor Lane Farm","site_status":"Application Refused"}},{"type":"Feature","geometry":{"type":"Point","coordinates":[-0.63144,51.95487]},"properties":{"project":"Checkley Wood","mw":4.1,"tech":"Onshore Wind","tech_cat":"wind","date":"2031-10-31","connection_point":"Sundon","sub_name":"Sundon","gate1_reserved":false,"geom_type":"point","located":true,"geocode_source":"REPD","site_name":"Checkley Wood Farm","site_status":"Operational"}},{"type":"Feature","geometry":{"type":"Point","coordinates":[-3.52056,52.42861]},"properties":{"project":"Tilbury Quarry Solar Site","mw":54.0,"tech":"Solar","tech_cat":"solar","date":"2030-10-30","connection_point":"Tilbury","sub_name":"Tilbury","gate1_reserved":false,"geom_type":"point","located":true,"geocode_source":"REPD","site_name":"Bryn Posteg Landfill Site - Solar Array & Battery Storage","site_status":"Abandoned"}},{"type":"Feature","geometry":{"type":"Point","coordinates":[0.64474,51.83793]},"properties":{"project":"Park Road GSK Ware Solar Farm","mw":24.0,"tech":"Solar","tech_cat":"solar","date":"2034-10-31","connection_point":"Rye House","sub_name":"Rye House","gate1_reserved":false,"geom_type":"point","located":true,"geocode_source":"REPD","site_name":"Park Road -  Solar Farm","site_status":"Awaiting Construction"}},{"type":"Feature","geometry":{"type":"Point","coordinates":[0.11783,51.46833]},"properties":{"project":"Riverside Resources Recovery Ltd","mw":81.8,"tech":"Other","tech_cat":"other","date":"2026-04-14","connection_point":"Littlebrook (LPN)","sub_name":"Littlebrook","gate1_reserved":false,"geom_type":"point","located":true,"geocode_source":"REPD","site_name":"Riverside Resource Recovery Facility (RRRF)","site_status":"Operational"}},{"type":"Feature","geometry":{"type":"Point","coordinates":[0.15514,51.50497]},"properties":{"project":"Riverside Resources Recovery Ltd","mw":1.3,"tech":"Low Carbon Dispatchable Power","tech_cat":"other","date":"2026-04-14","connection_point":"Littlebrook (LPN)","sub_name":"Littlebrook","gate1_reserved":false,"geom_type":"point","located":true,"geocode_source":"REPD","site_name":"Riverside Resource Recovery Facility Battery Storage","site_status":"Under Construction"}},{"type":"Feature","geometry":{"type":"Point","coordinates":[0.15514,51.50497]},"properties":{"project":"Riverside Resources Recovery Ltd","mw":10.0,"tech":"Battery","tech_cat":"battery","date":"2026-04-14","connection_point":"Littlebrook (LPN)","sub_name":"Littlebrook","gate1_reserved":false,"geom_type":"point","located":true,"geocode_source":"REPD","site_name":"Riverside Resource Recovery Facility Battery Storage","site_status":"Under Construction"}},{"type":"Feature","geometry":{"type":"Point","coordinates":[0.3345375757077611,51.432736375993024]},"properties":{"project":"Napoleon Solar Farm","mw":20.0,"tech":"Solar","tech_cat":"solar","date":"2027-10-01","connection_point":"Northfleet East","sub_name":"Northfleet East","gate1_reserved":false,"geom_type":"point","located":false,"geocode_source":"substation"}},{"type":"Feature","geometry":{"type":"Point","coordinates":[0.3314091752861451,51.43331637640541]},"properties":{"project":"Napoleon Solar Farm","mw":20.0,"tech":"Battery","tech_cat":"battery","date":"2027-10-01","connection_point":"Northfleet East","sub_name":"Northfleet East","gate1_reserved":false,"geom_type":"point","located":false,"geocode_source":"substation"}},{"type":"Feature","geometry":{"type":"Point","coordinates":[0.4163448414786913,50.88239187740495]},"properties":{"project":"Shearwater Solar Farm","mw":17.5,"tech":"Solar","tech_cat":"solar","date":"2029-01-31","connection_point":"Ninfield","sub_name":"Ninfield","gate1_reserved":false,"geom_type":"point","located":false,"geocode_source":"substation"}},{"type":"Feature","geometry":{"type":"Point","coordinates":[0.41682980293328836,50.883081918450344]},"properties":{"project":"Shearwater Solar Farm","mw":12.5,"tech":"Battery","tech_cat":"battery","date":"2029-01-31","connection_point":"Ninfield","sub_name":"Ninfield","gate1_reserved":false,"geom_type":"point","located":false,"geocode_source":"substation"}},{"type":"Feature","geometry":{"type":"Point","coordinates":[-0.21742708304921746,50.98207148634874]},"properties":{"project":"Broomfield Solar Farm","mw":20.0,"tech":"Solar","tech_cat":"solar","date":"2027-10-28","connection_point":"Bolney","sub_name":"Bolney","gate1_reserved":false,"geom_type":"point","located":false,"geocode_source":"substation"}},{"type":"Feature","geometry":{"type":"Point","coordinates":[-0.21722169295225843,50.98251841688301]},"properties":{"project":"Broomfield Solar Farm 2","mw":15.0,"tech":"Solar","tech_cat":"solar","date":"2030-12-31","connection_point":"Bolney","sub_name":"Bolney","gate1_reserved":false,"geom_type":"point","located":false,"geocode_source":"substation"}},{"type":"Feature","geometry":{"type":"Point","coordinates":[-3.14268,56.1461]},"properties":{"project":"Thornton Road","mw":50.5,"tech":"Solar","tech_cat":"solar","date":"2036-10-31","connection_point":"Sellindge","sub_name":"Sellindge","gate1_reserved":false,"geom_type":"point","located":true,"geocode_source":"REPD","site_name":"Land North of Thornton Road","site_status":"Awaiting Construction"}},{"type":"Feature","geometry":{"type":"Point","coordinates":[-3.14268,56.1461]},"properties":{"project":"Thornton Road","mw":50.5,"tech":"Battery","tech_cat":"battery","date":"2036-10-31","connection_point":"Sellindge","sub_name":"Sellindge","gate1_reserved":false,"geom_type":"point","located":true,"geocode_source":"REPD","site_name":"Land North of Thornton Road","site_status":"Awaiting Construction"}},{"type":"Feature","geometry":{"type":"Point","coordinates":[0.33386524673962775,51.432718121728634]},"properties":{"project":"Northfleet East Grid","mw":35.0,"tech":"Battery","tech_cat":"battery","date":"2025-10-31","connection_point":"Northfleet East","sub_name":"Northfleet East","gate1_reserved":false,"geom_type":"point","located":false,"geocode_source":"substation"}},{"type":"Feature","geometry":{"type":"Point","coordinates":[0.334150622048267,51.434341216953634]},"properties":{"project":"Stone Pit 1","mw":6.0,"tech":"Unabated Gas","tech_cat":"gas","date":"2025-10-31","connection_point":"Northfleet East","sub_name":"Northfleet East","gate1_reserved":false,"geom_type":"point","located":false,"geocode_source":"substation"}},{"type":"Feature","geometry":{"type":"Point","coordinates":[-0.21901877662737318,50.981737282675404]},"properties":{"project":"Twineham Grange Manor","mw":49.0,"tech":"Battery","tech_cat":"battery","date":"2027-10-31","connection_point":"Bolney","sub_name":"Bolney","gate1_reserved":false,"geom_type":"point","located":false,"geocode_source":"substation"}},{"type":"Feature","geometry":{"type":"Point","coordinates":[-0.33157,50.84666]},"properties":{"project":"Halewick Lane","mw":36.0,"tech":"Battery","tech_cat":"battery","date":"2026-12-18","connection_point":"Bolney","sub_name":"Bolney","gate1_reserved":false,"geom_type":"point","located":true,"geocode_source":"REPD","site_name":"Halewick Lane, Sompting - Battery-based Energy Storage Facility","site_status":"Under Construction"}},{"type":"Feature","geometry":{"type":"Point","coordinates":[-0.2179343336452212,50.98394216564142]},"properties":{"project":"Wineham Lane","mw":49.9,"tech":"Battery","tech_cat":"battery","date":"2027-10-31","connection_point":"Bolney","sub_name":"Bolney","gate1_reserved":false,"geom_type":"point","located":false,"geocode_source":"substation"}},{"type":"Feature","geometry":{"type":"Point","coordinates":[0.71459,51.44801]},"properties":{"project":"Isle of Grain Storage Installation","mw":7.0,"tech":"Unabated Gas","tech_cat":"gas","date":"2025-12-31","connection_point":"Northfleet East","sub_name":"Northfleet East","gate1_reserved":false,"geom_type":"point","located":true,"geocode_source":"REPD","site_name":"Power Station Road, Isle Of Grain - Battery Energy Storage","site_status":"Awaiting Construction"}},{"type":"Feature","geometry":{"type":"Point","coordinates":[-2.0743,53.04596]},"properties":{"project":"Rocks Road","mw":5.0,"tech":"Solar","tech_cat":"solar","date":"2025-11-28","connection_point":"Ninfield","sub_name":"Ninfield","gate1_reserved":false,"geom_type":"point","located":true,"geocode_source":"REPD","site_name":"Rownall Road, Wetley Rocks - Battery Storage","site_status":"Revised"}},{"type":"Feature","geometry":{"type":"Point","coordinates":[-2.0743,53.04596]},"properties":{"project":"Rocks Road","mw":5.5,"tech":"Battery","tech_cat":"battery","date":"2025-11-28","connection_point":"Ninfield","sub_name":"Ninfield","gate1_reserved":false,"geom_type":"point","located":true,"geocode_source":"REPD","site_name":"Rownall Road, Wetley Rocks - Battery Storage","site_status":"Revised"}},{"type":"Feature","geometry":{"type":"Point","coordinates":[-0.2158047041454001,50.98410544115801]},"properties":{"project":"Wealden Works","mw":24.0,"tech":"Other","tech_cat":"other","date":"2026-10-31","connection_point":"Bolney","sub_name":"Bolney","gate1_reserved":false,"geom_type":"point","located":false,"geocode_source":"substation"}},{"type":"Feature","geometry":{"type":"Point","coordinates":[-0.10593,52.85862]},"properties":{"project":"Bank Farm","mw":99.9,"tech":"Solar","tech_cat":"solar","date":"2028-12-31","connection_point":"Sellindge","sub_name":"Sellindge","gate1_reserved":false,"geom_type":"point","located":true,"geocode_source":"REPD","site_name":"Surfleet Bank & Woad Farm - Anaerobic Digestor Plant","site_status":"Awaiting Construction"}},{"type":"Feature","geometry":{"type":"Point","coordinates":[-0.10593,52.85862]},"properties":{"project":"Bank Farm","mw":99.9,"tech":"Battery","tech_cat":"battery","date":"2028-12-31","connection_point":"Sellindge","sub_name":"Sellindge","gate1_reserved":false,"geom_type":"point","located":true,"geocode_source":"REPD","site_name":"Surfleet Bank & Woad Farm - Anaerobic Digestor Plant","site_status":"Awaiting Construction"}},{"type":"Feature","geometry":{"type":"Point","coordinates":[-0.21456543809815323,50.98476283370979]},"properties":{"project":"Bob Lane","mw":49.9,"tech":"Battery","tech_cat":"battery","date":"2027-10-31","connection_point":"Bolney","sub_name":"Bolney","gate1_reserved":false,"geom_type":"point","located":false,"geocode_source":"substation"}},{"type":"Feature","geometry":{"type":"Point","coordinates":[0.38181,50.86517]},"properties":{"project":"Olives Farm","mw":52.2,"tech":"Battery","tech_cat":"battery","date":"2027-12-31","connection_point":"Ninfield","sub_name":"Ninfield","gate1_reserved":false,"geom_type":"point","located":true,"geocode_source":"REPD","site_name":"Olives Farm, Hooe - Battery Energy Storage Facility","site_status":"Awaiting Construction"}},{"type":"Feature","geometry":{"type":"Point","coordinates":[0.23301,51.391]},"properties":{"project":"Horton Wood","mw":49.9,"tech":"Solar","tech_cat":"solar","date":"2026-06-30","connection_point":"Northfleet East","sub_name":"Northfleet East","gate1_reserved":false,"geom_type":"point","located":true,"geocode_source":"REPD","site_name":"Horton Wood - Solar park","site_status":"Awaiting Construction"}},{"type":"Feature","geometry":{"type":"Point","coordinates":[-1.32062,51.82241]},"properties":{"project":"Gabriel Spring Road","mw":17.5,"tech":"Solar","tech_cat":"solar","date":"2027-10-31","connection_point":"Northfleet East","sub_name":"Northfleet East","gate1_reserved":false,"geom_type":"point","located":true,"geocode_source":"REPD","site_name":"Solid State Logic, Spring Hill Road - Solar Panels","site_status":"Awaiting Construction"}},{"type":"Feature","geometry":{"type":"Point","coordinates":[-0.40257,52.99173]},"properties":{"project":"Marden Solar PV","mw":50.0,"tech":"Solar","tech_cat":"solar","date":"2027-09-01","connection_point":"Northfleet East","sub_name":"Northfleet East","gate1_reserved":false,"geom_type":"point","located":true,"geocode_source":"REPD","site_name":"Mareham Lane, Solar PV Panels","site_status":"Awaiting Construction"}},{"type":"Feature","geometry":{"type":"Point","coordinates":[-1.5968,54.60774]},"properties":{"project":"School Lane","mw":49.9,"tech":"Solar","tech_cat":"solar","date":"2026-10-01","connection_point":"Kemsley","sub_name":"Kemsley","gate1_reserved":false,"geom_type":"point","located":true,"geocode_source":"REPD","site_name":"Field at School Aycliffe Lane","site_status":"Operational"}},{"type":"Feature","geometry":{"type":"Point","coordinates":[-1.5968,54.60774]},"properties":{"project":"School Lane","mw":49.9,"tech":"Battery","tech_cat":"battery","date":"2026-10-01","connection_point":"Kemsley","sub_name":"Kemsley","gate1_reserved":false,"geom_type":"point","located":true,"geocode_source":"REPD","site_name":"Field at School Aycliffe Lane","site_status":"Operational"}},{"type":"Feature","geometry":{"type":"Point","coordinates":[0.76795,51.40874]},"properties":{"project":"Shalsford Road Land off","mw":37.5,"tech":"Solar","tech_cat":"solar","date":"2029-01-31","connection_point":"Canterbury","sub_name":"Canterbury North","gate1_reserved":false,"geom_type":"point","located":true,"geocode_source":"REPD","site_name":"Land off Queenborough Road","site_status":"Under Construction"}},{"type":"Feature","geometry":{"type":"Point","coordinates":[0.33377778340732567,51.43270010332982]},"properties":{"project":"Bockingfold Farm","mw":51.2,"tech":"Solar","tech_cat":"solar","date":"2025-11-07","connection_point":"Northfleet East","sub_name":"Northfleet East","gate1_reserved":false,"geom_type":"point","located":false,"geocode_source":"substation"}},{"type":"Feature","geometry":{"type":"Point","coordinates":[-1.06199,54.543]},"properties":{"project":"Park farm","mw":50.0,"tech":"Solar","tech_cat":"solar","date":"2031-10-31","connection_point":"Sellindge","sub_name":"Sellindge","gate1_reserved":false,"geom_type":"point","located":true,"geocode_source":"REPD","site_name":"North Cote Farm & Park Farm, Dunsdale - Solar Arrays","site_status":"Awaiting Construction"}},{"type":"Feature","geometry":{"type":"Point","coordinates":[1.38225,52.1392]},"properties":{"project":"Park farm","mw":20.0,"tech":"Battery","tech_cat":"battery","date":"2031-10-31","connection_point":"Sellindge","sub_name":"Sellindge","gate1_reserved":false,"geom_type":"point","located":true,"geocode_source":"REPD","site_name":"Park Farm - Solar Panels","site_status":"Awaiting Construction"}},{"type":"Feature","geometry":{"type":"Point","coordinates":[0.6884,51.31988]},"properties":{"project":"Vigo Lane","mw":40.0,"tech":"Solar","tech_cat":"solar","date":"2029-01-31","connection_point":"Canterbury","sub_name":"Canterbury North","gate1_reserved":false,"geom_type":"point","located":true,"geocode_source":"REPD","site_name":"Vigo Lane, Borden - Solar Farm","site_status":"Awaiting Construction"}},{"type":"Feature","geometry":{"type":"Point","coordinates":[-2.017,52.94787]},"properties":{"project":"Mathurst Farm Solar","mw":17.0,"tech":"Solar","tech_cat":"solar","date":"2029-01-31","connection_point":"Ninfield","sub_name":"Ninfield","gate1_reserved":false,"geom_type":"point","located":true,"geocode_source":"REPD","site_name":"Blythe House Farm Extension - Solar Array","site_status":"Awaiting Construction"}},{"type":"Feature","geometry":{"type":"Point","coordinates":[0.0537,51.21556]},"properties":{"project":"Gaywood Farm","mw":10.6,"tech":"Solar","tech_cat":"solar","date":"2026-10-31","connection_point":"Northfleet East","sub_name":"Northfleet East","gate1_reserved":false,"geom_type":"point","located":true,"geocode_source":"REPD","site_name":"Gaywood Farm","site_status":"Planning Permission Expired"}},{"type":"Feature","geometry":{"type":"Point","coordinates":[0.41584305995796017,50.882009142170105]},"properties":{"project":"Priesthawes Farm","mw":17.4,"tech":"Solar","tech_cat":"solar","date":"2030-12-31","connection_point":"Ninfield","sub_name":"Ninfield","gate1_reserved":false,"geom_type":"point","located":false,"geocode_source":"substation"}},{"type":"Feature","geometry":{"type":"Point","coordinates":[0.41783254973764544,50.88498370742769]},"properties":{"project":"Priesthawes Farm","mw":8.7,"tech":"Battery","tech_cat":"battery","date":"2030-12-31","connection_point":"Ninfield","sub_name":"Ninfield","gate1_reserved":false,"geom_type":"point","located":false,"geocode_source":"substation"}},{"type":"Feature","geometry":{"type":"Point","coordinates":[-0.21615651637274527,50.98291104874361]},"properties":{"project":"Ironsbottom Solar Farm","mw":23.6,"tech":"Solar","tech_cat":"solar","date":"2030-12-31","connection_point":"Bolney","sub_name":"Bolney","gate1_reserved":false,"geom_type":"point","located":false,"geocode_source":"substation"}},{"type":"Feature","geometry":{"type":"Point","coordinates":[-2.92764,53.41993]},"properties":{"project":"Land at 1A Priory Stables","mw":18.0,"tech":"Unabated Gas","tech_cat":"gas","date":"2026-10-01","connection_point":"West Weybridge","sub_name":"West Weybridge","gate1_reserved":false,"geom_type":"point","located":true,"geocode_source":"REPD","site_name":"Land at Carnegie Road","site_status":"Operational"}},{"type":"Feature","geometry":{"type":"Point","coordinates":[-0.38255,51.43989]},"properties":{"project":"Bolney Solar","mw":19.3,"tech":"Solar","tech_cat":"solar","date":"2030-12-31","connection_point":"Bolney","sub_name":"Bolney","gate1_reserved":false,"geom_type":"point","located":true,"geocode_source":"REPD","site_name":"Bolney Way - Roof mounted Solar PV Panels","site_status":"Revised"}},{"type":"Feature","geometry":{"type":"Point","coordinates":[0.75956,51.36619]},"properties":{"project":"Barge Way","mw":125.0,"tech":"Battery","tech_cat":"battery","date":"2036-10-31","connection_point":"Kemsley","sub_name":"Kemsley","gate1_reserved":false,"geom_type":"point","located":true,"geocode_source":"REPD","site_name":"Knauf UK Sittingbourne, Barge Way - Solar Panels","site_status":"Application Submitted"}},{"type":"Feature","geometry":{"type":"Point","coordinates":[-2.44952,51.53359]},"properties":{"project":"Ridley Court Farm","mw":49.9,"tech":"Solar","tech_cat":"solar","date":"2026-01-31","connection_point":"Northfleet East","sub_name":"Northfleet East","gate1_reserved":false,"geom_type":"point","located":true,"geocode_source":"REPD","site_name":"Says Court Farm, Coalpit Heath - Battery Energy Storage","site_status":"Awaiting Construction"}},{"type":"Feature","geometry":{"type":"Point","coordinates":[-0.23971,51.21498]},"properties":{"project":"Little Flanchford Farm","mw":13.3,"tech":"Solar","tech_cat":"solar","date":"2030-12-31","connection_point":"Bolney","sub_name":"Bolney","gate1_reserved":false,"geom_type":"point","located":true,"geocode_source":"REPD","site_name":"Little Flanchford Farm, Flanchford Road - Solar Energy","site_status":"Application Submitted"}},{"type":"Feature","geometry":{"type":"Point","coordinates":[1.0723,51.31403]},"properties":{"project":"Britton Court Farm","mw":42.4,"tech":"Solar","tech_cat":"solar","date":"2036-10-31","connection_point":"Canterbury","sub_name":"Canterbury North","gate1_reserved":false,"geom_type":"point","located":true,"geocode_source":"REPD","site_name":"Britton Court Farm, Hackington Road - Solar Farm","site_status":"Awaiting Construction"}},{"type":"Feature","geometry":{"type":"Point","coordinates":[0.74911,51.30809]},"properties":{"project":"Pitstock Farm","mw":41.4,"tech":"Solar","tech_cat":"solar","date":"2036-10-31","connection_point":"Kemsley","sub_name":"Kemsley","gate1_reserved":false,"geom_type":"point","located":true,"geocode_source":"REPD","site_name":"Pitstock Farm - Solar Photovoltaic Panels","site_status":"Awaiting Construction"}},{"type":"Feature","geometry":{"type":"Point","coordinates":[-0.45109797884978653,51.36827680791844]},"properties":{"project":"Slyfield Farm","mw":49.5,"tech":"Solar","tech_cat":"solar","date":"2029-01-31","connection_point":"West Weybridge","sub_name":"West Weybridge","gate1_reserved":false,"geom_type":"point","located":false,"geocode_source":"substation"}},{"type":"Feature","geometry":{"type":"Point","coordinates":[0.88734,51.01109]},"properties":{"project":"St. Marys Road","mw":16.0,"tech":"Solar","tech_cat":"solar","date":"2036-10-31","connection_point":"Sellindge","sub_name":"Sellindge","gate1_reserved":false,"geom_type":"point","located":true,"geocode_source":"REPD","site_name":"Martin Farm, St. Marys Road - Solar Panels","site_status":"Awaiting Construction"}},{"type":"Feature","geometry":{"type":"Point","coordinates":[-1.82202,51.11514]},"properties":{"project":"Land at Otham Court Lane","mw":20.0,"tech":"Solar","tech_cat":"solar","date":"2037-12-31","connection_point":"Ninfield","sub_name":"Ninfield","gate1_reserved":false,"geom_type":"point","located":true,"geocode_source":"REPD","site_name":"Land at Court Farm","site_status":"Appeal Refused"}},{"type":"Feature","geometry":{"type":"Point","coordinates":[0.9849719048542477,51.095656045501805]},"properties":{"project":"Fridd Lane Solar Farm","mw":25.7,"tech":"Solar","tech_cat":"solar","date":"2036-10-31","connection_point":"Sellindge","sub_name":"Sellindge","gate1_reserved":false,"geom_type":"point","located":false,"geocode_source":"substation"}},{"type":"Feature","geometry":{"type":"Point","coordinates":[-2.23141,51.29026]},"properties":{"project":"Land at Hooks Hole","mw":35.2,"tech":"Battery","tech_cat":"battery","date":"2036-10-31","connection_point":"Kemsley","sub_name":"Kemsley","gate1_reserved":false,"geom_type":"point","located":true,"geocode_source":"REPD","site_name":"Land at Poles Hole Farm","site_status":"Operational"}},{"type":"Feature","geometry":{"type":"Point","coordinates":[0.41482,50.88606]},"properties":{"project":"Moor Hall Farm","mw":99.0,"tech":"Battery","tech_cat":"battery","date":"2037-12-31","connection_point":"Ninfield","sub_name":"Ninfield","gate1_reserved":false,"geom_type":"point","located":true,"geocode_source":"REPD","site_name":"Moor Hall Farm, Moor Hall Drive - Battery Energy Storage Facility","site_status":"Awaiting Construction"}},{"type":"Feature","geometry":{"type":"Point","coordinates":[1.09517,51.35277]},"properties":{"project":"Owls Hatch Road","mw":50.0,"tech":"Battery","tech_cat":"battery","date":"2036-10-31","connection_point":"Canterbury","sub_name":"Canterbury North","gate1_reserved":false,"geom_type":"point","located":true,"geocode_source":"REPD","site_name":"Owls Hatch Road, Thanet Way - Battery Energy Storage Facility","site_status":"Awaiting Construction"}},{"type":"Feature","geometry":{"type":"Point","coordinates":[0.44159,50.89154]},"properties":{"project":"Catsfield Christmas Tree Farm","mw":101.3,"tech":"Battery","tech_cat":"battery","date":"2036-12-06","connection_point":"Ninfield","sub_name":"Ninfield","gate1_reserved":false,"geom_type":"point","located":true,"geocode_source":"REPD","site_name":"Catsfield Christmas Tree Farm, The Stream - Battery Energy Storage System","site_status":"Application Submitted"}},{"type":"Feature","geometry":{"type":"Point","coordinates":[0.4176707039514403,50.884427465221734]},"properties":{"project":"Sellindge Solar","mw":48.6,"tech":"Solar","tech_cat":"solar","date":"2036-12-06","connection_point":"Ninfield","sub_name":"Ninfield","gate1_reserved":false,"geom_type":"point","located":false,"geocode_source":"substation"}},{"type":"Feature","geometry":{"type":"Point","coordinates":[0.41806247603257024,50.88448425230242]},"properties":{"project":"Sellindge Solar","mw":48.6,"tech":"Battery","tech_cat":"battery","date":"2036-12-06","connection_point":"Ninfield","sub_name":"Ninfield","gate1_reserved":false,"geom_type":"point","located":false,"geocode_source":"substation"}},{"type":"Feature","geometry":{"type":"Point","coordinates":[-3.98394,50.89707]},"properties":{"project":"Model Farm Battery Storage - Array 1","mw":69.0,"tech":"Battery","tech_cat":"battery","date":"2029-10-30","connection_point":"Walpole 132 kV","sub_name":"Walpole","gate1_reserved":false,"geom_type":"point","located":true,"geocode_source":"REPD","site_name":"Coldharbour Farm, Ashreigney - Solar Photovoltaic Array","site_status":"Application Submitted"}},{"type":"Feature","geometry":{"type":"Point","coordinates":[-3.98394,50.89707]},"properties":{"project":"Model Farm Battery Storage - Array 2","mw":69.0,"tech":"Battery","tech_cat":"battery","date":"2029-10-30","connection_point":"Walpole 132 kV","sub_name":"Walpole","gate1_reserved":false,"geom_type":"point","located":true,"geocode_source":"REPD","site_name":"Coldharbour Farm, Ashreigney - Solar Photovoltaic Array","site_status":"Application Submitted"}},{"type":"Feature","geometry":{"type":"Point","coordinates":[-3.98394,50.89707]},"properties":{"project":"Model Farm Battery Storage - Array 3","mw":69.0,"tech":"Battery","tech_cat":"battery","date":"2029-10-30","connection_point":"Walpole 132 kV","sub_name":"Walpole","gate1_reserved":false,"geom_type":"point","located":true,"geocode_source":"REPD","site_name":"Coldharbour Farm, Ashreigney - Solar Photovoltaic Array","site_status":"Application Submitted"}},{"type":"Feature","geometry":{"type":"Point","coordinates":[-3.98394,50.89707]},"properties":{"project":"Model Farm Battery Storage - Array 4","mw":69.0,"tech":"Battery","tech_cat":"battery","date":"2029-10-30","connection_point":"Walpole 132 kV","sub_name":"Walpole","gate1_reserved":false,"geom_type":"point","located":true,"geocode_source":"REPD","site_name":"Coldharbour Farm, Ashreigney - Solar Photovoltaic Array","site_status":"Application Submitted"}},{"type":"Feature","geometry":{"type":"Point","coordinates":[-0.41653886463514567,53.867367491985]},"properties":{"project":"Battery Storage - 57 MW (CB Battery Limited)","mw":71.2,"tech":"Battery","tech_cat":"battery","date":"2028-06-30","connection_point":"Creyke Beck 400/33 kV","sub_name":"Creyke Beck","gate1_reserved":false,"geom_type":"point","located":false,"geocode_source":"substation"}},{"type":"Feature","geometry":{"type":"Point","coordinates":[-0.40257,52.99173]},"properties":{"project":"Solar PV \u2013 57 MW (Creyke Beck Solar Limited)","mw":73.5,"tech":"Solar","tech_cat":"solar","date":"2028-06-30","connection_point":"Creyke Beck 400/33 kV","sub_name":"Creyke Beck","gate1_reserved":false,"geom_type":"point","located":true,"geocode_source":"REPD","site_name":"Mareham Lane, Solar PV Panels","site_status":"Awaiting Construction"}},{"type":"Feature","geometry":{"type":"Point","coordinates":[-0.40257,52.99173]},"properties":{"project":"Solar PV \u2013 57 MW (Creyke Beck Solar Limited)","mw":73.5,"tech":"Solar","tech_cat":"solar","date":"2028-06-30","connection_point":"Creyke Beck 400/33 kV","sub_name":"Creyke Beck","gate1_reserved":false,"geom_type":"point","located":true,"geocode_source":"REPD","site_name":"Mareham Lane, Solar PV Panels","site_status":"Awaiting Construction"}},{"type":"Feature","geometry":{"type":"Point","coordinates":[-4.8837895158981794,55.71722568935464]},"properties":{"project":"Liric","mw":700.0,"tech":"Interconnector","tech_cat":"interconnector","date":"2032-10-31","connection_point":"Hunterston East 400kV Substation\u00a0","sub_name":"Hunterston","gate1_reserved":true,"geom_type":"point","located":false,"geocode_source":"substation"}},{"type":"Feature","geometry":{"type":"Point","coordinates":[1.5639,52.1791]},"properties":{"project":"Nautilus","mw":1500.0,"tech":"Interconnector","tech_cat":"interconnector","date":"2029-10-31","connection_point":"Grain West 400kV Substation\u00a0","sub_name":"Grain","gate1_reserved":true,"geom_type":"point","located":true,"geocode_source":"MANUAL","site_name":"Nautilus","site_status":"manual"}},{"type":"Feature","geometry":{"type":"Point","coordinates":[-4.93649,51.60898]},"properties":{"project":"Llyr Floating Wind","mw":200.0,"tech":"Offshore Wind","tech_cat":"wind","date":"2028-10-31","connection_point":"Pembroke 400kV Substation ","sub_name":"Pembroke","gate1_reserved":true,"geom_type":"point","located":true,"geocode_source":"REPD","site_name":"Erebus - Floating Offshore Wind Demonstration Project","site_status":"Awaiting Construction"}}]}