"Licence	",GSP Group,BSP Group,Primary Substation,Node,Status,Operating Voltage,Current Year Max Demand,Current Year Power Factor,Forecast Year 1,Forecast Year 2,Forecast Year 3,Forecast Year 4,Forecast Year 5,Firm Capacity of Substation,Minimum demand Scaling Factor (%),
EMIDS,Berkswell 132kV,Coventry Central,-,BROW55J,Updated,11,2.99,0.96,2.934,2.883,2.832,2.780,2.729,23,50.77%,-
EMIDS,Berkswell 132kV,Coventry Central,Courtaulds 6.6,COUR7_BB_1_2,Unchanged,6.6,4.66,1.00,4.630,4.610,4.616,4.624,4.666,24,50.77%,-
EMIDS,Berkswell 132kV,Coventry Central,Courthouse Green 11,COUG5_MAIN1,Unchanged,11,11.70,0.96,12.151,12.687,13.408,14.172,14.817,23,50.77%,-
EMIDS,Berkswell 132kV,Coventry Central,Courthouse Green 6.6,COUG7J,Unchanged,6.6,5.90,0.96,5.933,5.986,6.061,6.122,6.275,21.75,50.77%,-
EMIDS,Berkswell 132kV,Coventry Central,Cox Street 6.6,COXS7_BB_1_2,Unchanged,6.6,9.55,0.96,10.110,10.681,11.221,11.774,12.385,21.75,50.77%,-
EMIDS,Berkswell 132kV,Coventry Central,Dunlop 6.6,DUNP7_BB_1_2,Unchanged,6.6,6.41,0.96,6.630,6.788,7.164,7.444,7.652,21,50.77%,-
EMIDS,Berkswell 132kV,Coventry Central,Holbrook Lane 6.6,HOLN7_BB_1_2,Unchanged,6.6,17.57,1.00,18.633,19.466,20.490,21.517,22.530,24,50.77%,-
EMIDS,Berkswell 132kV,Coventry Central,Sandy Lane 6.6,SANL7_BB_1_2,Unchanged,6.6,13.17,0.96,13.715,15.100,15.935,17.308,18.761,21,50.77%,-
EMIDS,Berkswell 132kV,Coventry Central (GT1),-,COVC3_MAIN1,Updated,33,29.94,0.97,31.354,48.110,49.885,52.934,64.938,117,50.77%,-
EMIDS,Berkswell 132kV,Coventry Central (GT2),-,COVC3_MAIN2,Updated,33,29.94,0.97,31.354,48.110,49.885,52.934,64.938,117,50.77%,-
EMIDS,Berkswell 132kV,Coventry South 33,Dillotford Avenue (T2),DILA5_BB_1,Unchanged,11,8.65,1.00,8.864,9.118,9.562,9.991,10.449,19,50.77%,-
EMIDS,Berkswell 132kV,Coventry South 33,Holyhead Road,HLRD5_BB_1,Unchanged,11,10.12,0.96,10.420,10.788,11.190,11.645,12.080,19,50.77%,-
EMIDS,Berkswell 132kV,Coventry South 33,JLR Whitley (T1),JLRW5_BB_1,Updated,11,1.39,0.98,1.137,0.890,0.642,0.394,0.146,32,50.77%,-
EMIDS,Berkswell 132kV,Coventry South 33,JLR Whitley (T2),JLRW5_BB_2,Updated,11,1.35,0.98,1.106,0.858,0.610,0.363,0.115,32,50.77%,-
EMIDS,Berkswell 132kV,Coventry South 33,Spon Street 6.6 (T1),SPOS7_BB_1,Unchanged,6.6,4.75,1.00,4.797,5.075,5.228,5.341,5.740,24,50.77%,-
EMIDS,Berkswell 132kV,Coventry South 33,Spon Street 6.6 (T2),SPOS7_BB_2,Unchanged,6.6,5.06,1.00,5.110,5.388,5.541,5.654,6.052,24,50.77%,-
EMIDS,Berkswell 132kV,Coventry South 33,Warwick University,WARU5_BB_1,Unchanged,11,21.08,1.00,22.404,23.742,25.908,28.864,30.864,32,50.77%,-
EMIDS,Berkswell 132kV,Coventry South 33 (GT1),-,COVS3_MAIN1,Updated,33,24.41,1.00,25.167,26.225,27.721,29.588,31.256,90,50.77%,-
EMIDS,Berkswell 132kV,Coventry South 33 (GT2),-,COVS3_MAIN2,Updated,33,24.41,1.00,25.167,26.225,27.721,29.588,31.256,90,50.77%,-
EMIDS,Berkswell 132kV,Coventry West,Coventry West 6.6,COVW7_MAIN1,Unchanged,6.6,7.85,0.96,8.465,9.275,12.977,14.936,16.013,24,50.77%,-
EMIDS,Berkswell 132kV,Coventry West,Hawkesmill Lane 6.6,HAWL7_BB_1,Unchanged,6.6,2.21,0.96,2.444,2.798,3.194,3.405,3.728,14.5,50.77%,-
EMIDS,Berkswell 132kV,Coventry West,Jaguar Cars Brown Lane,JABL5_BB_1,Unchanged,11,8.29,0.96,8.307,8.356,9.335,9.529,9.796,17,50.77%,-
EMIDS,Berkswell 132kV,Coventry West,Kenilworth (T2),KENI5_BB_2,Unchanged,11,5.42,0.96,5.843,6.262,6.770,7.502,8.191,21,50.77%,-
EMIDS,Berkswell 132kV,Coventry West,Torrington Avenue,TRRA5_BB_1_2,Unchanged,11,11.81,0.96,12.378,13.799,14.588,15.333,16.437,15,50.77%,-
EMIDS,Berkswell 132kV,Coventry West (GT3),-,COVW3_MAIN1,Updated,33,19.78,0.96,20.845,22.493,25.543,27.731,29.621,90,50.77%,-
EMIDS,Berkswell 132kV,Coventry West (GT4),-,COVW3_MAIN2,Updated,33,19.78,0.96,20.845,22.493,25.543,27.731,29.621,90,50.77%,-
EMIDS,Berkswell 132kV,Harbury,Eastfields Solar Farm,EASS3_MAIN1,New,33,0.05,0.96,0.046,0.046,0.046,0.046,0.046,0,50.77%,-
EMIDS,Berkswell 132kV,Harbury,Elms Farm Southam Solar Farm,ELMF3_#1H0,New,33,0.02,0.96,0.023,0.023,0.023,0.023,0.023,0,50.77%,-
EMIDS,Berkswell 132kV,Harbury,Fields Farm Southam Solar Farm,FLFM3_#1H0,New,33,0.02,0.96,0.025,0.025,0.025,0.025,0.025,0,50.77%,-
EMIDS,Berkswell 132kV,Harbury,Fosse Way Radford Semele Solar Farm,FOSW3_1H0,New,33,0.01,0.96,0.006,0.006,0.006,0.006,0.006,0,50.77%,-
EMIDS,Berkswell 132kV,Harbury,Gaydon,GAYD5_BB_1_2,Unchanged,11,10.07,0.96,10.761,11.609,11.912,12.251,12.938,19,50.77%,-
EMIDS,Berkswell 132kV,Harbury,Harbury 11,HARB5_MAIN1,Unchanged,11,6.38,0.96,7.883,8.054,8.309,8.603,9.018,19,50.77%,-
EMIDS,Berkswell 132kV,Harbury,Jaguar Land Rover (T1),JLRG5_BB_1,Updated,11,4.92,1.00,4.915,4.915,4.915,4.915,4.915,32,50.77%,-
EMIDS,Berkswell 132kV,Harbury,Jaguar Land Rover (T2),JLRG5_BB_2,Updated,11,4.96,1.00,4.960,4.960,4.960,4.960,4.960,32,50.77%,-
EMIDS,Berkswell 132kV,Harbury,Southam,SOTH5_BB_1_2,Unchanged,11,9.27,1.00,10.729,11.156,11.814,12.350,13.011,18,50.77%,-
EMIDS,Berkswell 132kV,Harbury (GT1),-,HARB3_MAIN1,Updated,33,16.43,0.99,18.261,18.984,19.592,20.177,21.021,90,50.77%,-
EMIDS,Berkswell 132kV,Harbury (GT2),-,HARB3_MAIN2,Updated,33,16.43,0.99,18.261,18.984,19.592,20.177,21.021,90,50.77%,-
EMIDS,Berkswell 132kV,Harbury 33kV SD,HS2 Welsh Road Bascote (Long Itchington),WEHR5_BB_1_2,Removed,11,5.13,0.96,5.130,5.130,5.130,5.130,5.130,0,47.56%,-
EMIDS,Berkswell 132kV,Warwick 132 11 (GT1B),-,WARW5_MAIN1,Updated,11,13.01,1.00,13.385,13.747,14.561,14.994,15.772,30,50.77%,-
EMIDS,Berkswell 132kV,Warwick 132 11 (GT2B),-,WARW5_MAIN2,Updated,11,12.08,1.00,12.460,12.822,13.636,14.069,14.847,30,50.77%,-
EMIDS,Berkswell 132kV,Warwick 132 11 (GT3B),-,WARW5_MAIN3,Updated,11,13.72,1.00,14.101,14.463,15.277,15.710,16.488,30,50.77%,-
EMIDS,Berkswell 132kV,Warwick 33,Banbury Road,BANR5_BB_1_2,Unchanged,11,11.48,1.00,12.066,12.693,13.382,14.022,14.267,18,50.77%,-
EMIDS,Berkswell 132kV,Warwick 33,Campion Hills,CAMH5_BB_1_2,Unchanged,11,13.19,0.96,14.119,14.428,14.777,15.085,15.376,18,50.77%,-
EMIDS,Berkswell 132kV,Warwick 33,Claverdon,CLAV55J,Unchanged,11,11.78,0.96,12.227,12.287,12.386,12.512,12.777,15,50.77%,-
EMIDS,Berkswell 132kV,Warwick 33,Kenilworth (T1),KENI5_BB_1,Unchanged,11,9.76,0.96,10.174,10.593,11.102,11.834,12.522,21,50.77%,-
EMIDS,Berkswell 132kV,Warwick 33,Lockheed,LKHD5_BB_1_2,Unchanged,11,10.22,1.00,10.591,11.128,11.578,11.885,12.488,19,50.77%,-
EMIDS,Berkswell 132kV,Warwick 33,Newbold Pacey Solar Farm,NBDP3_MAIN1,New,33,1.91,0.96,1.913,1.913,1.913,1.913,1.913,0,50.77%,-
EMIDS,Berkswell 132kV,Warwick 33,Tournament Fields,TOFD5_BB_1_2,Unchanged,11,2.77,1.00,3.047,3.092,3.149,3.234,3.432,23,50.77%,-
EMIDS,Berkswell 132kV,Warwick 33,Wellesbourne (T1),WELE5_MAIN1,New,11,3.45,0.99,3.423,3.396,3.368,3.340,3.312,22,50.77%,-
EMIDS,Berkswell 132kV,Warwick 33,Wellesbourne (T2),WELE5_MAIN2,New,11,0.13,0.71,0.105,0.078,0.050,0.022,-0.006,22,50.77%,-
EMIDS,Berkswell 132kV,Warwick 33,Wise Street,WSST5_BB_1_2,Unchanged,11,18.01,0.96,18.350,19.148,19.665,20.126,20.520,19,50.77%,-
EMIDS,Berkswell 132kV,Warwick 33 (GT1A),-,WARW3_MAIN1,Updated,33,22.70,0.98,23.745,24.605,25.411,26.177,26.962,60,50.77%,-
EMIDS,Berkswell 132kV,Warwick 33 (GT2A),-,WARW3_MAIN2,Removed,33,21.31,0.98,28.476,36.157,44.600,53.814,63.818,120,47.56%,-
EMIDS,Berkswell 132kV,Warwick 33 (GT2A),-,WARW3_MAIN3,Updated,33,22.70,0.98,23.745,24.605,25.411,26.177,26.962,90,50.77%,-
EMIDS,Berkswell 132kV,Warwick 33 (GT3A),-,WARW3_MAIN5,New,33,22.70,0.98,23.745,24.605,25.411,26.177,26.962,60,50.77%,-
EMIDS,Bicker Fen 132kV,Grantham,Billingborough (T2),BILL5_MAIN2,Unchanged,11,4.30,1.00,4.326,4.358,4.404,4.458,4.573,14,47.64%,-
EMIDS,Bicker Fen 132kV,Grantham,Easton,EASN5_MAIN1,Unchanged,11,3.45,0.96,3.528,4.195,4.460,4.447,4.448,18,47.64%,-
EMIDS,Bicker Fen 132kV,Grantham,Leadenham (T2),LEAD5_MAIN2,Unchanged,11,3.07,0.96,3.109,3.178,3.230,3.289,3.410,9.5,47.64%,-
EMIDS,Bicker Fen 132kV,Grantham,Market Overton (T2),MOVE5_MAIN2,Unchanged,11,2.11,0.96,2.135,2.171,2.232,2.315,2.423,14,47.64%,-
EMIDS,Bicker Fen 132kV,Grantham,Mill Farm Battery Storage,MILF3_#2H0,New,33,6.84,0.96,6.845,6.845,6.845,6.845,6.845,0,47.64%,-
EMIDS,Bicker Fen 132kV,Grantham,Mill Farm Solar Boothby Great Wood,MLFM3_#2H0,New,33,0.01,0.96,0.009,0.009,0.009,0.009,0.009,0,47.64%,-
EMIDS,Bicker Fen 132kV,Grantham,New Beacon Road,NEBR5_MAIN1,Unchanged,11,14.38,1.00,14.915,15.348,16.187,17.440,18.906,14,47.64%,-
EMIDS,Bicker Fen 132kV,Grantham,Skillington,SKIL5_MAIN1,Unchanged,11,3.56,1.00,3.608,3.669,3.703,3.746,3.911,14,47.64%,-
EMIDS,Bicker Fen 132kV,Grantham (GT1),-,GRTH3_MAIN1,Updated,33,15.38,1.00,15.780,16.381,17.022,17.790,18.808,68,47.64%,-
EMIDS,Bicker Fen 132kV,Grantham (GT2),-,GRTH3_MAIN2,Updated,33,15.38,1.00,15.780,16.381,17.022,17.790,18.808,68,47.64%,-
EMIDS,Bicker Fen 132kV,Grantham 33kV SD,Mill Farm Battery Storage,MILF3_MAIN1,Removed,33,7.11,0.96,7.108,7.108,7.108,7.108,7.108,0,51.17%,-
EMIDS,Bicker Fen 132kV,Grantham North 25,Grantham Feeder Station - BR,"GRNO8_MAIN1, GRNO8_MAIN2",New,25,7.41,0.96,7.413,7.413,7.413,7.413,7.413,24,47.64%,-
EMIDS,Bicker Fen 132kV,Grantham North 25kV SD,Grantham Feeder Station - BR 1,GRNO8_MAIN1,Removed,25,7.89,0.96,7.886,7.886,7.886,7.886,7.886,0,51.17%,-
EMIDS,Bicker Fen 132kV,Grantham North 25kV SD,Grantham Feeder Station - BR 2,GRNO8_MAIN2,Removed,25,0.00,0.96,0.000,0.000,0.000,0.000,0.000,0,51.17%,-
EMIDS,Bicker Fen 132kV,Low Farm PV Friskney,-,LOWF1_110,New,132,0.13,0.96,0.131,0.131,0.131,0.131,0.131,0,47.64%,-
EMIDS,Bicker Fen 132kV,Middlemarsh - Lynn & Inner Dowsing Wind Farm,-,"MMAR1_110, MMAR1_210",New,132,2.22,0.96,2.224,2.224,2.224,2.224,2.224,106,47.64%,-
EMIDS,Bicker Fen 132kV,Middlemarsh 33kV 1 SD,Inner Dowsing Wind Farm,MMAR1_110,Removed,132,1.11,0.96,1.114,1.114,1.114,1.114,1.114,0,51.17%,-
EMIDS,Bicker Fen 132kV,Middlemarsh 33kV 2 SD,Lynn Wind Farm,MMAR1_210,Removed,132,1.00,0.96,1.001,1.001,1.001,1.001,1.001,0,51.17%,-
EMIDS,Bicker Fen 132kV,Skegness,Alford,ALFO5_MAIN1,Unchanged,11,5.91,0.96,6.001,6.116,6.313,6.551,7.046,6,47.64%,-
EMIDS,Bicker Fen 132kV,Skegness,Bambers Farm Wind Generation Mablethorpe,BAMB3_#2H0,New,33,0.05,0.96,0.052,0.052,0.052,0.052,0.052,0,47.64%,-
EMIDS,Bicker Fen 132kV,Skegness,Chapel St. Leonards,CHSL5_MAIN1,Unchanged,11,5.92,0.96,5.981,6.017,6.103,6.217,6.349,9.5,47.64%,-
EMIDS,Bicker Fen 132kV,Skegness,Croft End Solar Farm,CROP3_MAIN1,New,33,0.02,0.96,0.019,0.019,0.019,0.019,0.019,0,47.64%,-
EMIDS,Bicker Fen 132kV,Skegness,Horncastle (T1),HRNC5_MAIN1,Unchanged,11,9.82,1.00,9.896,9.974,10.154,10.354,10.814,0,47.64%,-
EMIDS,Bicker Fen 132kV,Skegness,Ingoldmells,INGM5_MAIN1,Unchanged,11,9.61,0.96,9.568,9.535,9.525,9.509,9.503,19,47.64%,-
EMIDS,Bicker Fen 132kV,Skegness,Lincoln Farm Solar Park,LCFM3_MAIN1,New,33,0.01,0.96,0.013,0.013,0.013,0.013,0.013,0,47.64%,-
EMIDS,Bicker Fen 132kV,Skegness,Manor Farm Irby PV,MAII3_MAIN1,New,33,0.96,0.96,0.960,0.960,0.960,0.960,0.960,0,47.64%,-
EMIDS,Bicker Fen 132kV,Skegness,Spilsby,SPIL5_MAIN1,Unchanged,11,6.76,0.98,6.885,7.028,7.260,7.534,8.308,6,47.64%,-
EMIDS,Bicker Fen 132kV,Skegness,The Hollies Wind Farm,HOWF3_2M3,New,33,0.40,0.96,0.405,0.405,0.405,0.405,0.405,0,47.64%,-
EMIDS,Bicker Fen 132kV,Skegness,Trusthorpe,TRUS5_MAIN1,Unchanged,11,8.33,0.99,8.470,8.685,8.950,9.280,9.661,19,47.64%,-
EMIDS,Bicker Fen 132kV,Skegness,Warth Lane,WALN5_MAIN1,Removed,11,18.61,0.96,28.066,38.137,50.521,65.258,81.588,38,51.17%,-
EMIDS,Bicker Fen 132kV,Skegness,Wrangle (T2),WRAN5_MAIN2,Unchanged,11,2.53,0.96,2.552,2.567,2.596,2.631,2.718,0,47.64%,-
EMIDS,Bicker Fen 132kV,Skegness (GT1),-,SKEG3_MAIN1,Updated,33,26.76,0.98,27.170,27.595,28.292,29.143,30.487,90,47.64%,-
EMIDS,Bicker Fen 132kV,Skegness (GT2),-,SKEG3_MAIN3,Updated,33,26.76,0.98,27.170,27.595,28.292,29.143,30.487,90,47.64%,-
EMIDS,Bicker Fen 132kV,Sleaford,Billingborough (T1),BILL5_MAIN1,Unchanged,11,1.29,0.99,1.313,1.345,1.391,1.445,1.560,9.5,47.64%,-
EMIDS,Bicker Fen 132kV,Sleaford,Burton Pedwardine Solar Park 1,PWED3_MAIN1,New,33,0.03,0.96,0.029,0.029,0.029,0.029,0.029,0,47.64%,-
EMIDS,Bicker Fen 132kV,Sleaford,Cranwell (RAF) (T1),CRAN5_MAIN1,New,11,2.98,0.96,2.966,2.947,2.931,2.915,2.955,18,47.64%,-
EMIDS,Bicker Fen 132kV,Sleaford,Cranwell (RAF) (T2),CRAN5_MAIN2,Unchanged,11,2.94,0.96,2.922,2.904,2.887,2.871,2.912,23,47.64%,-
EMIDS,Bicker Fen 132kV,Sleaford,Deepdale Solar Farm,DLEF3_#2H0,New,33,0.04,0.96,0.041,0.041,0.041,0.041,0.041,0,47.64%,-
EMIDS,Bicker Fen 132kV,Sleaford,Ermine Farm Solar Farm,ERMF3_#2H0,New,33,0.07,0.96,0.067,0.067,0.067,0.067,0.067,0,47.64%,-
EMIDS,Bicker Fen 132kV,Sleaford,Grange Farm Solar Kirkby on Bain,KBGF3_MAIN1,New,33,0.05,0.96,0.052,0.052,0.052,0.052,0.052,0,47.64%,-
EMIDS,Bicker Fen 132kV,Sleaford,Great Hale,GHAL5_MAIN1,Unchanged,11,3.71,0.96,3.797,3.893,4.016,4.183,4.486,14,47.64%,-
EMIDS,Bicker Fen 132kV,Sleaford,Horncastle (T2),HRNC5_MAIN2,Unchanged,11,2.58,0.78,2.652,2.730,2.910,3.110,3.570,0,47.64%,-
EMIDS,Bicker Fen 132kV,Sleaford,Leadenham (T1),LEAD5_MAIN1,Unchanged,11,4.08,0.96,4.122,4.191,4.243,4.302,4.423,9.5,47.64%,-
EMIDS,Bicker Fen 132kV,Sleaford,Metheringham (T2),MTGH5_MAIN2,Unchanged,11,4.84,1.00,4.921,5.003,5.103,5.216,5.401,0,47.64%,-
EMIDS,Bicker Fen 132kV,Sleaford,RAF Cranwell High G Facility,RAFC3_#2H0,New,33,0.11,0.96,0.109,0.109,0.109,0.109,0.109,0,47.64%,-
EMIDS,Bicker Fen 132kV,Sleaford,Ruskington,RUSK5_MAIN1,Unchanged,11,12.17,0.96,12.289,12.400,12.508,12.583,12.744,19,47.64%,-
EMIDS,Bicker Fen 132kV,Sleaford,Sleaford 11,SLEA5_MAIN1,Unchanged,11,13.67,1.00,14.184,14.767,15.294,15.714,16.336,23,47.64%,-
EMIDS,Bicker Fen 132kV,Sleaford,Tattershall,TATT5_MAIN1,Unchanged,11,11.78,0.99,11.906,12.105,12.367,12.742,13.070,17,47.64%,-
EMIDS,Bicker Fen 132kV,Sleaford,White Cross Lane Sleaford,WHCR3_#2H0,New,33,0.06,0.96,0.055,0.055,0.055,0.055,0.055,0,47.64%,-
EMIDS,Bicker Fen 132kV,Sleaford,Whitecross Lane Solar Park Burton Pedwardine,WCLN3_MAIN1,New,33,0.05,0.96,0.046,0.046,0.046,0.046,0.046,0,47.64%,-
EMIDS,Bicker Fen 132kV,Sleaford,Woodhall Spa,WOOS5_MAIN2,Unchanged,11,5.70,0.96,5.784,5.952,6.110,6.252,6.572,0,47.64%,-
EMIDS,Bicker Fen 132kV,Sleaford (GT1),-,SLEA3_MAIN1,Updated,33,30.78,0.98,31.333,32.008,32.715,33.410,34.517,90,47.64%,-
EMIDS,Bicker Fen 132kV,Sleaford (GT2),-,SLEA3_MAIN2,Updated,33,30.78,0.98,31.333,32.008,32.715,33.410,34.517,90,47.64%,-
EMIDS,Bicker Fen 132kV,Sleaford 33kV SD,RAF Cranwell,RAFC3_MAIN1,Removed,33,0.18,0.96,0.183,0.183,0.183,0.183,0.183,0,51.17%,-
EMIDS,Chesterfield 132kV,Alfreton,Ambergate,AMBE5_BB_A_B,Unchanged,11,6.91,0.98,7.007,7.144,7.319,7.395,7.761,15,28.98%,-
EMIDS,Chesterfield 132kV,Alfreton,Asher Lane STOR,ASHL3_#1H0,New,33,0.10,0.96,0.100,0.100,0.100,0.100,0.100,0,28.98%,-
EMIDS,Chesterfield 132kV,Alfreton,Blackwell,BLWL5_BB_1_2,Unchanged,11,9.98,0.96,10.253,10.788,11.220,11.627,12.162,15,28.98%,-
EMIDS,Chesterfield 132kV,Alfreton,Dunsford Road PV Scheme,ALFP3_#2L5,New,33,0.04,0.96,0.039,0.039,0.039,0.039,0.039,0,28.98%,-
EMIDS,Chesterfield 132kV,Alfreton,Garnham Close STOR,GRCE3_#2H0,New,33,0.10,0.96,0.098,0.098,0.098,0.098,0.098,0,28.98%,-
EMIDS,Chesterfield 132kV,Alfreton,Meadow Lane,MEAL5_MAIN1,Unchanged,11,11.74,0.96,12.136,12.447,12.763,13.114,14.071,19,28.98%,-
EMIDS,Chesterfield 132kV,Alfreton,Ravensdale Park,RAPA55J,Unchanged,11,3.92,0.96,3.916,3.919,3.936,3.953,4.000,14,28.98%,-
EMIDS,Chesterfield 132kV,Alfreton,Smith Hall Farm Solar Plant,SMHF3_1H3,New,33,2.80,0.96,2.803,2.803,2.803,2.803,2.803,0,28.98%,-
EMIDS,Chesterfield 132kV,Alfreton,Somercotes,SOME5_BB_1_2,Unchanged,11,17.24,0.98,17.671,18.149,18.735,19.468,20.218,19,28.98%,-
EMIDS,Chesterfield 132kV,Alfreton,Wessington,WESS5_BB_1_2,Unchanged,11,6.09,1.00,6.174,6.246,6.337,6.405,6.524,0,28.98%,-
EMIDS,Chesterfield 132kV,Alfreton (GT1),-,ALFR3_MAIN1,Updated,33,24.66,0.98,25.293,26.062,26.869,27.695,29.046,117,28.98%,-
EMIDS,Chesterfield 132kV,Alfreton (GT2),-,ALFR3_MAIN2,Updated,33,24.66,0.98,25.293,26.062,26.869,27.695,29.046,117,28.98%,-
EMIDS,Chesterfield 132kV,Annesley,Bentinck Generation Station,BEGS3_1H3,New,33,0.07,0.96,0.074,0.074,0.074,0.074,0.074,0,28.98%,-
EMIDS,Chesterfield 132kV,Annesley,Bilsthorpe Solar,BLPV3_#1H0,New,33,0.02,0.96,0.017,0.017,0.017,0.017,0.017,0,28.98%,-
EMIDS,Chesterfield 132kV,Annesley,Twin Yards Solar Farm,TWIY3_#1H0,New,33,0.02,0.96,0.018,0.018,0.018,0.018,0.018,0,28.98%,-
EMIDS,Chesterfield 132kV,Annesley (1 & 2),Blidworth (T1),BLID5_MAIN1,Updated,11,3.51,0.96,3.611,3.692,3.774,3.899,4.040,0,28.98%,-
EMIDS,Chesterfield 132kV,Annesley (1 & 2),Blidworth (T2),BLID5_MAIN2,New,11,2.94,0.96,3.047,3.127,3.210,3.335,3.475,0,28.98%,-
EMIDS,Chesterfield 132kV,Annesley (1 & 2),Calverton (T2),CALN5_BB_2,Unchanged,11,3.89,0.96,4.014,4.239,4.395,4.529,4.720,0,28.98%,-
EMIDS,Chesterfield 132kV,Annesley (1 & 2),Farnsfield,FARN5_MAIN1,Unchanged,11,4.45,0.96,4.478,4.508,4.558,4.620,4.693,0,28.98%,-
EMIDS,Chesterfield 132kV,Annesley (1 & 2),Hucknall (T1),HUCK5_MAIN1,Updated,11,8.36,1.00,8.789,9.709,10.573,11.436,12.472,0,28.98%,-
EMIDS,Chesterfield 132kV,Annesley (1 & 2),Hucknall (T2),HUCK5_MAIN2,New,11,9.76,1.00,10.191,11.111,11.976,12.838,13.874,0,28.98%,-
EMIDS,Chesterfield 132kV,Annesley (1 & 2),Sherwood Park (T1),SHPA5_MAIN1,Updated,11,3.72,0.96,3.675,3.626,3.577,3.529,3.489,0,28.98%,-
EMIDS,Chesterfield 132kV,Annesley (1 & 2),Sherwood Park (T2),SHPA5_MAIN2,New,11,3.03,0.96,2.984,2.935,2.886,2.838,2.798,0,28.98%,-
EMIDS,Chesterfield 132kV,Annesley (3 & 4),Annesley (Kirkby) (T1),ANNE5_MAIN1,Updated,11,11.70,0.99,11.973,12.163,12.394,12.708,13.221,20,28.98%,-
EMIDS,Chesterfield 132kV,Annesley (3 & 4),Annesley (Kirkby) (T2),ANNE5_MAIN2,New,11,12.87,1.00,13.142,13.332,13.563,13.877,14.390,20,28.98%,-
EMIDS,Chesterfield 132kV,Annesley (3 & 4),Calverton (T1),CALN5_BB_1,Unchanged,11,2.55,0.96,2.673,2.898,3.054,3.188,3.379,0,28.98%,-
EMIDS,Chesterfield 132kV,Annesley (3 & 4),Huthwaite (T1),HUTH5_MAIN1,Updated,11,6.27,0.96,6.558,6.778,7.066,7.410,8.388,0,28.98%,-
EMIDS,Chesterfield 132kV,Annesley (3 & 4),Huthwaite (T2),HUTH5_MAIN2,New,11,7.41,0.96,7.700,7.919,8.207,8.552,9.530,0,28.98%,-
EMIDS,Chesterfield 132kV,Annesley (3 & 4),Sutton Junction (T1),SUTJ5_BB_1,Unchanged,11,4.55,0.96,4.614,4.643,4.684,4.746,5.037,0,28.98%,-
EMIDS,Chesterfield 132kV,Annesley (3 & 4),Sutton Junction (T2),SUTJ5_BB_2,Unchanged,11,5.32,0.96,5.384,5.413,5.454,5.516,5.806,0,28.98%,-
EMIDS,Chesterfield 132kV,Annesley (GT1),-,ANNE3_MAIN1,Updated,33,19.66,0.99,20.430,21.639,22.816,24.065,25.878,0,28.98%,-
EMIDS,Chesterfield 132kV,Annesley (GT2),-,ANNE3_MAIN2,Updated,33,19.66,0.99,20.430,21.639,22.816,24.065,25.878,0,28.98%,-
EMIDS,Chesterfield 132kV,Annesley (GT3),-,ANNE3_MAIN3,Updated,33,19.66,0.99,20.132,20.552,20.970,21.495,22.480,0,28.98%,-
EMIDS,Chesterfield 132kV,Annesley (GT4),-,ANNE3_MAIN4,Updated,33,19.66,0.99,20.132,20.552,20.970,21.495,22.480,0,28.98%,-
EMIDS,Chesterfield 132kV,Chesterfield,Arkwright Solar,ARKW3_MAIN1,New,33,0.01,0.96,0.010,0.010,0.010,0.010,0.010,0,28.98%,-
EMIDS,Chesterfield 132kV,Chesterfield,Averill Solar Farm,AVLF3PV,New,33,0.01,0.96,0.012,0.012,0.012,0.012,0.012,0,28.98%,-
EMIDS,Chesterfield 132kV,Chesterfield,Back Lane Battery,BACL3_#2H0,Updated,33,18.93,0.96,18.934,18.934,18.934,18.934,18.934,0,28.98%,-
EMIDS,Chesterfield 132kV,Chesterfield,Biwaters,BIWA5_BB_A_B,Unchanged,11,3.40,0.96,3.469,3.536,3.614,3.702,4.505,0,28.98%,-
EMIDS,Chesterfield 132kV,Chesterfield,Bolsover (T1),BOLV5_MAIN1,Unchanged,11,4.48,1.00,4.901,6.581,7.793,8.378,9.088,0,28.98%,-
EMIDS,Chesterfield 132kV,Chesterfield,Bolsover (T2),BOLV5_MAIN2,Unchanged,11,4.50,1.00,4.921,6.602,7.813,8.398,9.108,0,28.98%,-
EMIDS,Chesterfield 132kV,Chesterfield,Danesmoor,DANE5_MAIN1,Unchanged,11,8.71,1.00,8.971,9.229,9.441,9.711,10.183,23,28.98%,-
EMIDS,Chesterfield 132kV,Chesterfield,Grassmoor,GRSM5_BB_A_B,Unchanged,11,15.21,1.00,15.967,16.697,17.680,18.656,19.810,19,28.98%,-
EMIDS,Chesterfield 132kV,Chesterfield,Lodge Farm Solar Calow,LDGE3_#1H0,New,33,0.03,0.96,0.030,0.030,0.030,0.030,0.030,0,28.98%,-
EMIDS,Chesterfield 132kV,Chesterfield,Sheepbridge (TA),SHBR5_BB_A,Unchanged,11,7.08,1.00,7.191,7.336,7.468,7.717,8.149,21,28.98%,-
EMIDS,Chesterfield 132kV,Chesterfield,Sheepbridge (TB),SHBR5_BB_B,Unchanged,11,7.23,1.00,7.335,7.480,7.613,7.862,8.294,21,28.98%,-
EMIDS,Chesterfield 132kV,Chesterfield (GT1),-,CHTE3_MAIN1,Updated,33,30.49,0.99,31.511,33.479,35.207,36.609,39.005,90,28.98%,-
EMIDS,Chesterfield 132kV,Chesterfield (GT2),-,CHTE3_MAIN2,Updated,33,30.49,0.99,31.511,33.479,35.207,36.609,39.005,90,28.98%,-
EMIDS,Chesterfield 132kV,Chesterfield 33kV,Robert Hyde 11kV,ROHY5_MAIN1,New,11,9.33,0.96,9.331,9.331,9.331,9.331,9.331,0,28.98%,-
EMIDS,Chesterfield 132kV,Clipstone,Bilsthorpe,BILE5_BB_1_2,Unchanged,11,13.85,0.96,13.837,13.822,13.768,13.779,13.674,18,28.98%,-
EMIDS,Chesterfield 132kV,Clipstone,Bilsthorpe PV Generation,BILT3_MAIN1,New,33,0.02,0.96,0.016,0.016,0.016,0.016,0.016,0,28.98%,-
EMIDS,Chesterfield 132kV,Clipstone,Budby,BUDB5_BB_1,Unchanged,11,1.52,0.96,1.507,1.499,1.494,1.492,1.509,0,28.98%,-
EMIDS,Chesterfield 132kV,Clipstone,Clipstone 11,CLIP5_BB_1_2,Unchanged,11,3.78,0.96,4.380,4.939,5.842,7.065,7.595,15,28.98%,-
EMIDS,Chesterfield 132kV,Clipstone,Crown Farm,CROF5_BB_1_2,Unchanged,11,16.44,1.00,16.726,16.912,17.123,17.361,17.889,19,28.98%,-
EMIDS,Chesterfield 132kV,Clipstone,Eakring Solar Farm,NOLF3_MAIN1,New,33,0.03,0.96,0.032,0.032,0.032,0.032,0.032,0,28.98%,-
EMIDS,Chesterfield 132kV,Clipstone,Ollerton,OLLE5_MAIN1,Unchanged,11,8.50,0.96,8.853,9.177,9.499,9.915,10.238,15,28.98%,-
EMIDS,Chesterfield 132kV,Clipstone,Rufford,RUFF5_BB_1_2,Unchanged,11,13.99,0.99,14.110,14.219,14.355,14.469,14.707,19,28.98%,-
EMIDS,Chesterfield 132kV,Clipstone,Stonish Hill Windfarm,SHWF3_2H3,New,33,0.09,0.96,0.087,0.087,0.087,0.087,0.087,0,28.98%,-
EMIDS,Chesterfield 132kV,Clipstone,Thoresby,THBY5_BB_1_2,Unchanged,11,3.59,0.96,3.674,3.787,4.029,4.262,4.624,23,28.98%,-
EMIDS,Chesterfield 132kV,Clipstone,Thoresby Solar Farm,THOS3_MAIN1,New,33,0.07,0.96,0.068,0.068,0.068,0.068,0.068,0,28.98%,-
EMIDS,Chesterfield 132kV,Clipstone,Warsop,WARS5_BB_1_2,Unchanged,11,3.49,0.96,3.732,3.947,6.306,7.044,7.369,18,28.98%,-
EMIDS,Chesterfield 132kV,Clipstone,Welbeck Solar Farm,WELB3_#2H0,New,33,0.03,0.96,0.029,0.029,0.029,0.029,0.029,0,28.98%,-
EMIDS,Chesterfield 132kV,Clipstone,Wellbeck Colliery Solar Generation,WELC3_MAIN1,New,33,0.04,0.96,0.038,0.038,0.038,0.038,0.038,0,28.98%,-
EMIDS,Chesterfield 132kV,Clipstone (GT1),-,CLIP3_MAIN1,Updated,33,25.64,0.99,26.527,27.295,29.079,30.416,31.427,90,28.98%,-
EMIDS,Chesterfield 132kV,Clipstone (GT2),-,CLIP3_MAIN2,Updated,33,25.64,0.99,26.527,27.295,29.079,30.416,31.427,90,28.98%,-
EMIDS,Chesterfield 132kV,Crifton Lodge Solar,-,CRIF1_#110,New,132,0.51,0.96,0.514,0.514,0.514,0.514,0.514,0,28.98%,-
EMIDS,Chesterfield 132kV,Goitside,Eyam (TA),EYAM5_BB_A,Unchanged,11,3.79,1.00,3.817,3.857,3.915,3.972,4.051,0,28.98%,-
EMIDS,Chesterfield 132kV,Goitside,Goitside 6.6,GOIT7_BB_1_2,Unchanged,6.6,12.03,1.00,12.678,13.293,13.873,14.502,15.356,24,28.98%,-
EMIDS,Chesterfield 132kV,Goitside,Queens Park,QUPA5_BB_A_B,Unchanged,11,15.82,0.96,16.142,16.338,16.556,16.719,16.992,20,28.98%,-
EMIDS,Chesterfield 132kV,Goitside,Robin Hood,ROHO5_BB_1,Unchanged,11,2.89,0.96,2.894,2.903,2.924,2.945,2.977,0,28.98%,-
EMIDS,Chesterfield 132kV,Goitside,Sheffield Road 11,SHRO5_BB_3_4,Unchanged,11,6.29,0.96,6.891,7.671,8.064,8.775,9.566,19,28.98%,-
EMIDS,Chesterfield 132kV,Goitside,Sheffield Road 6.6,SHRO7_BB_A_B,Unchanged,6.6,9.92,0.96,10.523,11.303,11.696,12.407,13.198,18,28.98%,-
EMIDS,Chesterfield 132kV,Goitside,Walton,WLTN5_BB_A_B,Unchanged,11,4.49,0.96,4.711,4.847,5.097,5.267,5.456,9.5,28.98%,-
EMIDS,Chesterfield 132kV,Goitside,Wingerworth,WNTH5_BB_1_2,Unchanged,11,5.66,0.96,6.014,6.279,6.602,6.972,7.980,0,28.98%,-
EMIDS,Chesterfield 132kV,Goitside (GT1),-,GOIT3_MAIN1,Updated,33,25.77,0.98,26.863,27.883,28.803,29.861,31.451,90,28.98%,-
EMIDS,Chesterfield 132kV,Goitside (GT2),-,GOIT3_MAIN2,Updated,33,25.77,0.98,26.863,27.883,28.803,29.861,31.451,90,28.98%,-
EMIDS,Chesterfield 132kV,Inkersall Grange Solar,-,IKPV1_210,New,132,0.00,0.00,0.000,0.000,0.000,0.000,0.000,0,28.98%,-
EMIDS,Chesterfield 132kV,Mansfield,Acreage Lane (T1),ACRL5_MAIN1,Unchanged,11,6.55,1.00,6.698,7.018,7.235,7.466,7.761,19,28.98%,-
EMIDS,Chesterfield 132kV,Mansfield,Acreage Lane (T2),ACRL5_MAIN2,Unchanged,11,6.41,1.00,6.561,6.881,7.098,7.329,7.624,19,28.98%,-
EMIDS,Chesterfield 132kV,Mansfield,Hermitage Lane Generation,HERL3_#1H0,New,33,0.24,0.96,0.237,0.237,0.237,0.237,0.237,0,28.98%,-
EMIDS,Chesterfield 132kV,Mansfield,Lime Tree Place,LITP5_BB_A_B,Unchanged,11,16.82,0.96,17.542,18.186,18.943,19.731,21.618,32,28.98%,-
EMIDS,Chesterfield 132kV,Mansfield,Lindhurst Wind Farm,LHWF3_1H3,New,33,0.43,0.96,0.429,0.429,0.429,0.429,0.429,0,28.98%,-
EMIDS,Chesterfield 132kV,Mansfield,Littlewood Farm PV,LTDF3_#1H0,New,33,0.00,0.96,0.005,0.005,0.005,0.005,0.005,0,28.98%,-
EMIDS,Chesterfield 132kV,Mansfield,Mansfield 11,MANS5_BB_1_2,Removed,11,23.46,0.96,35.652,48.416,62.202,77.121,93.190,38,47.54%,-
EMIDS,Chesterfield 132kV,Mansfield,Mansfield 11,MANS5_MAIN1,New,11,20.23,0.96,23.106,24.928,26.467,27.765,29.372,20,28.98%,-
EMIDS,Chesterfield 132kV,Mansfield,Skegby Lane,SKLN5_BB_1_2,Unchanged,11,15.18,0.99,15.801,16.231,16.734,17.317,18.108,19,28.98%,-
EMIDS,Chesterfield 132kV,Mansfield,Sutton Junction (T3),SUTJ5_BB_3,Unchanged,11,5.19,0.96,5.251,5.280,5.321,5.383,5.673,0,28.98%,-
EMIDS,Chesterfield 132kV,Mansfield,Teversal,TEVE5_MAIN1,Unchanged,11,6.43,0.96,6.662,6.906,7.113,7.368,7.656,10,28.98%,-
EMIDS,Chesterfield 132kV,Mansfield,Weighbridge Road Generation,WEIG3_#1H5,New,33,0.22,0.96,0.224,0.224,0.224,0.224,0.224,0,28.98%,-
EMIDS,Chesterfield 132kV,Mansfield (GT1),-,MANS3_MAIN1,Updated,33,37.86,0.96,40.138,41.958,43.685,45.446,48.066,90,28.98%,-
EMIDS,Chesterfield 132kV,Mansfield (GT3),-,MANS3_MAIN2,Updated,33,37.86,0.96,40.138,41.958,43.685,45.446,48.066,90,28.98%,-
EMIDS,Chesterfield 132kV,Newtonwood Farm,-,NETW1_#210,New,33,53.00,0.96,52.998,52.998,52.998,52.998,52.998,0,28.98%,-
EMIDS,Chesterfield 132kV,Newtonwood Farm,-,NETW1_MAIN1,Removed,132,51.34,1.00,51.345,51.345,51.345,51.345,51.345,0,47.54%,-
EMIDS,Chesterfield 132kV,Pinxton 132 11,-,PINX5_MAIN1,Updated,11,24.48,0.98,24.804,25.476,26.281,27.178,27.890,30,28.98%,-
EMIDS,Chesterfield 132kV,Staveley,Eckington,ECKI5_BB_1_2,Unchanged,11,8.64,0.96,8.936,10.708,11.775,12.211,12.730,10,28.98%,-
EMIDS,Chesterfield 132kV,Staveley,Erin Road,ERIN5_MAIN1,Unchanged,11,5.21,0.99,7.145,7.298,7.509,7.942,8.565,38,28.98%,-
EMIDS,Chesterfield 132kV,Staveley,Halfway (TB),HLFW5_MAIN2,New,11,4.40,0.99,4.557,4.711,4.844,4.928,5.077,0,28.98%,-
EMIDS,Chesterfield 132kV,Staveley,Halfway (TB),HLFW55K,Removed,11,2.54,0.91,7.154,11.868,16.702,21.662,26.755,10,47.54%,-
EMIDS,Chesterfield 132kV,Staveley,Inkersall Farm PV,INKF3_MAIN1,New,33,0.03,0.96,0.026,0.026,0.026,0.026,0.026,0,28.98%,-
EMIDS,Chesterfield 132kV,Staveley,Staveley 11,STAV5_BB_1_2,Unchanged,11,11.54,0.96,12.169,12.610,13.356,13.953,14.651,19,28.98%,-
EMIDS,Chesterfield 132kV,Staveley,The Breck Solar,BREK3_MAIN1,New,33,0.17,0.96,0.172,0.172,0.172,0.172,0.172,0,28.98%,-
EMIDS,Chesterfield 132kV,Staveley,Westhorpe (TB),WETH5_BB_2,Unchanged,11,6.24,0.97,6.341,6.396,6.447,6.501,6.695,0,28.98%,-
EMIDS,Chesterfield 132kV,Staveley (GT1),-,STAV3_MAIN1,Updated,33,15.97,0.98,17.486,18.684,19.736,20.470,21.382,90,28.98%,-
EMIDS,Chesterfield 132kV,Staveley (GT3),-,STAV3_MAIN2,New,33,15.97,0.98,17.486,18.684,19.736,20.470,21.382,90,28.98%,-
EMIDS,Chesterfield 132kV,Staveley (GT3),-,STAV3_MAIN3,Removed,33,9.42,0.99,21.876,34.778,48.336,62.596,77.558,90,47.54%,-
EMIDS,Chesterfield 132kV,Staveley 33kV SD,Staveley Works 11kV,STAE5GEN,Removed,11,0.20,0.96,0.196,0.196,0.196,0.196,0.196,0,47.54%,-
EMIDS,Chesterfield 132kV,Whitwell,-,WHWE3_MAIN1,Updated,33,14.68,0.96,15.408,16.323,16.932,17.578,18.452,60,28.98%,-
EMIDS,Chesterfield 132kV,Whitwell,-,WHWE3_MAIN2,Updated,33,14.68,0.96,15.408,16.323,16.932,17.578,18.452,60,28.98%,-
EMIDS,Chesterfield 132kV,Whitwell,Bolsover Moor Quarry PV Solar Farm,BOLQ3_MAIN1,New,33,0.02,0.96,0.018,0.018,0.018,0.018,0.018,0,28.98%,-
EMIDS,Chesterfield 132kV,Whitwell,Clowne,CLOW5_MAIN1,Unchanged,11,7.00,1.00,7.659,8.138,8.505,8.954,9.586,19,28.98%,-
EMIDS,Chesterfield 132kV,Whitwell,Craggs Lane,CRAL5_MAIN1,Unchanged,11,6.29,1.00,6.327,6.917,7.114,7.366,7.718,19,28.98%,-
EMIDS,Chesterfield 132kV,Whitwell,Halfway (TA),HLFW5_MAIN1,New,11,1.10,0.96,1.257,1.410,1.544,1.628,1.777,0,28.98%,-
EMIDS,Chesterfield 132kV,Whitwell,Halfway (TA),HLFW55J,Removed,11,2.76,0.91,5.969,9.248,12.610,16.060,19.602,10,47.54%,-
EMIDS,Chesterfield 132kV,Whitwell,Holme Carr,HOLC5_MAIN1,Unchanged,11,5.69,0.96,6.021,6.371,6.546,6.814,6.996,10,28.98%,-
EMIDS,Chesterfield 132kV,Whitwell,Oxcroft Solar Farm,OXFT3_#1H0,New,33,0.01,0.96,0.012,0.012,0.012,0.012,0.012,0,28.98%,-
EMIDS,Chesterfield 132kV,Whitwell,Shirebrook,SHIB5_BB_1_2,Unchanged,11,3.75,0.96,3.827,4.028,4.262,4.394,4.578,0,28.98%,-
EMIDS,Chesterfield 132kV,Whitwell,Westhorpe (TA),WETH5_BB_1,Unchanged,11,4.35,0.96,4.451,4.505,4.557,4.610,4.805,0,28.98%,-
EMIDS,Coventry 132kV,Coventry North,Ansty,ANST5_BB_1_2,Unchanged,11,8.64,0.96,8.754,8.896,8.969,9.065,9.073,21,48.27%,-
EMIDS,Coventry 132kV,Coventry North,Coventry Arena,COAR5_BB_1,Unchanged,11,8.28,0.96,8.885,9.974,11.289,12.466,13.612,17,48.27%,-
EMIDS,Coventry 132kV,Coventry North,Coventry North 11,COVN5_BB_1_2,Unchanged,11,18.81,0.96,20.285,21.192,21.785,22.260,22.870,38,48.27%,-
EMIDS,Coventry 132kV,Coventry North,Newdigate (T2),NEWD5_MAIN2,Unchanged,11,5.32,0.96,6.121,6.772,7.953,8.767,9.623,15,48.27%,-
EMIDS,Coventry 132kV,Coventry North,Walsgrave,WALG5_BB_1_3,Removed,11,19.50,0.96,27.623,35.887,44.455,53.407,62.769,42,48.15%,-
EMIDS,Coventry 132kV,Coventry North,Walsgrave (T1),WALG5_MAIN1,New,11,6.97,0.96,7.883,9.162,10.183,11.287,12.617,21,48.27%,-
EMIDS,Coventry 132kV,Coventry North,Walsgrave (T2),WALG5_MAIN2,New,11,6.97,0.96,7.883,9.162,10.183,11.287,12.617,21,48.27%,-
EMIDS,Coventry 132kV,Coventry North,Walsgrave (T3),WALG5_MAIN3,New,11,6.97,0.96,7.883,9.162,10.183,11.287,12.617,23,48.27%,-
EMIDS,Coventry 132kV,Coventry North (GT2),-,COVN3_MAIN2,Updated,33,33.36,0.96,35.541,37.757,40.019,42.055,44.207,90,48.27%,-
EMIDS,Coventry 132kV,Coventry North (GT3),-,COVN3_MAIN3,Updated,33,33.36,0.96,35.541,37.757,40.019,42.055,44.207,90,48.27%,-
EMIDS,Coventry 132kV,Coventry North 33kV SD,Coventry Colliery 11kV,COCO5_BB_1,Removed,11,2.49,0.96,2.495,2.495,2.495,2.495,2.495,0,48.15%,-
EMIDS,Coventry 132kV,Coventry South 132 11,-,COVS55J,Updated,11,15.81,1.00,15.895,16.032,16.230,16.407,16.677,30,48.27%,-
EMIDS,Coventry 132kV,Crick Solar,-,CRIR1_110,New,132,0.18,0.96,0.179,0.179,0.179,0.179,0.179,0,48.27%,-
EMIDS,Coventry 132kV,Daventry,Braunston Road,BRAR5_BB_1_2,Unchanged,11,12.84,0.96,13.963,16.277,18.311,20.208,22.362,19,48.27%,-
EMIDS,Coventry 132kV,Daventry,Crick (T1),CRIC5_MAIN1,Unchanged,11,8.67,0.96,8.926,9.059,9.210,9.735,10.049,0,48.27%,-
EMIDS,Coventry 132kV,Daventry,Daventry 11,DAVE5_MAIN1,Unchanged,11,10.70,0.96,11.372,12.397,13.662,15.184,17.279,21,48.27%,-
EMIDS,Coventry 132kV,Daventry,Watford Lodge Windfarm,WATL3_1H5,New,33,0.40,0.96,0.396,0.396,0.396,0.396,0.396,0,48.27%,-
EMIDS,Coventry 132kV,Daventry,Weedon,WEED5_BB_1_2,Removed,11,5.77,0.96,7.603,9.570,12.223,15.610,20.287,7,48.15%,-
EMIDS,Coventry 132kV,Daventry,Weedon,WEED5_MAIN1,New,11,6.02,0.96,6.111,6.176,6.246,6.337,6.550,23,48.27%,-
EMIDS,Coventry 132kV,Daventry,Welton,WELT5_MAIN1,Unchanged,11,6.64,1.00,6.662,6.692,6.736,6.796,6.880,14,48.27%,-
EMIDS,Coventry 132kV,Daventry,West Haddon,WESH5_MAIN1,Unchanged,11,6.19,0.96,6.245,6.300,6.367,6.448,6.543,7.5,48.27%,-
EMIDS,Coventry 132kV,Daventry,Winwick Wind Farm,WIWF3_#2H0,New,33,0.14,0.96,0.138,0.138,0.138,0.138,0.138,0,48.27%,-
EMIDS,Coventry 132kV,Daventry,Woodford Halse (T2),WOOH5_MAIN2,Unchanged,11,3.90,0.96,3.932,3.966,4.013,4.068,4.145,9.5,48.27%,-
EMIDS,Coventry 132kV,Daventry,Yelvertoft Wind Farm,YELV3_1H3,New,33,0.09,0.96,0.090,0.090,0.090,0.090,0.090,0,48.27%,-
EMIDS,Coventry 132kV,Daventry (GT1),-,DAVE3_MAIN1,Updated,33,25.45,0.97,26.590,28.427,30.277,32.402,34.773,0,48.27%,-
EMIDS,Coventry 132kV,Daventry (GT2),-,DAVE3_MAIN2,Updated,33,25.45,0.97,26.590,28.427,30.277,32.402,34.773,0,48.27%,-
EMIDS,Coventry 132kV,Hinckley 33,Barwell,BARW5_BB_1_2,Unchanged,11,8.30,0.96,8.495,8.802,9.138,9.559,9.988,9.5,48.27%,-
EMIDS,Coventry 132kV,Hinckley 33,Langdale Drive,LADR5_BB_1_2,Unchanged,11,13.10,0.96,15.028,16.894,18.716,20.482,24.062,19,48.27%,-
EMIDS,Coventry 132kV,Hinckley 33,Middlefield,MIDD5_BB_1_2,Unchanged,11,13.60,0.96,14.236,14.758,15.400,16.181,17.080,15,48.27%,-
EMIDS,Coventry 132kV,Hinckley 33,Prologis Dirft III (Hinckley),HINI5J,Updated,11,2.62,1.00,2.620,2.620,2.620,2.620,2.620,0,48.27%,-
EMIDS,Coventry 132kV,Hinckley 33,Sapcote (T2S),SAPC5_BB_2,Unchanged,11,7.22,0.96,7.413,7.570,7.840,8.175,8.448,0,48.27%,-
EMIDS,Coventry 132kV,Hinckley 33,Wood Lane,WDLN5_BB_A_B,Unchanged,11,4.67,0.96,4.659,4.599,4.540,4.480,4.431,14,48.27%,-
EMIDS,Coventry 132kV,Hinckley 33 (GT1),-,HINC3_MAIN1,Updated,33,23.09,0.96,23.604,24.074,24.679,25.431,34.675,0,48.27%,-
EMIDS,Coventry 132kV,Hinckley 33 (GT2),-,HINC3_MAIN2,Updated,33,23.09,0.96,23.604,24.074,24.679,25.431,34.675,0,48.27%,-
EMIDS,Coventry 132kV,Hinckley 33kV,Prologis Dirft III 2,HINI3K,Removed,33,1.21,0.96,1.209,1.209,1.209,1.209,1.209,0,48.15%,-
EMIDS,Coventry 132kV,Nuneaton,Arley,ARLE5_BB_1_2,Unchanged,11,3.88,0.96,3.937,4.005,4.103,4.186,4.471,10,48.27%,-
EMIDS,Coventry 132kV,Nuneaton,Coton Road 11,COTR5_BB_1_2,Unchanged,11,12.59,0.96,13.516,15.973,18.278,19.992,23.086,19,48.27%,-
EMIDS,Coventry 132kV,Nuneaton,Gipsy Lane,GIPL5_BB_1_2,Removed,11,11.58,0.96,14.759,18.279,22.329,26.911,31.940,19,48.15%,-
EMIDS,Coventry 132kV,Nuneaton,Gipsy Lane,GIPL5_MAIN1,New,11,11.15,0.96,12.979,14.038,15.034,16.046,16.944,19,48.27%,-
EMIDS,Coventry 132kV,Nuneaton,Newdigate (T1),NEWD5_MAIN1,Unchanged,11,2.07,0.96,2.874,3.524,4.705,5.519,6.376,15,48.27%,-
EMIDS,Coventry 132kV,Nuneaton,Nuneaton 11,NUNE5_BB_1_2,Unchanged,11,13.32,0.96,15.006,16.818,18.705,20.496,22.569,19,48.27%,-
EMIDS,Coventry 132kV,Nuneaton,Whittleford,WHIF5_BB_1_2,Unchanged,11,14.34,0.96,15.029,16.037,17.037,18.062,19.501,23,48.27%,-
EMIDS,Coventry 132kV,Nuneaton (GT1),-,NUNE3_MAIN1,Updated,33,27.02,0.96,30.781,35.106,39.424,43.322,49.044,90,48.27%,-
EMIDS,Coventry 132kV,Nuneaton (GT2),-,NUNE3_MAIN2,Updated,33,27.02,0.96,30.781,35.106,39.424,43.322,49.044,90,48.27%,-
EMIDS,Coventry 132kV,Pailton,Churchover 11kV,CHOV5_BB_1_2,New,11,16.18,0.96,16.184,16.184,16.184,16.184,16.184,0,48.27%,-
EMIDS,Coventry 132kV,Pailton,Low Spinney Wind Farm,LSWF3_2H3,New,33,0.18,0.96,0.178,0.178,0.178,0.178,0.178,0,48.27%,-
EMIDS,Coventry 132kV,Pailton,Lutterworth (TE),LUTT5_MAIN1,Unchanged,11,5.14,0.96,6.081,6.224,7.090,7.763,7.959,0,48.27%,-
EMIDS,Coventry 132kV,Pailton,Lutterworth (TW),LUTT5_MAIN2,Unchanged,11,4.99,0.96,5.927,6.069,6.935,7.608,7.805,0,48.27%,-
EMIDS,Coventry 132kV,Pailton,Magna Park,MAGP5_BB_1_2,Unchanged,11,4.88,0.96,9.127,8.946,12.799,13.317,13.100,23,48.27%,-
EMIDS,Coventry 132kV,Pailton,Magna Park IDNO,MAGI5_BB_1_2,New,11,1.86,0.87,1.862,1.862,1.862,1.862,1.862,0,48.27%,-
EMIDS,Coventry 132kV,Pailton,Prologis Dirft III (Pailton),DIRI5_BB_1_2,New,11,3.04,0.62,3.036,3.036,3.036,3.036,3.036,0,48.27%,-
EMIDS,Coventry 132kV,Pailton,Rugby Gateway (T2),RUGG5_BB_2,Unchanged,11,9.30,1.00,9.273,9.346,9.432,9.525,9.624,19,48.27%,-
EMIDS,Coventry 132kV,Pailton,Sapcote (T1N),SAPC5_BB_1,Unchanged,11,6.07,0.96,6.265,6.422,6.692,7.028,7.300,0,48.27%,-
EMIDS,Coventry 132kV,Pailton,School Farm Churchover Solar,CFPV3_#2H0,New,33,0.02,0.96,0.022,0.022,0.022,0.022,0.022,0,48.27%,-
EMIDS,Coventry 132kV,Pailton,Streetfield Farm Solar Farm SPV112,STRF3_#1H0,New,33,0.10,0.96,0.098,0.098,0.098,0.098,0.098,0,48.27%,-
EMIDS,Coventry 132kV,Pailton,Swinford Windfarm,SWWF3_1H3,New,33,0.18,0.96,0.184,0.184,0.184,0.184,0.184,0,48.27%,-
EMIDS,Coventry 132kV,Pailton (GT1),-,PAIL3_MAIN1,Updated,33,14.43,0.98,16.772,17.208,20.522,23.329,24.833,0,48.27%,-
EMIDS,Coventry 132kV,Pailton (GT2),-,PAIL3_MAIN2,Updated,33,14.43,0.98,16.772,17.208,20.522,23.329,24.833,0,48.27%,-
EMIDS,Coventry 132kV,Pailton 33kV,Dirft III 1,DIRI3_MAIN1,Removed,33,2.75,0.96,2.753,2.753,2.753,2.753,2.753,0,48.15%,-
EMIDS,Coventry 132kV,Pailton 33kV,Dirft III 2,DIRI3_MAIN2,Removed,33,0.00,0.96,0.000,0.000,0.000,0.000,0.000,0,48.15%,-
EMIDS,Coventry 132kV,Pailton 33kV,Magna Park IDNO 1,MAGP3_#1H0,Removed,33,1.53,0.96,1.526,1.526,1.526,1.526,1.526,0,48.15%,-
EMIDS,Coventry 132kV,Pailton 33kV,Magna Park IDNO 2,MAGP3_MAIN2,Removed,33,0.14,0.96,0.142,0.142,0.142,0.142,0.142,0,48.15%,-
EMIDS,Coventry 132kV,Rugby 132 11 (GT2A),-,RUGB5_BB_2,Updated,11,11.04,0.99,11.664,12.037,12.387,12.756,13.185,0,48.27%,-
EMIDS,Coventry 132kV,Rugby 132 11 (GT3A),-,RUGB5_BB_1,Updated,11,10.72,1.00,11.342,11.715,12.065,12.434,12.863,0,48.27%,-
EMIDS,Coventry 132kV,Rugby 33,Brownsover,BROW55J,New,11,1.85,0.96,1.850,1.850,1.850,1.850,1.850,0,48.27%,-
EMIDS,Coventry 132kV,Rugby 33,Cemex Rugby Portland Cement Plant,RCEM5_BB_2,New,11,24.34,0.96,24.337,24.337,24.337,24.337,24.337,0,48.27%,-
EMIDS,Coventry 132kV,Rugby 33,Crick (T2),CRIC5_MAIN2,Unchanged,11,2.72,0.96,2.984,3.116,3.268,3.793,4.107,0,48.27%,-
EMIDS,Coventry 132kV,Rugby 33,Crick (T3),CRIC5_MAIN3,Unchanged,11,2.97,1.00,3.230,3.362,3.514,4.039,4.353,0,48.27%,-
EMIDS,Coventry 132kV,Rugby 33,English Electric,ENGE5_BB_1,New,11,1.77,0.96,1.765,1.765,1.765,1.765,1.765,10,48.27%,-
EMIDS,Coventry 132kV,Rugby 33,Harborough Fields Farm,HARF3_#3H0,New,33,0.14,0.96,0.135,0.135,0.135,0.135,0.135,0,48.27%,-
EMIDS,Coventry 132kV,Rugby 33,Hillmorton,HLMN5_MAIN1,Unchanged,11,13.42,1.00,14.396,14.895,15.419,15.910,16.595,23,48.27%,-
EMIDS,Coventry 132kV,Rugby 33,Lawford,LAFD5_BB_1_2,Unchanged,11,13.87,1.00,14.531,14.844,15.215,15.556,16.009,15,48.27%,-
EMIDS,Coventry 132kV,Rugby 33,Lilbourne Wind Farm,LILB3_MAIN1,New,33,0.11,0.96,0.106,0.106,0.106,0.106,0.106,0,48.27%,-
EMIDS,Coventry 132kV,Rugby 33,Rugby Gateway (T1),RUGG5_BB_1,Unchanged,11,2.29,0.96,2.261,2.333,2.420,2.513,2.612,19,48.27%,-
EMIDS,Coventry 132kV,Rugby 33,Union Street,UNIS5_BB_1,Unchanged,11,16.11,0.96,16.533,17.594,18.783,19.779,20.761,19,48.27%,-
EMIDS,Coventry 132kV,Rugby 33 (GT1),-,RUGB3_MAIN1,Updated,33,34.02,0.99,35.287,36.364,37.571,38.987,40.308,0,48.27%,-
EMIDS,Coventry 132kV,Rugby 33 (GT4),-,RUGB3_MAIN4,Updated,33,34.02,0.99,35.287,36.364,37.571,38.987,40.308,0,48.27%,-
EMIDS,Coventry 132kV,Rugby 33kV SD,Cemex Rugby Portland Cement Plant 1,RCEM3_#1H0,Removed,33,22.29,0.96,22.291,22.291,22.291,22.291,22.291,0,48.15%,-
EMIDS,Coventry 132kV,Rugby 33kV SD,Cemex Rugby Portland Cement Plant 2,RCEM3_#2H0,Removed,33,0.00,0.96,0.000,0.000,0.000,0.000,0.000,0,48.15%,-
EMIDS,Coventry 132kV,Whitley,Copsewood,COPS5_BB_1_2,Unchanged,11,12.63,0.96,12.862,13.343,13.795,14.082,14.521,19,48.27%,-
EMIDS,Coventry 132kV,Whitley,Coventry Waste Reduction Unit,CWRU3_#1H0,New,33,3.86,0.96,3.855,3.855,3.855,3.855,3.855,0,48.27%,-
EMIDS,Coventry 132kV,Whitley,Dillotford Avenue (T1),DILA5_BB_2,Unchanged,11,4.86,0.99,5.066,5.320,5.764,6.193,6.651,19,48.27%,-
EMIDS,Coventry 132kV,Whitley,Gulson Road 6.6,GULR7_BB_1_2,Unchanged,6.6,12.23,0.96,12.833,13.467,14.297,15.130,16.128,24,48.27%,-
EMIDS,Coventry 132kV,Whitley,London Road 6.6,LONR7_BB_1_2,Unchanged,6.6,4.92,1.00,5.208,5.705,6.223,6.853,7.511,23,48.27%,-
EMIDS,Coventry 132kV,Whitley,Princethorpe,PRIN5_BB_1,Unchanged,11,3.81,0.96,3.832,3.863,3.908,3.961,4.096,11,48.27%,-
EMIDS,Coventry 132kV,Whitley,Ryton (Peugeot-Talbot),RYTO5_BB_1_2,Unchanged,11,10.77,1.00,11.076,11.281,11.495,11.695,12.070,11,48.27%,-
EMIDS,Coventry 132kV,Whitley,Whitley 11,WHIT5_BB_1_2,Unchanged,11,11.22,1.00,12.093,13.184,14.484,17.831,21.988,32,48.27%,-
EMIDS,Coventry 132kV,Whitley,Whitley South IDNO Primary,WHID5_BB_1,New,11,4.16,0.96,4.160,4.160,4.160,4.160,4.160,0,48.27%,-
EMIDS,Coventry 132kV,Whitley (GT1),-,WHIT3_MAIN1,Updated,33,28.16,0.99,29.361,30.849,32.636,35.177,38.618,90,48.27%,-
EMIDS,Coventry 132kV,Whitley (GT2),-,WHIT3_MAIN2,Updated,33,28.16,0.99,29.361,30.849,32.636,35.177,38.618,90,48.27%,-
EMIDS,Coventry 132kV,Whitley 33kV,Whitley South IDNO Primary,WHID3_MAIN1,Removed,33,1.60,0.96,1.605,1.605,1.605,1.605,1.605,0,48.15%,-
EMIDS,Coventry 132kV,Whitley 33kV,Whitley South IDNO Primary,WHID3_MAIN2,Removed,33,1.60,0.96,1.605,1.605,1.605,1.605,1.605,0,48.15%,-
EMIDS,Drakelow 132kV,Burton 132 11 (GT1A1),-,BURT5_MAIN1A,New,11,9.35,0.99,9.565,9.978,10.433,10.921,11.420,0,50.72%,-
EMIDS,Drakelow 132kV,Burton 132 11 (GT1A1),-,BURT5J,Removed,11,10.15,0.99,12.187,14.357,16.766,19.431,22.387,78,54.53%,-
EMIDS,Drakelow 132kV,Burton 132 11 (GT1A2),-,BURT5_MAIN2B,New,11,9.10,0.99,9.323,9.736,10.190,10.679,11.177,0,50.72%,-
EMIDS,Drakelow 132kV,Burton 132 11 (GT1A2),-,BURT5M,Removed,11,8.70,0.99,10.728,12.899,15.308,17.973,20.929,78,54.53%,-
EMIDS,Drakelow 132kV,Burton 132 11 (GT2A1),-,BURT5_MAIN3A,New,11,9.31,0.99,9.526,9.940,10.394,10.883,11.381,0,50.72%,-
EMIDS,Drakelow 132kV,Burton 132 11 (GT2A1),-,BURT5K,Removed,11,10.11,0.99,12.146,14.316,16.725,19.390,22.346,78,54.53%,-
EMIDS,Drakelow 132kV,Burton 132 11 (GT2A2),-,BURT5_MAIN1B,New,11,9.20,1.00,9.420,9.833,10.287,10.776,11.274,0,50.72%,-
EMIDS,Drakelow 132kV,Burton 132 11 (GT2A2),-,BURT5L,Removed,11,8.71,1.00,10.739,12.909,15.318,17.983,20.939,78,54.53%,-
EMIDS,Drakelow 132kV,Burton 33,Aston House Solar Farm,ASTH3_MAIN1,New,33,0.03,0.96,0.028,0.028,0.028,0.028,0.028,0,50.72%,-
EMIDS,Drakelow 132kV,Burton 33,Bretby,BTBY5_BB_1,Unchanged,11,9.91,0.96,10.339,10.875,11.355,11.864,12.480,9.5,50.72%,-
EMIDS,Drakelow 132kV,Burton 33,Hatton,HATT5_BB_1,Unchanged,11,25.06,1.00,25.136,25.908,26.812,27.662,28.650,27,50.72%,-
EMIDS,Drakelow 132kV,Burton 33,Rolleston Park Solar Farm,TUTB3_#2H0,New,33,0.07,0.96,0.069,0.069,0.069,0.069,0.069,0,50.72%,-
EMIDS,Drakelow 132kV,Burton 33,Station Street (T2),STAT5_BB_2,Unchanged,11,3.24,0.96,3.398,3.962,4.151,4.318,4.540,23,50.72%,-
EMIDS,Drakelow 132kV,Burton 33,Trent Alloys,TREA5_BB_1,Unchanged,11,3.14,0.96,3.278,3.446,3.634,3.706,3.966,10,50.72%,-
EMIDS,Drakelow 132kV,Burton 33,Wellington Street (T3),WELI5_BB_3,Unchanged,11,5.52,0.96,5.659,6.143,6.587,9.080,11.289,19,50.72%,-
EMIDS,Drakelow 132kV,Burton 33,Woodville,WOVI5_BB_A_B,Unchanged,11,11.41,0.96,11.882,12.652,13.436,13.954,14.535,23,50.72%,-
EMIDS,Drakelow 132kV,Burton 33 (GT1B),-,BURT3_MAIN1,Updated,33,26.74,0.98,27.477,29.177,30.800,32.643,34.709,0,50.72%,-
EMIDS,Drakelow 132kV,Burton 33 (GT2B),-,BURT3_MAIN2,Updated,33,26.74,0.98,27.477,29.177,30.800,32.643,34.709,0,50.72%,-
EMIDS,Drakelow 132kV,Burton South,Barton Under Needwood,BAUN5_BB_1,Unchanged,11,8.79,0.96,8.907,10.613,12.016,14.143,15.908,23,50.72%,-
EMIDS,Drakelow 132kV,Burton South,Drakelow Renewable Energy Centre,DREC3_#1H0,New,33,2.63,0.96,2.635,2.635,2.635,2.635,2.635,0,50.72%,-
EMIDS,Drakelow 132kV,Burton South,Drakelow Solar Farm,DRSF3_MAIN1,New,33,0.80,0.96,0.796,0.796,0.796,0.796,0.796,0,50.72%,-
EMIDS,Drakelow 132kV,Burton South,Station Street (T1),STAT5_BB_1,Unchanged,11,6.03,0.96,6.187,6.752,6.940,7.107,7.329,23,50.72%,-
EMIDS,Drakelow 132kV,Burton South,Swadlincote Breach Farm,BREF3_MAIN1,New,33,11.15,0.96,11.148,11.148,11.148,11.148,11.148,0,50.72%,-
EMIDS,Drakelow 132kV,Burton South,Wellington Street (T1),WELI5_BB_1,Unchanged,11,7.15,0.96,7.291,7.776,8.219,10.712,12.921,21,50.72%,-
EMIDS,Drakelow 132kV,Burton South,Wellington Street (T2),WELI5_BB_2,Unchanged,11,7.74,0.96,7.876,8.361,8.804,11.297,13.506,21,50.72%,-
EMIDS,Drakelow 132kV,Burton South (GT1),-,BTNS3_MAIN1,Updated,33,15.04,0.96,15.312,16.922,18.163,22.193,25.752,90,50.72%,-
EMIDS,Drakelow 132kV,Burton South (GT2),-,BTNS3_MAIN2,Updated,33,15.04,0.96,15.312,16.922,18.163,22.193,25.752,90,50.72%,-
EMIDS,Drakelow 132kV,Burton South 33kV SD,Swadlincote Breach Farm,BREF3_#1L5,Removed,33,10.77,0.96,10.766,10.766,10.766,10.766,10.766,0,54.53%,-
EMIDS,Drakelow 132kV,Gresley,Ashby-De-La-Zouch,ASHZ5_BB_1,Unchanged,11,9.42,0.96,10.161,10.774,11.633,12.219,12.727,19,50.72%,-
EMIDS,Drakelow 132kV,Gresley,Gresley (T1),GRES5_MAIN1,Unchanged,11,5.07,0.96,5.339,5.669,5.986,6.287,6.559,19,50.72%,-
EMIDS,Drakelow 132kV,Gresley,Gresley (T2),GRES5_MAIN2,Unchanged,11,5.54,0.96,5.814,6.144,6.462,6.763,7.035,19,50.72%,-
EMIDS,Drakelow 132kV,Gresley,Gresley (T3),GRES5_MAIN3,Unchanged,11,12.90,0.96,13.170,13.500,13.818,14.119,14.391,23,50.72%,-
EMIDS,Drakelow 132kV,Gresley,Moira,MOIR5_BB_1,Unchanged,11,7.50,1.00,7.533,7.666,7.838,7.932,8.082,9.5,50.72%,-
EMIDS,Drakelow 132kV,Gresley,Prestop Fm Burton Rd Ashby,PREP3_#1H0,New,33,1.32,0.96,1.318,1.318,1.318,1.318,1.318,0,50.72%,-
EMIDS,Drakelow 132kV,Gresley,Willesley,WILY5_BB_1,Unchanged,11,9.63,0.96,10.047,10.441,10.869,11.562,12.410,22,50.72%,-
EMIDS,Drakelow 132kV,Gresley (GT1),-,GRES3_MAIN3,Updated,33,24.26,0.97,25.332,26.465,27.735,28.923,30.127,90,50.72%,-
EMIDS,Drakelow 132kV,Gresley (GT2),-,GRES3_MAIN1,Updated,33,24.26,0.97,25.332,26.465,27.735,28.923,30.127,90,50.72%,-
EMIDS,East Claydon 132kV,Bletchley,Bletchley Landfill,BLEL3_#3H0,New,33,0.15,0.96,0.149,0.149,0.149,0.149,0.149,0,62.15%,-
EMIDS,East Claydon 132kV,Bletchley,Childs Way (T2),CHIW5_MAIN2,Unchanged,11,6.05,0.96,6.396,6.473,6.573,6.751,6.923,0,62.15%,-
EMIDS,East Claydon 132kV,Bletchley,Childs Way (T3),CHIW5_MAIN3,Unchanged,11,7.40,0.96,7.744,7.821,7.922,8.099,8.272,0,62.15%,-
EMIDS,East Claydon 132kV,Bletchley,Fen Farm (T1),FENF5_MAIN1,Updated,11,4.59,0.99,4.752,4.913,5.071,5.227,4.382,0,62.15%,-
EMIDS,East Claydon 132kV,Bletchley,Fen Farm (T2),FENF5_MAIN2,New,11,5.15,0.97,5.306,5.467,5.625,5.781,4.936,0,62.15%,-
EMIDS,East Claydon 132kV,Bletchley,Fox Milne (T1),FOXM5_MAIN1,Unchanged,11,6.74,0.96,6.921,7.053,7.251,7.436,7.733,19,62.15%,-
EMIDS,East Claydon 132kV,Bletchley,Kingston,KITN5_MAIN1,Unchanged,11,14.70,0.96,14.867,14.899,14.940,14.987,15.045,23,62.15%,-
EMIDS,East Claydon 132kV,Bletchley,Lyon Road Generation,LYOR3_#2H0,New,33,0.20,0.96,0.205,0.205,0.205,0.205,0.205,0,62.15%,-
EMIDS,East Claydon 132kV,Bletchley,Milton Keynes East IDNO,MIEA5_MAIN1,New,11,0.00,0.00,0.000,0.000,0.000,0.000,0.000,0,62.15%,-
EMIDS,East Claydon 132kV,Bletchley,Newton Road,NERD5_MAIN1,Unchanged,11,13.08,0.96,13.765,14.395,14.979,15.210,20.188,20,62.15%,-
EMIDS,East Claydon 132kV,Bletchley,Secklow Gate,SEGA5_MAIN1,Unchanged,11,6.40,0.96,6.761,7.040,7.347,7.858,8.389,0,62.15%,-
EMIDS,East Claydon 132kV,Bletchley,South Caldecotte - PLP Milton Keynes,SOLD5_#2T0,New,11,0.00,0.00,0.000,0.000,0.000,0.000,0.000,0,62.15%,-
EMIDS,East Claydon 132kV,Bletchley,Tattenhoe (T1),TATE5_MAIN1,Unchanged,11,3.31,1.00,3.551,3.883,4.379,4.965,5.520,36,62.15%,-
EMIDS,East Claydon 132kV,Bletchley,Victoria Road,VCRD5_MAIN1,Unchanged,11,14.24,0.96,14.954,15.823,16.557,17.165,16.732,20,62.15%,-
EMIDS,East Claydon 132kV,Bletchley,Wavendon Gate (T1),WAVG5_MAIN1,Unchanged,11,7.49,0.96,7.986,8.719,9.470,10.253,10.979,0,62.15%,-
EMIDS,East Claydon 132kV,Bletchley,Wavendon Gate (T2),WAVG5_MAIN2,Unchanged,11,7.11,0.96,7.603,8.336,9.088,9.871,10.596,0,62.15%,-
EMIDS,East Claydon 132kV,Bletchley,Wavendon Gate (T3),WAVG5_MAIN3,Unchanged,11,7.89,0.96,8.386,9.118,9.870,10.653,11.378,0,62.15%,-
EMIDS,East Claydon 132kV,Bletchley ,Bletchley 11,BLET5_MAIN1,Updated,11,20.49,0.96,21.208,22.238,23.024,23.866,24.833,32,62.15%,-
EMIDS,East Claydon 132kV,Bletchley (GT1),-,BLET3_MAIN1A,Updated,33,38.35,0.97,40.400,42.577,44.757,46.987,49.811,117,62.15%,-
EMIDS,East Claydon 132kV,Bletchley (GT2),-,BLET3_MAIN3A,Updated,33,38.35,0.97,40.400,42.577,44.757,46.987,49.811,117,62.15%,-
EMIDS,East Claydon 132kV,Bletchley (GT3),-,BLET3_MAIN1B,Updated,33,38.35,0.97,40.400,42.577,44.757,46.987,49.811,90,62.15%,-
EMIDS,East Claydon 132kV,Brackley,BAR Honda,"BARH3_MAIN1, BARH3_MAIN2",New,33,0.00,0.00,0.000,0.000,0.000,0.000,0.000,0,62.15%,-
EMIDS,East Claydon 132kV,Brackley,Brackley 11,BRKL5_MAIN1,Unchanged,11,6.38,0.99,6.480,6.676,6.746,6.829,6.970,16.6,62.15%,-
EMIDS,East Claydon 132kV,Brackley,Brackley Town,BRAT5_MAIN1,Unchanged,11,13.94,0.97,14.294,14.520,14.707,14.810,14.913,19,62.15%,-
EMIDS,East Claydon 132kV,Brackley,Gawcott Fields Solar Park,GAWF3_#2H0,New,33,0.01,0.96,0.012,0.012,0.012,0.012,0.012,0,62.15%,-
EMIDS,East Claydon 132kV,Brackley,Handley Park Solar Park,HAPA3_MAIN1,New,33,0.01,0.96,0.015,0.015,0.015,0.015,0.015,0,62.15%,-
EMIDS,East Claydon 132kV,Brackley,Silverstone (T1),SILV5_MAIN1,Unchanged,11,5.75,0.99,6.677,7.546,8.427,10.302,12.098,0,62.15%,-
EMIDS,East Claydon 132kV,Brackley,Silverstone (T2),SILV5_MAIN2,Unchanged,11,6.32,1.00,7.246,8.115,8.996,10.871,12.667,0,62.15%,-
EMIDS,East Claydon 132kV,Brackley,Thenford (T1),THEN5_MAIN1,Unchanged,11,2.35,0.96,2.413,2.476,2.540,2.613,2.706,9.5,62.15%,-
EMIDS,East Claydon 132kV,Brackley,Thenford (T2),THEN5_MAIN2,Unchanged,11,3.71,0.96,3.782,3.844,3.908,3.982,4.075,9.5,62.15%,-
EMIDS,East Claydon 132kV,Brackley,Towcester (T1),TOWC5_BB_B1,Unchanged,11,3.49,0.92,3.978,4.559,5.181,5.923,6.333,0,62.15%,-
EMIDS,East Claydon 132kV,Brackley,Turweston Airfield Solar Farm,TURW3_MAIN1,New,33,0.07,0.96,0.068,0.068,0.068,0.068,0.068,0,62.15%,-
EMIDS,East Claydon 132kV,Brackley,Whittlebury Road PV,SHAB3_1H3,New,33,0.02,0.96,0.022,0.022,0.022,0.022,0.022,0,62.15%,-
EMIDS,East Claydon 132kV,Brackley,Woodford Halse (T1),WOOH5_MAIN1,Unchanged,11,2.71,0.96,2.740,2.775,2.821,2.876,2.953,9.5,62.15%,-
EMIDS,East Claydon 132kV,Brackley (GT1),-,BRKL3_MAIN1,Updated,33,21.32,0.99,22.832,24.203,25.695,28.340,30.847,90,62.15%,-
EMIDS,East Claydon 132kV,Brackley (GT2),-,BRKL3_MAIN2,Updated,33,21.32,0.99,22.832,24.203,25.695,28.340,30.847,90,62.15%,-
EMIDS,East Claydon 132kV,Bradwell Abbey,Campbell Park 11,CLPK5_MAIN1,Unchanged,11,4.62,1.00,5.158,5.561,6.050,6.721,7.352,19,62.15%,-
EMIDS,East Claydon 132kV,Bradwell Abbey,Childs Way (T1),CHIW5_MAIN1,Unchanged,11,3.65,0.96,3.998,4.076,4.176,4.354,4.526,0,62.15%,-
EMIDS,East Claydon 132kV,Bradwell Abbey,Fox Milne (T2),FOXM5_MAIN2,Unchanged,11,6.58,0.96,6.759,6.891,7.088,7.273,7.570,19,62.15%,-
EMIDS,East Claydon 132kV,Bradwell Abbey,Hanslope Park (T1),HAPK5_MAIN1,Unchanged,11,5.78,1.00,5.788,5.795,5.809,5.826,5.863,0,62.15%,-
EMIDS,East Claydon 132kV,Bradwell Abbey,Littlewood Farm Solar,LIPV3_#2H0,New,33,0.02,0.96,0.024,0.024,0.024,0.024,0.024,0,62.15%,-
EMIDS,East Claydon 132kV,Bradwell Abbey,Marlborough Street,MRST5_MAIN1,Unchanged,11,15.28,0.96,15.873,16.250,16.669,17.148,17.734,19,62.15%,-
EMIDS,East Claydon 132kV,Bradwell Abbey,Newport Pagnell,NEWP5_MAIN1,Unchanged,11,13.91,0.96,15.409,16.292,17.638,18.921,20.356,19,62.15%,-
EMIDS,East Claydon 132kV,Bradwell Abbey,Petsoe Manor Wind Farm,PETM3_2H3,New,33,0.17,0.96,0.169,0.169,0.169,0.169,0.169,0,62.15%,-
EMIDS,East Claydon 132kV,Bradwell Abbey,Portway,PORT5_MAIN1,Unchanged,11,11.51,0.96,11.796,11.902,12.675,13.367,14.215,18.75,62.15%,-
EMIDS,East Claydon 132kV,Bradwell Abbey,"Western Expansion Area, Brahman Way",WESE5_MAIN1,New,11,0.00,0.00,0.000,0.000,0.000,0.000,0.000,0,62.15%,-
EMIDS,East Claydon 132kV,Bradwell Abbey,Wolverton,WOLT5_MAIN1,Unchanged,11,12.53,0.96,13.116,13.668,14.292,15.371,16.165,21,62.15%,-
EMIDS,East Claydon 132kV,Bradwell Abbey (GT1),-,BRAA3_MAIN1,Updated,33,33.62,0.97,35.616,36.900,38.894,41.143,43.394,90,62.15%,-
EMIDS,East Claydon 132kV,Bradwell Abbey (GT2),-,BRAA3_MAIN2,Updated,33,33.62,0.97,35.616,36.900,38.894,41.143,43.394,90,62.15%,-
EMIDS,East Claydon 132kV,East Claydon,Greatmoor EFW Calvert,GREM3_#2H0,New,33,2.93,0.96,2.930,2.930,2.930,2.930,2.930,60,62.15%,-
EMIDS,East Claydon 132kV,Stony Stratford,Adstock Solar Farm,ADST3_MAIN1,New,33,0.88,0.96,0.882,0.882,0.882,0.882,0.882,0,62.15%,-
EMIDS,East Claydon 132kV,Stony Stratford,Beachampton Solar Farm,BESF3_2H3,New,33,0.02,0.96,0.016,0.016,0.016,0.016,0.016,0,62.15%,-
EMIDS,East Claydon 132kV,Stony Stratford,Bourton Road PV,MANF3_MAIN1,New,33,0.05,0.96,0.053,0.053,0.053,0.053,0.053,0,62.15%,-
EMIDS,East Claydon 132kV,Stony Stratford,Buckingham,BUCK5_MAIN1,Unchanged,11,12.74,0.96,13.099,13.879,14.805,15.472,16.045,19,62.15%,-
EMIDS,East Claydon 132kV,Stony Stratford,Eldergate (T1),ELGA5_MAIN1,Unchanged,11,3.99,0.96,4.013,3.991,4.021,4.003,4.042,0,62.15%,-
EMIDS,East Claydon 132kV,Stony Stratford,Eldergate (T2),ELGA5_MAIN2,Unchanged,11,3.67,0.96,3.700,3.678,3.708,3.690,3.729,0,62.15%,-
EMIDS,East Claydon 132kV,Stony Stratford,Homestead Solar Park,HOMF3_#2H0,New,33,0.05,0.96,0.048,0.048,0.048,0.048,0.048,0,62.15%,-
EMIDS,East Claydon 132kV,Stony Stratford,Kiln Farm,KILF5_MAIN1,Unchanged,11,14.66,0.96,15.174,15.523,15.904,16.324,16.973,19,62.15%,-
EMIDS,East Claydon 132kV,Stony Stratford,Mount Mill Solar Park,MOUM3_MAIN1,New,33,0.04,0.96,0.039,0.039,0.039,0.039,0.039,0,62.15%,-
EMIDS,East Claydon 132kV,Stony Stratford,Shanks Generation,SHAM3_1H3,New,33,0.25,0.96,0.254,0.254,0.254,0.254,0.254,0,62.15%,-
EMIDS,East Claydon 132kV,Stony Stratford,Shenley Wood,SHWD5_MAIN1,Unchanged,11,11.58,0.96,12.066,12.637,13.036,13.558,14.107,19,62.15%,-
EMIDS,East Claydon 132kV,Stony Stratford,Steeple Claydon,STRC5_MAIN1,Unchanged,11,6.46,1.00,13.498,13.542,13.602,13.675,13.816,23,62.15%,-
EMIDS,East Claydon 132kV,Stony Stratford,Tattenhoe (T2),TATE5_MAIN2,Unchanged,11,5.19,0.99,5.425,5.757,6.253,6.839,7.395,33,62.15%,-
EMIDS,East Claydon 132kV,Stony Stratford,Thornborough Grounds PV,THPV3_MAIN1,New,33,0.02,0.96,0.017,0.017,0.017,0.017,0.017,0,62.15%,-
EMIDS,East Claydon 132kV,Stony Stratford,Towcester (T2),TOWC5_BB_B2,Removed,11,6.04,0.95,6.943,7.926,9.036,10.277,11.879,38,51.96%,-
EMIDS,East Claydon 132kV,Stony Stratford,Towcester (T2) ,TOWC5_BB_A2,Updated,11,6.34,0.96,6.832,7.413,8.035,8.777,9.187,0,62.15%,-
EMIDS,East Claydon 132kV,Stony Stratford,Towcester (T3) ,TOWC5_BB_A2,Updated,11,4.42,0.97,4.910,5.491,6.113,6.855,7.265,0,62.15%,-
EMIDS,East Claydon 132kV,Stony Stratford,Wicken,WICK5_MAIN1,Unchanged,11,8.50,0.96,8.516,9.159,9.970,10.776,11.104,9.5,62.15%,-
EMIDS,East Claydon 132kV,Stony Stratford,Winslow,WINW5_MAIN1,Unchanged,11,6.33,0.96,6.645,6.940,7.269,7.506,7.719,9.5,62.15%,-
EMIDS,East Claydon 132kV,Stony Stratford 33 (GT3),-,STOS3_MAIN3,Updated,33,37.49,0.98,42.684,44.720,47.025,49.431,51.404,90,62.15%,-
EMIDS,East Claydon 132kV,Stony Stratford 33(GT4),-,STOS3_MAIN1,Updated,33,37.49,0.98,42.684,44.720,47.025,49.431,51.404,90,62.15%,-
EMIDS,East Claydon 132kV,Stony Stratford B,Potash Farm 30MW,STDB3_MAIN2,Updated,33,28.83,0.96,28.829,28.829,28.829,28.829,28.829,0,62.15%,-
EMIDS,East Claydon 132kV,Stony Stratford B,Potash Farm 50MW,STDB3_MAIN1,Updated,33,47.98,0.96,47.980,47.980,47.980,47.980,47.980,90,62.15%,-
EMIDS,Enderby 132kV,Carlton Park 11kV SD,Santander Data Centre (Carlton Park) 1,CARP5_MAIN1,Removed,11,2.29,0.96,2.287,2.287,2.287,2.287,2.287,0,50.35%,-
EMIDS,Enderby 132kV,Carlton Park 11kV SD,Santander Data Centre (Carlton Park) 2,CARP5_MAIN2,Removed,11,2.85,0.96,2.851,2.851,2.851,2.851,2.851,0,50.35%,-
EMIDS,Enderby 132kV,Coalville,Babelake St Packington,BABS3_MAIN1,New,33,0.02,0.96,0.022,0.022,0.022,0.022,0.022,0,52.67%,-
EMIDS,Enderby 132kV,Coalville,Bardon Road,BARD5_MAIN1,Unchanged,11,14.50,1.00,14.952,15.302,15.718,16.244,16.800,38,52.67%,-
EMIDS,Enderby 132kV,Coalville,Caterpillar,CATP5_MAIN1,New,11,2.94,0.96,2.941,2.941,2.941,2.941,2.941,0,52.67%,-
EMIDS,Enderby 132kV,Coalville,Coalville 11,COVI5_MAIN1,Unchanged,11,17.15,0.96,20.393,21.998,22.273,23.139,23.778,23,52.67%,-
EMIDS,Enderby 132kV,Coalville,Desford,DESF5_MAIN1,Unchanged,11,13.51,0.96,15.108,16.693,18.507,20.265,21.648,23,52.67%,-
EMIDS,Enderby 132kV,Coalville,Hall Farm Newbold Verdon,HLFM3_#3H0,New,33,0.33,0.96,0.329,0.329,0.329,0.329,0.329,0,52.67%,-
EMIDS,Enderby 132kV,Coalville,Hill Farm Battery Storage,HILF3_#3H0,New,33,7.97,0.96,7.972,7.972,7.972,7.972,7.972,0,52.67%,-
EMIDS,Enderby 132kV,Coalville,Interlink Park,INTP5_MAIN1,Unchanged,11,5.68,0.96,5.884,6.080,6.272,6.463,6.663,23,52.67%,-
EMIDS,Enderby 132kV,Coalville,Lindridge Farm Solar Park,LINR3_#3H0,New,33,0.01,0.96,0.012,0.012,0.012,0.012,0.012,0,52.67%,-
EMIDS,Enderby 132kV,Coalville,Mantle Lane,MALA5_MAIN1,Unchanged,11,15.84,0.96,18.652,19.234,20.000,20.808,21.865,21,52.67%,-
EMIDS,Enderby 132kV,Coalville,Nailstone,NAIS5_MAIN1,Unchanged,11,4.92,0.96,5.636,6.494,7.416,8.348,9.358,9.5,52.67%,-
EMIDS,Enderby 132kV,Coalville,Osbaston,OSBN5_MAIN1,Unchanged,11,7.44,0.96,7.603,8.272,8.539,8.769,9.038,9.5,52.67%,-
EMIDS,Enderby 132kV,Coalville,Victoria Road PV Ellistown,VICR3_#2H0,New,33,0.01,0.96,0.007,0.007,0.007,0.007,0.007,0,52.67%,-
EMIDS,Enderby 132kV,Coalville,Worthington,WORN5_MAIN1,Unchanged,11,7.11,0.96,7.129,7.115,7.117,7.157,7.277,0,52.67%,-
EMIDS,Enderby 132kV,Coalville (GT1),-,COVI3_MAIN1,Removed,33,40.02,0.96,61.092,83.234,107.250,133.326,162.060,90,50.35%,-
EMIDS,Enderby 132kV,Coalville (GT1),-,COVI3_MAIN7,New,33,25.78,0.97,28.750,30.577,32.010,33.696,35.296,0,52.67%,-
EMIDS,Enderby 132kV,Coalville (GT2),-,COVI3_MAIN2,Updated,33,25.78,0.97,28.750,30.577,32.010,33.696,35.296,0,52.67%,-
EMIDS,Enderby 132kV,Coalville (GT3),-,COVI3_MAIN3,New,33,25.78,0.97,28.750,30.577,32.010,33.696,35.296,0,52.67%,-
EMIDS,Enderby 132kV,Desford Road BESS,-,DSRD1_110,New,132,50.02,0.96,50.024,50.024,50.024,50.024,50.024,0,52.67%,-
EMIDS,Enderby 132kV,Hinckley 132 11,-,HINC5_MAIN1,Updated,11,25.61,1.00,26.350,27.134,28.097,29.074,30.139,30,52.67%,-
EMIDS,Enderby 132kV,Leicester,Braunstone,BRAU5_MAIN1,Unchanged,11,15.53,0.96,17.105,18.739,19.721,20.962,21.998,19,52.67%,-
EMIDS,Enderby 132kV,Leicester,Hockley Farm Road (T2),HOFR5_MAIN2,Unchanged,11,7.90,1.00,8.162,8.575,8.960,9.340,9.940,40,52.67%,-
EMIDS,Enderby 132kV,Leicester,Jupiter,JUPI5_MAIN1,Unchanged,11,14.57,0.96,14.792,15.039,15.363,15.734,16.141,20,52.67%,-
EMIDS,Enderby 132kV,Leicester,Leicester 11,JUPI5_MAIN1,Updated,11,23.27,0.96,24.758,29.161,30.475,31.861,33.412,40,52.67%,-
EMIDS,Enderby 132kV,Leicester,Leicester 11,LEIC5_MAIN1,Removed,11,23.37,0.96,26.537,29.873,33.478,37.420,41.775,40,50.35%,-
EMIDS,Enderby 132kV,Leicester,Mansfield Street,MANI5_MAIN1,Unchanged,11,15.78,0.96,15.656,16.423,16.492,16.472,16.468,32,52.67%,-
EMIDS,Enderby 132kV,Leicester,Redcross Street,REST5_MAIN1,Unchanged,11,16.57,0.96,16.755,17.277,17.568,18.003,18.598,32,52.67%,-
EMIDS,Enderby 132kV,Leicester (GT1),-,LEIC3_MAIN1,Removed,33,48.94,0.97,52.914,57.266,62.232,67.925,74.491,117,50.35%,-
EMIDS,Enderby 132kV,Leicester (GT1),-,LEIE3_MAIN1,Updated,33,44.70,0.97,46.500,50.491,52.145,54.003,56.028,0,52.67%,-
EMIDS,Enderby 132kV,Leicester (GT2),-,LEIC3_MAIN2,Updated,33,44.70,0.97,46.500,50.491,52.145,54.003,56.028,0,52.67%,-
EMIDS,Enderby 132kV,Leicester East,Hamilton,HAMI5_MAIN1,Unchanged,11,13.92,0.96,14.364,14.764,15.256,15.807,16.499,19,52.67%,-
EMIDS,Enderby 132kV,Leicester East,Highfields,HIGF5_MAIN1,Unchanged,11,13.85,0.96,14.285,15.365,16.118,16.805,17.783,19,52.67%,-
EMIDS,Enderby 132kV,Leicester East,Leicester East 6.6,LEIE7_MAIN1,Unchanged,6.6,17.74,0.99,18.200,18.802,19.391,20.042,20.895,24,52.67%,-
EMIDS,Enderby 132kV,Leicester East,Salutation 6.6,SALU7_MAIN1,Unchanged,6.6,15.01,0.96,15.456,15.948,16.565,17.271,18.223,24,52.67%,-
EMIDS,Enderby 132kV,Leicester East,Stoneygate 6.6,STON7_MAIN1,Unchanged,6.6,11.84,0.96,12.333,12.939,13.541,14.205,14.961,21.75,52.67%,-
EMIDS,Enderby 132kV,Leicester East,Thurmaston,THUM5_MAIN1,Unchanged,11,15.27,0.96,15.577,16.118,16.822,17.819,20.058,19,52.67%,-
EMIDS,Enderby 132kV,Leicester East,Thurnby,THUN5_MAIN1,Unchanged,11,13.93,0.96,14.521,15.288,15.876,16.533,17.544,15,52.67%,-
EMIDS,Enderby 132kV,Leicester East (GT1),-,LEIE3_MAIN1,Updated,33,47.25,0.97,48.834,51.078,53.250,55.707,59.361,0,52.67%,-
EMIDS,Enderby 132kV,Leicester East (GT2),-,LEIE3_MAIN2,Updated,33,47.25,0.97,48.834,51.078,53.250,55.707,59.361,0,52.67%,-
EMIDS,Enderby 132kV,Leicester North,Beaumont Leys (T1),BEAL5_MAIN1,Updated,11,6.69,0.96,6.759,6.868,6.976,7.113,7.264,19,52.67%,-
EMIDS,Enderby 132kV,Leicester North,Beaumont Leys (T2),BEAL5_MAIN2,New,11,6.69,0.96,6.759,6.868,6.976,7.113,7.264,19,52.67%,-
EMIDS,Enderby 132kV,Leicester North,Beaumont Leys (T3),BEAL5_MAIN3,New,11,6.69,0.96,6.759,6.868,6.976,7.113,7.264,19,52.67%,-
EMIDS,Enderby 132kV,Leicester North,Birstall,BIRS5_MAIN1,Unchanged,11,12.56,0.96,13.290,14.065,14.954,15.765,16.770,19,52.67%,-
EMIDS,Enderby 132kV,Leicester North,Groby Road,GRRO5_MAIN1,Unchanged,11,16.30,1.00,17.391,17.882,18.484,19.301,20.157,19,52.67%,-
EMIDS,Enderby 132kV,Leicester North,Hockley Farm Road (T1),HOFR5_MAIN1,Unchanged,11,7.68,1.00,7.944,8.356,8.741,9.122,9.722,31,52.67%,-
EMIDS,Enderby 132kV,Leicester North,Leicester North 11,LENO5_MAIN1,Unchanged,11,13.08,0.96,13.393,13.749,14.175,14.649,15.197,19,52.67%,-
EMIDS,Enderby 132kV,Leicester North,Lero 6.6,LERO7_MAIN1,Unchanged,6.6,12.12,0.96,12.445,13.203,13.724,14.190,15.032,26.4,52.67%,-
EMIDS,Enderby 132kV,Leicester North (GT1),-,LENO3_MAIN1,Updated,33,38.11,0.98,39.568,41.128,42.702,44.381,46.531,0,52.67%,-
EMIDS,Enderby 132kV,Leicester North (GT2),-,LENO3_MAIN3,Updated,33,38.11,0.98,39.568,41.128,42.702,44.381,46.531,0,52.67%,-
EMIDS,Enderby 132kV,Wigston 132 11,-,WIGS5_MAIN1,Updated,11,18.33,1.00,19.195,20.057,20.961,21.861,22.955,30,52.67%,-
EMIDS,Enderby 132kV,Wigston 33,Alliance and Leicester,ALLL5_MAIN1,Unchanged,11,10.55,0.96,10.782,11.726,13.051,14.584,16.200,23,52.67%,-
EMIDS,Enderby 132kV,Wigston 33,Cambridge Road - GEC TEST BED WHETSTONE,GECW5_MAIN1,New,11,4.50,0.96,4.503,4.503,4.503,4.503,4.503,0,52.67%,-
EMIDS,Enderby 132kV,Wigston 33,Whetstone,WHET5_MAIN1,Unchanged,11,15.77,0.96,16.326,16.913,17.335,17.801,18.321,19,52.67%,-
EMIDS,Enderby 132kV,Wigston 33,Wigston Magna,WIMA5_MAIN1,Unchanged,11,25.08,0.96,25.942,26.814,27.842,28.986,30.552,20,52.67%,-
EMIDS,Enderby 132kV,Wigston 33 (GT1B),-,WIGS3_MAIN1,Updated,33,24.82,0.96,25.647,26.849,28.153,29.551,31.210,0,52.67%,-
EMIDS,Enderby 132kV,Wigston 33 (GT2B),-,WIGS3_MAIN2,Updated,33,24.82,0.96,25.647,26.849,28.153,29.551,31.210,0,52.67%,-
EMIDS,Enderby 132kV,Wigston 33kV SD,Cambridge Road - GEC TEST BED WHETSTONE,GECW3_MAIN1,Removed,33,2.73,0.96,2.727,2.727,2.727,2.727,2.727,0,50.35%,-
EMIDS,Grendon 132kV,Corby,Corby Central,CORC5_BB_1,Unchanged,11,14.95,0.96,15.187,16.601,17.731,18.968,20.118,20,56.20%,-
EMIDS,Grendon 132kV,Corby,Corby No. 2,CORB5_BB_1,Unchanged,11,16.66,0.96,19.965,27.417,34.046,37.926,42.510,38,56.20%,-
EMIDS,Grendon 132kV,Corby,Earlstrees,ELTR5_BB_1,Unchanged,11,10.95,0.96,11.900,12.918,13.478,13.917,14.201,19,56.20%,-
EMIDS,Grendon 132kV,Corby,Hazelwood,HAZE5_BB_1,Unchanged,11,18.93,0.96,20.050,21.009,21.575,22.274,23.260,20,56.20%,-
EMIDS,Grendon 132kV,Corby,Oakley,OAKL5_BB_1,Unchanged,11,5.10,0.96,5.382,5.779,5.980,6.303,6.753,23,56.20%,-
EMIDS,Grendon 132kV,Corby,Oundle,OUND5_MAIN1,Updated,11,4.76,0.99,4.945,5.042,5.166,5.296,5.511,0,56.20%,-
EMIDS,Grendon 132kV,Corby,Rockingham Data Centre,ROCK5_BB_1,New,11,4.76,0.96,4.756,4.756,4.756,4.756,4.756,30,56.20%,-
EMIDS,Grendon 132kV,Corby,TATA Steel Corby,TATS3_MAIN1,New,33,0.00,0.00,0.000,0.000,0.000,0.000,0.000,0,56.20%,-
EMIDS,Grendon 132kV,Corby,Weldon Shanks Generation,WELS3_MAIN1,New,33,0.07,0.96,0.069,0.069,0.069,0.069,0.069,0,56.20%,-
EMIDS,Grendon 132kV,Corby (GT1),-,CORB3_MAIN1,Updated,33,23.07,0.97,25.198,28.722,32.026,34.452,37.325,0,56.20%,-
EMIDS,Grendon 132kV,Corby (GT2),-,CORB3_MAIN2,Updated,33,23.07,0.97,25.198,28.722,32.026,34.452,37.325,0,56.20%,-
EMIDS,Grendon 132kV,Corby (GT3),-,CORB3_MAIN3,Updated,33,23.07,0.97,25.198,28.722,32.026,34.452,37.325,0,56.20%,-
EMIDS,Grendon 132kV,Grendon BESS,-,COER3ESS,New,33,55.51,1.00,55.513,55.513,55.513,55.513,55.513,0,56.20%,-
EMIDS,Grendon 132kV,"Grendon BESS, Land NE Of Cogenhoe Road",-,COER1ESS,Removed,132,1.62,0.96,1.621,1.621,1.621,1.621,1.621,0,49.03%,-
EMIDS,Grendon 132kV,Irthlingborough,Burton Latimer (T2),BLAT5_BB_2,Removed,11,9.08,0.96,14.341,19.742,25.319,31.060,36.964,19,49.03%,-
EMIDS,Grendon 132kV,Irthlingborough,Burton Latimer (T2),BLAT5_MAIN2,New,11,7.44,0.96,7.531,7.683,7.730,7.758,7.797,19,56.20%,-
EMIDS,Grendon 132kV,Irthlingborough,Burton Wold North,BURW3_1H3,New,33,1.05,0.96,1.049,1.049,1.049,1.049,1.049,0,56.20%,-
EMIDS,Grendon 132kV,Irthlingborough,Burton Wold Wind Farm Generation,BWOL3_1H3,New,33,0.12,0.96,0.121,0.121,0.121,0.121,0.121,0,56.20%,-
EMIDS,Grendon 132kV,Irthlingborough,Burton Wold Wind Farm South,BWOS3_#1H0,New,33,0.09,0.96,0.093,0.093,0.093,0.093,0.093,0,56.20%,-
EMIDS,Grendon 132kV,Irthlingborough,Chelveston Energy Park,CVEP3_2H0,New,33,1.60,0.96,1.601,1.601,1.601,1.601,1.601,0,56.20%,-
EMIDS,Grendon 132kV,Irthlingborough,Chelveston Solar Park,CVPV3_MAIN1,New,33,0.14,0.96,0.137,0.137,0.137,0.137,0.137,0,56.20%,-
EMIDS,Grendon 132kV,Irthlingborough,Irthlingborough 11,IRTH5_BB_1,Unchanged,11,12.31,1.00,12.764,13.324,14.281,15.516,17.199,21,56.20%,-
EMIDS,Grendon 132kV,Irthlingborough,Oundle,OUND5_MAIN2,Updated,11,3.67,0.97,3.851,3.948,4.072,4.202,4.416,0,56.20%,-
EMIDS,Grendon 132kV,Irthlingborough,Pytchley Road (T1),PYRD5_BB_1,Unchanged,11,7.29,0.96,7.454,7.543,7.684,7.856,8.110,23,56.20%,-
EMIDS,Grendon 132kV,Irthlingborough,Raunds,RAUN5_BB_1,Unchanged,11,7.45,1.00,7.694,7.958,8.272,8.621,9.024,23,56.20%,-
EMIDS,Grendon 132kV,Irthlingborough,Rushden,RUSH5_BB_1,Unchanged,11,19.21,1.00,23.624,28.259,34.125,40.775,48.261,38,56.20%,-
EMIDS,Grendon 132kV,Irthlingborough,Thrapston,THRA5_BB_1,Unchanged,11,11.35,1.00,11.943,12.441,12.961,13.496,14.271,23,56.20%,-
EMIDS,Grendon 132kV,Irthlingborough (GT1),-,IRTH3_MAIN1,Updated,33,27.07,1.00,30.176,33.362,37.372,41.949,47.315,0,56.20%,-
EMIDS,Grendon 132kV,Irthlingborough (GT2),-,IRTH3_MAIN2,Updated,33,27.07,1.00,30.176,33.362,37.372,41.949,47.315,0,56.20%,-
EMIDS,Grendon 132kV,Kettering,Burton Latimer (T1),BLAT5_BB_1,Removed,11,4.23,0.96,7.017,9.877,12.830,15.870,18.996,19,49.03%,-
EMIDS,Grendon 132kV,Kettering,Burton Latimer (T1),BLAT5_MAIN1,New,11,2.91,0.96,3.001,3.153,3.200,3.228,3.267,19,56.20%,-
EMIDS,Grendon 132kV,Kettering,Chapel Brampton (T2),CHAB5_BB_2,Unchanged,11,6.46,0.96,8.312,8.751,9.200,10.189,10.784,15,56.20%,-
EMIDS,Grendon 132kV,Kettering,Desborough,DESB5_BB_1,Unchanged,11,12.91,0.96,15.473,17.159,18.372,20.699,22.610,23,56.20%,-
EMIDS,Grendon 132kV,Kettering,Farndon Road (T1),FARR5_BB_1,Unchanged,11,4.63,0.96,5.053,5.376,6.008,6.595,6.994,19,56.20%,-
EMIDS,Grendon 132kV,Kettering,Field Street,FIES5_BB_1,Removed,11,32.78,0.96,39.813,47.697,56.779,67.085,78.421,47,49.03%,-
EMIDS,Grendon 132kV,Kettering,Field Street (T1),FIES5_MAIN1,New,11,11.55,0.96,12.814,14.141,15.449,16.841,18.777,20,56.20%,-
EMIDS,Grendon 132kV,Kettering,Field Street (T2),FIES5_MAIN2,New,11,11.55,0.96,12.814,14.141,15.449,16.841,18.777,20,56.20%,-
EMIDS,Grendon 132kV,Kettering,Field Street (T3),FIES5_MAIN3,New,11,11.55,0.96,12.814,14.141,15.449,16.841,18.777,19,56.20%,-
EMIDS,Grendon 132kV,Kettering,Hayfield,HAYF5_MAIN1,Unchanged,11,9.41,0.96,9.732,10.003,10.609,11.262,11.926,32,56.20%,-
EMIDS,Grendon 132kV,Kettering,Kettering North,KETN5_BB_1,Unchanged,11,5.89,0.96,6.021,6.150,6.289,6.434,6.601,23,56.20%,-
EMIDS,Grendon 132kV,Kettering,New Albion Wind Farm,NALB3_#1H0,New,33,0.17,0.96,0.166,0.166,0.166,0.166,0.166,32,56.20%,-
EMIDS,Grendon 132kV,Kettering,Pipewell Road PV,PIPR3_MAIN1,New,33,0.12,0.96,0.123,0.123,0.123,0.123,0.123,0,56.20%,-
EMIDS,Grendon 132kV,Kettering,Pytchley Road (T2),PYRD5_BB_2,Unchanged,11,5.33,0.96,5.486,5.575,5.716,5.888,6.142,23,56.20%,-
EMIDS,Grendon 132kV,Kettering (GT1),-,KETT3_MAIN1,Updated,33,36.75,0.96,39.807,42.397,54.554,58.063,61.392,0,56.20%,-
EMIDS,Grendon 132kV,Kettering (GT2),-,KETT3_MAIN3,Updated,33,36.75,0.96,39.807,42.397,54.554,58.063,61.392,0,56.20%,-
EMIDS,Grendon 132kV,Kibworth,Bruntingthorpe,BRUN5_BB_1,Unchanged,11,5.43,0.96,5.467,5.473,5.576,5.707,5.906,6,56.20%,-
EMIDS,Grendon 132kV,Kibworth,Farndon Road (T2),FARR5_BB_2,Unchanged,11,5.51,0.96,5.941,6.264,6.896,7.483,7.882,19,56.20%,-
EMIDS,Grendon 132kV,Kibworth,Kelmarsh Wind Farm Generation,KELM3_MAIN1,New,33,0.19,0.96,0.186,0.186,0.186,0.186,0.186,0,56.20%,-
EMIDS,Grendon 132kV,Kibworth,Kibworth 11,KIBW5_BB_1,Unchanged,11,10.28,0.96,10.616,10.821,11.187,11.640,12.054,23,56.20%,-
EMIDS,Grendon 132kV,Kibworth,Market Harborough,MKTH5_BB_1,Unchanged,11,12.18,0.96,12.436,12.681,13.021,13.478,14.050,15,56.20%,-
EMIDS,Grendon 132kV,Kibworth,Meadow Farm Solar,MEAF3_MAIN1,New,33,0.02,0.96,0.022,0.022,0.022,0.022,0.022,0,56.20%,-
EMIDS,Grendon 132kV,Kibworth,Pebble Hall Generation,PEBH3_MAIN1,New,33,1.17,0.96,1.174,1.174,1.174,1.174,1.174,0,56.20%,-
EMIDS,Grendon 132kV,Kibworth (GT1),-,KIBW3_MAIN1,Updated,33,18.71,0.96,19.277,19.690,20.417,21.214,21.951,0,56.20%,-
EMIDS,Grendon 132kV,Kibworth (GT2),-,KIBW3_MAIN2,Updated,33,18.71,0.96,19.277,19.690,20.417,21.214,21.951,0,56.20%,-
EMIDS,Grendon 132kV,Melton Mowbray,Holwell,HOLW5_BB_1,Unchanged,11,9.90,0.96,11.238,11.513,11.830,12.177,12.395,19,56.20%,-
EMIDS,Grendon 132kV,Melton Mowbray,Melton Mowbray 11,MELT5_BB_1,Unchanged,11,16.64,0.96,18.362,19.617,22.065,25.421,27.261,19,56.20%,-
EMIDS,Grendon 132kV,Melton Mowbray,Old Dalby (T1),ODAL5_MAIN1,Unchanged,11,2.91,0.96,3.110,3.187,3.258,3.315,3.374,9.5,56.20%,-
EMIDS,Grendon 132kV,Melton Mowbray,Regent Street,REGS5_BB_1,Unchanged,11,3.15,0.96,3.108,3.068,3.027,2.986,2.945,19,56.20%,-
EMIDS,Grendon 132kV,Melton Mowbray (GT3),-,MELT3_MAIN3,Updated,33,9.90,0.96,11.587,12.429,13.923,15.898,16.882,0,56.20%,-
EMIDS,Grendon 132kV,Melton Mowbray (GT5),-,MELT3_MAIN4,Updated,33,9.90,0.96,11.587,12.429,13.923,15.898,16.882,0,56.20%,-
EMIDS,Grendon 132kV,Northampton,Abington (T1),ABIN5_BB_1,Unchanged,11,5.96,0.96,6.221,6.549,6.748,7.018,7.364,19,56.20%,-
EMIDS,Grendon 132kV,Northampton,Banbury Lane (T2),BANL5_BB_2,Unchanged,11,4.59,0.96,4.928,5.246,5.489,5.745,5.924,0,56.20%,-
EMIDS,Grendon 132kV,Northampton,Brackmills (T1),BRKM5_BB_1,Unchanged,11,4.17,0.96,4.692,5.419,6.037,6.698,7.439,0,56.20%,-
EMIDS,Grendon 132kV,Northampton,Campbell Street,CAMS5_BB_1,Unchanged,11,17.30,0.96,18.325,20.073,21.079,21.937,22.888,32,56.20%,-
EMIDS,Grendon 132kV,Northampton,Hartwell Road,HARO3_1H3,New,33,0.06,0.96,0.064,0.064,0.064,0.064,0.064,0,56.20%,-
EMIDS,Grendon 132kV,Northampton,Northampton 11,NAMP5_BB_1,Unchanged,11,21.27,1.00,23.480,25.337,27.123,28.877,30.028,32,56.20%,-
EMIDS,Grendon 132kV,Northampton,Pineham (T1),PINM5_MAIN1,Unchanged,11,2.60,0.96,2.783,2.913,3.055,3.203,3.354,0,56.20%,-
EMIDS,Grendon 132kV,Northampton,Roade,ROAD5_BB_1,Unchanged,11,7.34,0.96,7.447,7.590,7.716,7.852,8.042,10,56.20%,-
EMIDS,Grendon 132kV,Northampton,Roade Wind Farm,ROWF3_#1H5,New,33,0.06,0.96,0.062,0.062,0.062,0.062,0.062,0,56.20%,-
EMIDS,Grendon 132kV,Northampton,Wootton,WOOT5_BB_1,Unchanged,11,12.66,0.96,13.882,15.233,16.484,17.830,19.085,19,56.20%,-
EMIDS,Grendon 132kV,Northampton (GT1),-,NAMP3_MAIN1,Updated,33,35.04,0.98,38.028,41.312,43.989,46.703,49.144,90,56.20%,-
EMIDS,Grendon 132kV,Northampton (GT2),-,NAMP3_MAIN2,Updated,33,35.04,0.98,38.028,41.312,43.989,46.703,49.144,90,56.20%,-
EMIDS,Grendon 132kV,Northampton East,Boothville,BOOV5_BB_1,Unchanged,11,19.11,0.96,20.934,22.821,24.491,26.060,27.894,38,56.20%,-
EMIDS,Grendon 132kV,Northampton East,Brackmills (T2),BRKM5_BB_2,Unchanged,11,6.03,0.96,6.546,7.273,7.892,8.552,9.293,0,56.20%,-
EMIDS,Grendon 132kV,Northampton East,Brafield On The Green PV,BRAG3_MAIN1,New,33,0.01,0.96,0.013,0.013,0.013,0.013,0.013,0,56.20%,-
EMIDS,Grendon 132kV,Northampton East,Denton,DENT5_BB_1,Unchanged,11,3.19,0.96,3.222,3.257,3.303,3.358,3.428,0,56.20%,-
EMIDS,Grendon 132kV,Northampton East,Eakley Lanes North PV,EALN3_1H3,New,33,0.02,0.96,0.020,0.020,0.020,0.020,0.020,0,56.20%,-
EMIDS,Grendon 132kV,Northampton East,Eakley Lanes South PV,EALS3_1H3,New,33,0.02,0.96,0.022,0.022,0.022,0.022,0.022,0,56.20%,-
EMIDS,Grendon 132kV,Northampton East,Earls Barton,EARB5_BB_1,Unchanged,11,3.39,0.96,3.558,3.743,3.962,4.206,4.529,14,56.20%,-
EMIDS,Grendon 132kV,Northampton East,Emberton PV,EMBP3_MAIN1,New,33,0.04,0.96,0.037,0.037,0.037,0.037,0.037,0,56.20%,-
EMIDS,Grendon 132kV,Northampton East,Hanslope Park (T2),HAPK5_MAIN2,Unchanged,11,0.00,0.00,0.007,0.015,0.028,0.045,0.082,0,56.20%,-
EMIDS,Grendon 132kV,Northampton East,Manor Farm PV Horton,MRFM3_MAIN1,New,33,0.01,0.96,0.005,0.005,0.005,0.005,0.005,0,56.20%,-
EMIDS,Grendon 132kV,Northampton East,Northampton East 11,NORE5_BB_1,Unchanged,11,10.58,0.96,10.758,11.224,11.431,11.657,11.972,23,56.20%,-
EMIDS,Grendon 132kV,Northampton East,Olney,OLNE5_BB_1,Unchanged,11,9.06,0.96,9.199,9.347,9.530,9.747,10.103,10,56.20%,-
EMIDS,Grendon 132kV,Northampton East,Olney Hyde Farm Solar,OLHF3_MAIN1,New,33,0.00,0.96,0.005,0.005,0.005,0.005,0.005,0,56.20%,-
EMIDS,Grendon 132kV,Northampton East,Wellingborough Road,WELR5_BB_1,Unchanged,11,10.30,0.96,10.660,11.099,11.476,11.790,12.216,21,56.20%,-
EMIDS,Grendon 132kV,Northampton East (GT1),-,NORE3_MAIN2,Updated,33,28.98,0.96,30.630,32.580,34.272,35.954,38.003,90,56.20%,-
EMIDS,Grendon 132kV,Northampton East (GT2),-,NORE3_MAIN1,Updated,33,28.98,0.96,30.630,32.580,34.272,35.954,38.003,90,56.20%,-
EMIDS,Grendon 132kV,Northampton West,Abington (T2),ABIN5_BB_2,Unchanged,11,6.90,0.96,7.157,7.485,7.684,7.955,8.300,19,56.20%,-
EMIDS,Grendon 132kV,Northampton West,Banbury Lane (T1),BANL5_BB_1,Unchanged,11,4.99,0.96,5.325,5.643,5.887,6.142,6.322,0,56.20%,-
EMIDS,Grendon 132kV,Northampton West,Bugbrooke,BUGB5_BB_1,Unchanged,11,7.18,0.96,7.195,7.209,7.235,7.270,7.322,0,56.20%,-
EMIDS,Grendon 132kV,Northampton West,Chapel Brampton (T1),CHAB5_BB_1,Unchanged,11,7.68,0.96,9.531,9.970,10.419,11.408,12.003,15,56.20%,-
EMIDS,Grendon 132kV,Northampton West,Ellesmere Avenue,ELAV5_BB_1,Unchanged,11,15.38,0.96,16.675,18.345,20.272,22.643,25.314,19,56.20%,-
EMIDS,Grendon 132kV,Northampton West,Kingsthorpe,KINP5_BB_1,Unchanged,11,12.39,0.96,13.411,14.789,15.426,16.119,16.711,23,56.20%,-
EMIDS,Grendon 132kV,Northampton West,Northampton West 11,NAMW5_BB_1,Unchanged,11,17.65,0.96,18.293,18.781,18.950,19.225,20.369,21,56.20%,-
EMIDS,Grendon 132kV,Northampton West,Pineham (T2),PINM5_MAIN2,Unchanged,11,3.29,0.96,3.479,3.608,3.750,3.898,4.049,0,56.20%,-
EMIDS,Grendon 132kV,Northampton West (GT1),-,NAMW3_MAIN1,Updated,33,34.81,0.96,37.297,39.711,41.682,44.195,47.083,90,56.20%,-
EMIDS,Grendon 132kV,Northampton West (GT2),-,NAMW3_MAIN2,Updated,33,34.81,0.96,37.297,39.711,41.682,44.195,47.083,90,56.20%,-
EMIDS,Grendon 132kV,Oakham,Empingham,EMPI5_BB_1,Unchanged,11,10.05,0.96,9.954,9.882,9.840,9.933,10.216,23,56.20%,-
EMIDS,Grendon 132kV,Oakham,Exton,EXTO5_BB_1,Unchanged,11,3.08,0.96,3.113,3.176,3.253,3.326,3.592,9.5,56.20%,-
EMIDS,Grendon 132kV,Oakham,Market Overton (T1),MOVE5_MAIN1,Unchanged,11,1.09,0.96,1.120,1.155,1.217,1.299,1.408,14,56.20%,-
EMIDS,Grendon 132kV,Oakham,Oakham 11,OAKH5_BB_1,Removed,11,15.21,1.00,18.469,24.864,31.690,38.924,46.598,19,49.03%,-
EMIDS,Grendon 132kV,Oakham,Oakham 11,OAKH5_MAIN1,New,11,14.55,1.00,15.493,15.780,16.123,16.500,17.096,19,56.20%,-
EMIDS,Grendon 132kV,Oakham,Uppingham,UPPI5_BB_1,Unchanged,11,6.01,0.96,6.051,6.151,6.279,6.397,6.633,9.5,56.20%,-
EMIDS,Grendon 132kV,Oakham (GT1),-,OAKH3_MAIN1,Updated,33,15.08,0.99,15.546,15.746,16.021,16.380,17.005,0,56.20%,-
EMIDS,Grendon 132kV,Oakham (GT2),-,OAKH3_MAIN2,Updated,33,15.08,0.99,15.546,15.746,16.021,16.380,17.005,0,56.20%,-
EMIDS,Grendon 132kV,Wellingborough 132 11,-,WELL5_MAIN1,Updated,11,12.47,0.96,12.638,12.709,12.893,13.053,13.269,30,56.20%,-
EMIDS,Grendon 132kV,Wellingborough 33,Airfield Farm Wind Farm,AIRF3_MAIN1,New,33,0.04,0.96,0.041,0.041,0.041,0.041,0.041,0,56.20%,-
EMIDS,Grendon 132kV,Wellingborough 33,Cannon Street,CNST5_BB_1,Unchanged,11,18.31,0.96,19.676,21.067,22.506,24.322,26.551,20,56.20%,-
EMIDS,Grendon 132kV,Wellingborough 33,Glebe Farm Solar Park,GLFA3_#1H0,New,33,0.05,0.96,0.050,0.050,0.050,0.050,0.050,0,56.20%,-
EMIDS,Grendon 132kV,Wellingborough 33,Harrold,HRRL5_BB_1,Unchanged,11,3.61,0.99,3.660,3.738,3.855,3.996,4.183,0,56.20%,-
EMIDS,Grendon 132kV,Wellingborough 33,Little Irchester,LITI5_BB_1_2,Unchanged,11,15.86,1.00,16.002,16.270,16.573,17.039,17.575,23,56.20%,-
EMIDS,Grendon 132kV,Wellingborough 33,Park Farm,PARF5_BB_1,Unchanged,11,15.35,0.96,16.691,19.113,21.756,23.946,26.079,16.6,56.20%,-
EMIDS,Grendon 132kV,Wellingborough 33,Sharnbrook,SHAK5_BB_1,Unchanged,11,6.10,1.00,6.302,6.693,7.058,7.560,8.240,0,56.20%,-
EMIDS,Grendon 132kV,Wellingborough 33,Sywell PV,SYWA3_#2H0,New,33,0.16,0.96,0.164,0.164,0.164,0.164,0.164,0,56.20%,-
EMIDS,Grendon 132kV,Wellingborough 33,The Ridge Solar Park,RIDG3_#2H0,New,33,0.02,0.96,0.023,0.023,0.023,0.023,0.023,0,56.20%,-
EMIDS,Grendon 132kV,Wellingborough 33,Wykes Generation,WYKS3_1H3,New,33,0.61,0.96,0.606,0.606,0.606,0.606,0.606,0,56.20%,-
EMIDS,Grendon 132kV,Wellingborough 33 (GT1A),-,WELL3_MAIN1,Updated,33,27.39,0.99,29.936,33.224,36.889,40.821,44.845,90,56.20%,-
EMIDS,Grendon 132kV,Wellingborough 33 (GT2A),-,WELL3_MAIN2,Updated,33,27.39,0.99,29.936,33.224,36.889,40.821,44.845,90,56.20%,-
EMIDS,Lea Marston 132kV,Tamworth Grid,Atherstone,ATHE5_MAIN1,Unchanged,11,12.92,1.00,13.081,14.130,15.303,16.152,17.238,20,52.93%,-
EMIDS,Lea Marston 132kV,Tamworth Grid,Atherstone Solar Farm,GREN3_#1H0,New,33,0.04,0.96,0.038,0.038,0.038,0.038,0.038,0,52.93%,-
EMIDS,Lea Marston 132kV,Tamworth Grid,Baddesley 33kV Energy Park,BADE3PV1,New,33,9.17,0.96,9.172,9.172,9.172,9.172,9.172,0,52.93%,-
EMIDS,Lea Marston 132kV,Tamworth Grid,Birch Coppice (T1),BIRC5_BB_1,Unchanged,11,6.39,0.96,6.714,7.004,7.211,7.296,7.310,38,52.93%,-
EMIDS,Lea Marston 132kV,Tamworth Grid,Birch Coppice (T2),BIRC5_BB_2,Unchanged,11,5.10,0.96,5.418,5.708,5.915,6.000,6.014,38,52.93%,-
EMIDS,Lea Marston 132kV,Tamworth Grid,Polesworth,POLE5_MAIN1,Unchanged,11,8.25,0.96,8.842,9.499,10.202,11.090,11.927,9.5,52.93%,-
EMIDS,Lea Marston 132kV,Tamworth Grid,Tamworth 11 (T1),TAMW5_MAIN1,Unchanged,11,10.70,0.96,12.129,13.385,14.386,15.871,17.469,38,52.93%,-
EMIDS,Lea Marston 132kV,Tamworth Grid,Tamworth 11 (T2),TAMW5_MAIN2,Unchanged,11,10.37,0.96,11.806,13.062,14.063,15.547,17.146,38,52.93%,-
EMIDS,Lea Marston 132kV,Tamworth Grid,Wood End,WOOE5_MAIN1,Unchanged,11,9.49,0.96,9.597,9.721,9.845,9.996,10.197,21,52.93%,-
EMIDS,Lea Marston 132kV,Tamworth Grid (GT1),-,TAMW3_MAIN1,Updated,33,29.45,0.98,37.133,39.594,41.801,44.167,46.481,90,52.93%,-
EMIDS,Lea Marston 132kV,Tamworth Grid (GT2),-,TAMW3_MAIN3,Updated,33,29.45,0.98,37.133,39.594,41.801,44.167,46.481,90,52.93%,-
EMIDS,Lea Marston 132kV,Tamworth Town 132 11,-,TAMT5_MAIN1,Updated,11,24.68,0.96,25.298,26.583,27.476,28.400,29.767,30,52.93%,-
EMIDS,Lea Marston 132kV,Tamworth Town 33,Apollo,APOL5_MAIN1,Unchanged,11,14.48,0.96,15.050,15.696,16.254,17.973,19.585,23,52.93%,-
EMIDS,Lea Marston 132kV,Tamworth Town 33 (GT1B),-,TAMT3_MAIN1,Updated,33,7.24,0.96,7.525,7.847,8.127,8.986,9.792,45,52.93%,-
EMIDS,Lea Marston 132kV,Tamworth Town 33 (GT2B),-,TAMT3_MAIN2,Updated,33,7.24,0.96,7.525,7.847,8.127,8.986,9.792,45,52.93%,-
EMIDS,Ratcliffe 132kV,Clifton Fairham IDNO,-,"CLFF5_MAIN1, CLFF5_MAIN2",New,11,6.46,1.00,6.460,6.460,6.460,6.460,6.460,0,51.91%,-
EMIDS,Ratcliffe 132kV,Loughborough 132 11 (GT1B),-,LOUG5_MAIN1,Updated,11,14.95,1.00,15.435,15.847,16.299,16.716,17.151,0,51.91%,-
EMIDS,Ratcliffe 132kV,Loughborough 132 11 (GT2B),-,LOUG5_MAIN2,Updated,11,10.48,0.96,10.971,11.383,11.836,12.252,12.687,0,51.91%,-
EMIDS,Ratcliffe 132kV,Loughborough 33,Brush,BRUS5_MAIN1,Unchanged,11,16.44,0.96,17.356,18.007,18.711,19.537,20.484,32,51.91%,-
EMIDS,Ratcliffe 132kV,Loughborough 33,Quorn,QUOR5_MAIN1,Unchanged,11,17.44,0.96,18.338,18.702,19.230,20.293,21.446,23,51.91%,-
EMIDS,Ratcliffe 132kV,Loughborough 33,Shepshed,SHPS5_MAIN1,Unchanged,11,14.82,0.96,16.648,17.554,18.953,20.974,23.203,19,51.91%,-
EMIDS,Ratcliffe 132kV,Loughborough 33,Wymeswold,WYFM3_MAIN1,New,33,0.06,0.96,0.064,0.064,0.064,0.064,0.064,0,51.91%,-
EMIDS,Ratcliffe 132kV,Loughborough 33 (GT1A),-,LOUG3_MAIN1,Updated,33,23.02,0.96,32.633,33.620,35.381,37.714,39.974,0,51.91%,-
EMIDS,Ratcliffe 132kV,Loughborough 33 (GT2A),-,LOUG3_MAIN2,Updated,33,23.02,0.96,32.633,33.620,35.381,37.714,39.974,0,51.91%,-
EMIDS,Ratcliffe 132kV,Loughborough 33kV SD,Astrazeneca 11kV,ASTR5_MAIN1,Removed,11,5.91,0.96,5.913,5.913,5.913,5.913,5.913,0,50.93%,-
EMIDS,Ratcliffe 132kV,Newhurst ERF,-,NEWQ1_110,New,132,3.81,0.96,3.813,3.813,3.813,3.813,3.813,0,51.91%,-
EMIDS,Ratcliffe 132kV,Nottingham,Beeston,BEES5_MAIN1,Unchanged,11,12.64,0.96,13.301,14.066,14.787,15.439,15.987,20,51.91%,-
EMIDS,Ratcliffe 132kV,Nottingham,Boots (T1) (Load),BOOS5_MAIN1,Updated,11,0.00,0.00,-0.053,-0.107,-0.160,-0.214,-0.267,19,51.91%,-
EMIDS,Ratcliffe 132kV,Nottingham,Boots (T2),BOOS5_MAIN2,Updated,11,0.00,0.00,-0.053,-0.107,-0.160,-0.214,-0.267,19,51.91%,-
EMIDS,Ratcliffe 132kV,Nottingham,Castle Road (T1),CASR5_MAIN1,Updated,11,9.18,0.96,9.421,9.507,9.777,10.058,10.912,20,51.91%,-
EMIDS,Ratcliffe 132kV,Nottingham,Castle Road (T2),CASR5_MAIN2,New,11,9.18,0.96,9.421,9.507,9.777,10.058,10.912,20,51.91%,-
EMIDS,Ratcliffe 132kV,Nottingham,Clifton (T1),CLFN5_MAIN1,Updated,11,18.66,0.96,19.641,21.492,22.593,23.691,25.302,26,51.91%,-
EMIDS,Ratcliffe 132kV,Nottingham,Clifton (T2),CLFN5_MAIN2,New,11,18.66,0.96,19.641,21.492,22.593,23.691,25.302,26,51.91%,-
EMIDS,Ratcliffe 132kV,Nottingham,Cotgrave (T1),COTG5_MAIN1,Unchanged,11,3.82,0.96,3.916,4.324,4.771,5.012,5.387,0,51.91%,-
EMIDS,Ratcliffe 132kV,Nottingham,Cotgrave (T2),COTG5_MAIN2,Unchanged,11,4.00,0.99,4.096,4.503,4.950,5.191,5.566,0,51.91%,-
EMIDS,Ratcliffe 132kV,Nottingham,Lenton (T1),LENT5_MAIN1,Updated,11,5.90,0.96,5.849,5.796,5.746,5.701,5.799,19,51.91%,-
EMIDS,Ratcliffe 132kV,Nottingham,Lenton (T2),LENT5_MAIN2,New,11,5.90,0.96,5.849,5.796,5.746,5.701,5.799,19,51.91%,-
EMIDS,Ratcliffe 132kV,Nottingham,London Road Heat Station,LRHS3_#1H0,New,33,0.54,0.96,0.536,0.536,0.536,0.536,0.536,0,51.91%,-
EMIDS,Ratcliffe 132kV,Nottingham,North Wilford (T1),NWIL5_MAIN1,Updated,11,12.11,0.96,12.700,13.621,14.229,14.761,16.140,32,51.91%,-
EMIDS,Ratcliffe 132kV,Nottingham,North Wilford (T2),NWIL5_MAIN2,New,11,12.11,0.96,12.700,13.621,14.229,14.761,16.140,32,51.91%,-
EMIDS,Ratcliffe 132kV,Nottingham,Sneinton (T1),SNEI5_MAIN1,Updated,11,6.05,0.96,13.690,14.223,14.753,15.256,16.289,0,51.91%,-
EMIDS,Ratcliffe 132kV,Nottingham,Sneinton (T2),SNEI5_MAIN2,New,11,6.05,0.96,13.690,14.223,14.753,15.256,16.289,0,51.91%,-
EMIDS,Ratcliffe 132kV,Nottingham,St Anns (T4),SANN5_BB_RR,Unchanged,11,5.48,0.96,5.552,5.829,6.157,6.503,7.078,23,51.91%,-
EMIDS,Ratcliffe 132kV,Nottingham,Talbot Street,TALS5_MAIN1,Unchanged,11,11.44,0.96,11.522,11.610,11.738,12.018,12.770,23,51.91%,-
EMIDS,Ratcliffe 132kV,Nottingham,West Bridgford,WBRI5_MAIN1,Unchanged,11,22.68,1.00,23.385,25.166,26.079,26.676,28.288,20,51.91%,-
EMIDS,Ratcliffe 132kV,Nottingham,Wollaton Road (T1),WOLR5_MAIN1,Updated,11,11.17,0.96,11.931,12.942,13.804,14.691,15.721,30,51.91%,-
EMIDS,Ratcliffe 132kV,Nottingham,Wollaton Road (T2),WOLR5_MAIN2,New,11,11.17,0.96,11.931,12.942,13.804,14.691,15.721,26,51.91%,-
EMIDS,Ratcliffe 132kV,Nottingham (GT1),-,NOTT3_MAIN1B,Updated,33,37.98,0.97,41.310,44.778,46.732,48.504,51.844,0,51.91%,-
EMIDS,Ratcliffe 132kV,Nottingham (GT2),-,NOTT3_MAIN2,Updated,33,37.98,0.97,41.310,44.778,46.732,48.504,51.844,0,51.91%,-
EMIDS,Ratcliffe 132kV,Nottingham (GT3),-,NOTT3_MAIN3,Updated,33,37.98,0.97,41.310,44.778,46.732,48.504,51.844,0,51.91%,-
EMIDS,Ratcliffe 132kV,Nottingham (GT4),-,NOTT3_MAIN4,Updated,33,37.98,0.97,41.310,44.778,46.732,48.504,51.844,0,51.91%,-
EMIDS,Ratcliffe 132kV,Nottingham 33kV SD,London Road Heat Station,LRHS5_MAIN1,Removed,11,4.49,0.96,4.494,4.494,4.494,4.494,4.494,0,50.93%,-
EMIDS,Ratcliffe 132kV,Nottingham North 132 11,-,NOTN5_MAIN1,Updated,11,24.76,0.96,25.886,26.902,28.229,29.716,31.711,30,51.91%,-
EMIDS,Ratcliffe 132kV,Toton,Chilwell,CHLW5_MAIN1,Unchanged,11,11.43,0.96,11.852,12.395,12.993,13.634,14.086,23,51.91%,-
EMIDS,Ratcliffe 132kV,Toton,Long Eaton,LONE5_MAIN1,Unchanged,11,22.75,0.96,23.579,24.143,24.773,25.680,26.611,38,51.91%,-
EMIDS,Ratcliffe 132kV,Toton,Nottingham Road STOR,NTRD3_#2H0,New,33,0.37,0.96,0.373,0.373,0.373,0.373,0.373,0,51.91%,-
EMIDS,Ratcliffe 132kV,Toton,Ratcliffe On Soar,RATS5_MAIN1,Unchanged,11,3.04,0.96,3.909,4.918,6.111,6.730,7.440,9.5,51.91%,-
EMIDS,Ratcliffe 132kV,Toton,Toton 11,TOTO5_MAIN1,Unchanged,11,15.53,0.99,16.504,17.381,18.136,19.401,21.653,23,51.91%,-
EMIDS,Ratcliffe 132kV,Toton (GT1),-,TOTO3_MAIN1,Updated,33,25.60,0.98,27.048,28.466,30.001,31.773,33.956,0,51.91%,-
EMIDS,Ratcliffe 132kV,Toton (GT2),-,TOTO3_MAIN2,Updated,33,25.60,0.98,27.048,28.466,30.001,31.773,33.956,0,51.91%,-
EMIDS,Ratcliffe 132kV,Toton 33kV,East Mids Gateway ,"EASM3_T1, EASM3_T2",New,33,0.00,0.00,0.000,0.000,0.000,0.000,0.000,-,51.91%,-
EMIDS,Ratcliffe 132kV,Willoughby,Bingham (T1),BIHM5_MAIN1,Unchanged,11,5.31,0.96,5.544,5.988,6.343,6.671,7.453,0,51.91%,-
EMIDS,Ratcliffe 132kV,Willoughby,East Leake (T1),ELEA5_MAIN1,Unchanged,11,6.10,0.96,6.173,6.359,6.472,6.485,6.577,19,51.91%,-
EMIDS,Ratcliffe 132kV,Willoughby,East Leake (T2),ELEA5_MAIN2,Unchanged,11,6.58,0.96,6.658,6.843,6.957,6.970,7.061,19,51.91%,-
EMIDS,Ratcliffe 132kV,Willoughby,Equitix ESI CHP Notts,EQUE3_#2H0,New,33,0.85,0.96,0.848,0.848,0.848,0.848,0.848,0,51.91%,-
EMIDS,Ratcliffe 132kV,Willoughby,Gypsum Solar Farm,GPSM3_#2H0,New,33,0.01,0.96,0.007,0.007,0.007,0.007,0.007,0,51.91%,-
EMIDS,Ratcliffe 132kV,Willoughby,Keyworth,KEYW5_MAIN1,Unchanged,11,7.74,0.96,8.162,8.399,8.588,8.789,9.417,23,51.91%,-
EMIDS,Ratcliffe 132kV,Willoughby,Langar Solar Switch Room,CROR3_#2H0,New,33,0.07,0.96,0.069,0.069,0.069,0.069,0.069,0,51.91%,-
EMIDS,Ratcliffe 132kV,Willoughby,Mountsorrel,MOUN5_MAIN1,Unchanged,11,16.94,0.96,17.474,17.783,18.199,18.793,19.445,22,51.91%,-
EMIDS,Ratcliffe 132kV,Willoughby,Old Dalby (T2),ODAL5_MAIN2,Unchanged,11,2.03,0.96,2.234,2.311,2.381,2.438,2.497,9.5,51.91%,-
EMIDS,Ratcliffe 132kV,Willoughby,Old Dalby Lodge Wind Farm,ODLO3_2H3,New,33,0.09,0.96,0.086,0.086,0.086,0.086,0.086,0,51.91%,-
EMIDS,Ratcliffe 132kV,Willoughby,Ragdale PV Solar Park,RAGD3_#2H0,New,33,0.04,0.96,0.041,0.041,0.041,0.041,0.041,0,51.91%,-
EMIDS,Ratcliffe 132kV,Willoughby,South Croxton,SOCR5_MAIN1,Unchanged,11,2.69,0.96,2.766,2.782,2.812,2.851,2.933,0,51.91%,-
EMIDS,Ratcliffe 132kV,Willoughby,Syston (T1),SYST5_MAIN1A,Unchanged,11,5.32,0.96,5.887,6.304,6.710,7.257,8.025,0,51.91%,-
EMIDS,Ratcliffe 132kV,Willoughby,Syston (T2),SYST5_MAIN1,Unchanged,11,5.51,0.97,6.079,6.496,6.901,7.449,8.217,0,51.91%,-
EMIDS,Ratcliffe 132kV,Willoughby,Syston (T3),SYST5_MAIN3,Unchanged,11,5.28,0.91,5.851,6.268,6.674,7.221,7.989,0,51.91%,-
EMIDS,Ratcliffe 132kV,Willoughby,Wide Lane Wymeswold Solar Farm,WIDL3_MAIN1,New,33,0.01,0.96,0.012,0.012,0.012,0.012,0.012,0,51.91%,-
EMIDS,Ratcliffe 132kV,Willoughby,Willoughby 11,WIOU5_MAIN1,Unchanged,11,7.05,1.00,7.141,7.174,7.236,7.343,7.956,23,51.91%,-
EMIDS,Ratcliffe 132kV,Willoughby (GT1),-,WIOU3_MAIN1,Updated,33,35.90,0.97,37.579,38.934,40.197,41.653,44.135,90,51.91%,-
EMIDS,Ratcliffe 132kV,Willoughby (GT2),-,WIOU3_MAIN2,Updated,33,35.90,0.97,37.579,38.934,40.197,41.653,44.135,90,51.91%,-
EMIDS,Ratcliffe 132kV,Willoughby 33kV,British Gypsum ,BGYP5_MAIN1,New,11,6.48,0.96,6.485,6.485,6.485,6.485,6.485,0,51.91%,-
EMIDS,Ratcliffe 132kV,Willoughby 33kV,Willoughby STOR 33kV Generation,WIST3_MAIN1,New,33,21.09,0.96,21.092,21.092,21.092,21.092,21.092,0,51.91%,-
EMIDS,Stalybridge 132kV,Buxton (Part),Eyam (TB),EYAM5_BB_B,Unchanged,11,2.95,0.96,2.972,3.012,3.071,3.127,3.207,0,0.00%,-
EMIDS,Stalybridge 132kV,Buxton (Part),Flagg,FLAG5_MAIN1,Unchanged,11,3.22,0.96,3.211,3.212,3.222,3.235,3.277,0,0.00%,-
EMIDS,Stalybridge 132kV,Buxton (Part),Hindlow (TA),HINL5_BB_1,Unchanged,11,6.24,0.96,6.258,6.283,6.320,6.364,6.451,0,0.00%,-
EMIDS,Stalybridge 132kV,Buxton (Part),Hindlow (TB),HINL5_BB_2,Unchanged,11,4.58,0.96,4.603,4.628,4.665,4.710,4.796,0,0.00%,-
EMIDS,Staythorpe 132kV,Asfordby 11,Asfordby Colliery,"ASFY5_MAIN1, ASFY5_MAIN2",New,11,20.24,0.96,20.236,20.236,20.236,20.236,20.236,0,45.70%,-
EMIDS,Staythorpe 132kV,Asfordby Colliery,-,ASFY1_MAIN1,Removed,132,10.53,0.96,10.526,10.526,10.526,10.526,10.526,0,42.61%,-
EMIDS,Staythorpe 132kV,Asfordby Colliery,-,ASFY1_MAIN2,Removed,132,10.53,0.96,10.526,10.526,10.526,10.526,10.526,0,42.61%,-
EMIDS,Staythorpe 132kV,Bourne West 25 (GT2),-,BYTH8_MAIN2,New,25,2.93,0.96,2.927,2.927,2.927,2.927,2.927,0,45.70%,-
EMIDS,Staythorpe 132kV,Checkerhouse,Bevercotes,BEVC5_MAIN1,Unchanged,11,4.05,0.96,4.069,4.125,4.258,4.444,4.891,18,45.70%,-
EMIDS,Staythorpe 132kV,Checkerhouse,Carlton-on-Trent (T2),CART5_MAIN2,Unchanged,11,1.60,0.96,1.619,1.645,1.683,1.747,1.907,0,45.70%,-
EMIDS,Staythorpe 132kV,Checkerhouse,Checkerhouse 11,CHEC5_MAIN1,Unchanged,11,3.34,0.96,3.333,3.328,3.342,3.418,3.567,9.5,45.70%,-
EMIDS,Staythorpe 132kV,Checkerhouse,Cobb Farm Solar Generation,COBF3_MAIN1,New,33,0.08,0.96,0.085,0.085,0.085,0.085,0.085,0,45.70%,-
EMIDS,Staythorpe 132kV,Checkerhouse,Daneshill Generation,DANH3_#2H0,New,33,0.02,0.96,0.023,0.023,0.023,0.023,0.023,0,45.70%,-
EMIDS,Staythorpe 132kV,Checkerhouse,Hallcroft Road,HALR5_MAIN1,Unchanged,11,9.03,0.96,9.286,9.531,9.833,10.183,10.788,9.5,45.70%,-
EMIDS,Staythorpe 132kV,Checkerhouse,Little Morton Solar Farm,LITM3_#2H0,New,33,0.03,0.96,0.034,0.034,0.034,0.034,0.034,0,45.70%,-
EMIDS,Staythorpe 132kV,Checkerhouse,Low Farm AD,LOUL3_MAIN1,New,33,0.28,0.96,0.277,0.277,0.277,0.277,0.277,0,45.70%,-
EMIDS,Staythorpe 132kV,Checkerhouse,Misson,MISS5_MAIN1,Unchanged,11,5.52,1.00,5.668,5.803,6.023,6.225,6.603,21,45.70%,-
EMIDS,Staythorpe 132kV,Checkerhouse,Misterton,MIST5_MAIN1,Unchanged,11,3.40,0.96,3.548,3.678,3.774,3.858,3.958,0,45.70%,-
EMIDS,Staythorpe 132kV,Checkerhouse,Moat Farm Solar Farm,MOFM3_MAIN1,New,33,0.01,0.96,0.011,0.011,0.011,0.011,0.011,0,45.70%,-
EMIDS,Staythorpe 132kV,Checkerhouse,North Wheatley,NWHE5_MAIN1,Unchanged,11,3.51,0.96,3.568,3.769,3.890,3.944,4.054,0,45.70%,-
EMIDS,Staythorpe 132kV,Checkerhouse,Ordsall Road,ORDR5_MAIN1,Unchanged,11,7.12,0.96,7.318,7.577,7.816,8.176,8.619,19,45.70%,-
EMIDS,Staythorpe 132kV,Checkerhouse,Retford Road Solar Generation,RETR3_#2H0,New,33,0.02,0.96,0.017,0.017,0.017,0.017,0.017,0,45.70%,-
EMIDS,Staythorpe 132kV,Checkerhouse,Tiln Farm Solar Generation,TILF3_MAIN1,New,33,0.03,0.96,0.026,0.026,0.026,0.026,0.026,0,45.70%,-
EMIDS,Staythorpe 132kV,Checkerhouse,Tuxford,TUXF5_MAIN1,Unchanged,11,4.84,0.96,6.426,6.540,9.757,12.156,12.407,0,45.70%,-
EMIDS,Staythorpe 132kV,Checkerhouse,Walkers Wood Solar Farm,WALW3_#2H0,New,33,0.04,0.96,0.039,0.039,0.039,0.039,0.039,0,45.70%,-
EMIDS,Staythorpe 132kV,Checkerhouse,West End Farm Solar Generation,"WEDF3_#2H0, WEDF3_#2H0",New,33,0.02,0.96,0.020,0.020,0.020,0.020,0.020,0,45.70%,-
EMIDS,Staythorpe 132kV,Checkerhouse,Woodbeck,WDBK5_MAIN1,Unchanged,11,4.12,0.96,4.240,4.363,4.510,4.658,4.852,23,45.70%,-
EMIDS,Staythorpe 132kV,Checkerhouse (GT1),-,CHEC3_MAIN1,Updated,33,22.65,0.97,23.745,24.344,26.285,28.404,29.987,0,45.70%,-
EMIDS,Staythorpe 132kV,Checkerhouse (GT2),-,CHEC3_MAIN2,Updated,33,22.65,0.97,23.745,24.344,26.285,28.404,29.987,0,45.70%,-
EMIDS,Staythorpe 132kV,Cotham Grange PV,-,COGR3PV,New,33,0.16,0.96,0.157,0.157,0.157,0.157,0.157,0,45.70%,-
EMIDS,Staythorpe 132kV,Grantham North 132 11 (GT3),-,GRNO5_MAIN3,Updated,11,6.36,1.00,6.555,6.800,7.076,7.448,7.832,0,45.70%,-
EMIDS,Staythorpe 132kV,Grantham North 132 11 (GT4),-,GRNO5_MAIN4,Updated,11,5.35,1.00,5.550,5.796,6.071,6.443,6.827,0,45.70%,-
EMIDS,Staythorpe 132kV,Grantham South 132 11 (GT1) ,-,GRSO5_MAIN1,Updated,11,8.54,1.00,8.907,9.278,9.653,10.674,11.851,0,45.70%,-
EMIDS,Staythorpe 132kV,Grantham South 132 11 (GT2) ,-,GRSO5_MAIN2,Updated,11,7.90,1.00,8.267,8.638,9.013,10.034,11.211,0,45.70%,-
EMIDS,Staythorpe 132kV,Hawton,Bingham (T2),BIHM5_MAIN2,Unchanged,11,4.29,0.96,4.519,4.963,5.317,5.646,6.427,0,45.70%,-
EMIDS,Staythorpe 132kV,Hawton,Bottesford,BOTT5_MAIN1,Unchanged,11,4.13,1.00,4.556,4.792,5.013,5.341,5.612,0,45.70%,-
EMIDS,Staythorpe 132kV,Hawton,Bowbridge Generation STOR,BLST3_#1H0,New,33,0.18,0.96,0.180,0.180,0.180,0.180,0.180,0,45.70%,-
EMIDS,Staythorpe 132kV,Hawton,Carlton-on-Trent (T1),CART5_1T0,New,11,2.85,0.96,2.873,2.899,2.938,3.002,3.162,0,45.70%,-
EMIDS,Staythorpe 132kV,Hawton,Carlton-on-Trent (T1),CART5_MAIN1,Removed,11,2.60,0.96,5.270,8.018,10.880,13.856,17.411,9,42.61%,-
EMIDS,Staythorpe 132kV,Hawton,Caythorpe,CAYT5_MAIN1,Unchanged,11,7.74,1.00,10.153,10.327,10.530,10.625,10.758,23,45.70%,-
EMIDS,Staythorpe 132kV,Hawton,Copley Farm Solar Generation,CPLY3_MAIN1,New,33,0.03,0.96,0.027,0.027,0.027,0.027,0.027,0,45.70%,-
EMIDS,Staythorpe 132kV,Hawton,Fernwood,FNWO5_MAIN1,Unchanged,11,2.60,0.96,3.825,5.018,6.402,7.631,8.758,23,45.70%,-
EMIDS,Staythorpe 132kV,Hawton,Hawton 11,HAWT5_MAIN1,Unchanged,11,15.83,1.00,17.431,19.087,21.200,23.503,26.055,15,45.70%,-
EMIDS,Staythorpe 132kV,Hawton,Hawton Wind Farm,HWTN3_MAIN1,New,33,2.00,0.96,2.001,2.001,2.001,2.001,2.001,0,45.70%,-
EMIDS,Staythorpe 132kV,Hawton,Lodge Farm Solar Park,LODG3_MAIN1,New,33,0.02,0.96,0.025,0.025,0.025,0.025,0.025,0,45.70%,-
EMIDS,Staythorpe 132kV,Hawton,Newark Junction,NEWJ5_MAIN1,Unchanged,11,20.81,0.96,23.413,24.574,25.686,26.797,28.125,32,45.70%,-
EMIDS,Staythorpe 132kV,Hawton,Shelton Lodge Solar Generation,SNLE3_#2H0,New,33,0.01,0.96,0.015,0.015,0.015,0.015,0.015,0,45.70%,-
EMIDS,Staythorpe 132kV,Hawton,Sibthorpe,SIBT5_MAIN1,Unchanged,11,2.18,0.96,2.204,2.232,2.273,2.321,2.418,0,45.70%,-
EMIDS,Staythorpe 132kV,Hawton,Southwell,SOUT5_MAIN1,Unchanged,11,6.43,0.96,6.965,7.434,7.662,8.066,8.478,9.5,45.70%,-
EMIDS,Staythorpe 132kV,Hawton,Swinderby (T1),SWIB5_MAIN1,Unchanged,11,3.17,0.99,3.181,3.197,3.223,3.257,3.320,0,45.70%,-
EMIDS,Staythorpe 132kV,Hawton,Swinderby (T2),SWIB5_MAIN2,Unchanged,11,5.05,0.99,5.065,5.081,5.107,5.140,5.203,0,45.70%,-
EMIDS,Staythorpe 132kV,Hawton,Westborough,WEBO5_MAIN1,Unchanged,11,4.36,0.96,4.570,4.624,4.699,4.815,5.087,0,45.70%,-
EMIDS,Staythorpe 132kV,Hawton SOP (GT1),-,HAWT3_MAIN1,Updated,33,38.40,0.99,42.865,45.303,47.983,51.109,54.989,0,45.70%,-
EMIDS,Staythorpe 132kV,Hawton SOP (GT2),-,HAWT3_MAIN2,Updated,33,38.40,0.99,42.865,45.303,47.983,51.109,54.989,0,45.70%,-
EMIDS,Stoke Bardolph 132kV,Nottingham East,Arnold (T1),ARNO5_MAIN1,Unchanged,11,8.38,0.96,8.708,9.133,9.481,9.812,10.231,19,48.80%,-
EMIDS,Stoke Bardolph 132kV,Nottingham East,Colwick,COLW5_MAIN1,Unchanged,11,21.45,0.96,21.802,22.793,23.383,24.019,25.605,20,48.80%,-
EMIDS,Stoke Bardolph 132kV,Nottingham East,Gedling (T1),GEDL5_MAIN1,Unchanged,11,5.94,0.96,6.377,7.038,7.410,7.667,7.909,19,48.80%,-
EMIDS,Stoke Bardolph 132kV,Nottingham East,Gedling (T2),GEDL5_MAIN2,Unchanged,11,6.22,0.96,6.656,7.317,7.690,7.947,8.189,23,48.80%,-
EMIDS,Stoke Bardolph 132kV,Nottingham East,Mapperley,MAPP5_MAIN1,Unchanged,11,17.50,0.96,18.083,19.361,20.885,22.197,23.703,26,48.80%,-
EMIDS,Stoke Bardolph 132kV,Nottingham East,Nottingham Island IDNO,NOTI5_MAIN1,New,11,0.61,0.96,0.605,0.605,0.605,0.605,0.605,0,48.80%,-
EMIDS,Stoke Bardolph 132kV,Nottingham East,Private Road No5 Colwick STOR,PRRC5STO,New,33,1.34,0.96,1.341,1.341,1.341,1.341,1.341,0,48.80%,-
EMIDS,Stoke Bardolph 132kV,Nottingham East,St Anns 11kV (T2) ,SANN5_BB_4F,Updated,11,5.61,0.96,5.684,5.961,6.289,6.635,7.210,23,48.80%,-
EMIDS,Stoke Bardolph 132kV,Nottingham East,St Anns 11kV (T3) ,SANN5_BB_3F,Updated,11,8.48,0.96,8.559,8.837,9.165,9.511,10.085,26,48.80%,-
EMIDS,Stoke Bardolph 132kV,Nottingham East,Stragglethorpe Road PV Solar Park,STRR3_MAIN1,New,33,0.01,0.96,0.007,0.007,0.007,0.007,0.007,0,48.80%,-
EMIDS,Stoke Bardolph 132kV,Nottingham East (GT1),-,NOTE3_MAIN1,Updated,33,35.56,0.96,36.674,38.866,40.723,42.393,44.773,0,48.80%,-
EMIDS,Stoke Bardolph 132kV,Nottingham East (GT2),-,NOTE3_MAIN2,Updated,33,35.56,0.96,36.674,38.866,40.723,42.393,44.773,0,48.80%,-
EMIDS,Stoke Bardolph 132kV,Nottingham North 33,Arnold (T2),ARNO5_MAIN2,Unchanged,11,5.75,0.96,6.077,6.503,6.850,7.182,7.600,19,48.80%,-
EMIDS,Stoke Bardolph 132kV,Nottingham North 33,Bilborough (T1),BILB5_MAIN1,Unchanged,11,5.43,0.96,5.821,6.149,6.446,6.779,7.116,21,48.80%,-
EMIDS,Stoke Bardolph 132kV,Nottingham North 33,Bilborough (T2),BILB5_MAIN2,Unchanged,11,5.31,0.96,5.699,6.026,6.324,6.656,6.993,21,48.80%,-
EMIDS,Stoke Bardolph 132kV,Nottingham North 33,Bulwell,BULW5_MAIN1,Unchanged,11,20.66,0.96,22.403,24.557,25.838,27.164,28.666,36,48.80%,-
EMIDS,Stoke Bardolph 132kV,Nottingham North 33,Cinderhill,CIND5_MAIN1,Unchanged,11,16.15,0.96,16.751,17.265,17.821,18.400,18.971,23,48.80%,-
EMIDS,Stoke Bardolph 132kV,Nottingham North 33,Marlborough Road,MARR5_MAIN1,Unchanged,11,14.95,0.96,15.490,17.276,17.708,18.329,18.917,20,48.80%,-
EMIDS,Stoke Bardolph 132kV,Nottingham North 33 (GT1),-,NOTN3_MAIN1,Updated,33,33.10,0.98,35.140,37.959,39.606,41.408,43.306,0,48.80%,-
EMIDS,Stoke Bardolph 132kV,Nottingham North 33 (GT2),-,NOTN3_MAIN2,Updated,33,33.10,0.98,35.140,37.959,39.606,41.408,43.306,0,48.80%,-
EMIDS,Walpole 132kV,Boston,Battery Lane BESS,BATL3_#3H0,Updated,33,9.72,0.96,9.720,9.720,9.720,9.720,9.720,0,54.76%,-
EMIDS,Walpole 132kV,Boston,Bicker Fen Wind Generation,BFGN3_2H3,New,33,0.21,0.96,0.214,0.214,0.214,0.214,0.214,0,54.76%,-
EMIDS,Walpole 132kV,Boston,Boston Biomass Generation,BOSB3_#1M0,New,33,2.15,0.96,2.154,2.154,2.154,2.154,2.154,0,54.76%,-
EMIDS,Walpole 132kV,Boston,Canopus Solar Farm,CANO3_#2M0,New,33,0.01,0.96,0.007,0.007,0.007,0.007,0.007,0,54.76%,-
EMIDS,Walpole 132kV,Boston,Donnington,DONI5_MAINA,Updated,11,10.16,1.00,10.340,10.732,11.039,11.320,11.771,23,54.76%,-
EMIDS,Walpole 132kV,Boston,Kirton,KIRT5_MAIN1,Unchanged,11,6.38,1.00,7.042,7.577,8.360,9.206,10.063,9.5,54.76%,-
EMIDS,Walpole 132kV,Boston,Langrick,LANK5_MAIN1,Unchanged,11,3.84,0.96,3.837,3.858,3.933,4.175,4.587,6,54.76%,-
EMIDS,Walpole 132kV,Boston,Leverton Solar Park,LRTN3_MAIN1,New,33,0.03,0.96,0.025,0.025,0.025,0.025,0.025,0,54.76%,-
EMIDS,Walpole 132kV,Boston,Marsh Lane,MSLA5_MAIN1,Unchanged,11,11.62,0.96,11.722,12.205,12.451,12.649,13.149,23,54.76%,-
EMIDS,Walpole 132kV,Boston,Mount Bridge,MOUB5_MAIN1,Unchanged,11,12.26,1.00,12.706,13.152,13.716,14.259,14.895,23,54.76%,-
EMIDS,Walpole 132kV,Boston,Nowhere Farm PV,NWRE3_MAIN1,New,33,0.04,0.96,0.042,0.042,0.042,0.042,0.042,0,54.76%,-
EMIDS,Walpole 132kV,Boston,Sleaford Road,SLER5_MAIN1,Unchanged,11,13.28,0.96,13.818,14.385,15.016,15.638,16.844,23,54.76%,-
EMIDS,Walpole 132kV,Boston,Stickney,STIC5_MAIN1,Unchanged,11,13.47,0.96,13.558,13.617,13.734,13.875,14.222,9.5,54.76%,-
EMIDS,Walpole 132kV,Boston,Wrangle (T1),WRAN5_MAIN1,Unchanged,11,2.53,0.96,2.552,2.567,2.596,2.631,2.718,0,54.76%,-
EMIDS,Walpole 132kV,Boston (GT1),-,BOST3_MAIN1,Updated,33,33.70,0.98,34.711,35.964,37.282,38.672,40.666,90,54.76%,-
EMIDS,Walpole 132kV,Boston (GT2),-,BOST3_MAIN2,Removed,33,32.46,0.98,63.114,99.249,137.956,179.695,223.038,90,45.79%,-
EMIDS,Walpole 132kV,Boston (GT2),-,BOST3_MAIN3,New,33,33.70,0.98,34.711,35.964,37.282,38.672,40.666,90,54.76%,-
EMIDS,Walpole 132kV,Bourne,Bourne 11,BOUR5_MAIN1,Unchanged,11,14.28,1.00,14.824,15.361,15.805,16.304,16.744,19,54.76%,-
EMIDS,Walpole 132kV,Bourne,Crowland (T2),CROL5_MAIN2,New,11,1.93,1.00,2.083,2.211,2.364,2.484,2.675,0,54.76%,-
EMIDS,Walpole 132kV,Bourne,Dowsby Fen,DOWF5_MAIN1,Unchanged,11,4.52,0.96,4.554,4.592,4.674,4.770,4.961,6,54.76%,-
EMIDS,Walpole 132kV,Bourne,Market Deeping (T2),MDEE5_MAIN2,Unchanged,11,5.73,0.96,5.812,6.102,6.282,6.531,6.871,0,54.76%,-
EMIDS,Walpole 132kV,Bourne,Tunnel Bank,TUBA5_MAIN1,Unchanged,11,8.02,0.97,7.969,8.225,8.203,8.168,8.173,12,54.76%,-
EMIDS,Walpole 132kV,Bourne,West Deeping (T2),WDEE5_MAIN2,Unchanged,11,3.44,0.99,3.458,3.486,3.529,3.586,3.699,0,54.76%,-
EMIDS,Walpole 132kV,Bourne (GT1),-,BOUR3_MAIN1,Updated,33,17.61,0.99,18.029,18.714,19.194,19.755,20.444,0,54.76%,-
EMIDS,Walpole 132kV,Bourne (GT2),-,BOUR3_MAIN2,Updated,33,17.61,0.99,18.029,18.714,19.194,19.755,20.444,0,54.76%,-
EMIDS,Walpole 132kV,Bourne West 25 (GT1),-,BYTH8_MAIN2,New,25,1.86,0.96,1.858,1.858,1.858,1.858,1.858,0,54.76%,-
EMIDS,Walpole 132kV,Sleaford REP,-,SLRP1_110,New,132,3.86,0.96,3.864,3.864,3.864,3.864,3.864,0,54.76%,-
EMIDS,Walpole 132kV,Spalding & South Holland,Clay Lake Generation,CLAL3_#1H0,New,33,0.11,0.96,0.110,0.110,0.110,0.110,0.110,0,54.76%,-
EMIDS,Walpole 132kV,Spalding & South Holland,Crowland (T1),CROL5_MAIN1,Updated,11,3.66,0.96,3.811,3.940,4.092,4.212,4.403,0,54.76%,-
EMIDS,Walpole 132kV,Spalding & South Holland,Decoy Farm Generation,DECO3_MAIN1,New,33,0.23,0.96,0.233,0.233,0.233,0.233,0.233,0,54.76%,-
EMIDS,Walpole 132kV,Spalding & South Holland,Deeping St Nicholas Wind Generation,DEEP3_#2H0,New,33,0.77,0.96,0.769,0.769,0.769,0.769,0.769,0,54.76%,-
EMIDS,Walpole 132kV,Spalding & South Holland,French Farm Wind Farm,FREF3_MAIN1,New,33,0.08,0.96,0.077,0.077,0.077,0.077,0.077,0,54.76%,-
EMIDS,Walpole 132kV,Spalding & South Holland,Holbeach (T1),HOLB5_MAIN1,Unchanged,11,6.84,0.96,6.978,7.280,7.481,7.756,8.120,0,54.76%,-
EMIDS,Walpole 132kV,Spalding & South Holland,Holbeach (T2),HOLB5_MAIN2,Unchanged,11,7.04,0.96,7.179,7.481,7.682,7.957,8.321,0,54.76%,-
EMIDS,Walpole 132kV,Spalding & South Holland,Horsemoor Drove Solar,HORD3_#2M0,New,33,0.02,0.96,0.021,0.021,0.021,0.021,0.021,0,54.76%,-
EMIDS,Walpole 132kV,Spalding & South Holland,Long Sutton,LSUT5_MAIN1,Unchanged,11,13.67,0.96,13.867,14.278,14.580,14.881,15.268,23,54.76%,-
EMIDS,Walpole 132kV,Spalding & South Holland,Park Road Spalding,PARR5_MAIN1,Unchanged,11,19.89,1.00,20.291,21.085,21.653,22.239,22.888,29.6,54.76%,-
EMIDS,Walpole 132kV,Spalding & South Holland,Redhouse Farm Wind Farm Gedney,RHWF3_2H3,New,33,0.41,0.96,0.405,0.405,0.405,0.405,0.405,0,54.76%,-
EMIDS,Walpole 132kV,Spalding & South Holland,Spalding 11,SPAL5_MAIN1,Unchanged,11,11.51,0.96,11.780,12.929,13.809,14.672,15.916,19,54.76%,-
EMIDS,Walpole 132kV,Spalding & South Holland,The Grange Windfarm,GRWF3WF1,New,33,0.15,0.96,0.150,0.150,0.150,0.150,0.150,0,54.76%,-
EMIDS,Walpole 132kV,Spalding & South Holland,Wardentree Park,WAPA5_MAIN1,Unchanged,11,9.95,0.96,9.957,10.327,10.314,10.265,10.312,23,54.76%,-
EMIDS,Walpole 132kV,Spalding & South Holland,Whaplode Drove,WHAD5_MAIN1,Unchanged,11,3.33,0.96,3.354,3.383,3.441,3.519,3.760,0,54.76%,-
EMIDS,Walpole 132kV,Spalding & South Holland (GT1),-,SOHO3_MAIN1,Updated,33,24.22,0.97,24.559,25.284,25.795,26.383,27.147,0,54.76%,-
EMIDS,Walpole 132kV,Spalding & South Holland (GT1),-,SPAL3_MAIN1,Updated,33,24.22,0.97,24.706,26.086,27.006,27.897,29.053,0,54.76%,-
EMIDS,Walpole 132kV,Spalding & South Holland (GT2),-,SPAL3_MAIN2,Updated,33,24.22,0.97,24.706,26.086,27.006,27.897,29.053,0,54.76%,-
EMIDS,Walpole 132kV,Stamford,Ketton Cement 11kV,"KETC5_MAIN2, KETC5_MAIN3",New,11,25.45,0.96,25.446,25.446,25.446,25.446,25.446,58,54.76%,-
EMIDS,Walpole 132kV,Stamford,Market Deeping (T1),MDEE5_MAIN1,Unchanged,11,2.58,0.96,2.669,2.959,3.140,3.388,3.728,0,54.76%,-
EMIDS,Walpole 132kV,Stamford,Stamford (T3 T4),STAM5_MAIN1,Unchanged,11,16.88,0.96,18.494,19.037,19.577,20.168,21.028,19,54.76%,-
EMIDS,Walpole 132kV,Stamford,Tinwell Road,TINR5_MAIN1,Unchanged,11,3.33,0.96,3.402,3.515,3.654,3.809,4.396,9.5,54.76%,-
EMIDS,Walpole 132kV,Stamford,West Deeping (T1),WDEE5_MAIN1,Unchanged,11,2.03,1.00,2.046,2.075,2.117,2.174,2.287,0,54.76%,-
EMIDS,Walpole 132kV,Stamford,Wittering,WITT5_MAIN1,Unchanged,11,6.12,0.99,6.207,6.328,6.491,6.680,6.978,0,54.76%,-
EMIDS,Walpole 132kV,Stamford (GT1),-,STAM3_MAIN1,Updated,33,15.19,0.98,16.048,16.451,16.865,17.345,18.204,0,54.76%,-
EMIDS,Walpole 132kV,Stamford (GT2),-,STAM3_MAIN2,Updated,33,15.19,0.98,16.048,16.451,16.865,17.345,18.204,0,54.76%,-
EMIDS,Walpole 132kV,Stamford 33kV SD,Ketton Cement 11kV,KETC3_MAIN1,Removed,33,8.77,0.96,8.774,8.774,8.774,8.774,8.774,0,45.79%,-
EMIDS,Walpole 132kV,Stamford 33kV SD,Ketton Cement 11kV,KETC3_MAIN2,Removed,33,8.77,0.96,8.774,8.774,8.774,8.774,8.774,0,45.79%,-
EMIDS,Walpole 132kV,Stamford 33kV SD,Ketton Cement 11kV,KETC3_MAIN3,Removed,33,8.77,0.96,8.774,8.774,8.774,8.774,8.774,0,45.79%,-
EMIDS,West Burton 132kV,Branston Solar,-,BMPV1_110,New,132,0.14,0.96,0.144,0.144,0.144,0.144,0.144,0,36.31%,-
EMIDS,West Burton 132kV,Lincoln 132 11 (GT3 & GT4),-,LINC5_MAIN34,Updated,11,27.86,1.00,28.143,28.612,29.062,29.820,31.526,0,36.31%,-
EMIDS,West Burton 132kV,Lincoln 132 11 (GT5),-,LINC5_MAIN5,Updated,11,3.46,0.99,3.596,3.830,4.055,4.434,5.287,0,36.31%,-
EMIDS,West Burton 132kV,Lincoln 33,Airfield Fiskerton Solar,FIGA3_#2H0,New,33,0.08,0.96,0.076,0.076,0.076,0.076,0.076,0,36.31%,-
EMIDS,West Burton 132kV,Lincoln 33,Anderson Lane,ANDL5_MAIN1,Unchanged,11,14.61,0.96,15.764,16.913,18.011,19.183,20.309,23,36.31%,-
EMIDS,West Burton 132kV,Lincoln 33,Beevor Street,BEVS5_MAIN1,Unchanged,11,10.57,0.96,10.454,10.552,10.481,10.445,10.542,23,36.31%,-
EMIDS,West Burton 132kV,Lincoln 33,Branston South Solar Farm,BRMR3_MAIN1,New,33,0.02,0.96,0.023,0.023,0.023,0.023,0.023,0,36.31%,-
EMIDS,West Burton 132kV,Lincoln 33,Doddington Park,DODP5_MAIN1,Unchanged,11,13.31,0.96,13.838,14.401,15.376,16.546,17.654,19,36.31%,-
EMIDS,West Burton 132kV,Lincoln 33,EFW Paving Way Switching Station,EFWG3_#2H0,New,33,5.94,0.96,5.942,5.942,5.942,5.942,5.942,0,36.31%,-
EMIDS,West Burton 132kV,Lincoln 33,Fiskerton (T1 T2),FISK5_MAIN1,Unchanged,11,11.36,1.00,11.612,12.040,12.372,12.737,13.164,0,36.31%,-
EMIDS,West Burton 132kV,Lincoln 33,Fiskerton (T3),FISK5_MAIN3,Unchanged,11,0.02,0.16,0.144,0.357,0.524,0.706,0.920,0,36.31%,-
EMIDS,West Burton 132kV,Lincoln 33,Fiskerton Solar Farm,FKSP3_#2M0,New,33,0.05,0.96,0.046,0.046,0.046,0.046,0.046,0,36.31%,-
EMIDS,West Burton 132kV,Lincoln 33,Leverton Battery Storage,LEVB3_#3H0,New,33,10.12,0.96,10.123,10.123,10.123,10.123,10.123,0,36.31%,-
EMIDS,West Burton 132kV,Lincoln 33,Metheringham (T1),MTGH5_MAIN1,Unchanged,11,6.83,0.99,6.909,6.991,7.091,7.204,7.389,0,36.31%,-
EMIDS,West Burton 132kV,Lincoln 33,North Hykeham,NHYK5_MAIN1,Removed,11,16.18,1.00,24.665,33.480,42.828,52.683,63.071,42,39.81%,-
EMIDS,West Burton 132kV,Lincoln 33,North Hykeham (T1),NHYK5_MAIN1A,New,11,5.55,1.00,5.756,6.003,6.223,6.445,6.828,0,36.31%,-
EMIDS,West Burton 132kV,Lincoln 33,North Hykeham (T2),NHYK5_MAIN1B,New,11,5.55,1.00,5.756,6.003,6.223,6.445,6.828,0,36.31%,-
EMIDS,West Burton 132kV,Lincoln 33,North Hykeham (T3),NHYK5_MAIN3B,New,11,5.55,1.00,5.756,6.003,6.223,6.445,6.828,0,36.31%,-
EMIDS,West Burton 132kV,Lincoln 33,Rookery Lane,ROOL5_MAIN1,Unchanged,11,11.98,1.00,12.429,14.113,15.368,16.632,17.923,15,36.31%,-
EMIDS,West Burton 132kV,Lincoln 33,Ruston and Hornsby,RUST7_MAIN1,Unchanged,6.6,2.46,0.96,2.442,2.431,2.421,2.412,2.409,21.75,36.31%,-
EMIDS,West Burton 132kV,Lincoln 33,South Carlton,SOUC5_MAIN1,Unchanged,11,9.65,0.96,10.049,10.526,10.922,11.270,11.648,23,36.31%,-
EMIDS,West Burton 132kV,Lincoln 33,Waddington (T1),WADD5_MAIN1,Unchanged,11,5.11,0.99,5.198,5.289,5.397,5.522,5.687,0,36.31%,-
EMIDS,West Burton 132kV,Lincoln 33,Waddington (T4),WADD5_MAIN2,Unchanged,11,5.36,1.00,5.455,5.546,5.654,5.779,5.945,0,36.31%,-
EMIDS,West Burton 132kV,Lincoln 33,Wragby,WRAG5_MAIN1,Unchanged,11,4.77,1.00,4.845,4.981,5.112,5.269,5.543,6,36.31%,-
EMIDS,West Burton 132kV,Lincoln 33 (GT1),-,LINC3_MAIN1,Updated,33,35.63,0.99,36.874,38.792,40.534,42.359,44.437,0,36.31%,-
EMIDS,West Burton 132kV,Lincoln 33 (GT2),-,LINC3_MAIN2,Updated,33,35.63,0.99,36.874,38.792,40.534,42.359,44.437,0,36.31%,-
EMIDS,West Burton 132kV,Lincoln 33 (GT6),-,LINC3_MAIN6,Updated,33,35.63,0.99,36.874,38.792,40.534,42.359,44.437,0,36.31%,-
EMIDS,West Burton 132kV,North Greetwell Switching Station,Hatton Gas compressor,HAGC1_110,Updated,132,59.06,0.99,59.057,59.057,59.057,59.057,59.057,0,36.31%,-
EMIDS,West Burton 132kV,Retford 25,Retford BR,"RETF8_MAIN1, RETF8_MAIN2",New,25,13.13,0.96,13.133,13.133,13.133,13.133,13.133,0,36.31%,-
EMIDS,West Burton 132kV,Retford 25kV SD,Retford BR,RETF8_MAIN1,Removed,25,9.06,0.96,9.059,9.059,9.059,9.059,9.059,0,39.81%,-
EMIDS,West Burton 132kV,Retford 25kV SD,Retford BR,RETF8_MAIN2,Removed,25,9.06,0.96,9.059,9.059,9.059,9.059,9.059,0,39.81%,-
EMIDS,West Burton 132kV,Tiln Farm,-,TIRE1_110,New,132,29.35,0.96,29.351,29.351,29.351,29.351,29.351,0,36.31%,-
EMIDS,West Burton 132kV,Tiln Farm,-,TIRE1_MAIN1,Removed,132,25.37,0.96,25.365,25.365,25.365,25.365,25.365,0,39.81%,-
EMIDS,West Burton 132kV,Worksop,Highgrounds Generation,HIGR5GEN,New,11,0.24,0.96,0.240,0.240,0.240,0.240,0.240,0,36.31%,-
EMIDS,West Burton 132kV,Worksop,Kilton Road,KILR5_MAIN1,Unchanged,11,15.28,0.96,16.100,17.014,17.855,18.763,19.683,14,36.31%,-
EMIDS,West Burton 132kV,Worksop,Manton,MANT5_MAIN1,Unchanged,11,10.75,0.96,14.111,14.958,20.556,24.885,26.146,23,36.31%,-
EMIDS,West Burton 132kV,Worksop,Worksop West,WORW5_MAIN1,Unchanged,11,11.51,0.96,11.900,12.043,12.171,12.408,12.568,14,36.31%,-
EMIDS,West Burton 132kV,Worksop (GT1),-,WORK3_MAIN1,Updated,33,17.10,0.96,19.248,20.210,23.245,25.942,27.176,0,36.31%,-
EMIDS,West Burton 132kV,Worksop (GT2),-,WORK3_MAIN2,Updated,33,17.10,0.96,19.248,20.210,23.245,25.942,27.176,0,36.31%,-
EMIDS,Willington 132kV,Burnaston 132 11,-,TOYO5_BB_1,Updated,11,13.06,0.99,13.056,13.056,13.056,13.056,13.056,60,46.96%,-
EMIDS,Willington 132kV,Derby 132 11 (GT1B1),-,DERB5_BB_11,Updated,11,6.32,0.96,6.605,6.932,7.238,7.580,7.962,-,46.96%,-
EMIDS,Willington 132kV,Derby 132 11 (GT1B2),-,DERB5_BB_21,Updated,11,4.91,1.00,5.195,5.523,5.829,6.171,6.553,-,46.96%,-
EMIDS,Willington 132kV,Derby 132 11 (GT2B3),-,DERB5_BB_12,Updated,11,6.31,0.96,6.595,6.922,7.228,7.570,7.952,-,46.96%,-
EMIDS,Willington 132kV,Derby 132 11 (GT2B4),-,DERB5_BB_22,Updated,11,4.86,1.00,5.146,5.474,5.780,6.122,6.504,-,46.96%,-
EMIDS,Willington 132kV,Derby 33,Chaddesden,CHDN5_BB_1,Removed,11,16.23,0.96,23.682,31.369,39.558,48.304,57.639,20,44.51%,-
EMIDS,Willington 132kV,Derby 33,Chaddesden,CHDN5_MAIN1,New,11,16.48,0.96,17.864,19.294,20.991,23.027,25.354,20,46.96%,-
EMIDS,Willington 132kV,Derby 33,Darley Abbey,DAAB5_BB_1,Unchanged,11,14.83,0.99,15.438,15.951,16.626,17.105,17.681,19,46.96%,-
EMIDS,Willington 132kV,Derby 33,Mackworth,MACK5_BB_1,Unchanged,11,19.02,0.96,20.599,22.509,24.135,26.167,27.977,28.5,46.96%,-
EMIDS,Willington 132kV,Derby 33,Smart Parc IDNO,SMTP5_MAIN1,New,11,2.27,0.90,2.270,2.270,2.270,2.270,2.270,0,46.96%,-
EMIDS,Willington 132kV,Derby 33 (GT1A),-,DERB3_MAIN1,Updated,33,25.50,0.99,27.285,29.212,31.142,33.280,35.458,90,46.96%,-
EMIDS,Willington 132kV,Derby 33 (GT2A),-,DERB3_MAIN2,Updated,33,25.50,0.99,27.285,29.212,31.142,33.280,35.458,90,46.96%,-
EMIDS,Willington 132kV,Derby South,Allenton,ALLE5_BB_1,Removed,11,25.04,0.96,32.301,39.771,47.731,56.222,65.255,38,44.51%,-
EMIDS,Willington 132kV,Derby South,Allenton (T1),ALLE5_MAIN1,New,11,8.48,0.96,9.340,10.136,11.033,12.021,12.980,19,46.96%,-
EMIDS,Willington 132kV,Derby South,Allenton (T2),ALLE5_MAIN2,New,11,8.48,0.96,9.340,10.136,11.033,12.021,12.980,19,46.96%,-
EMIDS,Willington 132kV,Derby South,Allenton (T3),ALLE5_MAIN3,New,11,8.48,0.96,9.340,10.136,11.033,12.021,12.980,19,46.96%,-
EMIDS,Willington 132kV,Derby South,Bombardier Transportation,"BOMB3_#1H0, BOMB3_#2H0",New,33,1.75,0.96,1.754,1.754,1.754,1.754,1.754,0,46.96%,-
EMIDS,Willington 132kV,Derby South,Derby Waste Sinfin Lane,DERW3_#2H0,New,33,0.39,0.96,0.388,0.388,0.388,0.388,0.388,0,46.96%,-
EMIDS,Willington 132kV,Derby South,Eagle Centre,EGCT5_BB_1,Unchanged,11,11.12,0.96,13.366,13.890,14.485,14.748,15.128,19,46.96%,-
EMIDS,Willington 132kV,Derby South,Infinity Park (T1),INFP5_BB_1,Unchanged,11,3.41,1.00,3.451,3.488,3.533,3.589,3.655,15.6,46.96%,-
EMIDS,Willington 132kV,Derby South,Infinity Park (T2),INFP5_BB_2,Unchanged,11,3.43,1.00,3.471,3.508,3.553,3.609,3.675,15.6,46.96%,-
EMIDS,Willington 132kV,Derby South,Melbourne (T2),MLBN5_BB_2,Unchanged,11,8.72,0.96,8.695,8.714,8.746,8.749,8.774,0,46.96%,-
EMIDS,Willington 132kV,Derby South,Normanton,NOMN5_BB_1,Unchanged,11,22.74,0.96,24.444,26.477,28.667,31.098,33.460,38,46.96%,-
EMIDS,Willington 132kV,Derby South,Sinfin A,"SINA7_BB_3, SINA7_BB_1",New,6.6,7.30,0.96,7.296,7.296,7.296,7.296,7.296,66,46.96%,-
EMIDS,Willington 132kV,Derby South,Sinfin E,SINE7_BB_1,Updated,6.6,8.51,0.96,8.514,8.514,8.514,8.514,8.514,19,46.96%,-
EMIDS,Willington 132kV,Derby South,Sinfin Lane,SINL5_BB_1,Removed,11,14.71,1.00,17.844,21.179,24.719,28.479,32.472,18.8,44.51%,-
EMIDS,Willington 132kV,Derby South,Sinfin Lane,SINL5_MAIN1,New,11,13.66,1.00,15.531,17.677,20.033,22.453,25.002,18.8,46.96%,-
EMIDS,Willington 132kV,Derby South (GT1),-,DERS3_MAIN1,Updated,33,21.24,0.98,22.919,24.286,25.731,27.188,28.674,0,46.96%,-
EMIDS,Willington 132kV,Derby South (GT2),-,DERS3_MAIN2,Removed,33,21.22,0.97,25.415,29.859,34.749,40.119,45.986,270,44.51%,-
EMIDS,Willington 132kV,Derby South (GT2),-,DERS3_MAIN3,New,33,21.24,0.98,22.919,24.286,25.731,27.188,28.674,0,46.96%,-
EMIDS,Willington 132kV,Derby South (GT3),-,DERS3_MAIN4,Updated,33,21.24,0.98,22.919,24.286,25.731,27.188,28.674,0,46.96%,-
EMIDS,Willington 132kV,Derby South (GT4),-,DERS3_MAIN5,Updated,33,21.24,0.98,22.919,24.286,25.731,27.188,28.674,0,46.96%,-
EMIDS,Willington 132kV,Derby South 33kV SD,Bombardier Transportation 1,BOMB3J,Removed,33,2.17,0.96,2.174,2.174,2.174,2.174,2.174,0,44.51%,-
EMIDS,Willington 132kV,Derby South 33kV SD,Bombardier Transportation 2,BOMB3K,Removed,33,0.18,0.96,0.184,0.184,0.184,0.184,0.184,0,44.51%,-
EMIDS,Willington 132kV,Heanor,Denby,DENB5_BB_1,Unchanged,11,9.81,0.99,10.224,10.604,11.065,11.466,12.724,19,46.96%,-
EMIDS,Willington 132kV,Heanor,Heanor 11,HEAN5_BB_1,Unchanged,11,23.96,0.99,24.313,24.797,25.408,26.293,27.236,27,46.96%,-
EMIDS,Willington 132kV,Heanor,Moorgreen,MORG5_BB_1,Unchanged,11,13.62,0.96,14.163,14.724,15.299,15.916,16.354,23,46.96%,-
EMIDS,Willington 132kV,Heanor,Morley (T1),MORL5_BB_1,Unchanged,11,2.51,0.96,2.572,2.718,2.858,2.959,3.019,14,46.96%,-
EMIDS,Willington 132kV,Heanor,Ripley,RIPL5_BB_1,Removed,11,11.09,1.00,18.274,25.726,33.695,42.232,51.367,15,44.51%,-
EMIDS,Willington 132kV,Heanor,Ripley,RIPL5_MAIN1,New,11,11.22,1.00,11.677,12.137,12.686,13.264,14.374,15,46.96%,-
EMIDS,Willington 132kV,Heanor,Taylor Lane STOR,TALN3_#2H0,New,33,0.05,0.96,0.049,0.049,0.049,0.049,0.049,0,46.96%,-
EMIDS,Willington 132kV,Heanor,Watnall,WATN5_BB_1,Unchanged,11,9.08,0.96,9.690,9.852,10.031,10.325,10.917,23,46.96%,-
EMIDS,Willington 132kV,Heanor,Westwood,WEWO5_BB_1,Unchanged,11,9.16,0.96,9.957,10.308,10.736,11.271,12.635,18,46.96%,-
EMIDS,Willington 132kV,Heanor (GT1),-,HEAN3_MAIN1,Updated,33,37.80,0.99,39.429,40.729,42.209,43.904,46.665,0,46.96%,-
EMIDS,Willington 132kV,Heanor (GT2),-,HEAN3_MAIN2,Updated,33,37.80,0.99,39.429,40.729,42.209,43.904,46.665,0,46.96%,-
EMIDS,Willington 132kV,Spondon,Belper,BELP5_BB_1,Unchanged,11,14.49,0.96,14.899,15.417,15.905,16.322,17.120,19,46.96%,-
EMIDS,Willington 132kV,Spondon,Castle Donington,CADO5_BB_1,Unchanged,11,10.71,0.96,12.103,12.223,12.694,12.852,13.432,15,46.96%,-
EMIDS,Willington 132kV,Spondon,Melbourne (T1),MLBN5_BB_1,Unchanged,11,1.12,0.96,1.095,1.113,1.145,1.148,1.174,0,46.96%,-
EMIDS,Willington 132kV,Spondon,Morley (T2),MORL5_BB_2,Unchanged,11,2.36,0.96,2.422,2.568,2.709,2.810,2.869,9.5,46.96%,-
EMIDS,Willington 132kV,Spondon,Spondon 11,SPON5_BB_1,Unchanged,11,26.33,0.96,27.564,29.098,30.652,31.983,33.315,32,46.96%,-
EMIDS,Willington 132kV,Spondon,Spondon Peaking STOR,SPOP3_MAIN1,New,33,0.33,0.96,0.333,0.333,0.333,0.333,0.333,0,46.96%,-
EMIDS,Willington 132kV,Spondon,Trent Lane,TREL5_BB_1,Unchanged,11,9.74,0.96,10.746,13.264,15.858,16.052,16.496,23,46.96%,-
EMIDS,Willington 132kV,Spondon (GT1),-,SPON3_MAIN1,Updated,33,31.21,0.96,33.193,35.725,38.429,39.935,42.052,0,46.96%,-
EMIDS,Willington 132kV,Spondon (GT2),-,SPON3_MAIN2,Updated,33,31.21,0.96,33.193,35.725,38.429,39.935,42.052,0,46.96%,-
EMIDS,Willington 132kV,Stanton,Ilkeston,ILKE5_BB_1,Unchanged,11,16.74,0.96,17.507,18.508,19.295,19.881,20.817,15,46.96%,-
EMIDS,Willington 132kV,Stanton,Little Hallam,LTLH5_BB_1,Unchanged,11,17.50,0.96,18.036,18.876,19.687,20.572,21.829,20,46.96%,-
EMIDS,Willington 132kV,Stanton,Sandiacre,SANR5_BB_1,Unchanged,11,11.95,0.96,12.627,12.991,13.337,13.914,14.472,19,46.96%,-
EMIDS,Willington 132kV,Stanton (GT1),-,STAN3_MAIN1,Updated,33,26.20,0.98,27.185,28.288,29.380,30.532,32.349,0,46.96%,-
EMIDS,Willington 132kV,Stanton (GT2),-,STAN3_MAIN2,Updated,33,26.20,0.98,27.185,28.288,29.380,30.532,32.349,0,46.96%,-
EMIDS,Willington 132kV,Uttoxeter,Church Street,CHST5_BB_1,Unchanged,11,14.69,0.96,15.246,16.989,17.815,19.271,21.049,19,46.96%,-
EMIDS,Willington 132kV,Uttoxeter,Dove Valley,DOVV5_MAIN1,New,11,2.90,0.99,2.901,2.901,2.901,2.901,2.901,23,46.96%,-
EMIDS,Willington 132kV,Uttoxeter,Green Lane Marchington PV,GRLA3_MAIN1,New,33,0.02,0.96,0.022,0.022,0.022,0.022,0.022,0,46.96%,-
EMIDS,Willington 132kV,Uttoxeter,Holtwood Farm Solar Park,HOLF3_MAIN1,New,33,0.02,0.96,0.018,0.018,0.018,0.018,0.018,0,46.96%,-
EMIDS,Willington 132kV,Uttoxeter,Marchington,MRCH5_BB_1,Removed,11,8.29,0.98,17.540,26.846,36.713,47.192,58.992,19,44.51%,-
EMIDS,Willington 132kV,Uttoxeter,Marchington,MRCH5_MAIN1,New,11,9.02,0.98,9.032,9.206,9.262,9.344,9.634,23,46.96%,-
EMIDS,Willington 132kV,Uttoxeter,"Moat Farm, Drayton-In-The-Clay Solar Site",MTFM3_#1H0,New,33,0.01,0.96,0.012,0.012,0.012,0.012,0.012,0,46.96%,-
EMIDS,Willington 132kV,Uttoxeter,Rocester,ROCE5_BB_1,Removed,11,11.53,0.97,16.851,22.230,27.718,33.333,39.035,19,44.51%,-
EMIDS,Willington 132kV,Uttoxeter,Rocester,ROCE5_MAIN1,New,11,12.05,0.98,11.988,12.020,12.026,12.061,12.129,19,46.96%,-
EMIDS,Willington 132kV,Uttoxeter,Twin Oaks,TWIO3_MAIN1,New,33,0.03,0.96,0.031,0.031,0.031,0.031,0.031,0,46.96%,-
EMIDS,Willington 132kV,Uttoxeter (GT1),-,UTTO3_MAIN1,Updated,33,18.00,0.97,18.253,19.228,19.672,20.445,21.345,45,46.96%,-
EMIDS,Willington 132kV,Uttoxeter (GT2),-,UTTO3_MAIN2,Updated,33,18.00,0.97,18.253,19.228,19.672,20.445,21.345,45,46.96%,-
EMIDS,Willington 132kV,Winster,Ashbourne,ASHN5_BB_1,Unchanged,11,14.21,0.96,14.469,15.128,15.344,15.732,17.230,21,46.96%,-
EMIDS,Willington 132kV,Winster,Bakewell,BAKE5_BB_1,Unchanged,11,5.10,0.96,5.169,5.262,5.381,5.525,5.834,0,46.96%,-
EMIDS,Willington 132kV,Winster,Cromford,CROM5_BB_A,Removed,11,1.68,0.96,2.873,4.171,5.662,7.346,9.226,13,44.51%,-
EMIDS,Willington 132kV,Winster,Cromford,CROM5_MAIN1,New,11,3.56,0.96,3.662,4.655,4.872,5.071,5.376,15,46.96%,-
EMIDS,Willington 132kV,Winster,Dayfields Farm PV,DAYF3_#3H5,New,33,0.01,0.96,0.013,0.013,0.013,0.013,0.013,0,46.96%,-
EMIDS,Willington 132kV,Winster,Hopton,HOPT5_BB_B,Removed,11,5.85,0.92,19.538,33.300,47.254,61.429,76.090,11,44.51%,-
EMIDS,Willington 132kV,Winster,Hopton,HOPT5_MAIN2,New,11,19.42,0.96,19.414,19.418,19.445,19.598,20.462,15,46.96%,-
EMIDS,Willington 132kV,Winster,Longcliffe,LNCL5_BB_1,Unchanged,11,8.65,0.96,8.543,8.442,8.353,8.267,8.204,23,46.96%,-
EMIDS,Willington 132kV,Winster,Matlock,MATL5_BB_1,Unchanged,11,11.50,1.00,11.794,12.468,12.926,13.630,14.491,19,46.96%,-
EMIDS,Willington 132kV,Winster,Millclose,MLCL5_BB_1,Unchanged,11,9.08,0.99,9.161,9.240,9.370,9.501,9.674,21,46.96%,-
EMIDS,Willington 132kV,Winster (GT1),-,WINS3_MAIN1,Updated,33,24.99,0.98,25.341,26.390,26.898,27.665,29.486,60,46.96%,-
EMIDS,Willington 132kV,Winster (GT2),-,WINS3_MAIN2,Updated,33,24.99,0.98,25.341,26.390,26.898,27.665,29.486,60,46.96%,-
SWALES,Cardiff East / Aberthaw,Brynhill & East Ab 132,Aberthaw Cement 33kV,"ABTC3_1L5, ABTC3_2L5",Updated,33,0.90,13.37,13.365,13.365,13.365,13.365,13.365,-,39.81%,Load shared between nodes. See note 4.
SWALES,Cardiff East / Aberthaw,Brynhill & East Ab 132,Boverton 11kV,BOVE5,Updated,11,1.00,8.40,8.618,8.858,9.154,9.489,10.038,16.84,39.81%,-
SWALES,Cardiff East / Aberthaw,Brynhill & East Ab 132,Broad Street / Ship Hill / Court Rd 11kV,"BROA5, COUR5",Updated,11,1.00,12.55,12.738,12.962,13.318,13.751,14.460,19.29,39.81%,Group operating in parallel Broad Street/ Ship Hill / Brynhill / Court Rd 11kV.
SWALES,Cardiff East / Aberthaw,Brynhill & East Ab 132,Brynhill 11kV,BRHI5,Updated,11,1.00,11.66,12.046,12.388,12.753,13.172,13.592,23,39.81%,-
SWALES,Cardiff East / Aberthaw,Brynhill & East Ab 132,Cowbridge 11kV,COWB5,Updated,11,0.99,5.16,5.402,5.640,5.966,6.160,6.435,11.43,39.81%,-
SWALES,Cardiff East / Aberthaw,Brynhill & East Ab 132,East Aberthaw / Brynhill 33kV,"BRHI3_MAIN1, BRHI3_MAIN2, BRHI3_MAIN3, EAST3_MAIN1, EAST3_MAIN2",Updated,33,1.00,53.85,54.955,81.075,82.482,83.952,86.012,105,39.81%,Group operating in parallel Brynhill 33kV/East Aberthaw33kV
SWALES,Cardiff East / Aberthaw,Brynhill & East Ab 132,East Aberthaw 11kV,EAST5,Updated,11,0.99,9.15,9.209,9.257,9.322,9.413,9.523,12.6,39.81%,-
SWALES,Cardiff East / Aberthaw,Cardiff Cental & West 33,Canton 11kV,CANT5,Updated,11,1.00,6.05,6.348,6.578,6.766,6.983,7.376,14,39.81%,-
SWALES,Cardiff East / Aberthaw,Cardiff Cental & West 33,Cardiff West / Central 33kV,"CARC3_MAIN1, CARC3_MAIN2, CARC3_MAIN3, CARW3_MAIN1, CARW3_MAIN2",Updated,33,1.00,97.22,101.413,105.470,109.792,113.726,119.120,136,39.81%,Group operating in parallel Cardiff West 33kV/Cardiff Central 33kV
SWALES,Cardiff East / Aberthaw,Cardiff Cental & West 33,Ely 11kV,ELY_5,Updated,11,1.00,5.48,5.900,6.465,6.909,7.491,8.265,23,39.81%,-
SWALES,Cardiff East / Aberthaw,Cardiff Cental & West 33,Fairwater 11kV,FAIR5,Updated,11,0.99,8.18,8.486,8.838,9.287,9.873,10.391,14,39.81%,-
SWALES,Cardiff East / Aberthaw,Cardiff Cental & West 33,Highmead 11kV,HIGH5,Updated,11,1.00,13.14,13.379,13.625,13.930,14.278,14.665,23,39.81%,-
SWALES,Cardiff East / Aberthaw,Cardiff Cental & West 33,Llandough 11kV,LLDO5,Updated,11,1.00,6.37,7.047,7.627,8.219,8.827,9.541,11.43,39.81%,-
SWALES,Cardiff East / Aberthaw,Cardiff Cental & West 33,Penarth 11kV,PENA5,Updated,11,1.00,11.76,12.049,12.368,12.763,13.290,13.870,19,39.81%,-
SWALES,Cardiff East / Aberthaw,Cardiff Cental & West 33,Sanatorium 11kV,SANA5,Updated,11,0.95,5.91,6.161,6.544,6.876,7.159,7.784,10.1,39.81%,-
SWALES,Cardiff East / Aberthaw,Cardiff Cental & West 33,Sandon Street 11kV,SAND5,Updated,11,1.00,9.15,9.498,9.778,10.126,10.267,10.427,23,39.81%,-
SWALES,Cardiff East / Aberthaw,Cardiff Cental & West 33,Sports Village 33kV,SPVL31,Updated,33,1.00,9.96,9.964,9.964,9.964,9.964,9.964,-,39.81%,-
SWALES,Cardiff East / Aberthaw,Cardiff Cental & West 33,Taff Bank 11kV,TAFF5,Updated,11,1.00,5.51,6.422,7.563,8.979,9.721,11.029,23,39.81%,-
SWALES,Cardiff East / Aberthaw,Cardiff Cental & West 33,Wood Street 11kV,WOOD5,Updated,11,1.00,18.05,18.517,18.501,18.374,18.293,18.264,38,39.81%,-
SWALES,Cardiff East / Aberthaw,Cardiff Ea & Aberthaw 132,Cardiff East 11kV,CARE5,Updated,11,1.00,20.93,21.606,22.584,23.287,24.071,25.676,29.95,39.81%,-
SWALES,Cardiff East / Aberthaw,Cardiff Ea & Aberthaw 132,Cardiff South 11kV,"CARS5_BB_A, CARS5_BB_B",Updated,11,1.00,12.79,13.386,19.289,21.359,23.300,24.965,38.11,39.81%,Load shared between nodes. See note 4.
SWALES,Cardiff East / Aberthaw,Cardiff Ea & Aberthaw 132,Dow Corning 132kV,"SULG1_&304, SULG1_&404",Updated,132,0.93,20.12,20.120,20.120,20.120,20.120,20.120,-,39.81%,Load shared between nodes. See note 4.
SWALES,Cardiff East / Aberthaw,Cardiff Ea & Aberthaw 132,GKN Rodmills 11kV,"CARC5_GT1A, CARC5_GT2B",Updated,11,0.81,27.20,27.198,27.198,27.198,27.198,27.198,-,39.81%,Load shared between nodes. See note 4.
SWALES,Cardiff East / Aberthaw,Cardiff Ea & Aberthaw 132,Grangetown 11kV,GRAT5,Updated,11,0.95,16.49,17.011,17.823,18.272,18.968,20.099,30,39.81%,-
SWALES,Cardiff East / Aberthaw,Cardiff Ea & Aberthaw 132,Rover Way 11kV,ROVE5,Updated,11,1.00,10.14,9.975,10.349,10.420,10.588,11.019,30,39.81%,-
SWALES,Cardiff East / Aberthaw,Cardiff Ea & Aberthaw 132,Sully 11kV,SULG5,Updated,11,1.00,10.44,10.536,10.607,10.778,10.991,11.547,30,39.81%,-
SWALES,Cardiff East / Aberthaw,Cardiff Ea & Aberthaw 132,Trowbridge 11kV,TROW5,Updated,11,1.00,13.53,14.052,14.974,15.471,16.048,17.127,30,39.81%,-
SWALES,Cardiff East / Aberthaw,Cardiff East & North 33,Ashgrove 11kV,ASHG5,Updated,11,0.99,9.75,9.946,10.261,10.481,10.720,11.102,11.43,39.81%,-
SWALES,Cardiff East / Aberthaw,Cardiff East & North 33,Birchgrove / Llanishen 11kV,"BIRC5, LLIS5",Updated,11,0.99,13.56,13.991,14.404,14.835,15.309,15.881,27,39.81%,Group operating in parallel Birchgrove 11kV / Llanishen 11kV
SWALES,Cardiff East / Aberthaw,Cardiff East & North 33,Cardiff East / North 33kV,"CARE3_MAIN1, CARE3_MAIN2, CARE3_MAIN3, CARN3_MAIN1, CARN3_MAIN2, CARN3_MAIN3",Updated,33,1.00,110.20,126.135,144.290,147.795,151.553,155.813,155.8,39.81%,Group operating in parallel Cardiff East 33kV/Cardiff North 33kV
SWALES,Cardiff East / Aberthaw,Cardiff East & North 33,Crwys Road 11kV,CRWY5,Updated,11,1.00,7.29,7.467,7.548,7.663,7.805,8.050,13.39130435,39.81%,-
SWALES,Cardiff East / Aberthaw,Cardiff East & North 33,Cyncoed 11kV,CYNC5,Updated,11,1.00,17.69,20.185,20.723,21.301,22.020,22.666,27.2,39.81%,-
SWALES,Cardiff East / Aberthaw,Cardiff East & North 33,GKN Tremorfa 33kV,"GKTR31, GKTR32",Updated,33,0.86,19.66,19.655,19.655,19.655,19.655,19.655,-,39.81%,Load shared between nodes. See note 4.
SWALES,Cardiff East / Aberthaw,Cardiff East & North 33,Heath 11kV,HEAT5,Updated,11,1.00,12.72,13.294,13.752,14.133,14.642,15.218,22.86,39.81%,-
SWALES,Cardiff East / Aberthaw,Cardiff East & North 33,Heath Hospital 11kV,HHOS5,Updated,11,1.00,5.50,6.299,7.085,7.857,8.615,9.359,12.6,39.81%,-
SWALES,Cardiff East / Aberthaw,Cardiff East & North 33,Northcote Street 11kV,NORT5,Updated,11,1.00,13.40,13.815,14.121,14.457,14.826,15.290,21.3,39.81%,-
SWALES,Cardiff East / Aberthaw,Cardiff East & North 33,Park Lane 11kV,PARK5,Updated,11,1.00,14.04,14.519,14.904,15.296,15.685,16.095,19.8,39.81%,-
SWALES,Cardiff East / Aberthaw,Cardiff East & North 33,St Mellons 11kV,STME5,Updated,11,1.00,10.43,10.802,11.082,11.370,11.536,11.768,21.3,39.81%,-
SWALES,Grange 66,Grange 66,Caerau Road 11kV,CAEA5,Unchanged,11,1.00,8.61,8.834,9.047,10.547,12.128,13.942,23,19.54%,-
SWALES,Grange 66,Grange 66,Grange 66kV,"GRAN6_MAIN1, GRAN6_MAIN2, GRAN6_MAIN3 ",Unchanged,66,0.99,113.39,122.402,133.130,135.097,137.206,139.697,-,19.54%,Group operating in parallel Caerau Road / Llynfi / Ogmore Vale / Tata
SWALES,Grange 66,Grange 66,Llynfi 11kV T1 & T2,LLYN5,Unchanged,11,1.00,9.36,9.607,19.899,20.201,20.536,20.924,22.86,19.54%,-
SWALES,Grange 66,Grange 66,Llynfi 11kV T3 & T4,LLYN52,Unchanged,11,0.90,14.35,18.492,18.492,18.492,18.492,18.492,-,19.54%,Supplies a single Customer.
SWALES,Grange 66,Grange 66,Ogmore Vale 11kV,OGMV5,Unchanged,11,1.00,4.85,4.939,5.045,5.184,5.348,5.604,12.6,19.54%,-
SWALES,Grange 66,Grange 66,Tata Total 66kV,"GRAN6_MAIN1, GRAN6_MAIN2, GRAN6_MAIN3, CEFN6_MAIN1, CEFN6_MAIN2, CEFN6_MAIN3, CEFN6_MAIN4",Unchanged,66,0.98,86.00,86.002,86.002,86.002,86.002,86.002,-,19.54%,Group operating in parallel Tata from Cefn Gwrgan 66kV / Tata from Grange 66.
SWALES,Pembroke 132,GH & HW & MH 33,Brawdy 11kV,BRAW5,Unchanged,11,1.00,3.72,3.792,3.876,3.955,4.044,4.407,8.4,34.70%,-
SWALES,Pembroke 132,GH & HW & MH 33,Broadfield 11kV,BROF5,Unchanged,11,1.00,7.51,7.857,8.358,8.608,8.804,9.345,9,34.70%,-
SWALES,Pembroke 132,GH & HW & MH 33,Fishguard 11kV,FISH5,Unchanged,11,1.00,6.62,7.014,7.489,8.008,8.378,9.948,10,34.70%,-
SWALES,Pembroke 132,GH & HW & MH 33,Golden Hill 11kV,GOLD5,Unchanged,11,1.00,11.84,12.298,13.394,14.490,15.959,19.387,23,34.70%,-
SWALES,Pembroke 132,GH & HW & MH 33,Golden Hill 33kV /Haverfordwest 33kV / Milford Haven 33kV,"GOLD3_MAIN1, GOLD3_MAIN2, HAVE3_MAIN1, HAVE3_MAIN2, NEYL3_MAIN1",Unchanged,33,1.00,83.47,86.574,96.120,103.959,111.768,129.915,225,34.70%,Group operating in parallel Golden Hill 33kV/Haverfordwest 33kV/ Milford Haven 33kV
SWALES,Pembroke 132,GH & HW & MH 33,Haverfordwest Town 11kV,HAVP5,Unchanged,11,1.00,10.57,10.802,12.381,13.850,15.462,18.410,22.86,34.70%,-
SWALES,Pembroke 132,GH & HW & MH 33,Merlins Bridge 11kV,MERB5,Unchanged,11,1.00,8.77,9.210,9.662,10.194,10.658,11.723,14,34.70%,-
SWALES,Pembroke 132,GH & HW & MH 33,Milford Haven 11kV,MILP5,Unchanged,11,1.00,3.55,3.725,3.943,4.076,4.159,5.198,5.89,34.70%,-
SWALES,Pembroke 132,GH & HW & MH 33,Nevern 11kV,NEVE5,Unchanged,11,1.00,2.37,2.407,2.446,2.497,2.552,2.800,6.2,34.70%,-
SWALES,Pembroke 132,GH & HW & MH 33,Neyland 11kV,NEYL5,Unchanged,11,0.99,4.12,4.268,4.502,4.608,4.728,5.764,6.2,34.70%,-
SWALES,Pembroke 132,GH & HW & MH 33,Penblewin 11kV,PEBL5,Unchanged,11,0.99,10.11,10.296,10.987,11.214,11.374,11.935,14,34.70%,-
SWALES,Pembroke 132,GH & HW & MH 33,St Davids 11kV,STDA5,Unchanged,11,1.00,1.88,1.908,1.939,1.973,2.010,2.282,4,34.70%,-
SWALES,Pembroke 132,GH & HW & MH 33,St Florence 11kV,STFL5,Unchanged,11,1.00,2.60,2.637,2.675,2.745,2.818,2.962,3.15,34.70%,-
SWALES,Pembroke 132,GH & HW & MH 33,St Twynells 11kV,STTW5,Unchanged,11,1.00,1.94,1.988,4.407,5.673,6.958,8.373,6.2,34.70%,-
SWALES,Pembroke 132,GH & HW & MH 33,Steynton 11kV,STEY5,Unchanged,11,1.00,7.92,8.340,9.920,11.800,13.426,16.628,17.1,34.70%,-
SWALES,Pembroke 132,GH & HW & MH 33,Tenby 11kV,TENB5,Unchanged,11,1.00,4.31,4.406,4.509,4.631,4.791,5.099,6.5,34.70%,-
SWALES,Pembroke 132,Pembroke 132,Rhoscrowther 132kV,"RHCR1_MAIN1, RHCR1_MAIN2",Unchanged,132,0.96,46.47,46.470,46.470,46.470,46.470,46.470,-,34.70%,Load shared between nodes. See note 4.
SWALES,Pembroke 132,Pembroke 132,Robeston 11KV,"ROBE5_BB_A, ROBE5_BB_B",Unchanged,11,0.95,2.71,2.708,2.708,2.708,2.708,2.708,-,34.70%,Load shared between nodes. See note 4.
SWALES,Pembroke 132,Pembroke 132,South Hook 33kV,"SHHK3_MAIN1, SHHK3_MAIN2",Unchanged,33,0.91,34.90,34.901,34.901,34.901,34.901,34.901,-,34.70%,Load shared between nodes. See note 4.
SWALES,Pembroke 132,Pembroke 132,Waterston 11kV,"WATE51, WATE52",Unchanged,11,0.97,28.57,28.574,28.574,28.574,28.574,28.574,-,34.70%,Load shared between nodes. See note 4.
SWALES,Pyle 132,Bridgend 33,Bridgend 33kV,"BREN3_MAIN1, BREN3_MAIN2",Unchanged,33,1.00,37.09,37.909,38.753,39.752,40.881,42.979,58,26.22%,-
SWALES,Pyle 132,Bridgend 33,Bridgend Trading Estate 11kV,BRTE5,Unchanged,11,1.00,10.64,10.779,10.937,11.132,11.356,12.113,22.86,26.22%,-
SWALES,Pyle 132,Bridgend 33,Litchard 11kV,LITC5,Unchanged,11,1.00,17.03,17.330,17.660,18.048,18.484,19.353,23,26.22%,-
SWALES,Pyle 132,Bridgend 33,Llangewydd 11kV,"LLAG51, LLAG52",Unchanged,11,1.00,9.32,9.641,9.969,10.350,10.769,11.175,14.34782609,26.22%,Load shared between nodes. See note 4.
SWALES,Pyle 132,Bridgend 33,Schwyll 11kV,SCHW51,Unchanged,11,1.00,4.86,4.924,4.951,4.987,5.037,5.103,7.8,26.22%,-
SWALES,Pyle 132,Pyle 132,BOC Margam 132kV,"BOCM1_#110, BOCM1_#210",Unchanged,132,0.98,59.33,59.334,59.334,59.334,59.334,59.334,-,26.22%,Load shared between nodes. See note 4.
SWALES,Pyle 132,Pyle 132,FORDS BRIDGEND 132kV,FORB1_210,Removed,132,0.97,0.75,0.968,0.968,0.968,0.968,0.968,-,43.92%,-
SWALES,Pyle 132,Pyle 132,Waterton 11kV,WIND5,Unchanged,11,1.00,10.41,10.465,10.539,10.644,10.777,11.598,30,26.22%,-
SWALES,Pyle 132,Pyle 33,Nottage 11kV,NOTT5,Unchanged,11,1.00,9.69,9.905,10.140,10.430,10.762,11.121,22.7,26.22%,-
SWALES,Pyle 132,Pyle 33,Pyle 11kV,PYLE5,Unchanged,11,1.00,12.10,12.432,12.680,13.076,13.409,14.093,23,26.22%,-
SWALES,Pyle 132,Pyle 33,Pyle 33kV,"PYLE3_MAIN1, PYLE3_MAIN2",Unchanged,33,1.00,19.29,22.838,23.321,39.808,40.472,69.916,80.1,26.22%,-
SWALES,Rassau 132,Abergavenny & Panteg 66,Abergavenny / Panteg 66kV,"ABGA6_MAIN1 ,ABGA6_MAIN2, PANT6_MAIN1",Unchanged,66,1.00,73.12,74.348,75.884,77.441,79.299,85.120,95.2,32.08%,Group operating in parallel Abergavenny 66kV/Panteg 66kV.
SWALES,Rassau 132,Abergavenny & Panteg 66,Abersychan 11kV,ABSY5,Unchanged,11,1.00,7.60,7.797,8.002,8.248,8.521,9.033,14,32.08%,-
SWALES,Rassau 132,Abergavenny & Panteg 66,Blaenavon 11kV,BLAE5,Unchanged,11,0.95,5.90,5.929,6.130,6.168,6.220,6.615,12.6,32.08%,-
SWALES,Rassau 132,Abergavenny & Panteg 66,Brecon 11kV,BREC5,Unchanged,11,1.00,12.86,13.051,13.232,13.466,13.743,14.633,16.06956522,32.08%,-
SWALES,Rassau 132,Abergavenny & Panteg 66,Builth Wells 11kV,BUIL5,Unchanged,11,1.00,8.60,8.706,8.889,9.010,9.130,9.745,14,32.08%,-
SWALES,Rassau 132,Abergavenny & Panteg 66,Crickhowell 11kV,"CRIC5A, CRIC5B",Unchanged,11,1.00,4.68,4.742,4.801,4.892,4.998,5.315,14,32.08%,Load shared between nodes. See note 4.
SWALES,Rassau 132,Abergavenny & Panteg 66,Glasbury 11kV,GLAS5,Unchanged,11,1.00,6.36,6.516,6.655,6.818,7.004,7.631,13.8,32.08%,-
SWALES,Rassau 132,Abergavenny & Panteg 66,Llandrindod Wells / Rhayader 11kV,"LLDR5, RHAY5",Unchanged,11,0.98,10.58,10.870,11.225,11.543,11.898,13.096,11.6,32.08%,Group operating in parallel Llandrindod Wells 11kV / Rhayader 11kV
SWALES,Rassau 132,Abergavenny & Panteg 66,Monmouth 11kV,MONM5,Unchanged,11,1.00,12.08,12.222,12.398,12.651,13.027,13.617,22.86,32.08%,-
SWALES,Rassau 132,Abergavenny & Panteg 66,Usk 11kV,USK_5,Unchanged,11,0.98,10.50,10.569,10.626,10.732,10.859,11.596,20,32.08%,-
SWALES,Rassau 132,Crumlin 33,Abertilliery 11kV,ABTI5,Unchanged,11,1.00,6.64,6.757,6.867,7.008,7.173,7.486,12.6,32.08%,-
SWALES,Rassau 132,Crumlin 33,Cwmfelinfach 11kV,CWMF5,Unchanged,11,0.96,7.64,7.677,7.717,7.772,7.837,7.978,14,32.08%,-
SWALES,Rassau 132,Crumlin 33,Pontllanfraith 11kV,POLL5,Unchanged,11,1.00,9.97,10.243,10.515,10.821,11.160,11.657,14,32.08%,-
SWALES,Rassau 132,Ebbw Vale 33,Brynmawr 11kV,BRMA5,Unchanged,11,1.00,8.46,8.647,8.819,9.019,9.250,9.844,14.29,32.08%,-
SWALES,Rassau 132,Ebbw Vale 33,Ebbw Vale 33kV,"EBBW3_MAIN1, EBBW3_MAIN2",Unchanged,33,1.00,15.11,15.442,15.766,16.202,16.762,17.979,90,32.08%,-
SWALES,Rassau 132,Ebbw Vale 33,Tredegar 11kV,TRED5,Unchanged,11,1.00,6.85,6.994,7.146,7.382,7.711,8.334,14,32.08%,-
SWALES,Rassau 132,Rassau 132,Abergavenny 11kV,ABGA5,Unchanged,11,1.00,19.24,19.797,20.107,20.452,20.846,21.680,30,32.08%,-
SWALES,Rassau 132,Rassau 132,Crumlin 11kV,CRUM5,Unchanged,11,0.99,19.52,19.582,19.867,20.189,20.478,20.943,30,32.08%,-
SWALES,Rassau 132,Rassau 132,Crumlin 33kV,"CRUM3_MAIN1, CRUM3_MAIN2",Unchanged,33,1.00,22.57,23.005,23.427,23.927,24.494,25.441,90,32.08%,-
SWALES,Rassau 132,Rassau 132,Ebbw Vale Central 11kV,EBBC5,Unchanged,11,1.00,7.58,7.717,7.840,8.006,8.448,9.193,23.08,32.08%,-
SWALES,Rassau 132,Rassau 132,Pengam 11kV,PEGG5,Unchanged,11,1.00,27.40,27.789,28.183,28.651,29.193,30.326,30,32.08%,-
SWALES,Rassau 132,Rassau 132,Rassau West 11kV,RASW5,Unchanged,11,0.99,16.99,16.994,16.963,16.951,16.966,17.505,30,32.08%,-
SWALES,Swansea North 132,Briton Ferry 33,Baglan Paper Mill  33kV,"SOFI3_1H0, SOFI3_2H0",New,33,0.95,8.49,9.931,19.744,19.744,19.744,19.744,-,39.04%,-
SWALES,Swansea North 132,Briton Ferry 33,Baglan Paper Mill  33kV,"SOFI3_1H0, SOFI3_2H0, SOFI3_3H0",Removed,33,9.03,0.95,10.353,20.177,20.177,20.177,20.177,-,40.39%,-
SWALES,Swansea North 132,Briton Ferry 33,Briton Ferry 11kV,BRIF5,Unchanged,11,0.99,8.05,8.471,9.002,9.409,9.733,10.280,18.48,39.04%,-
SWALES,Swansea North 132,Briton Ferry 33,Briton Ferry 33kV,"BRIF3_MAIN1, BRIF3_MAIN2",Unchanged,33,1.00,54.67,57.990,70.144,71.787,73.655,76.223,90,39.04%,-
SWALES,Swansea North 132,Briton Ferry 33,Commercial St 11kV,COMS5,Unchanged,11,1.00,14.28,14.643,14.986,15.365,15.785,16.336,21,39.04%,-
SWALES,Swansea North 132,Briton Ferry 33,Wern 11kV,WERN5,Updated,11,1.00,8.66,8.817,8.983,9.089,9.223,9.434,22.9,39.04%,-
SWALES,Swansea North 132,Briton Ferry 33,Ynys Street / Victoria Road 11kV,"VICR5, YNST5",Unchanged,11,1.00,24.05,24.936,26.049,26.804,27.797,29.060,30.3,39.04%,Group operating in parallel Ynys Street 11kV / Victoria Road 11kV
SWALES,Swansea North 132,Gowerton East 33kV,Gowerton East 33kV,GOWE3_MAIN1,Unchanged,33,0.95,1.03,1.029,1.029,1.029,1.029,1.029,-,39.04%,-
SWALES,Swansea North 132,Hirwaun & Travellers 33,Abercrave 11kV,ABEC5,Unchanged,11,1.00,2.96,2.991,3.023,3.064,3.113,3.247,13,39.04%,-
SWALES,Swansea North 132,Hirwaun & Travellers 33,Aberdare 11kV,ABDA5,Unchanged,11,1.00,15.11,15.786,16.283,16.763,17.321,17.795,21.4,39.04%,-
SWALES,Swansea North 132,Hirwaun & Travellers 33,Aberpergwm 11kV,ABEP5,Unchanged,11,1.00,5.66,5.802,6.007,6.199,6.364,6.699,17.6,39.04%,-
SWALES,Swansea North 132,Hirwaun & Travellers 33,Gwaun Cae Gurwen 11kV,GWAU5,Unchanged,11,1.00,5.76,5.899,6.035,6.194,6.370,6.683,7.7,39.04%,-
SWALES,Swansea North 132,Hirwaun & Travellers 33,Hirwaun / Travellers Rest 33kV,"HIRW3_MAIN1, HIRW3_MAIN2, TRAV3_MAIN1, TRAV3_MAIN2",Unchanged,33,1.00,60.13,63.983,65.841,67.626,71.390,74.759,90,39.04%,Group operating in parallel Hirwaun 33kV/Travellers Rest 33kV
SWALES,Swansea North 132,Hirwaun & Travellers 33,Hirwaun 11kV,HIRW5,Unchanged,11,1.00,5.60,7.760,7.978,8.148,10.095,10.819,14,39.04%,-
SWALES,Swansea North 132,Hirwaun & Travellers 33,Maerdy 11kV,MAER5,Unchanged,11,0.99,1.71,1.719,1.713,1.710,1.709,1.719,7.5,39.04%,-
SWALES,Swansea North 132,Hirwaun & Travellers 33,Pen Y Cymoedd WF 33kV,PYCM3,Unchanged,33,1.00,0.15,0.151,0.151,0.151,0.151,0.151,-,39.04%,-
SWALES,Swansea North 132,Hirwaun & Travellers 33,Pontardawe 11kV,POND5,Unchanged,11,1.00,8.93,9.157,9.393,9.718,10.087,10.555,19,39.04%,-
SWALES,Swansea North 132,Hirwaun & Travellers 33,Travellers Rest 11kV,TRAV5,Unchanged,11,1.00,9.84,10.105,10.417,10.691,11.016,11.615,14,39.04%,-
SWALES,Swansea North 132,Hirwaun & Travellers 33,Western Coal 33kV,WSTC5,Unchanged,33,0.98,3.34,3.342,3.342,3.342,3.342,3.342,-,39.04%,-
SWALES,Swansea North 132,Hirwaun & Travellers 33,Ynysfeio 11kV,YNYS5,Unchanged,11,1.00,6.83,7.030,7.256,7.403,7.576,7.887,14,39.04%,-
SWALES,Swansea North 132,Swansea North 132,Llanelli 11kV,"LLEL5A, LLEL5B",Unchanged,11,1.00,15.87,16.204,16.540,16.964,17.415,17.917,30,39.04%,-
SWALES,Swansea North 132,Swansea North 132,Morriston A 11kV,MORR5,Unchanged,11,1.00,20.48,20.632,20.812,20.984,21.214,21.636,30,39.04%,-
SWALES,Swansea North 132,Swansea North 132,Morriston B 11kV,MORN5,Unchanged,11,1.00,10.10,10.376,10.697,11.001,11.409,12.159,30,39.04%,-
SWALES,Swansea North 132,Swansea North 33,Clase 11kV,CLAS5,Unchanged,11,0.99,4.26,4.284,4.309,4.337,4.369,4.604,8.5,39.04%,-
SWALES,Swansea North 132,Swansea North 33,Felindre Pumping Station 33kV,FELI3,Unchanged,33,-0.61,9.56,40.000,40.000,40.000,40.000,40.000,-,39.04%,-
SWALES,Swansea North 132,Swansea North 33,Inco Europe South 33kV,"INCS3_1H3, INCS3_2H3",Unchanged,33,0.91,5.96,5.964,5.964,5.964,5.964,5.964,-,39.04%,Load shared between nodes. See note 4.
SWALES,Swansea North 132,Swansea North 33,Lime Street / Garngoch 11kV,"GARN5, LIME5",Unchanged,11,1.00,21.46,22.362,23.426,24.705,26.043,27.618,33.35,39.04%,Group operating in parallel Lime Street 11kV / Garngoch 11kV
SWALES,Swansea North 132,Swansea North 33,Swansea North 33kV,"SWAN3_MAIN1, SWAN3_MAIN2, SWAN3_MAIN3",Unchanged,33,1.00,28.55,59.778,60.871,62.182,63.556,65.370,90,39.04%,-
SWALES,Swansea North 132,Swansea North 33,Swansea North Local 11kV,SWNL5,Unchanged,11,1.00,0.00,0.000,0.000,0.000,0.000,0.000,14,39.04%,-
SWALES,Swansea North 132,Swansea North 33,Waunarllwyd 33kV,"WAUN3_MAIN1, WAUN3_MAIN2",Unchanged,33,0.95,5.32,5.325,5.325,5.325,5.325,5.325,-,39.04%,Alternative supply for Load at Gowerton East 33kV.
SWALES,Swansea North 132,Swansea West 33,Bishopston 11kV,"BISH5_BB_A, BISH5_BB_B",Unchanged,11,1.00,4.07,4.199,4.323,4.467,4.561,4.659,6.2,39.04%,Load shared between nodes. See note 4.
SWALES,Swansea North 132,Swansea West 33,Llanrhidian 11kV,"LRHI5_BB_A,  LRHI5_BB_B",Unchanged,11,1.00,4.31,4.354,4.533,4.828,5.486,6.145,6.2,39.04%,Load shared between nodes. See note 4.
SWALES,Swansea North 132,Swansea West 33,Ravenhill 11kV,RAVE5,Unchanged,11,1.00,11.92,12.677,13.690,14.658,15.985,17.520,13.39130435,39.04%,-
SWALES,Swansea North 132,Swansea West 33,Sketty Park 11kV,SKET5,Unchanged,11,1.00,10.21,10.728,11.257,11.664,12.105,12.526,13.39130435,39.04%,-
SWALES,Swansea North 132,Swansea West 33,Swansea Trading Estate 11kV,SWAT5,Unchanged,11,1.00,5.48,5.402,5.337,5.278,5.227,5.345,20,39.04%,-
SWALES,Swansea North 132,Swansea West 33,Swansea University 33kV,"SWAU3_#1H0, SWAU3_#2H0",Unchanged,33,1.00,2.81,2.810,2.810,2.810,2.810,2.810,-,39.04%,-
SWALES,Swansea North 132,Swansea West 33,Swansea West 33kV,"SWAW3_MAIN1, SWAW3_MAIN2",Updated,33,0.99,56.65,59.458,62.766,65.919,69.799,74.083,90,39.04%,-
SWALES,Swansea North 132,Swansea West 33,Uplands 11kV,UPLA5,Unchanged,11,1.00,11.76,12.378,13.103,13.716,14.325,14.999,20.08695652,39.04%,-
SWALES,Swansea North 132,Swansea West 33,West Cross 11kV,WESX5,Unchanged,11,1.00,9.18,9.980,10.769,11.539,12.324,13.085,10.4,39.04%,-
SWALES,Swansea North 132,Tir John 33,Gethin Street 11kV,GETH5,Unchanged,11,1.00,8.79,8.879,9.068,9.269,9.385,9.839,23,39.04%,-
SWALES,Swansea North 132,Tir John 33,Jersey Marine 11kV,JERM5,Unchanged,11,1.00,4.30,4.489,4.654,4.642,4.630,4.635,20.5,39.04%,-
SWALES,Swansea North 132,Tir John 33,Llandarcy 11kV,LLCY5,Unchanged,11,1.00,8.95,9.323,10.017,10.412,10.851,11.639,23,39.04%,-
SWALES,Swansea North 132,Tir John 33,Strand 11kV,STRA5,Unchanged,11,1.00,11.81,12.130,12.564,12.953,13.279,13.826,19.8,39.04%,-
SWALES,Swansea North 132,Tir John 33,Swansea Waterfront 11kV,SWWF5,Unchanged,11,1.00,7.66,8.072,8.096,8.122,8.187,8.418,38,39.04%,-
SWALES,Swansea North 132,Tir John 33,Tir John 33kV,"TIRJ3_MAIN1, TIRJ3_MAIN2",Updated,33,1.00,51.70,53.477,57.906,59.275,60.522,62.785,90,39.04%,-
SWALES,Swansea North 132,Tir John 33,Tir John 6.6kV,TIRJ7,Unchanged,6.6,0.97,2.14,2.114,2.087,2.060,2.033,2.007,12.6,39.04%,-
SWALES,Swansea North 132,Tir John 33,Upper Bank 11kV,UPBK5,Unchanged,11,1.00,12.55,12.978,13.419,13.814,14.150,14.407,16.2,39.04%,-
SWALES,Swansea North 132,Trostre 33,Corus Trostre 33kV,TBSC3,Removed,33,36.56,0.85,36.556,36.556,36.556,36.556,36.556,-,40.39%,-
SWALES,Swansea North 132,Trostre 33,Corus Trostre 33kV,"TBSC3_MAIN1, TBSC3_MAIN2",New,33,0.84,34.88,34.882,34.882,34.882,34.882,34.882,-,39.04%,-
SWALES,Swansea North 132,Trostre 33,Kidwelly 11kV,KIDW5,Unchanged,11,1.00,3.51,3.570,3.630,3.704,3.784,3.915,7.62,39.04%,-
SWALES,Swansea North 132,Trostre 33,Maes Ar Ddafen 11kV,MAES5,Unchanged,11,1.00,8.87,8.945,9.033,9.161,9.335,9.731,12.6,39.04%,-
SWALES,Swansea North 132,Trostre 33,Meinciau 11kV,MEIN5,Unchanged,11,0.99,0.91,0.921,0.935,0.955,0.976,1.036,2,39.04%,-
SWALES,Swansea North 132,Trostre 33,New Lodge 11kV,NEWL5,Unchanged,11,1.00,6.30,6.570,6.797,7.040,7.362,7.986,14,39.04%,-
SWALES,Swansea North 132,Trostre 33,Pontyates 11kV,PONY5,Unchanged,11,1.00,2.39,2.439,2.485,2.543,2.618,2.773,7.7,39.04%,-
SWALES,Swansea North 132,Trostre 33,Trostre 33kV,"TROS3_MAIN1, TROS3_MAIN2",Updated,33,0.99,55.74,56.291,56.836,57.491,58.325,60.818,75,39.04%,-
SWALES,Swansea North 132,Trostre 33,Westfa 11kV,WESF5,Unchanged,11,0.98,10.41,10.502,10.611,10.741,10.901,12.039,21.9,39.04%,-
SWALES,Swansea North 132,West Wales 33,Aberaeron 11kV,ABAE51,Updated,11,1.00,3.17,3.220,3.273,3.341,3.471,3.645,3.5,39.04%,-
SWALES,Swansea North 132,West Wales 33,Blaenporth 11kV,BLAP5,Updated,11,1.00,4.15,4.227,4.320,4.456,4.614,5.194,6.2,39.04%,-
SWALES,Swansea North 132,West Wales 33,Bridell 11kV,BRID5,Updated,11,1.00,4.23,4.401,4.573,4.687,4.815,5.287,7.7,39.04%,-
SWALES,Swansea North 132,West Wales 33,Cardigan 11kV,CARG5,Updated,11,1.00,6.19,6.316,6.458,6.604,6.773,7.255,13.4,39.04%,-
SWALES,Swansea North 132,West Wales 33,Cross Hands 11kV,CRHA5,Updated,11,1.00,6.70,8.246,8.256,8.275,8.314,9.025,13,39.04%,-
SWALES,Swansea North 132,West Wales 33,Cwmffrwd 11kV,CWFR5,Updated,11,1.00,6.98,7.091,7.200,7.324,7.453,7.789,14,39.04%,-
SWALES,Swansea North 132,West Wales 33,Hendy 11kV,HEND5,Updated,11,1.00,6.39,6.562,6.743,6.957,7.141,7.477,12.43478261,39.04%,-
SWALES,Swansea North 132,West Wales 33,Lampeter 11kV,LAMP5,Updated,11,1.00,7.01,7.169,7.334,7.518,7.786,8.265,11.43,39.04%,-
SWALES,Swansea North 132,West Wales 33,Llanarth 11kV,LLAN5,Updated,11,1.00,4.42,4.503,4.607,4.759,5.006,5.247,14,39.04%,-
SWALES,Swansea North 132,West Wales 33,Llandeilo 11kV,LDEI5,Updated,11,1.00,4.64,4.710,4.782,4.879,4.980,5.404,9.75,39.04%,-
SWALES,Swansea North 132,West Wales 33,Llandovery 11kV,LDOV5,Updated,11,1.00,2.76,2.795,2.842,2.910,3.019,3.373,6.2,39.04%,-
SWALES,Swansea North 132,West Wales 33,Llanfihangel Ystrad 11kV,LLAY5,Updated,11,1.00,8.42,8.408,8.409,8.433,8.490,8.610,14,39.04%,-
SWALES,Swansea North 132,West Wales 33,Llanfyrnach 11kV,LFYR5,Updated,11,1.00,2.14,2.193,2.253,2.293,2.366,2.587,2.7,39.04%,-
SWALES,Swansea North 132,West Wales 33,Llangadog 11kV,LGAD5,Updated,11,1.00,3.07,3.098,3.125,3.162,3.202,3.442,6.2,39.04%,-
SWALES,Swansea North 132,West Wales 33,Llanllwni 11kV,LWNI5,Updated,11,1.00,3.25,3.314,3.374,3.447,3.532,3.699,6.5,39.04%,-
SWALES,Swansea North 132,West Wales 33,Manoravon 33kV,MANO3,Updated,33,0.98,2.31,2.312,2.312,2.312,2.312,2.312,-,39.04%,-
SWALES,Swansea North 132,West Wales 33,Nantgaredig 11kV,"NANG5_BB_A, NANG5_BB_B",Updated,11,1.00,2.94,2.971,3.000,3.062,3.126,3.335,7.7,39.04%,Load shared between nodes. See note 4.
SWALES,Swansea North 132,West Wales 33,Newcastle Emlyn South 11kV,NCES5,Updated,11,1.00,7.20,7.286,7.377,7.493,7.630,7.893,14,39.04%,-
SWALES,Swansea North 132,West Wales 33,Pantyffynon 11kV,PANF5,Updated,11,1.00,14.95,15.217,15.492,15.825,16.205,17.115,17.6,39.04%,-
SWALES,Swansea North 132,West Wales 33,Pendine 11kV,PEND51,Updated,11,1.00,2.87,2.883,2.884,2.890,2.900,2.952,6.2,39.04%,-
SWALES,Swansea North 132,West Wales 33,Pont Ar Anell 11kV,PONA5,Updated,11,1.00,1.44,1.455,1.476,1.504,1.536,1.726,7.7,39.04%,-
SWALES,Swansea North 132,West Wales 33,Rhos 11kV,RHOS5,Updated,11,1.00,6.90,7.019,7.161,7.360,7.579,8.115,14,39.04%,-
SWALES,Swansea North 132,West Wales 33,River Towy Intake 33kV,"WGWB3_#1H0, WGWB3_#2H0",Updated,33,0.93,3.81,3.815,3.815,3.815,3.815,3.815,-,39.04%,Load shared between nodes. See note 4.
SWALES,Swansea North 132,West Wales 33,St Clears 11kV,STCL5,Updated,11,1.00,6.35,6.448,6.503,6.587,6.682,7.034,12.6,39.04%,-
SWALES,Swansea North 132,West Wales 33,Tregaron 11kV,TREG5,Updated,11,0.98,3.96,4.050,4.186,4.379,4.620,4.959,5.4,39.04%,-
SWALES,Swansea North 132,West Wales 33,Trevaughan 11kV,TREV5,Updated,11,1.00,16.17,9.499,9.501,9.531,9.552,9.802,22.5,39.04%,-
SWALES,Swansea North 132,West Wales 33,Tumble 11kV,TUMB5,Updated,11,1.00,9.46,9.663,9.878,10.131,10.405,10.745,12.86,39.04%,-
SWALES,Swansea North 132,West Wales 33,West Wales 33kV Group,"CARM3_MAIN1, CARM3_MAIN2, AMMA3_MAIN1, AMMA3_MAIN2, RHOS3_MAIN1, LAMP3_MAIN1, LLAN3_MAIN1",Updated,33,1.00,136.74,141.235,143.540,146.421,149.897,159.264,285,39.04%,Group operating in parallel West Wales : Carmarthen 33kV/Ammanford 33kV/Rhos 33kV/Lampeter 33kV/ Llanarth 33kV
SWALES,Swansea North 132,West Wales 33,Whitland 11kV,WHIT5,Updated,11,0.99,3.12,3.158,3.199,3.253,3.319,3.696,7.7,39.04%,-
SWALES,Upper Boat 132,Dowlais 33,Abertysswg 11kV,ABTY5,Unchanged,11,1.00,7.92,8.100,8.504,8.920,9.091,9.524,12.6,33.98%,-
SWALES,Upper Boat 132,Dowlais 33,Cwm Bargoed 33kV,CBGD3,Removed,33,1.50,0.92,1.497,1.497,1.497,1.497,1.497,-,43.08%,-
SWALES,Upper Boat 132,Dowlais 33,Dowlais 33kV,"DOWL3_MAIN1, DOWL3_MAIN2",Unchanged,33,1.00,22.13,22.558,23.324,24.039,24.642,25.763,45,33.98%,-
SWALES,Upper Boat 132,Dowlais 33,Nantwen 11kV,NANW5,Unchanged,11,1.00,3.01,3.063,3.115,3.174,3.242,3.384,4,33.98%,-
SWALES,Upper Boat 132,Dowlais 33,Pentrebach 11kV,PENT5,Unchanged,11,1.00,3.92,3.981,4.071,4.185,4.410,4.682,10.04347826,33.98%,-
SWALES,Upper Boat 132,Dowlais 33,Swansea Road 11kV,SWRD5,Unchanged,11,1.00,8.22,8.346,8.566,8.692,8.829,9.104,13,33.98%,-
SWALES,Upper Boat 132,U.Boat & M.Ash 33,Middle Fan 11kV,MIDD5,Unchanged,11,1.00,3.60,5.129,5.227,5.345,5.502,5.794,6.2,33.98%,-
SWALES,Upper Boat 132,U.Boat & M.Ash 33,Mountain Ash 11kV,MASH5,Unchanged,11,1.00,10.62,10.815,11.091,11.298,11.551,12.174,19.5,33.98%,-
SWALES,Upper Boat 132,U.Boat & M.Ash 33,Wattstown 11kV,WATT5,Unchanged,11,1.00,4.04,4.130,4.201,4.291,4.404,4.617,7.173913043,33.98%,-
SWALES,Upper Boat 132,Upper Boat 132,Energlyn 11kV,ENER5,Unchanged,11,1.00,12.50,12.887,13.271,13.691,14.145,14.764,30,33.98%,-
SWALES,Upper Boat 132,Upper Boat 132,Merthyr East 11kV,MERE5,Unchanged,11,1.00,20.62,20.948,21.268,21.621,22.014,22.872,30,33.98%,-
SWALES,Upper Boat 132,Upper Boat 132,Nantgarw 11kV,NANT5,Unchanged,11,1.00,11.23,11.313,11.554,11.661,11.851,12.759,30,33.98%,-
SWALES,Upper Boat 132,Upper Boat 132,Pencoed 11kV,PENC5,Unchanged,11,1.00,16.76,17.121,17.270,17.479,17.764,18.136,30,33.98%,-
SWALES,Upper Boat 132,Upper Boat 132,Pontyclun 11kV,PYCN5,Unchanged,11,1.00,11.97,13.102,13.345,13.612,13.905,14.549,30,33.98%,-
SWALES,Upper Boat 132,Upper Boat 132,Talbot Green 11kV,TALB5,Unchanged,11,1.00,12.74,13.141,13.470,13.919,14.104,14.513,30,33.98%,-
SWALES,Upper Boat 132,Upper Boat 132,Upper Boat 11kV,UPPB5,Unchanged,11,1.00,16.46,17.065,17.706,18.299,18.969,19.910,30,33.98%,-
SWALES,Upper Boat 33,U.Boat & M.Ash 33,Caerphilly 11kV,CAER5,Unchanged,11,1.00,12.48,12.736,13.224,13.517,13.905,14.786,18.6,22.08%,-
SWALES,Upper Boat 33,U.Boat & M.Ash 33,Creigiau 11kV,CREI5,Unchanged,11,0.99,7.95,9.231,9.526,9.896,10.512,11.048,14,22.08%,-
SWALES,Upper Boat 33,U.Boat & M.Ash 33,Gas Yard 11kV,GASY5,Unchanged,11,1.00,8.39,8.605,8.917,9.162,9.448,9.992,22.86,22.08%,-
SWALES,Upper Boat 33,U.Boat & M.Ash 33,Ironbridge 11kV,IRON5,Unchanged,11,1.00,6.88,6.899,7.164,7.188,7.225,7.380,14,22.08%,-
SWALES,Upper Boat 33,U.Boat & M.Ash 33,Lady Windsor 11kV,LADY5,Unchanged,11,1.00,2.20,2.252,2.295,2.346,2.403,2.483,3.5,22.08%,-
SWALES,Upper Boat 33,U.Boat & M.Ash 33,Mill St Tonyrefail 11kV,MILL5,Unchanged,11,1.00,7.70,8.015,8.225,8.481,8.835,9.264,22.3,22.08%,-
SWALES,Upper Boat 33,U.Boat & M.Ash 33,Morlanga 11kV,MORL5,Unchanged,11,1.00,2.37,2.386,2.624,2.903,3.254,3.487,7.7,22.08%,-
SWALES,Upper Boat 33,U.Boat & M.Ash 33,Nelson 11kV,NELS5,Unchanged,11,1.00,8.23,8.394,8.563,8.762,8.989,9.440,15.24,22.08%,-
SWALES,Upper Boat 33,U.Boat & M.Ash 33,Tonypandy 11kV,TONY5,Unchanged,11,1.00,15.21,15.517,15.900,16.233,16.642,17.467,23,22.08%,-
SWALES,Upper Boat 33,U.Boat & M.Ash 33,Trethomas 11kV,TRET5,Unchanged,11,0.99,4.80,4.874,4.953,5.062,5.222,5.511,14,22.08%,-
SWALES,Upper Boat 33,U.Boat & M.Ash 33,Upperboat 33 / Mountain Ash 33kV,"UPPB3_MAIN1, UPPB3_MAIN2, UPPB3_MAIN3,UPPB3_MAIN4, MOUA3_MAIN1, MOUA3_MAIN2",Unchanged,33,1.00,92.85,97.345,100.265,102.834,106.231,111.770,127.9,22.08%,Group operating in parallel Upperboat 33kV/Mountain Ash 33kV
SWALES,Upper Boat 33,Upper Boat 132,Catnic 11kV,CATN5A,Updated,11,0.93,1.56,1.556,1.556,1.556,1.556,1.556,-,22.08%,-
SWALES,Uskmouth 132,Llantarnam 66,Llantarnam 66kV,"LLTA6_MAIN1, LLTA6_MAIN2, LLTA6_RES1,LLTA6_RES2",Unchanged,66,0.98,19.17,19.515,19.850,20.266,20.787,21.717,60,44.03%,-
SWALES,Uskmouth 132,Llantarnam 66,Rogerstone 11kV,ROGE5,Unchanged,11,1.00,17.07,17.412,17.735,18.129,18.593,19.250,38,44.03%,-
SWALES,Uskmouth 132,Newport South 33,Newport South 33kV,"NEWS3_MAIN1, NEWS3_MAIN2, NEWS3_MAIN3",Unchanged,33,1.00,14.70,17.007,17.778,33.491,34.108,34.743,60,44.03%,-
SWALES,Uskmouth 132,Newport South 33,Ringlands 11kV,RING5,Unchanged,11,1.00,14.70,17.007,17.778,18.491,19.108,19.743,23,44.03%,-
SWALES,Uskmouth 132,Sudbrook 33,Chepstow 11kV,CHEP5,Unchanged,11,1.00,9.55,9.924,10.155,10.443,10.764,11.198,14.6,44.03%,-
SWALES,Uskmouth 132,Sudbrook 33,Newhouse 11kV,NEWH5,Unchanged,11,1.00,4.11,4.308,4.472,4.657,4.707,4.846,14,44.03%,-
SWALES,Uskmouth 132,Sudbrook 33,St Arvans 11kV,STAR5,Unchanged,11,1.00,1.80,1.827,1.859,1.903,1.954,2.057,5.24,44.03%,-
SWALES,Uskmouth 132,Sudbrook 33,Sudbrook / Caldicot 11kV,"CALD5, SUDB5",Unchanged,11,0.99,10.92,11.356,11.624,11.957,12.250,12.934,30,44.03%,Group operating in parallel Sudbrook 11kV/ Caldicot 11kV
SWALES,Uskmouth 132,Sudbrook 33,Sudbrook 33kV,"SUDB3_MAIN1, SUDB3_MAIN2",Unchanged,33,1.00,25.87,26.902,27.592,28.440,29.150,30.502,45,44.03%,-
SWALES,Uskmouth 132,Uskmouth 132,Cwmbran 11kV,CWMB5,Unchanged,11,1.00,16.86,17.295,17.585,17.945,18.410,19.678,30,44.03%,-
SWALES,Uskmouth 132,Uskmouth 132,Glan Llyn 132kV,"GLYN1_MAIN1, GLYN1_MAIN2",Unchanged,132,0.95,1.01,2.575,4.167,5.764,7.362,8.961,-,44.03%,Load shared between nodes. See note 4.
SWALES,Uskmouth 132,Uskmouth 132,Llantarnam 11kV,LLTA5,Unchanged,11,1.00,26.53,27.245,29.183,29.748,30.479,31.589,30,44.03%,-
SWALES,Uskmouth 132,Uskmouth 132,Magor 11kV,MAGO5,Unchanged,11,1.00,14.63,15.164,15.821,16.353,16.903,17.806,30,44.03%,-
SWALES,Uskmouth 132,Uskmouth 132,Newport East A 11kV,NEWE5A,Unchanged,11,1.00,14.80,15.135,15.512,16.010,16.600,17.389,20,44.03%,-
SWALES,Uskmouth 132,Uskmouth 132,Newport East B 11kV,NEWE5B,Unchanged,11,1.00,14.04,14.380,14.758,15.256,15.845,16.634,20,44.03%,-
SWALES,Uskmouth 132,Uskmouth 132,Newport South 11kV,NEWS5,Unchanged,11,0.96,20.41,20.057,20.543,21.077,21.643,22.452,30,44.03%,-
SWALES,Uskmouth 132,Uskmouth 132,Newport West 1/2 11kV,NEWW5,Unchanged,11,1.00,25.68,26.391,27.017,27.653,28.284,29.422,33,44.03%,-
SWALES,Uskmouth 132,Uskmouth 132,Newport West 3/4 11kV,NEWW53,Unchanged,11,0.96,7.29,7.287,7.287,7.287,7.287,7.287,-,44.03%,-
SWALES,Uskmouth 132,Uskmouth 132,Panteg 11kV,PANT5,Unchanged,11,1.00,24.47,24.872,25.181,25.537,25.956,26.730,30,44.03%,-
SWALES,Uskmouth 132,Uskmouth 132,Pontypool North 11kV,"POPN51, POPN52",Unchanged,11,1.00,6.68,6.690,6.703,6.732,6.827,7.344,20.5,44.03%,Load shared between nodes. See note 4.
SWALES,Uskmouth 132,Uskmouth 132,SIMS 132kV,SIMS11,Unchanged,132,0.75,1.35,1.352,1.352,1.352,1.352,1.352,-,44.03%,-
SWEST,Abham / Exeter / Landulph 132kV,Ernesettle 33 kV,Alexandra Road 11kV,ALER5,Unchanged,11,0.95,10.17,11.544,12.830,13.498,14.306,15.214,22.86,32.10%,-
SWEST,Abham / Exeter / Landulph 132kV,Ernesettle 33 kV,Ernesettle 33kV,ERNE3,Removed,33,71.95,1.00,71.987,72.811,74.082,75.956,77.036,90,36.09%,Load shared between nodes. See note 4.
SWEST,Abham / Exeter / Landulph 132kV,Ernesettle 33 kV,Ernesettle 33kV,ERNE3_MAIN1 & ERNE3_MAIN2,New,33,1.00,70.15,73.329,76.415,79.100,82.793,86.999,90,32.10%,-
SWEST,Abham / Exeter / Landulph 132kV,Ernesettle 33 kV,Ernesettle B&S 11kV,BRSH5,Unchanged,11,0.95,1.68,1.655,1.631,1.607,1.582,1.559,2.4,32.10%,-
SWEST,Abham / Exeter / Landulph 132kV,Ernesettle 33 kV,Merrivale 11kV,MERR5,Unchanged,11,0.95,12.42,12.702,12.941,13.213,13.517,13.811,14,32.10%,-
SWEST,Abham / Exeter / Landulph 132kV,Ernesettle 33 kV,Southway A 11kV,STWA5,Unchanged,11,0.95,13.70,14.320,14.796,15.283,16.204,17.303,20.5,32.10%,-
SWEST,Abham / Exeter / Landulph 132kV,Ernesettle 33 kV,Southway B 11kV,STWB5,Unchanged,11,0.95,15.01,15.636,16.112,16.599,17.520,18.619,20.5,32.10%,-
SWEST,Abham / Exeter / Landulph 132kV,Ernesettle 33 kV,Tavistock 11kV,TAVI5,Unchanged,11,0.96,11.65,12.005,12.688,13.490,14.298,15.149,10.5,32.10%,-
SWEST,Abham / Exeter / Landulph 132kV,Ernesettle 33 kV,Yelverton 11kV,YELV5,Unchanged,11,1.00,5.69,5.788,5.885,6.002,6.132,6.307,10,32.10%,-
SWEST,Abham / Exeter / Landulph 132kV,Exeter City 33 kV,Athelstan Road 11kV,ATHL5,Unchanged,11,0.95,13.44,13.570,13.965,14.194,14.449,14.754,20.3,32.10%,-
SWEST,Abham / Exeter / Landulph 132kV,Exeter City 33 kV,Cowley Road 11kV,COWR5,Unchanged,11,1.00,14.32,14.700,15.071,15.454,15.845,16.252,38,32.10%,-
SWEST,Abham / Exeter / Landulph 132kV,Exeter City 33 kV,Crediton 11kV,CRED5,Unchanged,11,0.95,9.16,9.368,9.609,9.901,10.365,11.022,22.7,32.10%,-
SWEST,Abham / Exeter / Landulph 132kV,Exeter City 33 kV,Exeter City 33kV,EXEC3,Removed,33,87.30,1.00,89.878,92.171,94.917,96.835,99.004,114.3,36.09%,-
SWEST,Abham / Exeter / Landulph 132kV,Exeter City 33 kV,Exeter City 33kV,EXEC3_MAIN1 & EXEC3_MAIN2 & EXEC3_MAIN3,New,33,1.00,83.51,86.546,91.074,114.563,118.838,124.337,114.3,32.10%,-
SWEST,Abham / Exeter / Landulph 132kV,Exeter City 33 kV,Exminster 11kV,EXMI5,Unchanged,11,0.95,3.33,3.835,4.382,4.957,5.802,6.727,5,32.10%,-
SWEST,Abham / Exeter / Landulph 132kV,Exeter City 33 kV,Folly Bridge 11kV,FOLB5,Unchanged,11,1.00,5.84,5.865,5.953,6.098,6.216,6.388,14,32.10%,-
SWEST,Abham / Exeter / Landulph 132kV,Exeter City 33 kV,Haven Road 11kV,HAVE5,Unchanged,11,0.95,17.04,18.122,19.411,20.297,21.345,22.745,36,32.10%,-
SWEST,Abham / Exeter / Landulph 132kV,Exeter City 33 kV,Lapford 11kV,LAPF5,Unchanged,11,0.43,5.35,5.505,5.799,6.044,6.576,7.239,6.25,32.10%,-
SWEST,Abham / Exeter / Landulph 132kV,Exeter City 33 kV,Marsh Barton 11kV,MARB5,Unchanged,11,1.00,9.14,9.582,10.536,11.051,11.541,12.306,23,32.10%,-
SWEST,Abham / Exeter / Landulph 132kV,Exeter City 33 kV,Newton St Cyres 11kV,NECY5,Unchanged,11,0.95,2.93,2.952,2.989,3.054,3.133,3.298,6.25,32.10%,-
SWEST,Abham / Exeter / Landulph 132kV,Exeter City 33 kV,St Thomas 11kV,STHO5,Unchanged,11,0.95,9.97,10.140,10.669,11.154,11.610,12.058,22.9,32.10%,-
SWEST,Abham / Exeter / Landulph 132kV,Exeter City 33 kV,Witheridge 11kV,WITH5,Unchanged,11,0.95,2.91,3.019,3.127,3.270,3.331,3.505,3.738,32.10%,-
SWEST,Abham / Exeter / Landulph 132kV,Exeter Main 33 kV,Core Hill T1 (J) 11kV,CORH5J,Unchanged,11,0.95,2.56,2.592,2.773,3.079,3.511,3.961,5.03,32.10%,-
SWEST,Abham / Exeter / Landulph 132kV,Exeter Main 33 kV,Exeter Main 33kV,EXET3_MAIN1 & EXET3_MAIN2,New,33,0.99,33.67,34.169,34.920,36.026,37.425,39.167,50.3,32.10%,-
SWEST,Abham / Exeter / Landulph 132kV,Exeter Main 33 kV,Exeter Main 33kV,EXET3J & EXET3K,Removed,33,33.45,1.00,34.396,35.777,36.039,36.423,36.811,50.3,36.09%,-
SWEST,Abham / Exeter / Landulph 132kV,Exeter Main 33 kV,Honiton Heathfield 11kV,HONI5,Unchanged,11,1.00,9.89,10.111,10.334,10.652,11.038,11.550,14,32.10%,-
SWEST,Abham / Exeter / Landulph 132kV,Exeter Main 33 kV,Marsh Green T1 (J) 11kV,MARG5J,Unchanged,11,0.95,2.80,2.882,2.952,3.027,3.116,3.263,8.38,32.10%,-
SWEST,Abham / Exeter / Landulph 132kV,Exeter Main 33 kV,Offwell 11kV,OFFW5,Unchanged,11,1.00,4.61,4.612,4.653,4.731,4.830,5.005,13.95,32.10%,-
SWEST,Abham / Exeter / Landulph 132kV,Exeter Main 33 kV,Ottery St Mary 11kV,OTTS5,Unchanged,11,1.00,5.33,5.447,5.620,5.855,6.136,6.467,14,32.10%,-
SWEST,Abham / Exeter / Landulph 132kV,Exeter Main 33 kV,Sidmouth Town T1 (J) 11kV,SIDM5J,Unchanged,11,0.95,4.41,4.452,4.528,4.640,4.779,4.930,10,32.10%,-
SWEST,Abham / Exeter / Landulph 132kV,Exmouth 33 kV,Budleigh Salterton 11kV,BUDS5,Unchanged,11,1.00,1.72,1.765,1.836,1.938,2.067,2.225,2.4,32.10%,-
SWEST,Abham / Exeter / Landulph 132kV,Exmouth 33 kV,East Budleigh 11kV,EBUD5,Unchanged,11,1.00,2.28,2.327,2.395,2.486,2.563,2.656,6.2,32.10%,-
SWEST,Abham / Exeter / Landulph 132kV,Exmouth 33 kV,Exmouth 33kV,EXMO3,Removed,33,29.60,1.00,29.562,30.563,30.957,31.347,31.842,45,36.09%,-
SWEST,Abham / Exeter / Landulph 132kV,Exmouth 33 kV,Exmouth 33kV,EXMO3_MAIN1 & EXMO3_MAIN2,New,33,1.00,30.39,31.218,32.333,33.728,35.270,37.237,45,32.10%,-
SWEST,Abham / Exeter / Landulph 132kV,Exmouth 33 kV,Exmouth Works 11kV,EXMW5,Unchanged,11,1.00,7.91,8.117,8.384,8.784,9.204,9.812,10,32.10%,-
SWEST,Abham / Exeter / Landulph 132kV,Exmouth 33 kV,Newton Poppleford 11kV,NEWP5,Unchanged,11,1.00,2.41,2.439,2.483,2.554,2.640,2.777,6.29,32.10%,-
SWEST,Abham / Exeter / Landulph 132kV,Exmouth 33 kV,Withycombe Raleigh 11kV,WITR5,Unchanged,11,1.00,10.87,11.106,11.648,12.274,12.970,13.740,20.6,32.10%,-
SWEST,Abham / Exeter / Landulph 132kV,Exmouth 33 kV,Woodbury 11kV,WOOY5,Unchanged,11,0.95,5.01,5.291,5.424,5.538,5.685,5.903,6.25,32.10%,-
SWEST,Abham / Exeter / Landulph 132kV,Landulph 33 kV,Callington 11kV,CALL5,Unchanged,11,0.95,10.19,10.237,10.324,10.430,10.582,10.902,14,32.10%,-
SWEST,Abham / Exeter / Landulph 132kV,Landulph 33 kV,Gunnislake 11kV,GUNN5,Unchanged,11,1.00,4.05,4.131,4.195,4.280,4.399,4.596,5.03,32.10%,-
SWEST,Abham / Exeter / Landulph 132kV,Landulph 33 kV,Landulph / St Germans 33kV,LAND3 & SGER3,Removed,33,75.57,0.99,75.768,76.664,78.826,80.951,83.363,118.9,36.09%,Load shared between nodes. See note 4.
SWEST,Abham / Exeter / Landulph 132kV,Landulph 33 kV,Landulph / St Germans 33kV,LAND3_MAIN1 & LAND3_MAIN2 & SGER3_MAIN1 & SGER3_MAIN2,New,33,0.97,55.39,58.302,60.372,62.829,65.665,70.220,118.9,32.10%,-
SWEST,Abham / Exeter / Landulph 132kV,Landulph 33 kV,Lifton 11kV,LIFT5,Unchanged,11,0.95,5.82,5.913,6.030,6.104,6.205,6.318,14,32.10%,-
SWEST,Abham / Exeter / Landulph 132kV,Landulph 33 kV,Saltash Dunheved Road 11kV,SALT5,Unchanged,11,1.00,6.66,6.794,6.939,7.111,7.347,7.762,22.7,32.10%,-
SWEST,Abham / Exeter / Landulph 132kV,Landulph 33 kV,Saltash Whity Cross 11kV,SAWX5,Unchanged,11,1.00,2.11,2.410,2.698,3.050,3.474,4.039,6.2,32.10%,-
SWEST,Abham / Exeter / Landulph 132kV,Landulph 33 kV,Tamar Pumping Station 33kV,TAMA3_#1H0 & TAMA3_#2H0,Unchanged,33,0.95,1.09,1.537,2.140,2.790,3.350,4.127,-,32.10%,-
SWEST,Abham / Exeter / Landulph 132kV,Landulph 33 kV,Torpoint Antony 11kV,TORA5,Unchanged,11,0.99,7.99,8.008,8.028,8.067,8.145,8.386,14,32.10%,-
SWEST,Abham / Exeter / Landulph 132kV,Landulph 33 kV,Torpoint Town 11kV,TORT5,Unchanged,11,1.00,3.62,3.697,3.787,3.889,4.023,4.197,4.6,32.10%,-
SWEST,Abham / Exeter / Landulph 132kV,Milehouse 33 kV,Alma Road 11kV,ALMR5,Unchanged,11,1.00,10.45,10.613,10.784,10.981,11.205,11.420,22.86,32.10%,-
SWEST,Abham / Exeter / Landulph 132kV,Milehouse 33 kV,Central Intake 33kV,DOCC3,Removed,33,16.52,1.00,16.517,16.517,16.517,16.517,16.517,-,36.09%,-
SWEST,Abham / Exeter / Landulph 132kV,Milehouse 33 kV,Central Intake 33kV,DOCC3_MAIN1 & DOCC3_MAIN2,New,33,1.00,13.69,13.690,13.690,13.690,13.690,13.690,-,32.10%,-
SWEST,Abham / Exeter / Landulph 132kV,Milehouse 33 kV,Milehouse 33kV,MILE3,Removed,33,53.31,0.99,60.205,61.249,61.979,62.571,63.281,90,36.09%,-
SWEST,Abham / Exeter / Landulph 132kV,Milehouse 33 kV,Milehouse 33kV,MILE3_MAIN1 & MILE3_MAIN2,New,33,1.00,41.96,43.850,45.575,47.377,49.172,50.897,90,32.10%,-
SWEST,Abham / Exeter / Landulph 132kV,Milehouse 33 kV,Newport Street 11kV,NEWS5,Unchanged,11,1.00,8.73,9.436,10.257,10.731,11.184,12.047,14,32.10%,-
SWEST,Abham / Exeter / Landulph 132kV,Milehouse 33 kV,North Intake 33kV,DOCN3_MAIN1 & DOCN3_MAIN2,Unchanged,33,1.00,13.77,13.766,13.766,13.766,13.766,13.766,-,32.10%,-
SWEST,Abham / Exeter / Landulph 132kV,Milehouse 33 kV,St Levan Road 11kV,SLEV5,Unchanged,11,0.95,5.40,6.190,6.613,7.128,7.700,8.136,20.6,32.10%,-
SWEST,Abham / Exeter / Landulph 132kV,Milehouse 33 kV,Weston Mill 11kV,WESM5,Unchanged,11,0.95,8.59,8.865,9.212,9.884,10.483,10.724,14,32.10%,-
SWEST,Abham / Exeter / Landulph 132kV,Newton Abbot 33 kV,Bovey Tracey 11kV,BOVT5,Unchanged,11,0.95,5.97,6.111,6.242,6.327,6.497,6.706,7.98,32.10%,-
SWEST,Abham / Exeter / Landulph 132kV,Newton Abbot 33 kV,Bradley Lane 11kV,BRAL5,Unchanged,11,1.00,13.45,13.746,14.165,14.610,15.163,15.860,22.9,32.10%,-
SWEST,Abham / Exeter / Landulph 132kV,Newton Abbot 33 kV,Chudleigh Knighton 11kV,CHUK5,Unchanged,11,0.97,8.15,8.222,8.406,8.674,8.909,9.122,12.6,32.10%,-
SWEST,Abham / Exeter / Landulph 132kV,Newton Abbot 33 kV,Dawlish 11kV,DAWL5,Unchanged,11,0.95,11.15,11.532,11.947,12.474,12.971,13.256,20.5,32.10%,-
SWEST,Abham / Exeter / Landulph 132kV,Newton Abbot 33 kV,Higher Woodway 11kV,TEIH5,Unchanged,11,1.00,5.50,5.692,5.887,6.233,6.439,6.538,22.9,32.10%,-
SWEST,Abham / Exeter / Landulph 132kV,Newton Abbot 33 kV,Newton Abbot 11kV,NEAB5,Unchanged,11,0.95,19.18,19.401,19.850,20.520,21.191,21.926,26.06,32.10%,-
SWEST,Abham / Exeter / Landulph 132kV,Newton Abbot 33 kV,Newton Abbot 33kV,NEAB3_MAIN1 & NEAB_MAIN2,New,33,0.96,67.40,68.819,70.732,73.276,75.826,78.287,90,32.10%,-
SWEST,Abham / Exeter / Landulph 132kV,Newton Abbot 33 kV,Newton Abbot 33kV,NEAB3J & NEAB3K,Removed,33,66.28,0.97,66.960,68.228,69.022,69.728,70.681,90,36.09%,-
SWEST,Abham / Exeter / Landulph 132kV,Newton Abbot 33 kV,Teignmouth Gas Works 11kV,TEIG5,Unchanged,11,0.95,5.77,5.865,5.963,6.133,6.324,6.517,14,32.10%,-
SWEST,Abham / Exeter / Landulph 132kV,Paignton 33 kV,Blackawton 11kV,BLAK5,Unchanged,11,0.95,1.48,1.483,1.492,1.506,1.524,1.590,1.6,32.10%,-
SWEST,Abham / Exeter / Landulph 132kV,Paignton 33 kV,Churston 11kV,CHUS5,Unchanged,11,0.95,10.35,10.696,11.018,11.440,11.923,12.506,14,32.10%,-
SWEST,Abham / Exeter / Landulph 132kV,Paignton 33 kV,Colley End 11kV,COLE5,Unchanged,11,1.00,12.53,12.872,13.210,13.769,14.138,14.852,22.86,32.10%,-
SWEST,Abham / Exeter / Landulph 132kV,Paignton 33 kV,Dartmouth 11kV,DART5,Unchanged,11,0.95,7.20,7.327,7.512,7.767,8.037,8.350,22.7,32.10%,-
SWEST,Abham / Exeter / Landulph 132kV,Paignton 33 kV,Hollicombe 11kV,HOLL5,Unchanged,11,0.95,7.20,7.425,7.715,7.993,8.404,8.756,10,32.10%,-
SWEST,Abham / Exeter / Landulph 132kV,Paignton 33 kV,Laywell Brixham 11kV,LAYW5,Unchanged,11,1.00,9.98,10.193,10.428,10.784,11.154,11.608,14,32.10%,-
SWEST,Abham / Exeter / Landulph 132kV,Paignton 33 kV,Noss Dart Marina 33kV,NSMA3_1H0 & NSMA3_2H0,Unchanged,33,0.95,0.05,0.048,0.048,0.048,0.048,0.048,-,32.10%,-
SWEST,Abham / Exeter / Landulph 132kV,Paignton 33 kV,Paignton 11kV,PAIG5,Removed,11,10.07,0.95,11.047,12.412,13.071,13.602,13.704,22.9,36.09%,Group operating in parallel Ynys Street 11kV / Victoria Road 11kV
SWEST,Abham / Exeter / Landulph 132kV,Paignton 33 kV,Paignton 11kV,PAIP5,New,11,0.95,11.19,11.481,12.038,12.718,13.419,14.317,22.9,32.10%,-
SWEST,Abham / Exeter / Landulph 132kV,Paignton 33 kV,Paignton 33kV,PAIG3_MAIN1 & PAIG3_MAIN2,New,33,1.00,63.21,64.793,66.729,69.248,71.832,75.196,90,32.10%,-
SWEST,Abham / Exeter / Landulph 132kV,Paignton 33 kV,Stokenham 11kV,STOK5,Unchanged,11,0.95,3.02,3.101,3.170,3.207,3.266,3.363,3.7,32.10%,-
SWEST,Abham / Exeter / Landulph 132kV,Plymouth 33 kV,Adelaide Road 11kV,ADER5,Unchanged,11,0.95,7.76,8.187,10.919,11.319,11.482,12.199,14,32.10%,-
SWEST,Abham / Exeter / Landulph 132kV,Plymouth 33 kV,Armada Street 11kV,ARMA5,Unchanged,11,1.00,11.03,11.311,11.587,11.923,12.241,12.588,22.86,32.10%,-
SWEST,Abham / Exeter / Landulph 132kV,Plymouth 33 kV,Buckwell Street 11kV,BUCS5,Unchanged,11,0.95,10.77,10.792,10.973,10.953,10.944,11.286,20.5,32.10%,-
SWEST,Abham / Exeter / Landulph 132kV,Plymouth 33 kV,Eggbuckland 11kV,EGGB5,Unchanged,11,0.95,9.72,9.929,10.135,10.359,10.598,10.837,20.5,32.10%,-
SWEST,Abham / Exeter / Landulph 132kV,Plymouth 33 kV,Elim Terrace 11kV,ELIT5,Unchanged,11,0.95,7.47,7.543,7.613,7.704,7.811,7.914,14,32.10%,-
SWEST,Abham / Exeter / Landulph 132kV,Plymouth 33 kV,Longbridge 11kV,LONG5,Unchanged,11,1.00,9.60,9.815,10.523,10.988,11.489,12.006,22.9,32.10%,-
SWEST,Abham / Exeter / Landulph 132kV,Plymouth 33 kV,Old Laira Road 11kV,OLDL5,Unchanged,11,0.95,5.30,5.541,5.677,5.830,5.998,6.173,22.86,32.10%,-
SWEST,Abham / Exeter / Landulph 132kV,Plymouth 33 kV,Plymouth 33kV,PLYM3,Removed,33,84.58,1.00,84.396,87.344,88.874,89.385,89.930,120,36.09%,-
SWEST,Abham / Exeter / Landulph 132kV,Plymouth 33 kV,Plymouth 33kV,PLYM3_MAIN1 & PLYM3_MAIN2 & PLYM3_MAIN3,New,33,0.96,79.37,81.957,87.474,93.371,95.719,99.089,120,32.10%,-
SWEST,Abham / Exeter / Landulph 132kV,Plymouth 33 kV,Plymstock South 11kV,PLYS5,Unchanged,11,0.95,4.99,5.063,5.238,5.319,5.410,5.502,28,32.10%,-
SWEST,Abham / Exeter / Landulph 132kV,Plymouth 33 kV,Prince Rock 11kV,PRIR5,Unchanged,11,0.95,13.33,13.425,13.740,17.380,17.519,17.714,23,32.10%,-
SWEST,Abham / Exeter / Landulph 132kV,Plymouth 33 kV,Stentaway 11kV,STEN5,Unchanged,11,0.95,11.10,12.061,12.812,13.387,14.014,14.663,28,32.10%,-
SWEST,Abham / Exeter / Landulph 132kV,Plympton 33 kV,Hemerdon Mine 33kV,HEMI3_MAIN1,Unchanged,33,0.95,0.17,0.172,0.172,0.172,0.172,0.172,-,32.10%,-
SWEST,Abham / Exeter / Landulph 132kV,Plympton 33 kV,Ivybridge 11kV,IVYB5,Unchanged,11,0.96,8.94,9.172,9.471,9.701,9.914,10.234,14,32.10%,-
SWEST,Abham / Exeter / Landulph 132kV,Plympton 33 kV,Langage 11kV,LAGG5,Unchanged,11,1.00,9.14,16.295,16.482,16.642,16.915,17.170,20.5,32.10%,-
SWEST,Abham / Exeter / Landulph 132kV,Plympton 33 kV,Langage Energy Centre 33kV,LNGE3_#1M0,Unchanged,33,0.95,2.73,2.732,2.732,2.732,2.732,2.732,-,32.10%,-
SWEST,Abham / Exeter / Landulph 132kV,Plympton 33 kV,Linketty Lane 11kV,LINL5,Unchanged,11,0.97,9.49,9.789,10.297,10.637,11.008,11.539,22.9,32.10%,-
SWEST,Abham / Exeter / Landulph 132kV,Plympton 33 kV,Modbury 11kV,MODB5,Unchanged,11,0.95,3.80,3.898,4.100,4.324,4.564,4.848,4.2,32.10%,-
SWEST,Abham / Exeter / Landulph 132kV,Plympton 33 kV,Newton Ferrers 11kV,NEWF5,Unchanged,11,0.95,2.79,2.890,2.995,3.115,3.166,3.229,6.25,32.10%,-
SWEST,Abham / Exeter / Landulph 132kV,Plympton 33 kV,Plympton 33kV,PLPT3,Removed,33,37.82,1.00,40.729,45.688,46.383,46.966,47.616,50.29,36.09%,-
SWEST,Abham / Exeter / Landulph 132kV,Plympton 33 kV,Plympton 33kV,PLPT3_MAIN1 & PLPT3_MAIN2,New,33,1.00,39.87,47.674,48.949,50.027,51.188,76.241,50.3,32.10%,-
SWEST,Abham / Exeter / Landulph 132kV,Plympton 33 kV,Sherford 33kV,SHER3_MAIN1 & SHER3_MAIN2,Unchanged,33,1.00,1.79,1.789,1.789,1.789,1.789,1.789,-,32.10%,-
SWEST,Abham / Exeter / Landulph 132kV,Plympton 33 kV,Torycombe 11kV,TORY5,Unchanged,11,0.95,6.50,6.470,6.488,6.530,6.580,6.643,19.1,32.10%,-
SWEST,Abham / Exeter / Landulph 132kV,Sowton 33 kV,Clyst Honiton 11kV,CLYH5,Unchanged,11,0.95,6.91,7.133,8.606,11.382,15.386,20.329,20.5,32.10%,-
SWEST,Abham / Exeter / Landulph 132kV,Sowton 33 kV,Core Hill T2 (J) 11kV,CORH5K,Unchanged,11,0.95,1.97,2.003,2.184,2.490,2.922,3.372,5.03,32.10%,-
SWEST,Abham / Exeter / Landulph 132kV,Sowton 33 kV,Countess Wear 11kV,COUW5,Unchanged,11,0.95,7.97,8.159,8.754,9.169,9.527,9.833,9.76,32.10%,-
SWEST,Abham / Exeter / Landulph 132kV,Sowton 33 kV,Exeter Science Park 11kV,EXSC5,Unchanged,11,0.95,4.93,5.100,6.083,7.016,7.964,8.970,22.86,32.10%,-
SWEST,Abham / Exeter / Landulph 132kV,Sowton 33 kV,Heavitree 11kV,HEAB5,Unchanged,11,0.95,10.05,10.280,10.517,10.769,11.035,11.333,14,32.10%,-
SWEST,Abham / Exeter / Landulph 132kV,Sowton 33 kV,Hill Barton 11kV,HBBP5,Unchanged,11,0.99,3.80,3.754,3.790,3.884,3.979,4.151,4.5,32.10%,-
SWEST,Abham / Exeter / Landulph 132kV,Sowton 33 kV,Marsh Green T2 (K) 11kV,MARG5K,Unchanged,11,0.95,3.51,3.591,3.661,3.736,3.825,3.972,8.38,32.10%,-
SWEST,Abham / Exeter / Landulph 132kV,Sowton 33 kV,Pinhoe 11kV,PINH5,Unchanged,11,0.95,11.83,12.555,13.427,14.367,15.106,15.641,14,32.10%,-
SWEST,Abham / Exeter / Landulph 132kV,Sowton 33 kV,Sidmouth Town T2 (K) 11kV,SIDM5K,Unchanged,11,0.95,2.09,2.132,2.208,2.320,2.459,2.610,10,32.10%,-
SWEST,Abham / Exeter / Landulph 132kV,Sowton 33 kV,Sowton 11kV,SOWT5,Unchanged,11,0.98,12.26,12.446,12.708,12.948,13.079,13.276,20.5,32.10%,-
SWEST,Abham / Exeter / Landulph 132kV,Sowton 33 kV,Sowton 33kV,SOWT3,Removed,33,62.09,1.00,69.165,77.763,81.539,85.599,87.869,90,36.09%,-
SWEST,Abham / Exeter / Landulph 132kV,Sowton 33 kV,Sowton 33kV,SOWT3_MAIN1 & SOWT3_MAIN2,New,33,0.96,64.91,68.977,73.898,80.189,87.494,95.722,90,32.10%,-
SWEST,Abham / Exeter / Landulph 132kV,Sowton 33 kV,Sowton T4 (B) 11kV,SMET5,Unchanged,11,0.95,4.80,4.723,4.646,4.569,4.492,4.415,-,32.10%,-
SWEST,Abham / Exeter / Landulph 132kV,Sowton 33 kV,Topsham 11kV,TOPS5,Unchanged,11,0.95,3.89,4.138,4.397,4.682,4.938,5.115,5,32.10%,-
SWEST,Abham / Exeter / Landulph 132kV,St Germans 33 kV,Lanreath 11kV,LANR5,Unchanged,11,0.98,3.38,3.390,3.404,3.431,3.494,3.606,6.25,32.10%,-
SWEST,Abham / Exeter / Landulph 132kV,St Germans 33 kV,Liskeard 11kV,LISK5,Unchanged,11,0.96,13.25,13.515,13.903,14.337,14.862,15.598,22.9,32.10%,-
SWEST,Abham / Exeter / Landulph 132kV,St Germans 33 kV,Looe 11kV,LOOE5,Unchanged,11,0.95,7.39,7.466,7.561,7.685,7.865,8.218,12.6,32.10%,-
SWEST,Abham / Exeter / Landulph 132kV,St Germans 33 kV,Lostwithiel 11kV,LOST5,Unchanged,11,0.95,5.34,5.303,5.285,5.283,5.305,5.396,20.5,32.10%,-
SWEST,Abham / Exeter / Landulph 132kV,St Germans 33 kV,Pensilva 11kV,PENS5,Unchanged,11,1.00,2.45,2.521,2.643,2.770,2.925,3.206,6.25,32.10%,-
SWEST,Abham / Exeter / Landulph 132kV,St Germans 33 kV,St Neot 11kV,NEOT5,Unchanged,11,1.00,5.19,6.468,6.523,6.684,6.762,6.925,6.25,32.10%,-
SWEST,Abham / Exeter / Landulph 132kV,Tiverton 33 kV,Bridge Mills 11kV,BRIM5,Unchanged,11,0.95,6.50,6.525,6.576,6.663,6.776,7.034,14,32.10%,-
SWEST,Abham / Exeter / Landulph 132kV,Tiverton 33 kV,Burlescombe 11kV,BURL5,Unchanged,11,0.94,3.30,3.289,3.284,3.293,3.308,3.412,6.25,32.10%,-
SWEST,Abham / Exeter / Landulph 132kV,Tiverton 33 kV,Cullompton 11kV,CULL5,Unchanged,11,1.00,8.10,8.379,8.737,9.343,10.204,11.271,18.4,32.10%,-
SWEST,Abham / Exeter / Landulph 132kV,Tiverton 33 kV,Dunkeswell 11kV,DUNK5,Unchanged,11,1.00,3.10,3.125,3.218,3.330,3.458,3.707,6.25,32.10%,-
SWEST,Abham / Exeter / Landulph 132kV,Tiverton 33 kV,Hemyock 11kV,HEMY5,Unchanged,11,0.99,4.30,4.340,4.453,4.499,4.556,4.652,4.21,32.10%,-
SWEST,Abham / Exeter / Landulph 132kV,Tiverton 33 kV,Tiverton 33kV,TIVE3,Removed,33,46.99,1.00,49.162,56.259,58.087,58.817,59.507,57.16,36.09%,Load shared between nodes. See note 4.
SWEST,Abham / Exeter / Landulph 132kV,Tiverton 33 kV,Tiverton 33kV,TIVE3_MAIN1 & TIVE3_MAIN2,New,33,1.00,50.52,51.479,53.091,54.830,56.878,60.246,57.16,32.10%,-
SWEST,Abham / Exeter / Landulph 132kV,Tiverton 33 kV,Tiverton Junction 11kV,TIVE5,Unchanged,11,0.96,12.99,13.358,13.972,14.584,15.070,16.058,23,32.10%,-
SWEST,Abham / Exeter / Landulph 132kV,Tiverton 33 kV,Tiverton Moorhayes 11kV,TIVM5,Unchanged,11,0.95,6.37,6.527,6.770,6.949,7.147,7.397,14,32.10%,-
SWEST,Abham / Exeter / Landulph 132kV,Tiverton 33 kV,Tiverton South 11kV,TIVS5,Unchanged,11,0.95,11.84,11.945,12.135,12.267,12.500,12.944,22.7,32.10%,-
SWEST,Abham / Exeter / Landulph 132kV,Torquay 33 kV,Barton 11kV,BART5,Unchanged,11,0.95,10.42,10.812,11.315,11.675,12.230,12.831,18.3,32.10%,-
SWEST,Abham / Exeter / Landulph 132kV,Torquay 33 kV,Lawes Bridge 11kV,LAWB5,Unchanged,11,0.95,14.48,15.386,16.922,18.730,20.818,22.921,22.9,32.10%,-
SWEST,Abham / Exeter / Landulph 132kV,Torquay 33 kV,Torquay 33kV,TORQ3,Removed,33,42.50,0.97,43.116,44.868,46.193,47.413,48.334,90,36.09%,Load shared between nodes. See note 4.
SWEST,Abham / Exeter / Landulph 132kV,Torquay 33 kV,Torquay 33kV,TORQ3_MAIN1 & TORQ3_MAIN2,New,33,0.97,42.94,45.137,47.785,50.361,53.664,57.164,90,32.10%,-
SWEST,Abham / Exeter / Landulph 132kV,Torquay 33 kV,Torwood 11kV,TORW5,Unchanged,11,0.95,8.79,8.934,9.114,9.232,9.332,9.582,15.6,32.10%,-
SWEST,Abham / Exeter / Landulph 132kV,Torquay 33 kV,Upton Valley 11kV,UPTV5,Unchanged,11,1.00,10.79,11.551,12.013,12.342,12.944,13.536,21.3,32.10%,-
SWEST,Abham / Exeter / Landulph 132kV,Totnes 33 kV,Ashburton 11kV,ASHB5,Unchanged,11,0.95,5.81,5.953,6.239,6.571,6.913,7.420,9.77,32.10%,-
SWEST,Abham / Exeter / Landulph 132kV,Totnes 33 kV,Buckfastleigh 11kV,BUCK5,Unchanged,11,1.00,5.26,5.277,5.302,5.343,5.397,5.493,14,32.10%,-
SWEST,Abham / Exeter / Landulph 132kV,Totnes 33 kV,Kingsbridge 11kV,KINB5,Unchanged,11,1.00,11.33,11.515,11.761,12.081,12.493,13.084,22.86,32.10%,-
SWEST,Abham / Exeter / Landulph 132kV,Totnes 33 kV,Marldon 11kV,MARL5,Unchanged,11,0.95,1.52,1.548,1.569,1.593,1.622,1.654,5,32.10%,-
SWEST,Abham / Exeter / Landulph 132kV,Totnes 33 kV,Paignton 33kV,PAIG3J & PAIG3K,Removed,33,58.56,1.00,61.128,63.373,64.718,66.385,66.930,90,36.09%,-
SWEST,Abham / Exeter / Landulph 132kV,Totnes 33 kV,Salcombe 11kV,SALC5,Unchanged,11,0.95,4.81,4.862,4.917,4.986,5.072,5.193,5.5,32.10%,-
SWEST,Abham / Exeter / Landulph 132kV,Totnes 33 kV,South Brent 11kV,SOUB5,Unchanged,11,0.95,4.39,4.440,4.509,4.590,4.683,4.890,4.6,32.10%,-
SWEST,Abham / Exeter / Landulph 132kV,Totnes 33 kV,Totnes 33kV,TOTN3,Removed,33,40.24,1.00,41.089,42.800,43.564,44.294,45.287,50.3,36.09%,-
SWEST,Abham / Exeter / Landulph 132kV,Totnes 33 kV,Totnes 33kV,TOTN3_MAIN1 & TOTN3_MAIN2,New,33,0.98,41.06,41.697,42.746,43.972,45.469,47.763,50.3,32.10%,-
SWEST,Abham / Exeter / Landulph 132kV,Totnes 33 kV,Totnes Local 11kV,TOTL5,Unchanged,11,0.95,11.47,11.656,12.018,12.394,12.895,13.663,12.5,32.10%,-
SWEST,Alverdiscott / Indian Queens 132kV,Barnstaple 33 kV,Aaronsons 33kV,AARO3_MAIN1,Unchanged,33,0.95,1.04,1.042,1.042,1.042,1.042,1.042,-,35.93%,-
SWEST,Alverdiscott / Indian Queens 132kV,Barnstaple 33 kV,Barnstaple 33kV,BAST3,Removed,33,46.38,1.00,47.460,48.240,48.737,49.512,50.228,60,37.97%,-
SWEST,Alverdiscott / Indian Queens 132kV,Barnstaple 33 kV,Barnstaple 33kV,BAST3_MAIN1 & BAST3_MAIN2,New,33,1.00,47.10,48.325,50.012,52.173,54.898,59.124,60,35.93%,-
SWEST,Alverdiscott / Indian Queens 132kV,Barnstaple 33 kV,Bratton Flemming 11kV,BRAF5,Unchanged,11,0.95,1.93,1.953,2.017,2.116,2.226,2.459,6.25,35.93%,-
SWEST,Alverdiscott / Indian Queens 132kV,Barnstaple 33 kV,Great Torrington 11kV,TORR5J & TORR5K,Unchanged,11,0.94,6.00,6.123,6.447,6.759,7.139,8.046,14,35.93%,-
SWEST,Alverdiscott / Indian Queens 132kV,Barnstaple 33 kV,Heddon Cross 11kV,HEDX5,Unchanged,11,0.99,2.23,2.248,2.265,2.294,2.355,2.495,3.9,35.93%,-
SWEST,Alverdiscott / Indian Queens 132kV,Barnstaple 33 kV,Lynton 11kV,LYNT5,Unchanged,11,0.95,2.74,2.744,2.752,2.769,2.840,2.980,6.25,35.93%,-
SWEST,Alverdiscott / Indian Queens 132kV,Barnstaple 33 kV,Middle Barlington 11kV,MIDB5,Unchanged,11,0.98,1.83,1.872,1.932,1.987,2.048,2.283,3,35.93%,-
SWEST,Alverdiscott / Indian Queens 132kV,Barnstaple 33 kV,Rock Park 11kV,ROCP5,Unchanged,11,0.95,10.40,10.752,11.287,12.073,13.045,14.065,22.9,35.93%,-
SWEST,Alverdiscott / Indian Queens 132kV,Barnstaple 33 kV,Roundswell 11kV,ROUN5,Unchanged,11,0.98,8.48,8.854,9.199,9.649,10.134,10.717,23,35.93%,-
SWEST,Alverdiscott / Indian Queens 132kV,Barnstaple 33 kV,South Molton 11kV,SMOL5,Unchanged,11,0.95,6.13,6.354,6.556,6.779,7.162,7.916,14,35.93%,-
SWEST,Alverdiscott / Indian Queens 132kV,Barnstaple 33 kV,Tinkers Cross 11kV,TINX5J & TINX5K,Unchanged,11,0.95,5.02,5.126,5.334,5.622,5.945,6.353,6.25,35.93%,-
SWEST,Alverdiscott / Indian Queens 132kV,Camborne 33 kV,Camborne 33kV,CAOR3,Removed,33,49.40,1.00,53.287,50.008,59.685,60.224,61.135,90,37.97%,-
SWEST,Alverdiscott / Indian Queens 132kV,Camborne 33 kV,Camborne 33kV,CAOR3_MAIN1 & CAOR3_MAIN2,New,33,1.00,47.73,43.900,56.842,58.018,59.249,61.272,90,35.93%,-
SWEST,Alverdiscott / Indian Queens 132kV,Camborne 33 kV,Camborne Holmans 11kV,CAMH5,Unchanged,11,0.95,10.86,11.313,11.705,12.104,12.471,12.981,22.86,35.93%,-
SWEST,Alverdiscott / Indian Queens 132kV,Camborne 33 kV,Camborne Treswithian 11kV,CAMT5,Unchanged,11,1.00,4.92,4.985,5.064,5.163,5.296,5.488,5,35.93%,-
SWEST,Alverdiscott / Indian Queens 132kV,Camborne 33 kV,Carn Brea 11kV,CARN5,Unchanged,11,1.00,15.23,10.387,10.515,10.682,10.861,11.225,22.86,35.93%,-
SWEST,Alverdiscott / Indian Queens 132kV,Camborne 33 kV,Redruth 11kV,REDR5,Unchanged,11,1.00,15.54,16.055,16.650,17.180,17.750,18.731,22.7,35.93%,-
SWEST,Alverdiscott / Indian Queens 132kV,East Yelland 33 kV,Barnstaple Quay 11kV,BARQ5,Unchanged,11,1.00,11.95,12.536,13.045,13.733,14.273,15.005,22.7,35.93%,-
SWEST,Alverdiscott / Indian Queens 132kV,East Yelland 33 kV,Bideford 11kV,BIDE5,Unchanged,11,1.00,6.65,6.845,7.177,7.560,7.956,8.306,23,35.93%,-
SWEST,Alverdiscott / Indian Queens 132kV,East Yelland 33 kV,Braunton 11kV,BRAU5,Unchanged,11,0.95,8.66,8.799,8.968,9.166,9.366,9.769,22.7,35.93%,-
SWEST,Alverdiscott / Indian Queens 132kV,East Yelland 33 kV,East Yelland 33kV,EYEL3,Removed,33,60.07,1.00,59.912,60.649,61.230,61.990,62.921,78,37.97%,-
SWEST,Alverdiscott / Indian Queens 132kV,East Yelland 33 kV,East Yelland 33kV,EYEL3_MAIN1 & EYEL3_MAIN2,New,33,1.00,58.53,60.451,62.995,66.169,69.333,73.710,66,35.93%,-
SWEST,Alverdiscott / Indian Queens 132kV,East Yelland 33 kV,Fremington 11kV,FREM5,Unchanged,11,0.95,3.55,3.672,3.781,3.997,4.158,4.365,5,35.93%,-
SWEST,Alverdiscott / Indian Queens 132kV,East Yelland 33 kV,Georgeham 11kV,GEOR5,Unchanged,11,0.99,5.30,5.330,5.407,5.496,5.597,5.745,5.64,35.93%,-
SWEST,Alverdiscott / Indian Queens 132kV,East Yelland 33 kV,Ilfracombe 11kV,ILFR5,Unchanged,11,0.96,9.47,9.796,10.065,10.411,10.836,11.458,20.5,35.93%,-
SWEST,Alverdiscott / Indian Queens 132kV,East Yelland 33 kV,Northam 11kV,NORT5,Unchanged,11,0.95,4.79,4.998,5.367,5.691,5.999,6.472,6.76,35.93%,-
SWEST,Alverdiscott / Indian Queens 132kV,East Yelland 33 kV,Park Lane 11kV,PARL5,Unchanged,11,0.95,10.33,10.709,11.501,12.534,13.672,15.272,14,35.93%,-
SWEST,Alverdiscott / Indian Queens 132kV,Fraddon 33 kV,Drinnick 11kV T1 (J) 11kV,DRIN5_BB_J,Unchanged,11,1.00,5.17,5.167,5.167,5.167,5.167,5.167,31,35.93%,-
SWEST,Alverdiscott / Indian Queens 132kV,Fraddon 33 kV,Drinnick 11kV T2 & T3 (K) 11kV,DRIN5_BB_K,Unchanged,11,0.94,10.26,10.213,10.162,10.153,10.167,10.232,31,35.93%,-
SWEST,Alverdiscott / Indian Queens 132kV,Fraddon 33 kV,Fraddon 11kV,FRAD5,Unchanged,11,0.99,8.97,12.256,12.510,12.830,13.201,13.777,20.5,35.93%,-
SWEST,Alverdiscott / Indian Queens 132kV,Fraddon 33 kV,Fraddon 33kV GT1 & GT2 (K & J) 33kV,FRAD3_MAIN1 & FRAD3_MAIN2,New,33,1.00,20.37,21.934,23.866,25.716,27.980,30.506,60,35.93%,-
SWEST,Alverdiscott / Indian Queens 132kV,Fraddon 33 kV,Fraddon 33kV GT1 & GT2 (K & J) 33kV,FRAD3J & FRAD3K,Removed,33,22.98,1.00,23.022,23.437,24.636,26.166,29.433,60,37.97%,-
SWEST,Alverdiscott / Indian Queens 132kV,Fraddon 33 kV,Fraddon 33kV GT3 & GT4 (L & M) 33kV,FRAD3_MAIN3 & FRAD3_MAIN4,New,33,1.00,27.52,31.194,31.827,32.562,33.507,34.767,90,35.93%,-
SWEST,Alverdiscott / Indian Queens 132kV,Fraddon 33 kV,Fraddon 33kV GT3 & GT4 (L & M) 33kV,FRAD3L & FRAD3M,Removed,33,26.69,1.00,26.694,26.874,27.558,28.587,29.023,90,37.97%,-
SWEST,Alverdiscott / Indian Queens 132kV,Fraddon 33 kV,Newquay Trencreek 11kV,NETK5,Unchanged,11,1.00,7.94,8.576,9.371,10.005,10.625,11.345,9.6,35.93%,-
SWEST,Alverdiscott / Indian Queens 132kV,Fraddon 33 kV,Newquay Trevemper 11kV,NETR5,Unchanged,11,0.95,14.30,14.996,15.555,15.945,16.520,16.913,20.5,35.93%,-
SWEST,Alverdiscott / Indian Queens 132kV,Fraddon 33 kV,Padstow 11kV,PADS5,Unchanged,11,1.00,8.54,8.652,8.723,8.827,9.041,9.300,12.6,35.93%,-
SWEST,Alverdiscott / Indian Queens 132kV,Fraddon 33 kV,Probus 11kV,PROB5,Unchanged,11,0.95,3.57,3.616,3.679,3.756,3.861,4.017,6.25,35.93%,-
SWEST,Alverdiscott / Indian Queens 132kV,Fraddon 33 kV,Roseland 11kV,ROSE5,Unchanged,11,0.95,4.56,4.631,4.687,4.804,4.941,5.137,5.03,35.93%,-
SWEST,Alverdiscott / Indian Queens 132kV,Fraddon 33 kV,St Columb Major 11kV,STCO5,Unchanged,11,0.96,6.62,6.698,6.778,6.823,6.881,7.020,12.6,35.93%,-
SWEST,Alverdiscott / Indian Queens 132kV,Fraddon 33 kV,St Mawgan 11kV,STMA5,Unchanged,11,0.95,5.05,5.306,5.550,5.836,6.162,6.475,5.58,35.93%,-
SWEST,Alverdiscott / Indian Queens 132kV,Fraddon 33 kV,Truro Shortlanesend 11kV,TRUS5,Unchanged,11,0.95,13.81,14.024,14.591,15.295,16.194,17.284,22.9,35.93%,-
SWEST,Alverdiscott / Indian Queens 132kV,Hayle 33 kV,Geevor 11kV,GEEV5,Unchanged,11,1.00,3.81,3.849,3.896,3.966,4.102,4.332,14,35.93%,-
SWEST,Alverdiscott / Indian Queens 132kV,Hayle 33 kV,Hayle 33kV,HAYL3,Removed,33,55.06,0.95,55.806,56.856,57.875,59.050,60.454,60,37.97%,-
SWEST,Alverdiscott / Indian Queens 132kV,Hayle 33 kV,Hayle 33kV,HAYL3_MAIN1 & HAYL3_MAIN2,New,33,0.95,53.15,54.577,56.135,57.665,59.634,62.601,60,35.93%,-
SWEST,Alverdiscott / Indian Queens 132kV,Hayle 33 kV,Hayle Local 11kV,HYLL5,Unchanged,11,1.00,12.50,13.146,13.903,14.472,15.055,15.802,20.5,35.93%,-
SWEST,Alverdiscott / Indian Queens 132kV,Hayle 33 kV,Isles Of Scilly 11kV,ISLE5,Unchanged,11,0.95,3.81,3.832,3.913,4.002,4.111,4.278,5,35.93%,-
SWEST,Alverdiscott / Indian Queens 132kV,Hayle 33 kV,Marazion 11kV,MARA5,Unchanged,11,1.00,6.32,6.493,6.622,6.777,6.975,7.209,14,35.93%,-
SWEST,Alverdiscott / Indian Queens 132kV,Hayle 33 kV,Mousehole 11kV,MOUS5,Unchanged,11,0.95,2.31,2.329,2.343,2.364,2.401,2.459,4.13,35.93%,-
SWEST,Alverdiscott / Indian Queens 132kV,Hayle 33 kV,Newlyn 11kV,NEWL5,Unchanged,11,0.95,3.91,4.032,4.107,4.157,4.253,4.586,4.82,35.93%,-
SWEST,Alverdiscott / Indian Queens 132kV,Hayle 33 kV,Penzance Causewayhead 11kV,PENC5,Unchanged,11,0.99,5.58,5.762,5.912,6.005,6.230,6.627,11.5,35.93%,-
SWEST,Alverdiscott / Indian Queens 132kV,Hayle 33 kV,Penzance Heamoor 11kV,PENH5,Unchanged,11,0.95,6.55,6.667,6.844,7.058,7.278,7.517,22.9,35.93%,-
SWEST,Alverdiscott / Indian Queens 132kV,Hayle 33 kV,St Buryan 11kV,STBU5,Unchanged,11,0.95,3.88,3.895,3.916,3.951,4.004,4.106,6.25,35.93%,-
SWEST,Alverdiscott / Indian Queens 132kV,Hayle 33 kV,St Ives 11kV,STIV5,Unchanged,11,1.00,8.30,8.346,8.395,8.576,8.819,9.180,12.6,35.93%,-
SWEST,Alverdiscott / Indian Queens 132kV,North Tawton 33 kV,Roadford 33kV,ROAD3,Updated,33,0.95,1.42,1.423,1.423,1.423,1.423,1.423,-,35.93%,-
SWEST,Alverdiscott / Indian Queens 132kV,North Tawton 33kV,Moretonhampstead 11kV,MORH5,Unchanged,11,0.95,2.28,2.313,2.354,2.403,2.460,2.544,3.05,35.93%,-
SWEST,Alverdiscott / Indian Queens 132kV,North Tawton 33kV,North Tawton / Pyworthy 33kV,NTAW3 & PYWO3,Removed,33,77.76,1.00,78.400,78.604,79.423,80.751,81.926,205.8,37.97%,-
SWEST,Alverdiscott / Indian Queens 132kV,North Tawton 33kV,North Tawton / Pyworthy 33kV,NTAW3_MAIN1 & NTAW3_MAIN2 & PYWO3_MAIN2 & PYWO3_MAIN3 & PYWO3_MAIN4,New,33,1.00,72.78,73.985,76.214,78.795,81.515,85.725,205.4481332,35.93%,-
SWEST,Alverdiscott / Indian Queens 132kV,North Tawton 33kV,North Tawton 11kV      ,NTAW5,Unchanged,11,0.76,5.77,5.750,5.745,5.750,5.761,5.817,14,35.93%,-
SWEST,Alverdiscott / Indian Queens 132kV,North Tawton 33kV,Okehampton 11kV,OKEH5,Unchanged,11,1.00,8.97,9.201,9.618,10.108,10.622,11.137,14,35.93%,-
SWEST,Alverdiscott / Indian Queens 132kV,North Tawton 33kV,Whiddon Down 11kV,WHID5,Unchanged,11,1.00,4.48,4.505,4.538,4.593,4.656,4.759,6.25,35.93%,-
SWEST,Alverdiscott / Indian Queens 132kV,Pyworthy 33 kV,Ashwater 11kV,ASHW5,Unchanged,11,0.98,1.48,1.498,1.580,1.661,1.758,1.924,4.09,35.93%,-
SWEST,Alverdiscott / Indian Queens 132kV,Pyworthy 33 kV,Clovelly 11kV,CLOV5,Unchanged,11,0.95,4.40,4.425,4.533,4.674,4.827,5.142,6.25,35.93%,-
SWEST,Alverdiscott / Indian Queens 132kV,Pyworthy 33 kV,East Curry 11kV,ECUR5,Unchanged,11,1.00,4.26,4.292,4.331,4.416,4.522,4.735,6.5,35.93%,-
SWEST,Alverdiscott / Indian Queens 132kV,Pyworthy 33 kV,Hatherleigh 11kV,HATH5,Unchanged,11,1.00,6.24,6.292,6.428,6.530,6.642,6.877,6.25,35.93%,-
SWEST,Alverdiscott / Indian Queens 132kV,Pyworthy 33 kV,Holsworthy 11kV,HOLS5,Unchanged,11,0.99,9.00,9.097,9.527,10.010,10.503,11.384,23,35.93%,-
SWEST,Alverdiscott / Indian Queens 132kV,Pyworthy 33 kV,Launceston 11kV,LAUN5,New,11,1.00,10.11,10.419,10.746,11.192,11.733,12.440,23,35.93%,-
SWEST,Alverdiscott / Indian Queens 132kV,Pyworthy 33 kV,Launceston 11kV,LAUN5J & LAUN5K,Removed,11,11.53,1.00,11.542,11.655,12.027,12.675,13.130,23,37.97%,-
SWEST,Alverdiscott / Indian Queens 132kV,Pyworthy 33 kV,Morwenstow 11kV,MORW5,Unchanged,11,0.95,4.67,4.638,4.666,4.656,4.652,4.687,5.05,35.93%,-
SWEST,Alverdiscott / Indian Queens 132kV,Pyworthy 33 kV,Shebbear 11kV,SHEB5,Unchanged,11,0.97,3.37,3.390,3.423,3.480,3.548,3.763,3.75,35.93%,-
SWEST,Alverdiscott / Indian Queens 132kV,Pyworthy 33 kV,Stratton 11kV,STRA5,Unchanged,11,0.96,12.49,12.937,13.534,14.178,14.734,15.504,22.9,35.93%,-
SWEST,Alverdiscott / Indian Queens 132kV,Rame 33 kV,Constantine 11kV,CONS5,Unchanged,11,0.95,4.50,4.580,4.627,4.701,4.832,5.132,5.56,35.93%,-
SWEST,Alverdiscott / Indian Queens 132kV,Rame 33 kV,Falmouth Bickland Hill 11kV,BICK5,Unchanged,11,1.00,16.47,17.084,17.858,18.542,19.209,19.933,22.86,35.93%,-
SWEST,Alverdiscott / Indian Queens 132kV,Rame 33 kV,Falmouth Docks 11kV,FALD5,Unchanged,11,0.98,7.07,7.054,7.042,7.045,7.081,7.235,14,35.93%,-
SWEST,Alverdiscott / Indian Queens 132kV,Rame 33 kV,Helston 11kV,HELS5,Unchanged,11,0.95,14.65,15.039,15.431,15.824,16.319,17.047,22.7,35.93%,-
SWEST,Alverdiscott / Indian Queens 132kV,Rame 33 kV,Lanner 11kV,LANN5,Unchanged,11,0.95,8.09,8.343,8.446,8.583,8.772,9.077,14,35.93%,-
SWEST,Alverdiscott / Indian Queens 132kV,Rame 33 kV,Mullion 11kV,MULL5,Unchanged,11,0.95,4.76,4.794,4.831,4.885,4.966,5.086,4.02,35.93%,-
SWEST,Alverdiscott / Indian Queens 132kV,Rame 33 kV,Penryn 11kV,PENR5,Unchanged,11,1.00,6.47,6.521,6.579,6.656,6.773,6.939,14,35.93%,-
SWEST,Alverdiscott / Indian Queens 132kV,Rame 33 kV,Rame 33kV,RAME3,Removed,33,70.64,1.00,71.304,72.483,74.173,75.610,77.163,105,37.97%,-
SWEST,Alverdiscott / Indian Queens 132kV,Rame 33 kV,Rame 33kV,RAME3_MAIN1 & RAME3_MAIN2 & RAME3_MAIN3,New,33,1.00,71.02,72.419,73.892,75.391,77.211,79.907,105,35.93%,-
SWEST,Alverdiscott / Indian Queens 132kV,Rame 33 kV,St Keverne 11kV,SKEV5,Unchanged,11,0.99,4.96,4.964,4.985,5.025,5.092,5.234,14,35.93%,-
SWEST,Alverdiscott / Indian Queens 132kV,Rame 33 kV,Wheal Reeth 11kV,WHRH5,Unchanged,11,0.97,4.23,4.263,4.347,4.416,4.501,4.633,6.25,35.93%,-
SWEST,Alverdiscott / Indian Queens 132kV,St Austell 33 kV,Blackpool 11kV,BLAC5,Unchanged,11,0.95,2.56,2.587,2.609,2.637,2.681,2.735,22.9,35.93%,-
SWEST,Alverdiscott / Indian Queens 132kV,St Austell 33 kV,Bugle T1 (J) 11kV,BUGL5J,Unchanged,11,0.95,11.49,11.446,11.476,11.518,11.550,11.631,41,35.93%,-
SWEST,Alverdiscott / Indian Queens 132kV,St Austell 33 kV,Bugle T2 & T3 (K) 11kV,BUGL5K,Unchanged,11,0.95,4.87,4.828,4.858,4.900,4.932,5.013,41,35.93%,-
SWEST,Alverdiscott / Indian Queens 132kV,St Austell 33 kV,Fowey 11kV,FOWE5,Unchanged,11,0.95,3.34,3.402,3.469,3.547,3.649,15.410,5,35.93%,-
SWEST,Alverdiscott / Indian Queens 132kV,St Austell 33 kV,Mevagissey 11kV,MEVA5,Unchanged,11,1.00,4.83,4.859,4.887,4.932,5.007,5.115,12.6,35.93%,-
SWEST,Alverdiscott / Indian Queens 132kV,St Austell 33 kV,Par Harbour 11kV,PARH5,Unchanged,11,0.97,9.42,12.868,13.165,13.597,14.092,14.732,22.7,35.93%,-
SWEST,Alverdiscott / Indian Queens 132kV,St Austell 33 kV,Sawles Road 11kV,SAWR5,Unchanged,11,1.00,5.91,6.427,6.860,7.145,7.407,7.687,22.7,35.93%,-
SWEST,Alverdiscott / Indian Queens 132kV,St Austell 33 kV,St Austell 11kV,SAUP5,Unchanged,11,0.96,10.29,11.153,11.782,12.446,13.222,14.121,22.7,35.93%,-
SWEST,Alverdiscott / Indian Queens 132kV,St Austell 33 kV,St Austell 33kV,SAUS3,Removed,33,49.33,1.00,49.552,50.094,51.475,53.011,54.210,68.59,37.97%,-
SWEST,Alverdiscott / Indian Queens 132kV,St Austell 33 kV,St Austell 33kV,SAUS3_MAIN1 & SAUS3_MAIN2,New,33,0.97,52.96,57.729,59.194,60.733,62.473,76.021,90.08,35.93%,-
SWEST,Alverdiscott / Indian Queens 132kV,St Austell 33 kV,Trebal 11kV,TREB5,Unchanged,11,0.95,2.94,2.861,2.786,2.711,2.636,2.560,11.2,35.93%,-
SWEST,Alverdiscott / Indian Queens 132kV,St Tudy 33 kV,Bodmin 11kV,BODM5,Unchanged,11,0.95,12.35,12.612,13.018,13.557,14.074,14.704,23,35.93%,-
SWEST,Alverdiscott / Indian Queens 132kV,St Tudy 33 kV,Callywith 11kV,CALY5,Unchanged,11,0.98,7.23,7.162,7.184,7.319,7.476,7.645,12.6,35.93%,-
SWEST,Alverdiscott / Indian Queens 132kV,St Tudy 33 kV,Dairy Crest 11kV,DACR5,Unchanged,11,0.95,6.40,6.400,6.400,6.400,6.400,6.400,-,35.93%,-
SWEST,Alverdiscott / Indian Queens 132kV,St Tudy 33 kV,Davidstow 11kV,DAVI5,Unchanged,11,0.97,2.62,2.678,2.712,2.753,2.829,2.987,4.46,35.93%,-
SWEST,Alverdiscott / Indian Queens 132kV,St Tudy 33 kV,Delabole 11kV,DELA5,Unchanged,11,0.95,7.54,7.634,7.933,8.085,8.267,8.547,14,35.93%,-
SWEST,Alverdiscott / Indian Queens 132kV,St Tudy 33 kV,Laneast 11kV,LANE5,Unchanged,11,0.97,2.98,3.016,3.081,3.157,3.256,3.493,3.68,35.93%,-
SWEST,Alverdiscott / Indian Queens 132kV,St Tudy 33 kV,Polzeath 11kV,POLZ5,Unchanged,11,1.00,6.94,6.951,6.970,7.004,7.075,7.191,12.1,35.93%,-
SWEST,Alverdiscott / Indian Queens 132kV,St Tudy 33 kV,St Tudy 11kV,STUD5,Unchanged,11,0.99,4.69,4.767,4.891,4.984,5.103,5.305,12.6,35.93%,-
SWEST,Alverdiscott / Indian Queens 132kV,St Tudy 33 kV,St Tudy 33kV,STUD3,Removed,33,50.57,1.00,50.916,51.474,52.461,53.542,54.759,60,37.97%,Group operating in parallel Abergavenny 66kV/Panteg 66kV.
SWEST,Alverdiscott / Indian Queens 132kV,St Tudy 33 kV,St Tudy 33kV,STUD3_MAIN1 & STUD3_MAIN2,New,33,1.00,51.48,54.143,55.291,56.657,58.232,60.576,60,35.93%,-
SWEST,Alverdiscott / Indian Queens 132kV,St Tudy 33 kV,Wadebridge 11kV,WADE5,Unchanged,11,1.00,6.66,8.869,9.085,9.420,9.817,10.428,14,35.93%,-
SWEST,Alverdiscott / Indian Queens 132kV,Truro 33 kV,Devoran 11kV,DEVO5,Unchanged,11,0.95,4.33,4.408,4.507,4.617,4.723,4.859,6.25,35.93%,-
SWEST,Alverdiscott / Indian Queens 132kV,Truro 33 kV,Perranporth 11kV,PERR5,Unchanged,11,0.95,8.20,8.245,8.437,8.522,8.649,8.841,12.6,35.93%,-
SWEST,Alverdiscott / Indian Queens 132kV,Truro 33 kV,St Agnes 11kV,STAG5,Unchanged,11,0.95,5.54,5.551,5.644,5.691,5.761,5.912,6,35.93%,-
SWEST,Alverdiscott / Indian Queens 132kV,Truro 33 kV,Truro 33kV,TRUR3,Removed,33,48.02,0.98,53.509,53.988,55.182,57.295,59.474,90,37.97%,-
SWEST,Alverdiscott / Indian Queens 132kV,Truro 33 kV,Truro 33kV,TRUR3_MAIN1 & TRUR3_MAIN2,New,33,0.98,47.05,47.619,53.628,54.513,61.612,63.083,90,35.93%,-
SWEST,Alverdiscott / Indian Queens 132kV,Truro 33 kV,Truro Treyew Road 11kV,TRUT5,Unchanged,11,1.00,12.01,12.413,12.905,13.450,14.011,14.657,22.86,35.93%,-
SWEST,Alverdiscott / Indian Queens 132kV,Truro 33 kV,Twelveheads 11kV,TWEL5,Unchanged,11,1.00,6.66,6.689,6.772,6.865,7.036,7.376,14,35.93%,-
SWEST,Axminster 132kV,Woodcote 33 kV,Axminster 11kV,AXMN5,Unchanged,11,1.00,6.71,6.799,6.973,7.216,7.509,7.915,17.9,33.88%,-
SWEST,Axminster 132kV,Woodcote 33 kV,Beaminster 11kV,BEAM5,Unchanged,11,0.95,4.99,5.146,5.420,5.650,5.837,6.030,5.95,33.88%,-
SWEST,Axminster 132kV,Woodcote 33 kV,Bridport 11kV,BRID5,Unchanged,11,0.95,12.86,13.223,13.831,14.745,15.708,17.119,17.6,33.88%,-
SWEST,Axminster 132kV,Woodcote 33 kV,Chard 11kV,CHAR5,Unchanged,11,1.00,12.29,12.811,13.586,14.627,15.714,16.640,22.9,33.88%,-
SWEST,Axminster 132kV,Woodcote 33 kV,Colyford 11kV,COLY5,Unchanged,11,0.95,8.49,8.725,9.106,9.623,10.257,11.038,22.7,33.88%,-
SWEST,Axminster 132kV,Woodcote 33 kV,Crewkerne 11kV,CREW5,Unchanged,11,0.95,9.47,9.802,15.765,16.392,16.990,17.577,14,33.88%,-
SWEST,Axminster 132kV,Woodcote 33 kV,Dowlish Ford 11kV,DOWF5,Unchanged,11,0.95,8.49,8.832,9.161,9.754,10.439,11.189,22.7,33.88%,-
SWEST,Axminster 132kV,Woodcote 33 kV,Penn Cross 11kV,PENX5,Unchanged,11,0.95,5.12,5.215,5.321,5.457,5.615,5.835,14,33.88%,-
SWEST,Axminster 132kV,Woodcote 33 kV,Waterlake T1 (J) 11kV,WATE5J,Unchanged,11,0.88,1.68,1.708,1.754,1.813,1.880,1.971,14,33.88%,-
SWEST,Axminster 132kV,Woodcote 33 kV,Waterlake T2 (K) 11kV,WATE5K,Unchanged,11,0.95,2.55,2.577,2.620,2.675,2.736,2.821,14,33.88%,-
SWEST,Axminster 132kV,Woodcote 33 kV,Woodcote 33kV,WOCO3,Removed,33,69.71,1.00,71.670,72.937,74.406,76.379,79.043,120,25.31%,-
SWEST,Axminster 132kV,Woodcote 33 kV,Woodcote 33kV,WOCO3_MAIN1 & WOCO3_MAIN2 & WOCO3_MAIN3,New,33,0.97,69.06,71.203,79.765,84.148,88.846,94.242,120,33.88%,-
SWEST,Axminster 132kV,Yeovil 33 kV,Coker 11kV,COKE5,Unchanged,11,0.95,2.78,2.915,3.006,3.196,3.403,3.571,4.37,33.88%,-
SWEST,Axminster 132kV,Yeovil 33 kV,East Chinnock 11kV,ECHI5,Unchanged,11,0.99,2.21,2.231,2.256,2.292,2.334,2.398,6.25,33.88%,-
SWEST,Axminster 132kV,Yeovil 33 kV,Martock T1 (K) 11kV,MART5K,Unchanged,11,0.96,3.41,3.492,3.691,3.894,4.088,4.330,14,33.88%,-
SWEST,Axminster 132kV,Yeovil 33 kV,Montacute 11kV,MONT5,Unchanged,11,0.95,6.36,6.450,7.065,8.013,9.282,10.586,14,33.88%,-
SWEST,Axminster 132kV,Yeovil 33 kV,Yeovil 33kV,YEOV3,Unchanged,33,1.00,0.00,0.000,0.000,0.000,0.000,0.000,-,33.88%,-
SWEST,Bridgwater / Taunton 132kV,Bowhays Cross 33 kV,Alcombe 11kV,ALCO5,Unchanged,11,1.00,11.14,11.257,11.478,11.801,12.191,12.605,34.1,36.51%,-
SWEST,Bridgwater / Taunton 132kV,Bowhays Cross 33 kV,Bowhays Cross 11kV,BOWX5_MAIN1 & BOWX5_MAIN2,New,11,0.95,7.05,7.318,7.710,8.172,8.832,9.694,15.24,36.51%,-
SWEST,Bridgwater / Taunton 132kV,Bowhays Cross 33 kV,Bowhays Cross 11kV,BOWX5J & BOWX5K,Removed,11,7.09,0.95,7.377,7.561,8.300,9.142,9.917,16,35.22%,-
SWEST,Bridgwater / Taunton 132kV,Bowhays Cross 33 kV,Bowhays Cross 33kV,BOWX3,Unchanged,33,0.99,28.31,28.832,29.619,30.760,32.180,33.822,60,36.51%,-
SWEST,Bridgwater / Taunton 132kV,Bowhays Cross 33 kV,Holford 11kV,HOLF5,Unchanged,11,1.00,1.25,1.269,1.294,1.336,1.379,1.437,2.92,36.51%,-
SWEST,Bridgwater / Taunton 132kV,Bowhays Cross 33 kV,Luckwell Bridge 11kV,LUCB5,Unchanged,11,1.00,2.16,2.188,2.229,2.283,2.374,2.516,2.48,36.51%,-
SWEST,Bridgwater / Taunton 132kV,Bowhays Cross 33 kV,Periton 11kV,PERI5,Unchanged,11,0.95,3.75,3.812,3.813,3.851,3.898,3.966,34.1,36.51%,-
SWEST,Bridgwater / Taunton 132kV,Bowhays Cross 33 kV,Wiveliscombe 11kV,WIVE5,Unchanged,11,0.95,4.62,4.667,4.793,5.039,5.258,5.390,14,36.51%,-
SWEST,Bridgwater / Taunton 132kV,Bridgwater 33 kV,Bath Road T1 & T3 (K & L) 11kV,BATR5K & BATR5L,Unchanged,11,0.96,11.96,12.400,12.900,13.423,13.901,14.505,27.1,36.51%,-
SWEST,Bridgwater / Taunton 132kV,Bridgwater 33 kV,Bath Road T2 (J) 11kV,BATR5J,Unchanged,11,0.98,15.62,16.054,16.547,17.063,17.534,18.129,27.1,36.51%,-
SWEST,Bridgwater / Taunton 132kV,Bridgwater 33 kV,Blackditch 33kV,BLAD3,Removed,33,3.66,0.99,3.656,3.656,3.656,3.656,3.656,-,35.22%,-
SWEST,Bridgwater / Taunton 132kV,Bridgwater 33 kV,Blackditch 33kV,BLAD3_MAIN1,New,33,0.99,3.28,3.277,3.277,3.277,3.277,3.277,-,36.51%,-
SWEST,Bridgwater / Taunton 132kV,Bridgwater 33 kV,Bridgwater / Street 33kV,BRWA3_MAIN1 & BRWA3_MAIN2A & BRWA3_MAIN2B &BRWA3_MAIN3 & STRE3_MAIN1 & STRE3_MAIN2,New,33,1.00,160.99,164.680,183.538,189.272,195.316,201.835,180,36.51%,-
SWEST,Bridgwater / Taunton 132kV,Bridgwater 33 kV,Bridgwater / Street 33kV,"BRWA3J, BRWA3K & STRE3",Removed,33,150.21,0.99,154.937,156.401,161.103,164.675,168.493,180,35.22%,-
SWEST,Bridgwater / Taunton 132kV,Bridgwater 33 kV,Bridgwater Local 11kV,BRIL5J & BRIL5K,Unchanged,11,1.00,11.51,12.281,13.097,13.786,14.497,15.088,14,36.51%,-
SWEST,Bridgwater / Taunton 132kV,Bridgwater 33 kV,Burnham 11kV,BURN5,Unchanged,11,1.00,13.46,13.792,13.995,14.265,14.560,14.812,20.5,36.51%,-
SWEST,Bridgwater / Taunton 132kV,Bridgwater 33 kV,Colley Lane 11kV,COLL5J & COLL5K,Unchanged,11,0.97,23.23,23.678,24.284,24.891,25.589,26.406,41,36.51%,-
SWEST,Bridgwater / Taunton 132kV,Bridgwater 33 kV,Creech St Michael 11kV,CREE5,Unchanged,11,1.00,8.19,8.288,8.478,8.942,9.544,10.307,17.6,36.51%,-
SWEST,Bridgwater / Taunton 132kV,Bridgwater 33 kV,Curry Mallet 11kV,CURM5,Unchanged,11,1.00,2.23,2.257,2.304,2.361,2.429,2.574,5.2,36.51%,-
SWEST,Bridgwater / Taunton 132kV,Bridgwater 33 kV,Martock T2 (J) 11kV,MART5J,Unchanged,11,0.95,6.48,6.568,6.768,6.973,7.169,7.414,14,36.51%,-
SWEST,Bridgwater / Taunton 132kV,Bridgwater 33 kV,Nether Stowey 11kV,NETS5,Unchanged,11,1.00,6.58,6.621,6.718,6.773,6.839,6.945,14,36.51%,-
SWEST,Bridgwater / Taunton 132kV,Bridgwater 33 kV,North Street Langport 11kV,NORS5,Removed,11,5.69,0.95,5.712,5.738,5.781,6.019,6.062,14,35.22%,-
SWEST,Bridgwater / Taunton 132kV,Bridgwater 33 kV,North Street Langport 11kV,NORS5_MAIN1,New,11,0.95,7.38,7.467,7.637,7.861,8.084,8.347,14,36.51%,-
SWEST,Bridgwater / Taunton 132kV,Bridgwater 33 kV,ROF Powerhouse 33kV,PURR3_MAIN1,Removed,33,0.78,0.95,0.775,0.775,0.775,0.775,0.775,-,35.22%,-
SWEST,Bridgwater / Taunton 132kV,Bridgwater 33 kV,Watchfield 11kV,WATC5,Unchanged,11,0.95,9.31,9.599,9.927,10.307,10.723,11.089,22.9,36.51%,-
SWEST,Bridgwater / Taunton 132kV,Street 33 kV,Edgarley 11kV,EDGA5,Unchanged,11,0.95,3.53,3.576,3.624,3.684,3.751,3.840,4.08,36.51%,-
SWEST,Bridgwater / Taunton 132kV,Street 33 kV,Millfield 11kV,MILL5,Unchanged,11,1.00,15.09,15.371,15.885,16.682,17.465,18.131,22.9,36.51%,-
SWEST,Bridgwater / Taunton 132kV,Street 33 kV,Shapwick 11kV,SHAP5,Unchanged,11,0.95,3.76,3.825,3.969,4.049,4.139,4.258,4.27,36.51%,-
SWEST,Bridgwater / Taunton 132kV,Street 33 kV,Somerton 11kV,SOME5,Unchanged,11,1.00,7.07,7.141,7.346,7.771,8.235,8.789,10,36.51%,-
SWEST,Bridgwater / Taunton 132kV,Street 33 kV,Wedmore 11kV,WEDM5,Unchanged,11,0.95,2.97,3.006,3.038,3.076,3.120,3.168,6.25,36.51%,-
SWEST,Bridgwater / Taunton 132kV,Street 33 kV,Wells 11kV,WELL5,Unchanged,11,0.95,10.64,10.838,11.278,11.717,12.187,12.589,14,36.51%,-
SWEST,Bridgwater / Taunton 132kV,Taunton 33 kV,Culmhead 11kV,CULM5,Unchanged,11,0.95,2.49,2.516,2.561,2.619,2.678,2.767,3,36.51%,-
SWEST,Bridgwater / Taunton 132kV,Taunton 33 kV,Exebridge 11kV,EXEB5,Unchanged,11,0.95,3.93,3.960,4.007,4.072,4.162,4.387,14,36.51%,-
SWEST,Bridgwater / Taunton 132kV,Taunton 33 kV,Lydeard St Lawrence 11kV,LYDS5,Unchanged,11,0.99,3.20,3.255,3.280,3.362,3.453,3.604,6.25,36.51%,-
SWEST,Bridgwater / Taunton 132kV,Taunton 33 kV,Priorswood 11kV,PRIO5,Unchanged,11,1.00,11.09,11.445,11.741,12.341,12.812,13.497,15.24,36.51%,-
SWEST,Bridgwater / Taunton 132kV,Taunton 33 kV,Staplegrove 11kV,STAP5,Unchanged,11,0.95,10.91,11.231,11.785,13.009,14.042,15.190,22.7,36.51%,-
SWEST,Bridgwater / Taunton 132kV,Taunton 33 kV,Taunton 33kV,TAUN3_MAIN1 & TAUN3_MAIN2 & TAUN3_MAIN3,New,33,1.00,71.34,74.359,77.949,82.605,87.391,93.067,182.9,36.51%,-
SWEST,Bridgwater / Taunton 132kV,Taunton 33 kV,Taunton 33kV,TAUN3J & TAUN3K,Removed,33,72.03,1.00,74.090,76.129,78.236,79.839,81.406,100.6,35.22%,-
SWEST,Bridgwater / Taunton 132kV,Taunton 33 kV,Taunton Local 11kV,TAUL5,Unchanged,11,0.95,14.78,15.225,15.948,16.629,17.634,18.408,38,36.51%,-
SWEST,Bridgwater / Taunton 132kV,Taunton 33 kV,Trull 11kV,TRUL5,Unchanged,11,0.95,12.61,14.291,15.693,17.169,18.679,20.232,22.9,36.51%,-
SWEST,Bridgwater / Taunton 132kV,Taunton 33 kV,Wellington 11kV,WELN5J & WELN5K,Unchanged,11,0.95,3.30,3.304,3.304,3.304,3.304,3.304,5,36.51%,-
SWEST,Bridgwater / Taunton 132kV,Taunton 33 kV,Wellington Town 11kV,WELT5,Unchanged,11,0.95,11.46,11.717,12.389,13.067,13.818,15.124,22.7,36.51%,-
SWEST,Iron Acton 132kV,Bradley Stoke 33 kV,Abbeywood T1 (J) 11kV,ABBW5J,Unchanged,11,0.95,1.61,1.873,1.903,1.933,1.962,1.993,14,31.47%,-
SWEST,Iron Acton 132kV,Bradley Stoke 33 kV,Abbeywood T2 (K) 11kV,ABBW5K,Unchanged,11,0.95,3.02,3.283,3.313,3.342,3.372,3.402,14,31.47%,-
SWEST,Iron Acton 132kV,Bradley Stoke 33 kV,Almondsbury 11kV,ALMO5,Unchanged,11,0.95,11.28,12.065,12.739,13.586,14.634,15.552,22.9,31.47%,-
SWEST,Iron Acton 132kV,Bradley Stoke 33 kV,Bradley Stoke 11kV,BRAD5,Unchanged,11,1.00,12.62,12.991,13.445,13.821,14.056,14.279,23,31.47%,-
SWEST,Iron Acton 132kV,Bradley Stoke 33 kV,Bradley Stoke 33kV,BRAS3,Removed,33,38.01,1.00,44.483,49.308,52.071,53.031,53.464,60,43.83%,-
SWEST,Iron Acton 132kV,Bradley Stoke 33 kV,Bradley Stoke 33kV,BRAS3_MAIN1 & BRAS3_MAIN2,New,33,0.97,36.55,38.203,59.656,60.772,61.940,63.000,60,31.47%,-
SWEST,Iron Acton 132kV,Bradley Stoke 33 kV,Cribbs Causeway 11kV,CRIB5,Unchanged,11,0.95,12.12,12.359,12.221,12.086,11.953,11.851,23,31.47%,-
SWEST,Iron Acton 132kV,Feeder Road 33 kV,Bedminster 11kV,BEDM5,Unchanged,11,0.98,19.25,23.625,26.140,27.563,28.971,30.803,37.5,31.47%,-
SWEST,Iron Acton 132kV,Feeder Road 33 kV,Bishopsworth 11kV,BISH5,Unchanged,11,0.95,11.93,12.370,12.792,13.269,13.764,14.362,22.9,31.47%,-
SWEST,Iron Acton 132kV,Feeder Road 33 kV,Bower Ashton 11kV,BOWA5,Unchanged,11,1.00,13.67,13.970,14.378,14.760,15.198,15.724,22.9,31.47%,-
SWEST,Iron Acton 132kV,Feeder Road 33 kV,Broadweir 11kV,BRDW5,Updated,11,0.95,6.86,6.748,6.847,7.073,7.377,7.764,20.5,31.47%,-
SWEST,Iron Acton 132kV,Feeder Road 33 kV,Feeder Road A 11kV,FEED5,Unchanged,11,0.95,39.68,41.604,53.511,55.493,57.510,59.555,63,31.47%,-
SWEST,Iron Acton 132kV,Feeder Road 33 kV,Feeder Road B 11kV,FEEB5,Unchanged,11,0.99,12.00,12.118,12.429,12.557,12.783,13.176,18.75,31.47%,-
SWEST,Iron Acton 132kV,Feeder Road 33 kV,Feeder Road GT1 & GT3 (J) 33kV,FEER3_MAIN1,New,33,1.00,89.83,96.354,100.962,104.790,134.663,140.117,175.8,31.47%,-
SWEST,Iron Acton 132kV,Feeder Road 33 kV,Feeder Road GT1 & GT3 (J) 33kV,FEER3J,Removed,33,90.31,0.97,91.636,92.094,95.300,95.784,97.446,252.6,43.83%,-
SWEST,Iron Acton 132kV,Feeder Road 33 kV,Feeder Road GT2 & GT4 (K) 33kV,FEER3_MAIN2,New,33,0.99,74.40,77.939,106.387,110.001,125.131,129.028,175.8,31.47%,-
SWEST,Iron Acton 132kV,Feeder Road 33 kV,Feeder Road GT2 & GT4 (K) 33kV,FEER3K,Removed,33,77.65,0.98,79.818,82.128,93.952,99.131,105.848,252.6,43.83%,-
SWEST,Iron Acton 132kV,Feeder Road 33 kV,Keynsham West 11kV,KEYW5,Unchanged,11,0.95,6.71,6.799,6.892,7.039,7.204,7.588,22.7,31.47%,-
SWEST,Iron Acton 132kV,Feeder Road 33 kV,Whitchurch 11kV,WHCH5,Unchanged,11,1.00,23.68,25.360,28.946,30.304,31.580,32.743,38,31.47%,-
SWEST,Iron Acton 132kV,Feeder Road 33 kV,Woodland Way 11kV,WOOD5J & WOOD5K,Unchanged,11,0.99,38.93,40.350,41.589,43.046,44.920,47.117,68.58,31.47%,-
SWEST,Iron Acton 132kV,Iron Acton 132 kV,Rolls Royce Filton 132kV,FILT1_MAIN1,Unchanged,132,0.95,6.77,6.768,6.768,6.768,6.768,6.768,-,31.47%,-
SWEST,Iron Acton 132kV,Lockleaze 33 kV,Clifton 11kV,CLIF5,Unchanged,11,0.95,26.39,27.412,28.945,30.010,31.093,32.526,45.72,31.47%,-
SWEST,Iron Acton 132kV,Lockleaze 33 kV,Cotham 11kV,COTH5,Unchanged,11,0.99,10.05,9.887,9.721,9.555,9.389,9.222,22.86,31.47%,-
SWEST,Iron Acton 132kV,Lockleaze 33 kV,Eastville 11kV,EASV5,Unchanged,11,1.00,13.26,13.476,13.701,13.959,14.285,14.810,22.86,31.47%,-
SWEST,Iron Acton 132kV,Lockleaze 33 kV,Emersons Green 11kV,EMGR5,Unchanged,11,0.97,2.38,3.506,4.377,4.688,4.914,5.060,23,31.47%,-
SWEST,Iron Acton 132kV,Lockleaze 33 kV,Filton DC 11kV T1 & T4 (J) 11kV,FILT5J,Unchanged,11,1.00,15.42,20.025,21.514,22.064,22.690,23.334,69,31.47%,-
SWEST,Iron Acton 132kV,Lockleaze 33 kV,Filton DC 11kV T2 & T3 (K) 11kV,FILT5K,Unchanged,11,1.00,16.20,20.797,22.283,22.832,23.457,24.100,69,31.47%,-
SWEST,Iron Acton 132kV,Lockleaze 33 kV,Hewlett Packard 11kV,HEWL5,Unchanged,11,0.98,16.42,17.502,18.545,19.584,20.748,21.845,45.72,31.47%,-
SWEST,Iron Acton 132kV,Lockleaze 33 kV,Lockleaze 11kV,LOCK5,Unchanged,11,0.95,12.38,13.066,13.824,15.177,15.725,16.279,22.9,31.47%,-
SWEST,Iron Acton 132kV,Lockleaze 33 kV,Lockleaze 33kV GT1 & GT4 (J) 33kV,LOLE3_MAIN1,New,33,1.00,75.70,85.917,90.412,92.620,95.063,98.075,90,31.47%,-
SWEST,Iron Acton 132kV,Lockleaze 33 kV,Lockleaze 33kV GT1 & GT4 (J) 33kV,LOLE3J,Removed,33,74.71,0.95,79.041,85.629,100.826,108.493,118.339,90,43.83%,-
SWEST,Iron Acton 132kV,Lockleaze 33 kV,Lockleaze 33kV GT2 & GT3 (K) 33kV,LOLE3_MAIN2,New,33,0.97,72.90,77.698,101.984,105.656,108.842,112.142,90,31.47%,-
SWEST,Iron Acton 132kV,Lockleaze 33 kV,Lockleaze 33kV GT2 & GT3 (K) 33kV,LOLE3K,Removed,33,63.56,0.95,67.050,69.778,94.091,97.075,100.774,90,43.83%,-
SWEST,Iron Acton 132kV,Lockleaze 33 kV,Mangotsfield 11kV,MANG5,Unchanged,11,0.99,11.88,12.547,12.913,13.418,13.923,14.583,18.75,31.47%,-
SWEST,Iron Acton 132kV,Lockleaze 33 kV,Patchway 11kV,PATC5,Unchanged,11,0.99,4.81,4.927,5.051,5.082,5.219,5.380,14,31.47%,-
SWEST,Iron Acton 132kV,Lockleaze 33 kV,Winterbourne 11kV,WINT5,Unchanged,11,0.95,7.80,8.656,9.247,9.653,10.219,10.858,14,31.47%,-
SWEST,Iron Acton 132kV,Seabank 33kV,Astra Zeneca 33kV,ASTZ5,Unchanged,11,0.95,6.91,6.910,6.910,6.910,6.910,6.910,-,31.47%,-
SWEST,Iron Acton 132kV,Seabank 33kV,Seabank 33kV,SEBB3,Removed,33,13.32,0.99,14.096,16.355,17.772,19.587,21.249,90,43.83%,-
SWEST,Iron Acton 132kV,Seabank 33kV,Seabank 33kV,SEBB3_MAIN1 & SEBB3_MAIN2,New,33,0.95,19.93,24.356,29.037,43.965,48.243,52.417,90,31.47%,-
SWEST,Iron Acton 132kV,Seabank 33kV,Western Approach 11kV,WAPP5,Unchanged,11,0.98,11.94,16.218,20.741,25.096,29.230,33.263,20.5,31.47%,-
SWEST,Iron Acton 132kV,St Pauls 11 kV,St Pauls 'J' Bar 11kV,SPAU5J,Unchanged,11,1.00,15.19,16.410,20.188,21.470,22.493,23.573,60,31.47%,-
SWEST,Iron Acton 132kV,St Pauls 11 kV,St Pauls 'K' Bar 11kV,SPAU5K,Unchanged,11,1.00,27.03,28.250,32.028,33.310,34.332,35.413,60,31.47%,-
SWEST,Melksham,Bath 33 kV,Bath (Dolemeads) 33kV,BATH3,Removed,33,69.87,1.00,72.387,82.748,84.577,86.162,88.535,90,35.95%,-
SWEST,Melksham,Bath 33 kV,Bath (Dolemeads) 33kV,BATH3_MAIN1 & BATH3_MAIN2 & BATH3_MAIN3,New,33,1.00,68.49,71.869,75.103,85.970,89.440,93.075,90,32.96%,-
SWEST,Melksham,Bath 33 kV,Bath University 33kV,UOBA3_MAIN1,Unchanged,33,0.95,4.97,4.966,4.966,4.966,4.966,4.966,-,32.96%,-
SWEST,Melksham,Bath 33 kV,Batheaston 11kV,BAEA5,Unchanged,11,0.95,11.49,11.777,12.095,12.456,12.761,13.066,45.8,32.96%,-
SWEST,Melksham,Bath 33 kV,Combe Park 6.6kV,COMP7,Unchanged,6.6,0.95,6.74,7.486,7.939,8.403,9.014,9.632,22.9,32.96%,-
SWEST,Melksham,Bath 33 kV,Dorchester Street T1 & T4 (J) 11kV,DORS7J,Unchanged,6.6,0.95,7.87,8.401,8.936,9.678,10.295,11.058,67.1,32.96%,-
SWEST,Melksham,Bath 33 kV,Dorchester Street T2 & T3 (K) 11kV,DORS7K,Unchanged,6.6,0.95,15.10,15.624,16.159,16.901,17.518,18.281,67.1,32.96%,-
SWEST,Melksham,Bath 33 kV,Entry Hill 6.6kV,ENTH7,Unchanged,6.6,0.95,7.18,7.795,8.207,8.723,9.256,9.629,22.9,32.96%,-
SWEST,Melksham,Bath 33 kV,Oldfield Park 6.6kV,OLDF7,Unchanged,6.6,1.00,7.10,7.552,7.988,8.916,9.039,9.295,10,32.96%,-
SWEST,Melksham,Bath 33 kV,Park Street 6.6kV,PARS7,Unchanged,6.6,1.00,7.93,8.009,8.135,8.530,8.670,8.875,10,32.96%,-
SWEST,Melksham,Bath 33 kV,Twerton 6.6kV,TWER7,Unchanged,6.6,0.95,6.46,6.747,7.304,14.522,15.213,15.730,22.98,32.96%,-
SWEST,Sandford 132kV,Churchill 33 kV,Axbridge 11kV,AXBR5,Unchanged,11,0.95,6.07,6.161,6.275,6.280,6.293,6.309,12.6,39.13%,-
SWEST,Sandford 132kV,Churchill 33 kV,Blagdon 11kV,BLAG5,Unchanged,11,0.95,4.21,4.181,4.159,4.155,4.164,4.194,4.375,39.13%,-
SWEST,Sandford 132kV,Churchill 33 kV,Bristol Airport 11kV,BAIR5,Unchanged,11,0.95,4.78,4.756,4.738,4.739,4.751,4.793,14,39.13%,-
SWEST,Sandford 132kV,Churchill 33 kV,Cheddar 11kV,CHED5,Unchanged,11,1.00,4.89,4.988,5.144,5.308,5.488,5.765,4.375,39.13%,-
SWEST,Sandford 132kV,Churchill 33 kV,Chew Stoke 11kV,CHES5,Unchanged,11,1.00,3.17,3.194,3.221,3.264,3.318,3.419,5,39.13%,-
SWEST,Sandford 132kV,Churchill 33 kV,Churchill 33kV,CHUR3,Removed,33,68.88,1.00,75.189,75.818,76.306,76.812,77.713,75.4,28.70%,-
SWEST,Sandford 132kV,Churchill 33 kV,Churchill 33kV,CHUR3_MAIN1,New,33,0.99,59.29,60.986,62.530,63.649,64.947,66.719,75.5,39.13%,-
SWEST,Sandford 132kV,Churchill 33 kV,Churchill Gate 11kV,CHUG5,Unchanged,11,0.95,3.09,3.133,3.173,3.228,3.297,3.368,4.44,39.13%,-
SWEST,Sandford 132kV,Churchill 33 kV,Compton Martin 11kV,COMM5,Unchanged,11,1.00,3.09,3.103,3.113,3.133,3.159,3.205,4.93,39.13%,-
SWEST,Sandford 132kV,Churchill 33 kV,Congresbury 11kV,CONG5,Unchanged,11,1.00,12.84,13.020,13.104,13.295,13.557,13.909,22.7,39.13%,-
SWEST,Sandford 132kV,Churchill 33 kV,Langford SoFSI 33kV,LGFD3_MAIN1,New,33,0.78,0.28,0.278,0.278,0.278,0.278,0.278,-,39.13%,-
SWEST,Sandford 132kV,Churchill 33 kV,Nailsea 11kV,NASE5,Unchanged,11,0.95,11.97,12.554,12.942,13.490,14.012,14.681,18.9,39.13%,-
SWEST,Sandford 132kV,Churchill 33 kV,Stancombe Quarry 33kV,STAQ3,Removed,33,1.73,0.95,1.725,1.725,1.725,1.725,1.725,-,28.70%,-
SWEST,Sandford 132kV,Churchill 33 kV,Stancombe Quarry 33kV,STAQ3_MAIN1,New,33,0.95,1.73,1.732,1.732,1.732,1.732,1.732,-,39.13%,-
SWEST,Sandford 132kV,Churchill 33 kV,West Wick 11kV,WWIC5,Unchanged,11,0.99,6.21,6.929,7.682,7.730,7.808,7.892,14,39.13%,-
SWEST,Sandford 132kV,Churchill 33 kV,Winscombe 11kV,WINS5,Unchanged,11,1.00,5.95,5.973,6.001,6.069,6.163,6.272,12.6,39.13%,-
SWEST,Sandford 132kV,Weston 33 kV,Bournville 11kV,BOUR5,Unchanged,11,1.00,8.89,9.132,9.377,9.711,10.102,10.586,22.86,39.13%,-
SWEST,Sandford 132kV,Weston 33 kV,East Brent 11kV,EASB5,Unchanged,11,1.00,4.20,4.288,4.344,4.373,4.411,4.469,5,39.13%,-
SWEST,Sandford 132kV,Weston 33 kV,Lypstone Farm 11kV,LYPF5,Unchanged,11,0.95,17.80,20.337,22.926,23.439,24.108,24.792,22.9,39.13%,-
SWEST,Sandford 132kV,Weston 33 kV,Weston 33kV,WEST3,Removed,33,55.24,1.00,57.853,59.276,60.235,61.202,62.810,60,28.70%,-
SWEST,Sandford 132kV,Weston 33 kV,Weston 33kV,WEST3_MAIN1 & WEST3_MAIN2 & WEST3_MAIN3,New,33,1.00,56.14,59.301,62.393,63.706,65.336,68.073,60.13,39.13%,-
SWEST,Sandford 132kV,Weston 33 kV,Weston Central 11kV,WESC5,Unchanged,11,1.00,10.40,10.718,10.935,11.266,11.670,12.096,22.86,39.13%,-
SWEST,Sandford 132kV,Weston 33 kV,Weston Locking Road 11kV,LOCR5,Unchanged,11,1.00,17.20,17.285,17.392,17.519,17.676,18.790,45.76,39.13%,-
SWEST,Seabank 132kV,Avonmouth 33 kV,Avonmouth 11kV,AVOH5J & AVOH5K,Unchanged,11,0.95,22.81,24.306,25.398,26.216,26.873,27.263,45.72,32.51%,-
SWEST,Seabank 132kV,Avonmouth 33 kV,Avonmouth 33kV,AVOH3J & AVOH3K & AVOH3L,New,33,1.00,74.50,77.706,80.400,82.841,85.496,88.278,90,32.51%,-
SWEST,Seabank 132kV,Avonmouth 33 kV,Avonmouth 33kV,"AVOH3J, AVOH3K & AVOH3L",Removed,33,73.54,1.00,80.333,86.152,93.790,100.896,106.680,90,44.90%,-
SWEST,Seabank 132kV,Avonmouth 33 kV,Avonmouth Docks 6.6kV,AVMO7J & AVMO7K,Unchanged,6.6,0.95,11.54,11.545,11.545,11.545,11.545,11.545,-,32.51%,-
SWEST,Seabank 132kV,Avonmouth 33 kV,Cairns Road 11kV,CAIR5_BB_A & CAIR5_BB_B,New,11,0.95,36.31,37.595,38.466,39.229,40.229,41.391,54,32.51%,-
SWEST,Seabank 132kV,Avonmouth 33 kV,Cairns Road 11kV,"CAIR5_BB_A, CAIR5_BB_B",Removed,11,36.33,0.95,38.094,39.110,39.831,40.715,41.273,54,44.90%,-
SWEST,Seabank 132kV,Avonmouth 33 kV,Kingsweston 11kV,KINW5,Unchanged,11,1.00,10.28,10.634,11.344,12.154,13.077,14.199,22.86,32.51%,-
SWEST,Seabank 132kV,Avonmouth 33 kV,Stoke Bishop 11kV,STOB5,Unchanged,11,0.95,10.08,10.301,10.421,10.552,10.716,10.908,22.9,32.51%,-
SWEST,Seabank 132kV,Portishead 33 kV,British Gas Hallen 11kV,BHAL5,Unchanged,11,0.95,0.90,0.900,0.900,0.900,0.900,0.900,-,32.51%,-
SWEST,Seabank 132kV,Portishead 33 kV,Clevedon 11kV,CLEV5,Unchanged,11,1.00,12.66,12.854,13.060,13.421,13.889,14.454,14.5,32.51%,-
SWEST,Seabank 132kV,Portishead 33 kV,Easton In Gordano 11kV,EASG5,Unchanged,11,1.00,3.82,3.902,3.989,4.112,4.261,4.426,6.25,32.51%,-
SWEST,Seabank 132kV,Portishead 33 kV,Gas Lane 11kV,GASL5,Unchanged,11,0.95,8.15,8.349,8.545,8.842,9.209,9.636,20.5,32.51%,-
SWEST,Seabank 132kV,Portishead 33 kV,Portishead 33kV,POIS3,Removed,33,44.11,0.99,45.730,46.859,47.611,49.037,49.886,60,44.90%,-
SWEST,Seabank 132kV,Portishead 33 kV,Portishead 33kV,POIS3_MAIN1 & POIS3_MAIN2,New,33,0.99,44.73,45.278,45.842,46.688,47.898,49.303,60,32.51%,-
SWEST,Seabank 132kV,Portishead 33 kV,Portishead Ashlands 11kV,ASHL5,Unchanged,11,1.00,9.22,9.362,9.503,9.591,9.811,10.034,14,32.51%,-
SWEST,Seabank 132kV,Portishead 33 kV,Royal Portbury Dock 11kV,WESD5,Unchanged,11,0.95,11.77,11.629,11.496,11.365,11.236,11.125,20.5,32.51%,-
SWEST,Seabank 132kV,Portishead 33 kV,Weston In Gordano 11kV,WESG5,Unchanged,11,0.95,4.08,4.153,4.224,4.340,4.488,4.640,5,32.51%,-
SWEST,Seabank 132kV,Radstock 33 kV,Chewton Mendip 11kV,CHEM5,Unchanged,11,1.00,3.97,4.011,4.137,4.285,4.484,4.741,4.375,32.51%,-
SWEST,Seabank 132kV,Radstock 33 kV,Dinder 11kV,DIND5,Unchanged,11,0.95,3.21,3.219,3.225,3.244,3.266,3.301,5,32.51%,-
SWEST,Seabank 132kV,Radstock 33 kV,Evercreech 11kV,EVER5,Unchanged,11,0.95,7.38,7.361,7.693,8.137,8.610,9.310,14,32.51%,-
SWEST,Seabank 132kV,Radstock 33 kV,Foxhills 11kV,FOXH5,Unchanged,11,0.99,5.98,6.237,6.640,7.024,7.287,7.723,12.6,32.51%,-
SWEST,Seabank 132kV,Radstock 33 kV,High Littleton 11kV,HIGL5,Unchanged,11,0.95,4.76,4.810,4.877,4.965,5.063,5.321,14,32.51%,-
SWEST,Seabank 132kV,Radstock 33 kV,Keynsham East 11kV,KEYE5,Unchanged,11,0.99,8.61,8.852,9.177,9.534,9.872,10.206,10,32.51%,-
SWEST,Seabank 132kV,Radstock 33 kV,Midsomer Norton 11kV,MIDN5,Unchanged,11,1.00,16.63,16.924,17.158,17.443,17.634,18.107,20.5,32.51%,-
SWEST,Seabank 132kV,Radstock 33 kV,Newbury 11kV,NEWB5,Unchanged,11,0.95,5.33,5.373,5.578,5.880,6.126,6.515,7.7,32.51%,-
SWEST,Seabank 132kV,Radstock 33 kV,Paulton 11kV,PAUL5,Unchanged,11,0.95,3.56,3.608,3.700,3.903,3.973,4.130,14,32.51%,-
SWEST,Seabank 132kV,Radstock 33 kV,Peasedown 11kV,PEAS5,Unchanged,11,0.95,4.53,4.658,4.823,5.088,5.186,5.313,5,32.51%,-
SWEST,Seabank 132kV,Radstock 33 kV,Radstock 33kV,RADS3,Removed,33,74.22,0.99,77.195,79.606,80.939,82.217,83.653,90,44.90%,-
SWEST,Seabank 132kV,Radstock 33 kV,Radstock 33kV,RADS3_MAIN1 & RADS3_MAIN2,New,33,1.00,85.12,86.273,88.382,91.050,93.269,96.784,90,32.51%,-
SWEST,Seabank 132kV,Radstock 33 kV,Shepton Mallet 11kV,SHEM5,Unchanged,11,0.98,10.90,10.984,11.188,11.435,11.713,12.156,18.9,32.51%,-
SWEST,Seabank 132kV,Radstock 33 kV,Whatley Quarry 11kV,WHAQ5,Unchanged,11,0.95,7.32,7.318,7.318,7.318,7.318,7.318,-,32.51%,-
WMIDS,Bishops Wood 132kV,Hereford (Bishops Wood) & Ludlow 132 66,Bodenham 66 11 (T1),BODE5_BB_1,Unchanged,11,2.62,0.95,2.663,2.705,2.731,2.762,2.809,13,42.64%,-
WMIDS,Bishops Wood 132kV,Hereford (Bishops Wood) & Ludlow 132 66,Bodenham 66 11 (T2),BODE5_BB_2,Unchanged,11,2.72,0.97,2.764,2.805,2.831,2.862,2.910,13,42.64%,-
WMIDS,Bishops Wood 132kV,Hereford (Bishops Wood) & Ludlow 132 66,Bromyard 66 11 (T1),BROM5_BB_X,Unchanged,11,5.52,0.99,5.663,5.865,6.018,6.408,6.720,13,42.64%,-
WMIDS,Bishops Wood 132kV,Hereford (Bishops Wood) & Ludlow 132 66,Bromyard 66 11 (T2),BROM5_BB_Y,Unchanged,11,3.46,1.00,3.606,3.807,3.961,4.350,4.663,13,42.64%,-
WMIDS,Bishops Wood 132kV,Hereford (Bishops Wood) & Ludlow 132 66,Dormington Solar Farm,DORM6_1H0,New,66,1.51,0.96,1.509,1.509,1.509,1.509,1.509,0,42.64%,-
WMIDS,Bishops Wood 132kV,Hereford (Bishops Wood) & Ludlow 132 66,Dymock 66 11,DYMO5_BB_A,Unchanged,11,4.69,1.00,4.717,4.759,4.858,4.966,5.272,5,42.64%,-
WMIDS,Bishops Wood 132kV,Hereford (Bishops Wood) & Ludlow 132 66,Garreg Llwyd Wind Farm,GARL6_1H0,New,66,0.24,0.96,0.243,0.243,0.243,0.243,0.243,0,42.64%,-
WMIDS,Bishops Wood 132kV,Hereford (Bishops Wood) & Ludlow 132 66,Kenswick 66 11 (T1) (Open Standby),KENS5_BB_X,Unchanged,11,1.42,0.96,1.465,1.528,1.616,1.692,1.855,14,42.64%,-
WMIDS,Bishops Wood 132kV,Hereford (Bishops Wood) & Ludlow 132 66,Kington 66 11 (T1),KITO5_BB_1,Unchanged,11,3.75,1.00,3.776,3.802,3.858,3.927,4.199,14,42.64%,-
WMIDS,Bishops Wood 132kV,Hereford (Bishops Wood) & Ludlow 132 66,Kington 66 11 (T2),KITO5_BB_2,Unchanged,11,3.74,1.00,3.766,3.792,3.848,3.917,4.189,14,42.64%,-
WMIDS,Bishops Wood 132kV,Hereford (Bishops Wood) & Ludlow 132 66,Knighton 66 11,KNIG5_BB_X,Unchanged,11,5.48,1.00,5.524,5.660,5.734,5.813,6.347,4.96,42.64%,-
WMIDS,Bishops Wood 132kV,Hereford (Bishops Wood) & Ludlow 132 66,Larport Farm ESS,LARF6_1H0,Updated,66,18.75,0.96,18.747,18.747,18.747,18.747,18.747,0,42.64%,-
WMIDS,Bishops Wood 132kV,Hereford (Bishops Wood) & Ludlow 132 66,Ledbury 66 11 (T1),LEDB5_BB_Y,Unchanged,11,6.92,0.99,7.258,8.097,8.424,9.576,9.972,23,42.64%,-
WMIDS,Bishops Wood 132kV,Hereford (Bishops Wood) & Ludlow 132 66,Leominster 66 11 (T1),LEOM5_BB_A,Unchanged,11,7.32,0.99,7.470,7.673,7.943,8.400,8.868,38,42.64%,-
WMIDS,Bishops Wood 132kV,Hereford (Bishops Wood) & Ludlow 132 66,Leominster 66 11 (T3),LEOM5_BB_B,Unchanged,11,6.86,1.00,7.016,7.218,7.489,7.946,8.414,38,42.64%,-
WMIDS,Bishops Wood 132kV,Hereford (Bishops Wood) & Ludlow 132 66,Lower Chadnor 66 11,LOWC5_BB_X,Unchanged,11,4.38,1.00,4.414,4.458,4.538,4.625,4.802,7.5,42.64%,-
WMIDS,Bishops Wood 132kV,Hereford (Bishops Wood) & Ludlow 132 66,Madley 66 11 (T1),MADL5_BB_Y,Unchanged,11,2.18,0.96,2.192,2.336,2.367,2.410,2.529,14,42.64%,-
WMIDS,Bishops Wood 132kV,Hereford (Bishops Wood) & Ludlow 132 66,Madley 66 11 (T2),MADL5_BB_X,Unchanged,11,2.06,0.99,2.074,2.218,2.248,2.292,2.410,14,42.64%,-
WMIDS,Bishops Wood 132kV,Hereford (Bishops Wood) & Ludlow 132 66,Newent 66 11 (T1),NEEN5_BB_W,Unchanged,11,2.39,0.99,2.443,2.540,2.638,2.750,3.560,15.6,42.64%,-
WMIDS,Bishops Wood 132kV,Hereford (Bishops Wood) & Ludlow 132 66,Newent 66 11 (T2),NEEN5_BB_V,Unchanged,11,7.74,1.00,7.786,7.883,7.981,8.093,8.903,15.6,42.64%,-
WMIDS,Bishops Wood 132kV,Hereford (Bishops Wood) & Ludlow 132 66,Peterchurch 66 11 (T1),PETE5_BB_B,Unchanged,11,1.99,1.00,2.037,2.097,2.170,2.223,2.310,14,42.64%,-
WMIDS,Bishops Wood 132kV,Hereford (Bishops Wood) & Ludlow 132 66,Peterchurch 66 11 (T2),PETE5_BB_A,Unchanged,11,1.98,1.00,2.027,2.086,2.160,2.212,2.299,14,42.64%,-
WMIDS,Bishops Wood 132kV,Hereford (Bishops Wood) & Ludlow 132 66,Pontrilas 66 11 (T1),PORI5_BB_A,Unchanged,11,2.57,0.98,2.574,2.581,2.601,2.640,2.744,14,42.64%,-
WMIDS,Bishops Wood 132kV,Hereford (Bishops Wood) & Ludlow 132 66,Pontrilas 66 11 (T2),PORI5_BB_B,Unchanged,11,2.60,0.98,2.604,2.611,2.630,2.670,2.774,14,42.64%,-
WMIDS,Bishops Wood 132kV,Hereford (Bishops Wood) & Ludlow 132 66,Presteigne 66 11 (T1),PRES5_BB_X,Unchanged,11,4.83,0.98,4.837,4.857,4.879,4.905,4.964,23,42.64%,-
WMIDS,Bishops Wood 132kV,Hereford (Bishops Wood) & Ludlow 132 66,Presteigne 66 11 (T3),PRES5_BB_Y,Unchanged,11,1.06,0.96,1.075,1.095,1.117,1.143,1.203,23,42.64%,-
WMIDS,Bishops Wood 132kV,Hereford (Bishops Wood) & Ludlow 132 66,Ross 66 11 (T1),ROSS5_BB_Y,Unchanged,11,6.44,1.00,6.615,6.798,7.043,7.877,8.478,23,42.64%,-
WMIDS,Bishops Wood 132kV,Hereford (Bishops Wood) & Ludlow 132 66,Ross 66 11 (T2),ROSS5_BB_X,Unchanged,11,6.46,1.00,6.635,6.818,7.063,7.896,8.498,23,42.64%,-
WMIDS,Bishops Wood 132kV,Hereford (Bishops Wood) & Ludlow 132 66,St. Weonards 66 11,SAIW5_BB_Y,Unchanged,11,4.25,1.00,4.283,4.323,4.439,4.561,4.771,4.7,42.64%,-
WMIDS,Bishops Wood 132kV,Hereford (Bishops Wood) & Ludlow 132 66,Witches Solar Park,WITC6_1H3,New,66,0.07,0.96,0.065,0.065,0.065,0.065,0.065,0,42.64%,-
WMIDS,Bishops Wood 132kV,Hereford (Bishops Wood) & Ludlow 132 66,Woofferton 66 11 (T1),WOOF5_BB_X,Unchanged,11,1.04,0.96,1.066,1.097,1.158,1.261,1.454,14,42.64%,-
WMIDS,Bishops Wood 132kV,Hereford (Bishops Wood) & Ludlow 132 66,Woofferton 66 11 (T3),WOOF5_BB_Y,Unchanged,11,3.91,1.00,3.933,3.964,4.025,4.128,4.321,14,42.64%,-
WMIDS,Bishops Wood 132kV,Hereford (Bishops Wood) (GT1),-,HERE6_B1B3,Unchanged,66,25.93,1.00,26.431,27.206,27.791,29.067,30.557,120,42.64%,-
WMIDS,Bishops Wood 132kV,Hereford (Bishops Wood) (GT2),-,HERE6_B2B4,Unchanged,66,25.93,1.00,26.431,27.206,27.791,29.067,30.557,120,42.64%,-
WMIDS,Bishops Wood 132kV,Hereford (Bishops Wood) (GT3),-,HERE6_B14B16,Unchanged,66,25.93,1.00,26.431,27.206,27.791,29.067,30.557,120,42.64%,-
WMIDS,Bishops Wood 132kV,Kidderminster 132 11 (GT1A),-,KIDD5_BB_A,Unchanged,11,7.35,1.00,7.732,7.988,8.331,8.726,9.329,60,42.64%,-
WMIDS,Bishops Wood 132kV,Kidderminster 132 11 (GT1B),-,KIDD5_BB_B,Unchanged,11,9.30,0.99,9.676,9.932,10.276,10.670,11.273,60,42.64%,-
WMIDS,Bishops Wood 132kV,Kidderminster 132 11 (GT2A),-,KIDD5_BB_C,Unchanged,11,12.89,1.00,13.269,13.524,13.868,14.262,14.866,60,42.64%,-
WMIDS,Bishops Wood 132kV,Kidderminster 132 11 (GT2B),-,KIDD5_BB_D,Unchanged,11,8.61,1.00,8.985,9.241,9.585,9.979,10.582,60,42.64%,-
WMIDS,Bishops Wood 132kV,Ludlow 132 33,Bishops Castle 33 11 (T1),BISC5_BB_X,Unchanged,11,2.15,0.96,2.188,2.233,2.284,2.362,2.595,6.25,42.64%,-
WMIDS,Bishops Wood 132kV,Ludlow 132 33,Cleobury Mortimer 33 11 (T1),CLEM5_BB_X,Unchanged,11,3.03,0.96,3.062,3.098,3.159,3.209,3.395,14,42.64%,-
WMIDS,Bishops Wood 132kV,Ludlow 132 33,Cleobury Mortimer 33 11 (T2),CLEM5_BB_Y,Unchanged,11,1.84,0.96,1.869,1.906,1.967,2.017,2.202,14,42.64%,-
WMIDS,Bishops Wood 132kV,Ludlow 132 33,Craven Arms 33 11 (T1),CRAA5_BB_X,Unchanged,11,3.14,0.97,3.262,3.396,3.483,3.903,4.452,12,42.64%,-
WMIDS,Bishops Wood 132kV,Ludlow 132 33,Craven Arms 33 11 (T4),CRAA5_BB_Y,Unchanged,11,4.07,0.99,4.188,4.323,4.409,4.830,5.378,12,42.64%,-
WMIDS,Bishops Wood 132kV,Ludlow 132 33,Henley Solar Farm,HENS3_#2L5,New,33,0.02,0.96,0.017,0.017,0.017,0.017,0.017,0,42.64%,-
WMIDS,Bishops Wood 132kV,Ludlow 132 33,High Point Solar PV,HIGP3_#3L5,New,33,0.01,0.96,0.015,0.015,0.015,0.015,0.015,0,42.64%,-
WMIDS,Bishops Wood 132kV,Ludlow 132 33,Leebotwood 33 11 (T2),LEEB5_BB_Y,Unchanged,11,3.50,1.00,3.558,3.640,3.744,3.834,4.038,14,42.64%,-
WMIDS,Bishops Wood 132kV,Ludlow 132 33,Ludlow 33 11 (T1),LUDL5_BB_X,Unchanged,11,6.51,1.00,6.758,6.957,7.171,7.423,7.809,19.5,42.64%,-
WMIDS,Bishops Wood 132kV,Ludlow 132 33,Ludlow 33 11 (T2),LUDL5_BB_Y,Unchanged,11,4.46,1.00,4.704,4.903,5.117,5.369,5.755,19.5,42.64%,-
WMIDS,Bishops Wood 132kV,Ludlow 132 33,Rock Farm ESS,ROCF3_#2L5,Updated,33,20.07,0.96,20.070,20.070,20.070,20.070,20.070,0,42.64%,-
WMIDS,Bishops Wood 132kV,Ludlow 132 33,Stockton 33 11,STOC5_BB_X,Unchanged,11,4.95,1.00,5.067,5.151,5.284,5.402,5.523,5.5,42.64%,-
WMIDS,Bishops Wood 132kV,Ludlow 132 33,Tenbury 33 11 (T1),TENB5_BB_Y,Unchanged,11,4.51,1.00,4.535,4.580,4.658,4.825,4.982,18,42.64%,-
WMIDS,Bishops Wood 132kV,Ludlow 132 33,Tenbury 33 11 (T2),TENB5_BB_X,Unchanged,11,4.51,0.99,4.535,4.580,4.658,4.825,4.982,18,42.64%,-
WMIDS,Bishops Wood 132kV,Ludlow 132 33 (GT2C),-,LUDL3_B16B17,Unchanged,33,20.47,1.00,21.004,21.520,22.094,22.964,24.484,90,42.64%,-
WMIDS,Bishops Wood 132kV,Ludlow 132 33 (GT3),-,LUDL3_B8B9,Unchanged,33,20.47,1.00,21.004,21.520,22.094,22.964,24.484,90,42.64%,-
WMIDS,Bishops Wood 132kV,Ludlow 132 66 (GT2B),-,LUDL6_MAIN2,Unchanged,66,25.93,1.00,26.431,27.206,27.791,29.067,30.557,120,42.64%,-
WMIDS,Bishops Wood 132kV,Malvern 132 11 (GT1),-,MALV5_BB_XF,Unchanged,11,11.44,1.00,11.939,12.304,12.778,13.553,14.524,30,42.64%,-
WMIDS,Bishops Wood 132kV,Malvern 132 11 (GT3),-,MALV5_BB_XR,Unchanged,11,13.61,1.00,14.109,14.474,14.948,15.723,16.694,30,42.64%,-
WMIDS,Bishops Wood 132kV,Stourport 132 33,-,STOU3_MAIN2,Unchanged,33,31.58,1.00,32.150,32.474,33.017,33.900,34.981,41.11,42.64%,-
WMIDS,Bishops Wood 132kV,Stourport 132 33,Astley Solar Farm,ASTS3PV,New,33,0.17,0.96,0.174,0.174,0.174,0.174,0.174,0,42.64%,-
WMIDS,Bishops Wood 132kV,Stourport 132 33,Kidderminster 33 11 (T3 OS),KIDD5_BB_Z,Unchanged,11,0.00,0.96,0.379,0.635,0.979,1.373,1.976,60,42.64%,-
WMIDS,Bishops Wood 132kV,Stourport 132 33,Kinver 33 11 (T1),KINV5_BB_X,Unchanged,11,7.36,1.00,7.411,7.411,7.427,7.552,7.597,13,42.64%,-
WMIDS,Bishops Wood 132kV,Stourport 132 33,Quatt 33 11 (T1),QUAT5_BB_T,Removed,11,11.00,1.00,10.984,10.958,10.915,10.855,10.781,17,36.16%,-
WMIDS,Bishops Wood 132kV,Stourport 132 33,Stourport 33 11 (T5),STOU5_BB_XF,Unchanged,11,11.21,0.99,11.410,11.546,11.767,12.094,12.511,40,42.64%,-
WMIDS,Bishops Wood 132kV,Stourport 132 33,Wribbenhall 33 11 (T1),WRIB5_BB_XF,Unchanged,11,9.04,1.00,9.160,9.227,9.316,9.407,9.526,18,42.64%,-
WMIDS,Bishops Wood 132kV,Stourport 132 33,Wribbenhall 33 11 (T2),WRIB5_BB_YF,Unchanged,11,4.64,0.97,4.759,4.826,4.915,5.006,5.125,18,42.64%,-
WMIDS,Bishops Wood 132kV,Stourport 132 66 & Upton Warren 132 66,Droitwich 66 11 (T1),DROI5_BB_X,Unchanged,11,3.64,0.96,3.835,4.183,4.555,4.874,5.503,45,42.64%,-
WMIDS,Bishops Wood 132kV,Stourport 132 66 & Upton Warren 132 66,Droitwich 66 11 (T2),DROI5_BB_Y,Unchanged,11,6.12,0.96,6.315,6.663,7.035,7.353,7.982,45,42.64%,-
WMIDS,Bishops Wood 132kV,Stourport 132 66 & Upton Warren 132 66,Hartlebury EFW,HART6_1H0,Updated,66,2.10,0.96,2.103,2.103,2.103,2.103,2.103,0,42.64%,-
WMIDS,Bishops Wood 132kV,Stourport 132 66 & Upton Warren 132 66,Kenswick 66 11 (T2),KENS5_BB_Y,Unchanged,11,3.38,0.96,3.421,3.484,3.572,3.648,3.812,14,42.64%,-
WMIDS,Bishops Wood 132kV,Stourport 132 66 & Upton Warren 132 66,Redditch North 66 11 (T3),REDN5_BB_Y,Unchanged,11,13.22,0.98,13.706,13.981,14.219,14.514,14.873,40,42.64%,-
WMIDS,Bishops Wood 132kV,Stourport 132 66 & Upton Warren 132 66,Stourport 66 11 (T3),STOU5_BB_YR,Unchanged,11,6.42,0.99,6.617,6.753,6.974,7.302,7.719,40,42.64%,-
WMIDS,Bishops Wood 132kV,Stourport 132 66 & Upton Warren 132 66,Stourport 66 11 (T4),STOU5_BB_YF,Unchanged,11,6.93,1.00,7.128,7.264,7.485,7.813,8.229,40,42.64%,-
WMIDS,Bishops Wood 132kV,Stourport 132 66 & Upton Warren 132 66,Upton Warren 66 11 (T1 Open Standby),UPTW5_BB_W,Unchanged,11,0.00,0.96,0.230,0.515,0.766,0.995,1.382,48,42.64%,-
WMIDS,Bishops Wood 132kV,Stourport 132 66 & Upton Warren 132 66,Upton Warren 66 11 (T2 Open Standby),UPTW5_BB_Y,Unchanged,11,0.01,0.96,0.238,0.523,0.774,1.002,1.390,48,42.64%,-
WMIDS,Bishops Wood 132kV,Stourport 132 66 & Upton Warren 132 66 (GT1),-,STOU6_MAIN1,Unchanged,66,17.67,0.98,18.544,19.302,20.130,21.044,22.387,60,42.64%,-
WMIDS,Bishops Wood 132kV,Stourport 132 66 & Upton Warren 132 66 (GT3),-,UPTW6_MAIN3,Unchanged,66,17.67,0.98,18.544,19.302,20.130,21.044,22.387,60,42.64%,-
WMIDS,Bishops Wood 132kV,Timberdine 132 11 (GT1),-,TIMB5_BB_XF,New,11,7.90,1.00,8.196,8.778,9.389,10.060,10.840,30,42.64%,-
WMIDS,Bishops Wood 132kV,Timberdine 132 11 (GT1),-,TIMB5_BB_YF,Removed,11,7.66,1.00,7.862,8.573,9.548,10.609,11.887,30,36.16%,-
WMIDS,Bishops Wood 132kV,Timberdine 132 11 (GT2),-,TIMB5_BB_XR,Unchanged,11,10.73,1.00,11.028,11.610,12.221,12.892,13.672,30,42.64%,-
WMIDS,Bishops Wood 132kV,Upton Warren 132 11 (GT4A),-,UPTW5_BB_V,Unchanged,11,15.53,1.00,15.758,16.043,16.294,16.522,16.910,48,42.64%,-
WMIDS,Bishops Wood 132kV,Upton Warren 132 11 (GT4B),-,UPTW5_BB_X,Unchanged,11,15.70,1.00,15.928,16.213,16.464,16.692,17.080,48,42.64%,-
WMIDS,Bishops Wood 132kV,Warndon 132 11 (GT1A),-,WARN5_BB_D,Unchanged,11,6.78,1.00,6.956,7.250,7.469,7.795,8.351,78,42.64%,-
WMIDS,Bishops Wood 132kV,Warndon 132 11 (GT1B),-,WARN5_BB_V,Unchanged,11,6.70,1.00,6.878,7.172,7.392,7.717,8.274,78,42.64%,-
WMIDS,Bishops Wood 132kV,Warndon 132 11 (GT2A),-,WARN5_BB_C,Unchanged,11,11.67,1.00,11.846,12.140,12.360,12.685,13.242,78,42.64%,-
WMIDS,Bishops Wood 132kV,Warndon 132 11 (GT2B),-,WARN5_BB_W,Unchanged,11,11.90,0.96,12.079,12.373,12.592,12.918,13.474,78,42.64%,-
WMIDS,Bishops Wood 132kV,Warndon 132 11 (GT3),-,WARN5_BB_C,Updated,11,0.00,0.00,0.177,0.471,0.690,1.016,1.572,78,42.64%,-
WMIDS,Bishops Wood 132kV,Worcester 132 11 (GT1),-,WORC5_BB_U,Unchanged,11,9.68,1.00,9.952,10.302,10.626,11.087,11.530,60,42.64%,-
WMIDS,Bishops Wood 132kV,Worcester 132 11 (GT2),-,WORC5_BB_X,Unchanged,11,10.41,1.00,10.682,11.032,11.356,11.817,12.260,60,42.64%,-
WMIDS,Bishops Wood 132kV,Worcester 132 11 (GT3),-,WORC5_BB_V,Unchanged,11,10.63,1.00,10.906,11.256,11.580,12.041,12.484,60,42.64%,-
WMIDS,Bushbury 132kV,Bushbury 132 11 (GT1C),-,BUSH5_BB_XF,Unchanged,11,27.48,1.00,31.676,32.819,33.254,34.042,34.802,60,49.67%,-
WMIDS,Bushbury 132kV,Bushbury 132 11 (GT2C),-,BUSH5_BB_YF,Unchanged,11,22.57,1.00,26.771,27.913,28.349,29.137,29.897,60,49.67%,-
WMIDS,Bushbury 132kV,Bushbury 132 11 (GT3C),-,BUSH5_BB_ZF,Unchanged,11,0.00,0.96,4.199,5.342,5.777,6.565,7.325,60,49.67%,-
WMIDS,Bushbury 132kV,Bushbury 132 33,Albrighton 33 11 (T1A),ALBR5_BB_X,Unchanged,11,5.67,0.99,5.955,6.438,6.807,7.681,8.241,22,49.67%,-
WMIDS,Bushbury 132kV,Bushbury 132 33,Four Ashes 33 11 (T1),FOUA5_BB_XR,Unchanged,11,9.40,0.99,9.794,10.688,11.349,12.385,10.223,22,49.67%,-
WMIDS,Bushbury 132kV,Bushbury 132 33,Four Ashes 33 11 (T2),FOUA5_BB_YF,Unchanged,11,6.24,1.00,6.634,7.527,8.189,9.224,7.063,22,49.67%,-
WMIDS,Bushbury 132kV,Bushbury 132 33,I54 (T1),IFIF5_BB_X,Unchanged,11,3.64,0.89,3.639,3.958,4.141,4.541,4.701,76,49.67%,-
WMIDS,Bushbury 132kV,Bushbury 132 33,I54 (T2),IFIF5_BB_Y,Unchanged,11,3.26,0.82,3.259,3.578,3.761,4.161,4.321,76,49.67%,-
WMIDS,Bushbury 132kV,Bushbury 132 33,I54 (T3),IFIF5_BB_Z,Unchanged,11,3.51,0.89,3.509,3.828,4.011,4.411,4.571,76,49.67%,-
WMIDS,Bushbury 132kV,Bushbury 132 33,Veolia - Four Ashes EFW,DELL3_1M3,Updated,33,3.41,0.96,3.409,3.409,3.409,3.409,3.409,0,49.67%,-
WMIDS,Bushbury 132kV,Bushbury 132 33 (GT1B),-,BUSH3_MAIN1,Unchanged,33,10.24,1.00,10.605,11.684,12.396,13.731,12.611,90,49.67%,-
WMIDS,Bushbury 132kV,Bushbury 132 33 (GT2B),-,BUSH3_MAIN2,Removed,33,10.46,1.00,11.405,12.805,14.752,24.026,35.224,90,35.24%,-
WMIDS,Bushbury 132kV,Bushbury 132 33 (GT3B),-,BUSH3_MAIN3,Unchanged,33,10.24,1.00,10.605,11.684,12.396,13.731,12.611,90,49.67%,-
WMIDS,Bushbury 132kV,Stafford 132 11 (GT1B1),-,STAF5_BB_A,Unchanged,11,7.04,0.99,7.416,8.056,8.511,9.287,9.982,60,49.67%,-
WMIDS,Bushbury 132kV,Stafford 132 11 (GT1B2),-,STAF5_BB_Z,Unchanged,11,8.22,1.00,8.593,9.233,9.688,10.464,11.159,60,49.67%,-
WMIDS,Bushbury 132kV,Stafford 132 25,Stafford BR,STAF1_113A,Updated,132,1.98,0.96,1.983,1.983,1.983,1.983,1.983,0,49.67%,-
WMIDS,Bushbury 132kV,Stafford South 132 11 (GT1A),-,STAS5_BB_X,Unchanged,11,7.01,1.00,7.302,7.644,7.956,8.332,8.684,60,49.67%,-
WMIDS,Bushbury 132kV,Stafford South 132 11 (GT1B),-,STAS5_BB_W,Unchanged,11,7.23,1.00,7.520,7.862,8.174,8.549,8.902,60,49.67%,-
WMIDS,Bushbury 132kV,Wednesfield 132 11 (GT2A),-,WEDN5_BB_YF,Unchanged,11,10.31,1.00,10.870,15.022,15.536,16.151,16.912,78,49.67%,-
WMIDS,Bushbury 132kV,Wednesfield 132 11 (GT2B),-,WEDN5_BB_ZR,Unchanged,11,6.76,1.00,7.323,11.475,11.989,12.604,13.365,78,49.67%,-
WMIDS,Bushbury 132kV,Wednesfield 132 11 (GT3A),-,WEDN5_BB_YR,Unchanged,11,8.87,1.00,9.437,13.590,14.103,14.718,15.479,78,49.67%,-
WMIDS,Bushbury 132kV,Wednesfield 132 11 (GT3B),-,WEDN5_BB_ZF,Unchanged,11,15.47,1.00,16.037,20.190,20.704,21.318,22.079,78,49.67%,-
WMIDS,Bustleholm 132kV,Bentley 132 11 (GT2A),-,BENT5_BB_YR,Unchanged,11,8.07,0.99,8.270,8.660,8.988,9.330,10.347,78,56.56%,-
WMIDS,Bustleholm 132kV,Bentley 132 11 (GT2B),-,BENT5_BB_ZF,Unchanged,11,4.94,1.00,5.146,5.536,5.864,6.206,7.223,78,56.56%,-
WMIDS,Bustleholm 132kV,Bustleholm 132 11 (GT1),-,BUST5_BB_ZR,Unchanged,11,10.87,1.00,11.311,11.850,12.329,12.898,13.553,60,56.56%,-
WMIDS,Bustleholm 132kV,Bustleholm 132 11 (GT2),-,BUST5_BB_YF,Unchanged,11,14.46,1.00,14.900,15.439,15.918,16.487,17.143,60,56.56%,-
WMIDS,Bustleholm 132kV,Bustleholm 132 11 (GT3),-,BUST5_BB_XR,Unchanged,11,8.68,1.00,9.115,9.654,10.133,10.702,11.358,60,56.56%,-
WMIDS,Bustleholm 132kV,Kingstanding 132 11 (GT1A),-,KING5_BB_AR,Unchanged,11,8.79,1.00,9.114,9.416,9.755,10.125,10.502,78,56.56%,-
WMIDS,Bustleholm 132kV,Kingstanding 132 11 (GT1B),-,KING5_BB_BF,Unchanged,11,13.36,0.99,13.682,13.984,14.323,14.693,15.070,78,56.56%,-
WMIDS,Bustleholm 132kV,Kingstanding 132 11 (GT2A),-,KING5_BB_CR,Unchanged,11,11.16,1.00,11.482,11.784,12.123,12.493,12.871,78,56.56%,-
WMIDS,Bustleholm 132kV,Kingstanding 132 11 (GT2B),-,KING5_BB_DF,Unchanged,11,15.02,1.00,15.344,15.646,15.985,16.355,16.732,78,56.56%,-
WMIDS,Bustleholm 132kV,Ladywood 132 11 (GT1A),-,LADY5_BB_AR,Unchanged,11,3.97,0.99,4.193,4.666,6.074,6.406,6.935,78,56.56%,-
WMIDS,Bustleholm 132kV,Ladywood 132 11 (GT1B),-,LADY5_BB_BF,Unchanged,11,8.80,0.99,9.027,9.499,10.907,11.239,11.769,78,56.56%,-
WMIDS,Bustleholm 132kV,Ladywood 132 11 (GT2A),-,LADY5_BB_CR,Unchanged,11,11.57,1.00,11.793,12.266,13.674,14.006,14.535,78,56.56%,-
WMIDS,Bustleholm 132kV,Ladywood 132 11 (GT2B),-,LADY5_BB_DF,Unchanged,11,4.11,1.00,4.329,4.801,6.209,6.542,7.071,78,56.56%,-
WMIDS,Bustleholm 132kV,Perry Barr 132 11 (GT1),-,PERB5_BB_AR,Unchanged,11,15.95,0.98,16.860,17.324,18.194,18.667,19.128,60,56.56%,-
WMIDS,Bustleholm 132kV,Perry Barr 132 11 (GT2),-,PERB5_BB_BF,Unchanged,11,18.07,1.00,18.981,19.445,20.315,20.788,21.249,60,56.56%,-
WMIDS,Bustleholm 132kV,Perry Barr 132 11 (GT3),-,PERB5_BB_CR,Unchanged,11,15.21,1.00,16.127,16.590,17.461,17.933,18.394,60,56.56%,-
WMIDS,Bustleholm 132kV,Rushall 132 11 (GT1),-,RUSH5_BB_A,Unchanged,11,9.23,1.00,9.630,10.438,11.196,11.818,12.717,90,56.56%,-
WMIDS,Bustleholm 132kV,Rushall 132 11 (GT2),-,RUSH5_BB_C,Unchanged,11,14.78,1.00,15.180,15.988,16.746,17.368,18.267,90,56.56%,-
WMIDS,Bustleholm 132kV,Rushall 132 11 (GT3),-,RUSH5_BB_D,Unchanged,11,18.40,1.00,18.802,19.610,20.368,20.990,21.889,90,56.56%,-
WMIDS,Bustleholm 132kV,Rushall 132 11 (GT4),-,RUSH5_BB_F,Unchanged,11,14.47,1.00,14.869,15.677,16.435,17.057,17.955,90,56.56%,-
WMIDS,Bustleholm 132kV,Smethwick 132 11 (GT2B),-,SMET5_BB_XF,Unchanged,11,17.55,0.99,17.959,18.285,18.806,19.300,19.962,60,56.56%,-
WMIDS,Bustleholm 132kV,Smethwick 132 11 (GT3B),-,SMET5_BB_YF,Unchanged,11,17.12,0.98,17.525,17.850,18.371,18.865,19.528,60,56.56%,-
WMIDS,Bustleholm 132kV,Smethwick 132 11 (GT4B),-,SMET5_BB_ZR,Unchanged,11,2.49,0.99,2.894,3.220,3.741,4.235,4.897,60,56.56%,-
WMIDS,Bustleholm 132kV,Smethwick 132 25,"Galton Junction, Smethwick",SMET8_1T3,Updated,25,8.52,0.96,8.522,8.522,8.522,8.522,8.522,0,56.56%,-
WMIDS,Bustleholm 132kV,Walsall 132 33,Bloxwich ESS,BLOE3_#2L5,Updated,33,41.06,0.99,41.056,41.056,41.056,41.056,41.056,0,56.56%,-
WMIDS,Bustleholm 132kV,Winson Green 132 11 (GT1),-,WING5_BB_U,Unchanged,11,11.03,1.00,11.462,12.152,12.810,13.377,14.814,60,56.56%,-
WMIDS,Bustleholm 132kV,Winson Green 132 11 (GT2),-,WING5_BB_X,Unchanged,11,10.05,1.00,10.476,11.166,11.824,12.391,13.828,60,56.56%,-
WMIDS,Bustleholm 132kV,Winson Green 132 11 (GT3),-,WING5_BB_C,Unchanged,11,14.72,1.00,15.147,15.837,16.495,17.062,18.499,60,56.56%,-
WMIDS,Bustleholm 132kV,Winson Green 132 25,"BR Trackside, Winson Green",WING8_4T3,New,25,7.24,0.96,7.236,7.236,7.236,7.236,7.236,0,56.56%,-
WMIDS,Bustleholm 132kV,Winson Green 25kV SD,"BR Trackside, Winson Green",WING1_GT4,Removed,132,6.45,0.96,6.454,6.454,6.454,6.454,6.454,0,35.49%,-
WMIDS,Cellarhead 132kV,Boothen 132 11 (GT1B),-,BOOT5_BB_X,Unchanged,11,14.98,1.00,17.085,18.525,19.539,20.385,21.846,53,48.13%,-
WMIDS,Cellarhead 132kV,Boothen 132 11 (GT2B),-,BOOT5_BB_Z,Unchanged,11,18.33,1.00,20.431,21.871,22.885,23.731,25.192,53,48.13%,-
WMIDS,Cellarhead 132kV,Boothen 132 33,Boothen 33 11 (T3),BOOT5_BB_V,Unchanged,11,6.86,0.99,8.963,10.403,11.417,12.263,13.724,53,48.13%,-
WMIDS,Cellarhead 132kV,Boothen 132 33,Hanford Waste Disposal,BOOT3_#1L5,Updated,33,1.95,0.96,1.950,1.950,1.950,1.950,1.950,0,48.13%,-
WMIDS,Cellarhead 132kV,Boothen 132 33,Stoke CHP,STOK3_#1H0,New,33,1.40,0.96,1.396,1.396,1.396,1.396,1.396,0,48.13%,-
WMIDS,Cellarhead 132kV,Boothen 132 33 (GT1A),-,BOOT3_MAIN2,Unchanged,33,3.81,0.99,4.333,4.691,4.943,5.154,5.518,60,48.13%,-
WMIDS,Cellarhead 132kV,Boothen 132 33 (GT2A),-,BOOT3_MAIN1,Unchanged,33,3.81,0.99,4.333,4.691,4.943,5.154,5.518,60,48.13%,-
WMIDS,Cellarhead 132kV,Boothen 33kV SD,Stoke CHP,STOK3_#1L5,Removed,33,0.67,0.96,0.668,0.668,0.668,0.668,0.668,0,35.17%,-
WMIDS,Cellarhead 132kV,Boothen 33kV SD,Stoke CHP,STOK3_#2L5,Removed,33,0.69,0.96,0.688,0.688,0.688,0.688,0.688,0,35.17%,-
WMIDS,Cellarhead 132kV,Burslem 132 11 (GT3A),-,BURS5_BB_U,Unchanged,11,9.28,1.00,9.795,10.598,11.263,11.882,13.092,60,48.13%,-
WMIDS,Cellarhead 132kV,Burslem 132 11 (GT3B),-,BURS5_BB_V,Unchanged,11,9.15,1.00,9.667,10.471,11.135,11.754,12.964,60,48.13%,-
WMIDS,Cellarhead 132kV,Burslem 132 11 (GT4A),-,BURS5_BB_W,Unchanged,11,9.78,1.00,10.297,11.100,11.765,12.384,13.594,60,48.13%,-
WMIDS,Cellarhead 132kV,Burslem 132 11 (GT4B),-,BURS5_BB_X,Unchanged,11,9.58,1.00,10.090,10.894,11.558,12.177,13.388,60,48.13%,-
WMIDS,Cellarhead 132kV,Forsbrook 132 33,British Industrial Sand 33kV,"BRIS3_1H0, BRIS3_2H0",New,33,0.05,0.96,0.049,0.049,0.049,0.049,0.049,0,48.13%,-
WMIDS,Cellarhead 132kV,Forsbrook 132 33,Cauldon 33 11 (T1),CAUL5_BB_X,Unchanged,11,3.37,1.00,3.395,3.419,3.444,3.541,3.956,14,48.13%,-
WMIDS,Cellarhead 132kV,Forsbrook 132 33,Cauldon 33 11 (T2),CAUL5_BB_Y,Unchanged,11,1.21,1.00,1.232,1.256,1.280,1.378,1.793,14,48.13%,-
WMIDS,Cellarhead 132kV,Forsbrook 132 33,Cauldon Cement,"CAUC3_1H4A, CAUC3_1H4A",New,33,17.42,0.96,17.417,17.417,17.417,17.417,17.417,0,48.13%,-
WMIDS,Cellarhead 132kV,Forsbrook 132 33,Cheadle 33 11 (T1),CHEA5_BB_X,Updated,11,5.40,1.00,5.529,5.680,5.779,6.141,6.423,22.86,48.13%,-
WMIDS,Cellarhead 132kV,Forsbrook 132 33,Cheadle 33 11 (T2),CHEA5_BB_Y,Updated,11,7.49,0.99,7.620,7.772,7.871,8.233,8.515,22.86,48.13%,-
WMIDS,Cellarhead 132kV,Forsbrook 132 33,Froghall 33 11,FROG5_MAIN1,Unchanged,11,0.08,0.96,0.075,0.075,0.075,0.075,0.075,5,48.13%,-
WMIDS,Cellarhead 132kV,Forsbrook 132 33,Heywood Grange Solar Farm,HEYG3_#3L5,New,33,0.01,0.96,0.010,0.010,0.010,0.010,0.010,0,48.13%,-
WMIDS,Cellarhead 132kV,Forsbrook 132 33,Kingsley Holt 11kV (T2),KINH5_BB_Y,Updated,11,2.86,0.96,2.863,2.863,2.863,2.863,2.863,0,48.13%,-
WMIDS,Cellarhead 132kV,Forsbrook 132 33,Kingsley Holt 33 11 (T1),KINH5_BB_X,Unchanged,11,2.84,1.00,3.057,3.117,3.191,3.258,3.337,14,48.13%,-
WMIDS,Cellarhead 132kV,Forsbrook 132 33,Kingsley Holt 33 11 (T2),KINH5_BB_Y,Unchanged,11,3.00,0.99,3.220,3.280,3.354,3.421,3.500,14,48.13%,-
WMIDS,Cellarhead 132kV,Forsbrook 132 33,Lower Newton Solar Farm,LOWN3_#2L5,New,33,0.02,0.96,0.019,0.019,0.019,0.019,0.019,0,48.13%,-
WMIDS,Cellarhead 132kV,Forsbrook 132 33,Moneystone Quarry PV Farm,MONQ3_#1L5,New,33,0.01,0.96,0.007,0.007,0.007,0.007,0.007,0,48.13%,-
WMIDS,Cellarhead 132kV,Forsbrook 132 33,Simplex 33 11 (T1),SIMP5_BB_X,Unchanged,11,6.72,0.99,7.191,7.643,8.169,8.734,9.349,14,48.13%,-
WMIDS,Cellarhead 132kV,Forsbrook 132 33,Stagefields 11kV,STAG5_BB_V,New,11,5.62,0.96,5.620,5.620,5.620,5.620,5.620,0,48.13%,-
WMIDS,Cellarhead 132kV,Forsbrook 132 33,Tean 33 11 (T1),TEAN5_BB_X,Unchanged,11,3.10,1.00,3.215,3.330,3.417,3.641,3.893,23,48.13%,-
WMIDS,Cellarhead 132kV,Forsbrook 132 33,Tean 33 11 (T2),TEAN5_BB_Y,Unchanged,11,3.10,1.00,3.215,3.330,3.417,3.641,3.893,23,48.13%,-
WMIDS,Cellarhead 132kV,Forsbrook 132 33 (GT1),-,FORS3_MAIN1,Unchanged,33,22.65,0.99,23.337,23.876,24.362,25.230,26.334,90,48.13%,-
WMIDS,Cellarhead 132kV,Forsbrook 132 33 (GT2),-,FORS3_MAIN2,Unchanged,33,22.65,0.99,23.337,23.876,24.362,25.230,26.334,90,48.13%,-
WMIDS,Cellarhead 132kV,Forsbrook 33kV SD,Cauldon Cement,CAUC3_1L0,Removed,33,8.61,0.96,8.607,8.607,8.607,8.607,8.607,0,35.17%,-
WMIDS,Cellarhead 132kV,Forsbrook 33kV SD,Cauldon Cement,CAUC3_2L0,Removed,33,8.61,0.96,8.607,8.607,8.607,8.607,8.607,0,35.17%,-
WMIDS,Cellarhead 132kV,Kidsgrove BR 25kV,-,KIDS1_113,Removed,25,5.61,0.96,5.613,5.613,5.613,5.613,5.613,0,35.17%,-
WMIDS,Cellarhead 132kV,Kidsgrove BR 25kV,-,"KIDS1_113, KIDS1_213",New,25,9.35,0.96,9.348,9.348,9.348,9.348,9.348,0,48.13%,-
WMIDS,Cellarhead 132kV,Kidsgrove BR 25kV,-,KIDS1_213,Removed,25,4.05,0.96,4.054,4.054,4.054,4.054,4.054,0,35.17%,-
WMIDS,Cellarhead 132kV,Longton 132 11 (GT3A),-,LONG5_BB_Y,Unchanged,11,12.43,1.00,12.672,13.238,13.674,14.122,14.588,60,48.13%,-
WMIDS,Cellarhead 132kV,Longton 132 11 (GT3B),-,LONG5_BB_X,Unchanged,11,7.65,1.00,7.892,8.458,8.894,9.342,9.808,60,48.13%,-
WMIDS,Cellarhead 132kV,Longton 132 11 (GT4A),-,LONG5_BB_W,Unchanged,11,6.22,1.00,6.464,7.029,7.466,7.914,8.380,60,48.13%,-
WMIDS,Cellarhead 132kV,Longton 132 11 (GT4B),-,LONG5_BB_V,Unchanged,11,12.49,1.00,12.740,13.306,13.742,14.190,14.656,60,48.13%,-
WMIDS,Cellarhead 132kV,Longton 132 33,-,LONG3_MAIN1,Unchanged,33,0.00,0.71,0.003,0.003,0.003,0.003,0.003,30,48.13%,-
WMIDS,Cellarhead 132kV,Meaford 'C' 132 33,Bearstone 33 11,BEAR5_BB_Y,Unchanged,11,3.02,1.00,3.027,3.034,3.061,3.084,3.196,6.5,48.13%,-
WMIDS,Cellarhead 132kV,Meaford 'C' 132 33,Cotes Heath 33 11 (T1),COTH5_BB_X,Unchanged,11,4.25,0.99,4.250,4.270,4.300,4.338,4.407,14,48.13%,-
WMIDS,Cellarhead 132kV,Meaford 'C' 132 33,Cotes Heath 33 11 (T2),COTH5_BB_Y,Unchanged,11,0.00,0.96,-0.002,0.019,0.049,0.086,0.155,14,48.13%,-
WMIDS,Cellarhead 132kV,Meaford 'C' 132 33,Eccleshall 33 11,ECCL5_BB_X,Unchanged,11,3.60,1.00,3.637,3.675,3.724,3.781,3.895,5,48.13%,-
WMIDS,Cellarhead 132kV,Meaford 'C' 132 33,Gnosall 33 11,GNOS5_BB_X,Unchanged,11,4.20,1.00,4.253,4.305,4.377,4.464,4.560,5.5,48.13%,-
WMIDS,Cellarhead 132kV,Meaford 'C' 132 33,High Offley 33 11 (T2),HIGO5_BB_Y,Unchanged,11,2.64,1.00,2.655,2.771,2.800,2.834,2.909,5,48.13%,-
WMIDS,Cellarhead 132kV,Meaford 'C' 132 33,Hill Chorlton 33 11,HILC5_BB_X,Unchanged,11,1.66,1.00,1.839,1.869,1.911,1.961,2.047,2,48.13%,-
WMIDS,Cellarhead 132kV,Meaford 'C' 132 33,Hinstock 33 11 (T1),HINS5_BB_X,Unchanged,11,1.71,1.00,1.792,1.826,1.880,1.917,2.052,15,48.13%,-
WMIDS,Cellarhead 132kV,Meaford 'C' 132 33,Hinstock 33 11 (T2),HINS5_BB_Y,Unchanged,11,1.70,1.00,1.781,1.815,1.869,1.907,2.041,15,48.13%,-
WMIDS,Cellarhead 132kV,Meaford 'C' 132 33,Hookgate 33 11,HOOK5_BB_X,Unchanged,11,4.03,1.00,4.188,4.355,4.480,4.579,4.732,7.5,48.13%,-
WMIDS,Cellarhead 132kV,Meaford 'C' 132 33,Market Drayton 33 11 (T1),MARD5_BB_X,Unchanged,11,5.88,0.92,6.074,6.260,6.367,6.788,7.556,46,48.13%,-
WMIDS,Cellarhead 132kV,Meaford 'C' 132 33,Market Drayton 33 11 (T2),MARD5_BB_Y,Unchanged,11,5.52,1.00,5.711,5.896,6.003,6.424,7.193,46,48.13%,-
WMIDS,Cellarhead 132kV,Meaford 'C' 132 33,Market Drayton 33 11 (T5),MARD5_BB_W,Unchanged,11,4.52,0.93,4.706,4.892,4.999,5.420,6.188,46,48.13%,-
WMIDS,Cellarhead 132kV,Meaford 'C' 132 33,Meaford 33 11 (T3),MEAC5_BB_3,Unchanged,11,7.52,1.00,7.607,8.038,8.384,8.965,9.291,46,48.13%,-
WMIDS,Cellarhead 132kV,Meaford 'C' 132 33,Meaford 33 11 (T4),MEAC5_BB_1,Unchanged,11,11.00,1.00,11.094,11.525,11.871,12.452,12.778,46,48.13%,-
WMIDS,Cellarhead 132kV,Meaford 'C' 132 33,Meaford 33 11 (T5),MEAC5_BB_2,Unchanged,11,0.00,0.96,0.089,0.520,0.866,1.447,1.773,46,48.13%,-
WMIDS,Cellarhead 132kV,Meaford 'C' 132 33,Simplex 33 11 (T2),SIMP5_BB_Y,Unchanged,11,3.75,1.00,4.225,4.677,5.203,5.767,6.383,14,48.13%,-
WMIDS,Cellarhead 132kV,Meaford 'C' 132 33 (GT1),-,MEAC3_MAIN3,Unchanged,33,30.24,1.00,31.156,32.508,33.623,35.493,38.047,90,48.13%,-
WMIDS,Cellarhead 132kV,Meaford 'C' 132 33 (GT2),-,MEAC3_MAIN1,Unchanged,33,30.24,1.00,31.156,32.508,33.623,35.493,38.047,90,48.13%,-
WMIDS,Cellarhead 132kV,Newcastle 132 11 (GT3A),-,NEWC5_BB_Y,Unchanged,11,11.11,1.00,12.317,13.227,14.011,14.818,15.973,90,48.13%,-
WMIDS,Cellarhead 132kV,Newcastle 132 11 (GT3B),-,NEWC5_BB_Z,Unchanged,11,10.94,1.00,12.152,13.062,13.847,14.653,15.809,90,48.13%,-
WMIDS,Cellarhead 132kV,Newcastle 132 11 (GT4A),-,NEWC5_BB_W,Unchanged,11,9.09,1.00,10.295,11.205,11.990,12.797,13.952,90,48.13%,-
WMIDS,Cellarhead 132kV,Newcastle 132 11 (GT4B),-,NEWC5_BB_X,Unchanged,11,9.00,1.00,10.208,11.118,11.903,12.709,13.865,90,48.13%,-
WMIDS,Cellarhead 132kV,Newcastle 132 11 (GT5),-,NEWC5_BB_V,Unchanged,11,13.17,1.00,14.378,15.288,16.072,16.879,18.034,90,48.13%,-
WMIDS,Cellarhead 132kV,Newcastle 132 33,-,NEWC3_MAIN2,Unchanged,33,14.11,1.00,14.700,15.328,15.899,16.451,17.263,27,48.13%,-
WMIDS,Cellarhead 132kV,Newcastle 132 33,Scot Hay 33 11,SCOH5_BB_X,Unchanged,11,5.90,1.00,6.216,6.352,6.550,6.777,7.055,7.5,48.13%,-
WMIDS,Cellarhead 132kV,Newcastle 132 33,Staunch Standby Generation,STAU3_MAIN1,New,33,0.50,0.96,0.496,0.496,0.496,0.496,0.496,0,48.13%,-
WMIDS,Cellarhead 132kV,Newcastle 132 33,Talke 33 11 (T1),TALK5_BB_X,Unchanged,11,4.36,1.00,4.498,4.744,4.930,5.093,5.360,23,48.13%,-
WMIDS,Cellarhead 132kV,Newcastle 132 33,Talke 33 11 (T2),TALK5_BB_Y,Unchanged,11,4.41,1.00,4.548,4.794,4.981,5.144,5.410,23,48.13%,-
WMIDS,Cellarhead 132kV,Stagefields 132 11 (GT3A),-,STAG5_BB_W,Unchanged,11,13.50,1.00,13.737,14.436,15.175,15.857,16.780,60,48.13%,-
WMIDS,Cellarhead 132kV,Stagefields 132 11 (GT3B),-,STAG5_BB_X,Unchanged,11,13.41,1.00,13.650,14.349,15.088,15.770,16.693,60,48.13%,-
WMIDS,Cellarhead 132kV,Stagefields 132 11 (GT4A),-,STAG5_BB_Y,Unchanged,11,10.86,1.00,11.095,11.795,12.533,13.215,14.139,60,48.13%,-
WMIDS,Cellarhead 132kV,Stagefields 132 11 (GT4B),-,STAG5_BB_Z,Unchanged,11,10.91,1.00,11.154,11.853,12.591,13.273,14.197,60,48.13%,-
WMIDS,Cellarhead 132kV,Whitfield 132 33,Chatterley Whitfield STOR,CHAT3_#2L5,New,33,0.24,0.96,0.243,0.243,0.243,0.243,0.243,0,48.13%,-
WMIDS,Cellarhead 132kV,Whitfield 132 33,Cheddleton 33 11 (T1),CHED5_BB_X,Unchanged,11,2.85,1.00,2.975,3.113,3.204,3.532,3.701,14,48.13%,-
WMIDS,Cellarhead 132kV,Whitfield 132 33,Cheddleton 33 11 (T2),CHED5_BB_Y,Unchanged,11,2.85,1.00,2.975,3.113,3.204,3.532,3.701,14,48.13%,-
WMIDS,Cellarhead 132kV,Whitfield 132 33,Congleton 33 11 (T1),CONG5_BB_Y,Unchanged,11,8.01,1.00,8.115,8.218,8.316,8.428,8.614,46,48.13%,-
WMIDS,Cellarhead 132kV,Whitfield 132 33,Congleton 33 11 (T4),CONG5_BB_Z,Unchanged,11,5.56,0.96,5.662,5.765,5.864,5.976,6.162,46,48.13%,-
WMIDS,Cellarhead 132kV,Whitfield 132 33,Congleton 33 11 (T5),CONG5_BB_X,Unchanged,11,8.80,1.00,8.903,9.006,9.104,9.216,9.403,46,48.13%,-
WMIDS,Cellarhead 132kV,Whitfield 132 33,Endon 33 11 (T1),ENDO5_BB_X,Unchanged,11,2.84,0.99,2.917,2.991,3.078,3.179,3.291,23,48.13%,-
WMIDS,Cellarhead 132kV,Whitfield 132 33,Endon 33 11 (T2),ENDO5_BB_Y,Unchanged,11,5.86,1.00,5.936,6.009,6.097,6.198,6.309,23,48.13%,-
WMIDS,Cellarhead 132kV,Whitfield 132 33,Goldenhill Bank 33 11 (T1),GOLB5_BB_U,Unchanged,11,2.98,0.96,3.087,3.152,3.295,3.399,3.509,23,48.13%,-
WMIDS,Cellarhead 132kV,Whitfield 132 33,Goldenhill Bank 33 11 (T2),GOLB5_BB_V,Unchanged,11,3.09,0.96,3.194,3.259,3.402,3.506,3.616,23,48.13%,-
WMIDS,Cellarhead 132kV,Whitfield 132 33,Knypersley 33 11 (T1),KNYP5_BB_X,Unchanged,11,3.26,0.96,3.480,3.705,3.887,4.337,4.758,23,48.13%,-
WMIDS,Cellarhead 132kV,Whitfield 132 33,Knypersley 33 11 (T2),KNYP5_BB_Y,Unchanged,11,6.53,0.99,6.750,6.976,7.158,7.608,8.029,23,48.13%,-
WMIDS,Cellarhead 132kV,Whitfield 132 33,Leek 33 11 (T1),LEEK5_BB_XR,Unchanged,11,8.57,1.00,8.876,9.167,9.486,9.920,10.407,30.4,48.13%,-
WMIDS,Cellarhead 132kV,Whitfield 132 33,Leek 33 11 (T2),LEEK5_BB_YF,Unchanged,11,9.04,1.00,9.346,9.638,9.957,10.390,10.878,30.4,48.13%,-
WMIDS,Cellarhead 132kV,Whitfield 132 33,Whitfield 33 11 (T1),WHIT5_BB_X,Unchanged,11,4.60,0.99,4.749,4.995,5.199,5.419,5.646,23,48.13%,-
WMIDS,Cellarhead 132kV,Whitfield 132 33,Whitfield 33 11 (T2),WHIT5_BB_Y,Unchanged,11,4.71,1.00,4.857,5.102,5.307,5.527,5.754,23,48.13%,-
WMIDS,Cellarhead 132kV,Whitfield 132 33 (GT1),-,WHIT3_MAIN1,Unchanged,33,25.02,0.96,25.776,26.564,27.337,28.467,29.606,180,48.13%,-
WMIDS,Cellarhead 132kV,Whitfield 132 33 (GT2),-,WHIT3_MAIN2,Unchanged,33,25.02,0.96,25.776,26.564,27.337,28.467,29.606,180,48.13%,-
WMIDS,Cellarhead 132kV,Whitfield 132 33 (GT3),-,WHIT3_MAIN3,Unchanged,33,25.02,0.96,25.776,26.564,27.337,28.467,29.606,180,48.13%,-
WMIDS,East Claydon 132kV,Banbury 132 11 (GT1A),-,BANB5_BB_DR,Unchanged,11,5.74,1.00,5.803,5.886,5.982,6.083,6.283,120,43.65%,-
WMIDS,East Claydon 132kV,Banbury 132 11 (GT1B),-,BANB5_BB_CF,Unchanged,11,5.62,1.00,5.686,5.769,5.865,5.966,6.166,120,43.65%,-
WMIDS,East Claydon 132kV,Banbury 132 11 (GT2A),-,BANB5_BB_BR,Unchanged,11,8.86,0.96,8.930,9.013,9.108,9.210,9.410,120,43.65%,-
WMIDS,East Claydon 132kV,Banbury 132 11 (GT2B),-,BANB5_BB_AF,Unchanged,11,7.54,0.98,7.611,7.694,7.789,7.891,8.091,120,43.65%,-
WMIDS,East Claydon 132kV,Banbury 132 11 (GT3A),-,BANB5_BB_F,Unchanged,11,14.14,1.00,14.206,14.288,14.384,14.486,14.685,120,43.65%,-
WMIDS,East Claydon 132kV,Banbury 132 11 (GT3B),-,BANB5_BB_E,Unchanged,11,14.22,1.00,14.288,14.370,14.466,14.567,14.767,120,43.65%,-
WMIDS,East Claydon 132kV,Banbury 132 66,-,BANB6_4T0,New,66,10.03,1.00,10.025,10.025,10.025,10.025,10.025,18,43.65%,-
WMIDS,East Claydon 132kV,Banbury 132 66,Bloxham 66 11 (T1),BLOX5_BB_A,Updated,11,4.91,1.00,5.040,5.281,5.565,5.876,6.291,23,43.65%,-
WMIDS,East Claydon 132kV,Banbury 132 66,Epwell 66 11 (T1),EPWE5_BB_X,Updated,11,5.20,1.00,5.337,5.504,5.675,5.833,6.320,13,43.65%,-
WMIDS,East Claydon 132kV,Banbury 132 66,Shipston 66 11 (T1),SHIP5_BB_X,Updated,11,7.54,0.99,7.739,7.905,8.102,8.332,8.609,23,43.65%,-
WMIDS,Feckenham 66kV,Bevington 66 11 (T1),-,BEVI5_BB_X,Unchanged,11,3.48,0.99,3.530,3.636,3.770,3.913,4.175,16,45.53%,-
WMIDS,Feckenham 66kV,Bevington 66 11 (T2),-,BEVI5_BB_Y,Unchanged,11,7.34,0.96,7.386,7.492,7.626,7.769,8.031,16,45.53%,-
WMIDS,Feckenham 66kV,Bishampton Solar,-,BISS6_1H0,New,66,0.08,0.96,0.077,0.077,0.077,0.077,0.077,0,45.53%,-
WMIDS,Feckenham 66kV,Bloxham 66 11 (T2),-,BLOX5_BB_B,Unchanged,11,3.18,1.00,3.311,3.552,3.836,4.147,4.562,23,45.53%,-
WMIDS,Feckenham 66kV,Broadway 66 11 (T1),-,BROA5_BB_X,Unchanged,11,3.81,1.00,3.942,4.059,4.256,4.412,4.814,23,45.53%,-
WMIDS,Feckenham 66kV,Broadway 66 11 (T2),-,BROA5_BB_Y,Unchanged,11,8.00,1.00,8.135,8.252,8.449,8.604,9.007,23,45.53%,-
WMIDS,Feckenham 66kV,Brotheridge Green 66 11 (T1),-,BROG5_BB_X,Unchanged,11,3.80,1.00,3.837,3.906,4.006,4.070,4.296,14,45.53%,-
WMIDS,Feckenham 66kV,Brotheridge Green 66 11 (T2),-,BROG5_BB_Y,Unchanged,11,3.78,1.00,3.818,3.887,3.987,4.051,4.277,14,45.53%,-
WMIDS,Feckenham 66kV,Croome Airfield PV,-,CROA6_1H0,New,66,0.13,0.96,0.125,0.125,0.125,0.125,0.125,0,45.53%,-
WMIDS,Feckenham 66kV,Drayton Farm North 66 11 (T1),-,DRAF5_BB_1,Unchanged,11,11.29,0.99,11.287,11.287,11.287,11.287,11.287,38,45.53%,-
WMIDS,Feckenham 66kV,Drayton Farm North 66 11 (T2),-,DRAF5_BB_2,Unchanged,11,6.79,0.99,6.789,6.789,6.789,6.789,6.789,38,45.53%,-
WMIDS,Feckenham 66kV,Droitwich (T3A) 66 11,-,DROI5_BB_W,Unchanged,11,6.39,0.96,6.584,6.932,7.304,7.622,8.251,45,45.53%,-
WMIDS,Feckenham 66kV,Droitwich (T3B) 66 11,-,DROI5_BB_V,Unchanged,11,9.88,0.96,10.070,10.418,10.790,11.109,11.738,45,45.53%,-
WMIDS,Feckenham 66kV,Epwell 66 11 (T2),-,EPWE5_BB_Y,Unchanged,11,3.20,1.00,3.338,3.505,3.676,3.834,4.320,13,45.53%,-
WMIDS,Feckenham 66kV,Evesham 66 11 (T1),-,EVES5_BB_W,Unchanged,11,16.60,1.00,16.870,17.413,18.055,18.485,19.711,38,45.53%,-
WMIDS,Feckenham 66kV,Evesham 66 11 (T2),-,EVES5_BB_X,Unchanged,11,12.34,1.00,12.609,13.151,13.794,14.224,15.450,38,45.53%,-
WMIDS,Feckenham 66kV,Feckenham 66 11 (T1),-,FECK5_BB_Y,Unchanged,11,0.73,0.96,0.737,0.748,0.761,0.778,0.808,14,45.53%,-
WMIDS,Feckenham 66kV,Feckenham 66 11 (T2),-,FECK5_BB_X,Unchanged,11,0.35,0.96,0.357,0.368,0.381,0.398,0.428,14,45.53%,-
WMIDS,Feckenham 66kV,Great Alne 66 11 (T1),-,GREA5_BB_B,Unchanged,11,4.86,0.98,5.048,5.221,5.464,5.748,6.130,23,45.53%,-
WMIDS,Feckenham 66kV,Great Alne 66 11 (T3),-,GREA5_BB_A,Unchanged,11,4.70,1.00,4.880,5.053,5.296,5.580,5.961,23,45.53%,-
WMIDS,Feckenham 66kV,Howard Road STOR,-,HOWR6_1H0,New,66,0.31,0.96,0.312,0.312,0.312,0.312,0.312,0,45.53%,-
WMIDS,Feckenham 66kV,Ipsley 66 11 (T1A),-,IPSL5_BB_W,Unchanged,11,7.43,1.00,8.147,8.667,8.817,9.463,9.825,60,45.53%,-
WMIDS,Feckenham 66kV,Ipsley 66 11 (T1B),-,IPSL5_BB_XF,Unchanged,11,9.63,0.96,10.356,10.876,11.026,11.671,12.034,60,45.53%,-
WMIDS,Feckenham 66kV,Ipsley 66 11 (T3A),-,IPSL5_BB_V,Unchanged,11,5.00,1.00,5.724,6.245,6.395,7.040,7.402,60,45.53%,-
WMIDS,Feckenham 66kV,Ipsley 66 11 (T3B),-,IPSL5_BB_XR,Unchanged,11,6.95,0.96,7.674,8.195,8.345,8.990,9.352,60,45.53%,-
WMIDS,Feckenham 66kV,Ledbury 66 11 (T2),-,LEDB5_BB_X,Unchanged,11,6.22,0.96,6.558,7.397,7.724,8.876,9.272,23,45.53%,-
WMIDS,Feckenham 66kV,Long Marston 66 11 (T1),-,LONM5_BB_X,Unchanged,11,4.69,1.00,5.459,5.572,5.761,6.124,6.517,15.6,45.53%,-
WMIDS,Feckenham 66kV,Long Marston 66 11 (T2),-,LONM5_BB_Y,Unchanged,11,5.21,0.98,5.975,6.089,6.278,6.640,7.034,15.6,45.53%,-
WMIDS,Feckenham 66kV,Lower Strensham,-,LOWS6_1H3B,New,66,0.25,0.96,0.253,0.253,0.253,0.253,0.253,0,45.53%,-
WMIDS,Feckenham 66kV,Moreton 66 11 (T1),-,MORE5_BB_X,Unchanged,11,5.76,0.96,6.125,6.374,6.582,6.804,7.089,23,45.53%,-
WMIDS,Feckenham 66kV,Moreton 66 11 (T2),-,MORE5_BB_Y,Unchanged,11,5.64,1.00,6.010,6.259,6.466,6.688,6.973,23,45.53%,-
WMIDS,Feckenham 66kV,Northwick Estates,-,NOWG6_1H0,New,66,1.60,0.96,1.604,1.604,1.604,1.604,1.604,0,45.53%,-
WMIDS,Feckenham 66kV,Pershore 66 11 (T1),-,PERS5_BB_X,Unchanged,11,3.95,0.98,4.069,4.252,4.466,4.665,5.634,20,45.53%,-
WMIDS,Feckenham 66kV,Pershore 66 11 (T2),-,PERS5_BB_Y,Unchanged,11,7.90,1.00,8.019,8.202,8.417,8.616,9.585,20,45.53%,-
WMIDS,Feckenham 66kV,Redditch North 66 11 (T1),-,REDN5_BB_V,Unchanged,11,3.72,1.00,4.207,4.483,4.720,5.015,5.374,40,45.53%,-
WMIDS,Feckenham 66kV,Redditch North 66 11 (T2),-,REDN5_BB_W,Unchanged,11,4.67,1.00,5.160,5.435,5.673,5.968,6.327,40,45.53%,-
WMIDS,Feckenham 66kV,Redditch South 66 11 (T1B),-,REDS5_BB_X,Unchanged,11,11.30,1.00,11.791,12.517,13.332,14.318,15.367,39,45.53%,-
WMIDS,Feckenham 66kV,Redditch South 66 11 (T2B),-,REDS5_BB_Y,Unchanged,11,16.67,1.00,17.158,17.884,18.699,19.684,20.733,39,45.53%,-
WMIDS,Feckenham 66kV,Rotherdale Farm,-,ROTH6_1L5,New,66,9.04,0.96,9.040,9.040,9.040,9.040,9.040,0,45.53%,-
WMIDS,Feckenham 66kV,Shipston 66 11 (T2),-,SHIP5_BB_Y,Unchanged,11,6.89,0.99,7.093,7.259,7.456,7.686,7.963,23,45.53%,-
WMIDS,Feckenham 66kV,Stow 66 11 (T1),-,STOW5_BB_X,Unchanged,11,5.53,1.00,5.710,5.808,5.947,6.146,6.465,14,45.53%,-
WMIDS,Feckenham 66kV,Stratford 66 11 (T1),-,STRA5_BB_XF,Unchanged,11,11.00,0.96,11.485,11.894,12.301,12.703,13.164,76,45.53%,-
WMIDS,Feckenham 66kV,Stratford 66 11 (T2),-,STRA5_BB_XR,Unchanged,11,12.58,1.00,13.068,13.477,13.884,14.286,14.747,76,45.53%,-
WMIDS,Feckenham 66kV,Stratford 66 11 (T3),-,STRA5_BB_Z,Unchanged,11,7.81,1.00,8.291,8.700,9.108,9.510,9.970,76,45.53%,-
WMIDS,Feckenham 66kV,Strensham 66 11 (T1),-,STRE5_BB_Y,Unchanged,11,5.79,1.00,5.800,5.804,5.826,5.836,5.951,23,45.53%,-
WMIDS,Feckenham 66kV,Strensham 66 11 (T2),-,STRE5_BB_X,Unchanged,11,5.75,1.00,5.755,5.759,5.781,5.791,5.906,23,45.53%,-
WMIDS,Feckenham 66kV,Tewkesbury 66 11 (T1),-,TEWK5_BB_X,Unchanged,11,1.50,0.96,1.540,1.583,1.611,1.638,1.819,13,45.53%,-
WMIDS,Feckenham 66kV,Tewkesbury 66 11 (T2),-,TEWK5_BB_Y,Unchanged,11,1.50,0.96,1.534,1.577,1.605,1.632,1.813,13,45.53%,-
WMIDS,Feckenham 66kV,Wickhampton,-,WICK6_1H0,New,66,0.39,0.96,0.395,0.395,0.395,0.395,0.395,0,45.53%,-
WMIDS,Feckenham 66kV,Wormington 11kV,Wormington Gas Compressor,"WORM5_BB_Y, WORM5_BB_X",New,11,11.06,0.96,11.063,11.063,11.063,11.063,11.063,0,45.53%,-
WMIDS,Feckenham 66kV,Wormington 11kV SD,Wormington Gas Compressor,WORM5_BB_X,Removed,11,0.32,0.96,0.318,0.318,0.318,0.318,0.318,0,36.79%,-
WMIDS,Feckenham 66kV,Wormington 11kV SD,Wormington Gas Compressor,WORM5_BB_Y,Removed,11,15.82,0.96,15.825,15.825,15.825,15.825,15.825,0,36.79%,-
WMIDS,Iron Acton 132kV,Berkeley Heath BESS 132kV,-,BERB1,New,33,34.59,1.00,34.590,34.590,34.590,34.590,34.590,0,39.46%,-
WMIDS,Iron Acton 132kV,Chipping Sodbury 132 11 (GT1),-,CHIS5_BB_Y,Unchanged,11,13.61,1.00,14.517,15.021,15.460,15.848,16.349,58.5,39.46%,-
WMIDS,Iron Acton 132kV,Chipping Sodbury 132 11 (GT2),-,CHIS5_BB_X,Unchanged,11,9.65,1.00,10.553,11.057,11.495,11.883,12.385,58.5,39.46%,-
WMIDS,Iron Acton 132kV,Chipping Sodbury 132 33,Abson 33kV SS,ABSO3_1H5,New,33,0.12,0.96,0.125,0.125,0.125,0.125,0.125,0,39.46%,-
WMIDS,Iron Acton 132kV,Chipping Sodbury 132 33,Alveston 33 11 (T1),ALVE5_BB_X,Unchanged,11,7.44,0.99,7.648,7.864,8.044,8.320,8.608,23,39.46%,-
WMIDS,Iron Acton 132kV,Chipping Sodbury 132 33,Alveston 33 11 (T2),ALVE5_BB_Y,Unchanged,11,6.12,1.00,6.328,6.544,6.724,7.000,7.288,23,39.46%,-
WMIDS,Iron Acton 132kV,Chipping Sodbury 132 33,Chipping Sodbury 33 11 (T3),CHIS5_BB_Z,Unchanged,11,7.37,0.99,8.275,8.779,9.217,9.605,10.107,58.5,39.46%,-
WMIDS,Iron Acton 132kV,Chipping Sodbury 132 33,Cowhorn 33 11 (T1),COWH5_BB_X,Unchanged,11,7.98,0.99,8.629,8.842,9.045,9.306,9.582,23,39.46%,-
WMIDS,Iron Acton 132kV,Chipping Sodbury 132 33,Cowhorn 33 11 (T2),COWH5_BB_Y,Unchanged,11,7.90,1.00,8.555,8.767,8.971,9.231,9.507,23,39.46%,-
WMIDS,Iron Acton 132kV,Chipping Sodbury 132 33,Hammerley Down 33 11 (T1),HAMD5_BB_X,Unchanged,11,7.37,1.00,7.491,7.612,7.698,7.818,8.019,23,39.46%,-
WMIDS,Iron Acton 132kV,Chipping Sodbury 132 33,Hammerley Down 33 11 (T2),HAMD5_BB_Y,Unchanged,11,7.47,1.00,7.588,7.709,7.795,7.915,8.116,23,39.46%,-
WMIDS,Iron Acton 132kV,Chipping Sodbury 132 33,Naishcombe Hill 33 11 (T1),NAIH5_BB_X,Unchanged,11,4.80,1.00,4.832,4.863,4.910,4.981,5.172,13,39.46%,-
WMIDS,Iron Acton 132kV,Chipping Sodbury 132 33,Naishcombe Hill 33 11 (T2),NAIH5_BB_Y,Unchanged,11,3.07,1.00,3.098,3.129,3.175,3.246,3.437,13,39.46%,-
WMIDS,Iron Acton 132kV,Chipping Sodbury 132 33,Oxbridge 33 11 (T1),OXBR5_BB_U,Unchanged,11,6.41,0.99,6.520,6.565,6.626,6.747,6.898,15,39.46%,-
WMIDS,Iron Acton 132kV,Chipping Sodbury 132 33,Oxbridge 33 11 (T2),OXBR5_BB_V,Unchanged,11,6.01,0.99,6.123,6.168,6.229,6.350,6.501,15,39.46%,-
WMIDS,Iron Acton 132kV,Chipping Sodbury 132 33,Ring O Bells Solar Farm,RINO3_#1H5,New,33,0.22,0.96,0.215,0.215,0.215,0.215,0.215,0,39.46%,-
WMIDS,Iron Acton 132kV,Chipping Sodbury 132 33,Says Court Farm,SAYS3_#1H5,New,33,0.08,0.96,0.075,0.075,0.075,0.075,0.075,0,39.46%,-
WMIDS,Iron Acton 132kV,Chipping Sodbury 132 33,Tower Hill Farm,TOWH3_#2L5,New,33,0.02,0.96,0.017,0.017,0.017,0.017,0.017,0,39.46%,-
WMIDS,Iron Acton 132kV,Chipping Sodbury 132 33 (GT1A),-,CHIS3_1T0A,Unchanged,33,35.45,1.00,36.897,37.707,38.445,39.436,40.699,90,39.46%,-
WMIDS,Iron Acton 132kV,Chipping Sodbury 132 33 (GT2A),-,CHIS3_2T0A,Unchanged,33,35.45,1.00,36.897,37.707,38.445,39.436,40.699,90,39.46%,-
WMIDS,Iron Acton 132kV,Chipping Sodbury 33kV SD,Abson 33kV SS,ABSO3_1L5,Removed,33,2.16,0.96,2.160,2.160,2.160,2.160,2.160,0,35.55%,-
WMIDS,Iron Acton 132kV,Ryeford 132 33,Actree Solar Farm,ACTR3_#2L5,New,33,0.77,0.96,0.772,0.772,0.772,0.772,0.772,0,39.46%,-
WMIDS,Iron Acton 132kV,Ryeford 132 33,Berkeley 33 11 (T1),BERK5_BB_X,Unchanged,11,4.31,0.99,4.370,5.044,5.587,5.806,5.938,18,39.46%,-
WMIDS,Iron Acton 132kV,Ryeford 132 33,Berkeley 33 11 (T2),BERK5_BB_Y,Unchanged,11,4.27,0.95,4.330,5.004,5.548,5.766,5.898,18,39.46%,-
WMIDS,Iron Acton 132kV,Ryeford 132 33,Cambridge Solar Farm,CAMS3_#1H0,New,33,0.11,0.96,0.106,0.106,0.106,0.106,0.106,0,39.46%,-
WMIDS,Iron Acton 132kV,Ryeford 132 33,Camp 33 11 (T1),CAMP5_BB_X,Unchanged,11,3.80,1.00,3.853,3.911,3.982,4.082,4.207,9.75,39.46%,-
WMIDS,Iron Acton 132kV,Ryeford 132 33,Camp 33 11 (T2),CAMP5_BB_Y,Unchanged,11,3.65,0.95,3.703,3.760,3.832,3.932,4.057,9.75,39.46%,-
WMIDS,Iron Acton 132kV,Ryeford 132 33,Cherington 33 11 (T1),CHER5_BB_X,Unchanged,11,2.23,0.96,2.368,2.393,2.435,2.514,2.661,9.75,39.46%,-
WMIDS,Iron Acton 132kV,Ryeford 132 33,Cherington 33 11 (T2),CHER5_BB_Y,Unchanged,11,2.18,0.96,2.317,2.342,2.384,2.463,2.610,9.75,39.46%,-
WMIDS,Iron Acton 132kV,Ryeford 132 33,Dudbridge 33 11 (T1),DUDB5_BB_Z,Unchanged,11,7.51,1.00,7.755,8.047,8.408,9.096,9.409,46,39.46%,-
WMIDS,Iron Acton 132kV,Ryeford 132 33,Dudbridge 33 11 (T2),DUDB5_BB_Y,Unchanged,11,8.21,0.98,8.461,8.754,9.115,9.802,10.115,46,39.46%,-
WMIDS,Iron Acton 132kV,Ryeford 132 33,Dudbridge 33 11 (T3),DUDB5_BB_X,Unchanged,11,10.26,1.00,10.512,10.805,11.166,11.853,12.166,46,39.46%,-
WMIDS,Iron Acton 132kV,Ryeford 132 33,Dursley 33 11 (T1),DURS5_BB_W,Unchanged,11,6.47,0.97,6.713,7.488,7.757,8.389,8.968,21.5,39.46%,-
WMIDS,Iron Acton 132kV,Ryeford 132 33,Dursley 33 11 (T2),DURS5_BB_X,Unchanged,11,5.91,0.93,6.155,6.930,7.199,7.830,8.410,21.5,39.46%,-
WMIDS,Iron Acton 132kV,Ryeford 132 33,Javelin Park EFW,JAVP3_#2L5,Updated,33,2.11,0.96,2.110,2.110,2.110,2.110,2.110,0,39.46%,-
WMIDS,Iron Acton 132kV,Ryeford 132 33,Netherhills 33 11 (T1),NETH5_BB_X,Unchanged,11,4.32,1.00,6.433,6.646,6.730,6.857,7.080,14,39.46%,-
WMIDS,Iron Acton 132kV,Ryeford 132 33,Netherhills 33 11 (T2),NETH5_BB_Y,Unchanged,11,1.78,1.00,3.890,4.103,4.188,4.315,4.537,14,39.46%,-
WMIDS,Iron Acton 132kV,Ryeford 132 33,Ryeford 33 11 (T1),RYEF5_BB_X,Unchanged,11,6.82,0.96,6.925,7.454,7.665,7.869,8.065,46,39.46%,-
WMIDS,Iron Acton 132kV,Ryeford 132 33,Ryeford 33 11 (T2),RYEF5_BB_Y,Unchanged,11,6.82,0.96,6.925,7.454,7.665,7.869,8.065,46,39.46%,-
WMIDS,Iron Acton 132kV,Ryeford 132 33,Ryeford 33 11 (T3),RYEF5_BB_Z,Unchanged,11,5.70,0.96,5.802,6.332,6.543,6.746,6.943,46,39.46%,-
WMIDS,Iron Acton 132kV,Ryeford 132 33,Upper Huntingford Solar Farm,UPPH3_#2L5,New,33,0.03,0.96,0.026,0.026,0.026,0.026,0.026,0,39.46%,-
WMIDS,Iron Acton 132kV,Ryeford 132 33,Upper Wick Solar Farm,UPPW3_MAIN1,New,33,0.01,0.96,0.008,0.008,0.008,0.008,0.008,0,39.46%,-
WMIDS,Iron Acton 132kV,Ryeford 132 33 (GT1A),-,RYEF3_MAIN1,Unchanged,33,19.75,1.00,21.315,22.791,23.656,24.880,25.837,120,39.46%,-
WMIDS,Iron Acton 132kV,Ryeford 132 33 (GT1B),-,RYEF3_MAIN3,Unchanged,33,19.75,1.00,21.315,22.791,23.656,24.880,25.837,120,39.46%,-
WMIDS,Iron Acton 132kV,Ryeford 132 33 (GT2A),-,RYEF3_MAIN2,Unchanged,33,19.75,1.00,21.315,22.791,23.656,24.880,25.837,120,39.46%,-
WMIDS,Iron Acton 132kV,Ryeford 132 33 (GT2B),-,RYEF3_MAIN4,Unchanged,33,19.75,1.00,21.315,22.791,23.656,24.880,25.837,120,39.46%,-
WMIDS,Ironbridge & Shrewsbury 132kV,Hortonwood 132 11 (GT1),-,HORT5_BB_A,Unchanged,11,14.60,0.98,14.801,15.988,16.949,17.915,18.867,60,48.22%,-
WMIDS,Ironbridge & Shrewsbury 132kV,Hortonwood 132 11 (GT2),-,HORT5_BB_C,Unchanged,11,4.24,1.00,4.442,5.630,6.590,7.556,8.508,60,48.22%,-
WMIDS,Ironbridge & Shrewsbury 132kV,Hortonwood 132 11 (GT3),-,HORT5_BB_D,Unchanged,11,6.95,0.96,7.150,8.337,9.298,10.264,11.216,60,48.22%,-
WMIDS,Ironbridge & Shrewsbury 132kV,Ironbridge 132 33,Broseley 33 11 (T1),BROS5_BB_X,Unchanged,11,4.41,0.99,4.548,4.627,4.748,4.916,5.174,14,48.22%,-
WMIDS,Ironbridge & Shrewsbury 132kV,Ironbridge 132 33,Broseley 33 11 (T2),BROS5_BB_Y,Unchanged,11,2.46,1.00,2.592,2.671,2.792,2.960,3.218,14,48.22%,-
WMIDS,Ironbridge & Shrewsbury 132kV,Ironbridge 132 33,Condover Solar Farm,COND3GE,New,33,2.45,0.96,2.445,2.445,2.445,2.445,2.445,0,48.22%,-
WMIDS,Ironbridge & Shrewsbury 132kV,Ironbridge 132 33,Easthope 33 11,EAST5_BB_X,Unchanged,11,3.10,1.00,3.122,3.153,3.218,3.279,3.653,5,48.22%,-
WMIDS,Ironbridge & Shrewsbury 132kV,Ironbridge 132 33,Halesfield 33 11 (T1),HALF5_BB_YF,Unchanged,11,4.08,0.97,4.128,4.312,4.336,4.368,4.586,46,48.22%,-
WMIDS,Ironbridge & Shrewsbury 132kV,Ironbridge 132 33,Halesfield 33 11 (T2),HALF5_BB_XR,Unchanged,11,11.37,0.99,11.414,11.598,11.622,11.654,11.872,46,48.22%,-
WMIDS,Ironbridge & Shrewsbury 132kV,Ironbridge 132 33,Halesfield 33 11 (T3),HALF5_BB_XF,Unchanged,11,4.24,0.97,4.282,4.467,4.490,4.522,4.740,46,48.22%,-
WMIDS,Ironbridge & Shrewsbury 132kV,Ironbridge 132 33,Ironbridge Power Station (Last Mile),"LASM5_BB_1, LASM5_BB_2",New,33,0.00,0.00,0.000,0.000,0.000,0.000,0.000,0,48.22%,-
WMIDS,Ironbridge & Shrewsbury 132kV,Ironbridge 132 33,Leebotwood 33 11 (T1),LEEB5_BB_X,Unchanged,11,3.82,1.00,3.881,3.963,4.067,4.156,4.361,14,48.22%,-
WMIDS,Ironbridge & Shrewsbury 132kV,Ironbridge 132 33,Madeley 33 11 (T1),MADE5_BB_B,Unchanged,11,0.23,0.96,0.654,1.164,1.593,1.961,2.406,23,48.22%,-
WMIDS,Ironbridge & Shrewsbury 132kV,Ironbridge 132 33,Madeley 33 11 (T2),MADE5_BB_C,Unchanged,11,18.16,0.96,18.580,19.090,19.519,19.887,20.331,23,48.22%,-
WMIDS,Ironbridge & Shrewsbury 132kV,Ironbridge 132 33,Pitchford Solar Farm,PITC33PV,New,33,0.06,0.96,0.060,0.060,0.060,0.060,0.060,0,48.22%,-
WMIDS,Ironbridge & Shrewsbury 132kV,Ironbridge 132 33,Quatt 33 11 (T2),QUAT5_BB_W,Unchanged,11,4.89,1.00,4.859,4.825,4.818,4.861,4.976,17,48.22%,-
WMIDS,Ironbridge & Shrewsbury 132kV,Ironbridge 132 33,Star Aluminium A 33 11 (T2),STAA5_BB_X,Unchanged,11,5.51,1.00,5.851,6.113,6.414,7.394,7.984,18,48.22%,-
WMIDS,Ironbridge & Shrewsbury 132kV,Ironbridge 132 33,Star Aluminium A 33 11 (T4),STAA5_BB_Y,Unchanged,11,5.70,1.00,6.037,6.299,6.600,7.581,8.171,18,48.22%,-
WMIDS,Ironbridge & Shrewsbury 132kV,Ironbridge 132 33,Swancote AD Generation,SWNC3_MAIN1,New,33,2.32,0.96,2.321,2.321,2.321,2.321,2.321,0,48.22%,-
WMIDS,Ironbridge & Shrewsbury 132kV,Ironbridge 132 33,Upper Meadowly Farm,UPPM3_MAIN1,New,33,0.01,0.96,0.011,0.011,0.011,0.011,0.011,0,48.22%,-
WMIDS,Ironbridge & Shrewsbury 132kV,Ironbridge 132 33,Worfield 33 11 (T1),WORF5_BB_X,Unchanged,11,1.46,0.99,1.465,1.473,1.496,1.516,1.604,6.5,48.22%,-
WMIDS,Ironbridge & Shrewsbury 132kV,Ironbridge 132 33,Worfield 33 11 (T2),WORF5_BB_Y,Unchanged,11,1.21,0.99,1.222,1.230,1.254,1.273,1.361,6.5,48.22%,-
WMIDS,Ironbridge & Shrewsbury 132kV,Ironbridge 132 33 (GT2),-,IRON3_MAIN2,Unchanged,33,17.67,0.99,18.216,18.843,19.350,20.138,21.130,210,48.22%,-
WMIDS,Ironbridge & Shrewsbury 132kV,Ironbridge 132 33 (GT3),-,IRON3_MAIN3,Unchanged,33,17.67,0.99,18.216,18.843,19.350,20.138,21.130,210,48.22%,-
WMIDS,Ironbridge & Shrewsbury 132kV,Ironbridge 132 33 (GT4),-,IRON3_MAIN4,Unchanged,33,17.67,0.99,18.216,18.843,19.350,20.138,21.130,210,48.22%,-
WMIDS,Ironbridge & Shrewsbury 132kV,Ironbridge 132 33 (GT6),-,IRON3_MAIN6,New,33,17.67,0.99,18.216,18.843,19.350,20.138,21.130,210,48.22%,-
WMIDS,Ironbridge & Shrewsbury 132kV,Ketley 132 11 (GT4B),-,KETL5_BB_W,Unchanged,11,10.22,0.99,10.529,10.957,11.394,11.688,11.994,76,48.22%,-
WMIDS,Ironbridge & Shrewsbury 132kV,Ketley 132 33,Donnington 33 11 (T1),DONN5_BB_XF,Unchanged,11,4.93,1.00,4.938,4.946,4.968,5.005,5.429,24,48.22%,-
WMIDS,Ironbridge & Shrewsbury 132kV,Ketley 132 33,Donnington 33 11 (T2),DONN5_BB_XR,Unchanged,11,7.56,1.00,7.564,7.572,7.594,7.632,8.055,24,48.22%,-
WMIDS,Ironbridge & Shrewsbury 132kV,Ketley 132 33,Dothill 33 11 (T2),DOTH5_BB_B,Updated,11,4.74,1.00,4.936,5.157,5.446,5.977,6.687,14,48.22%,-
WMIDS,Ironbridge & Shrewsbury 132kV,Ketley 132 33,Ketley 33 11 (T1),KETL5_BB_A,Unchanged,11,5.34,1.00,5.649,6.077,6.513,6.808,7.114,76,48.22%,-
WMIDS,Ironbridge & Shrewsbury 132kV,Ketley 132 33,Ketley 33 11 (T2),KETL5_BB_B,Unchanged,11,5.60,0.96,5.906,6.334,6.771,7.065,7.372,76,48.22%,-
WMIDS,Ironbridge & Shrewsbury 132kV,Ketley 132 33,Newport 33 11 (T1),NEWP5_BB_1,Unchanged,11,5.74,1.00,5.900,6.070,6.268,6.468,6.846,19,48.22%,-
WMIDS,Ironbridge & Shrewsbury 132kV,Ketley 132 33,Newport 33 11 (T2),NEWP5_BB_2,Unchanged,11,5.50,1.00,5.666,5.836,6.034,6.234,6.612,19,48.22%,-
WMIDS,Ironbridge & Shrewsbury 132kV,Ketley 132 33,Sankey 33 11 (T1),SANK5_BB_WF,Unchanged,33,2.26,0.96,2.239,2.215,2.191,2.167,2.143,23,48.22%,-
WMIDS,Ironbridge & Shrewsbury 132kV,Ketley 132 33,Sankey 33 11 (T2),SANK5_BB_XF,Unchanged,33,1.13,0.96,1.111,1.087,1.063,1.039,1.015,23,48.22%,-
WMIDS,Ironbridge & Shrewsbury 132kV,Ketley 132 33,Sherrifhales Solar Farm,"SHER3_#1M0, SHER3_#2M0",New,33,0.02,0.96,0.022,0.022,0.022,0.022,0.022,0,48.22%,-
WMIDS,Ironbridge & Shrewsbury 132kV,Ketley 132 33,Shifnal 33 11 (T1),SHIF5_BB_X,Unchanged,11,1.68,0.45,1.889,2.175,2.334,3.016,3.316,14,48.22%,-
WMIDS,Ironbridge & Shrewsbury 132kV,Ketley 132 33,Shifnal 33 11 (T2),SHIF5_BB_Y,Unchanged,11,1.63,0.90,1.841,2.127,2.285,2.968,3.268,14,48.22%,-
WMIDS,Ironbridge & Shrewsbury 132kV,Ketley 132 33,Snedshill 33 11 (T1),SNED5_BB_C,Unchanged,11,8.02,0.99,8.742,9.463,10.128,11.007,12.396,37,48.22%,-
WMIDS,Ironbridge & Shrewsbury 132kV,Ketley 132 33,Snedshill 33 11 (T2),SNED5_BB_B,Unchanged,11,12.21,1.00,12.935,13.657,14.322,15.201,16.590,37,48.22%,-
WMIDS,Ironbridge & Shrewsbury 132kV,Ketley 132 33,Snedshill 33 11 (T3),SNED5_BB_D,Unchanged,11,8.65,0.98,9.379,10.100,10.765,11.644,13.033,37,48.22%,-
WMIDS,Ironbridge & Shrewsbury 132kV,Ketley 132 33,Telford 54,"TELF5_BB_1, TELF5_BB_2",New,33,4.46,1.00,4.463,4.463,4.463,4.463,4.463,0,48.22%,-
WMIDS,Ironbridge & Shrewsbury 132kV,Ketley 132 33 (GT1),-,KETL3_MAIN1,Unchanged,33,36.24,1.00,37.964,39.801,41.589,44.131,47.550,90,48.22%,-
WMIDS,Ironbridge & Shrewsbury 132kV,Ketley 132 33 (GT2),-,KETL3_MAIN3,Unchanged,33,36.24,1.00,37.964,39.801,41.589,44.131,47.550,90,48.22%,-
WMIDS,Ironbridge & Shrewsbury 132kV,Ketley 33kV SD,Telford 54,SNED3_#5L5,Removed,33,2.66,1.00,2.655,2.655,2.655,2.655,2.655,0,36.07%,-
WMIDS,Ironbridge & Shrewsbury 132kV,Ketley 33kV SD,Telford 54,SNED3_#6L5,Removed,33,2.66,1.00,2.655,2.655,2.655,2.655,2.655,0,36.07%,-
WMIDS,Ironbridge & Shrewsbury 132kV,Shrewsbury 132 33,Battlefield ERF Generation,BATT3_#1H5,Updated,33,1.33,0.96,1.335,1.335,1.335,1.335,1.335,0,48.22%,-
WMIDS,Ironbridge & Shrewsbury 132kV,Shrewsbury 132 33,Bayston Hill 33 11 (T2),BAYH5_BB_Y,Unchanged,11,6.53,1.00,6.928,7.338,7.651,8.232,8.822,23,48.22%,-
WMIDS,Ironbridge & Shrewsbury 132kV,Shrewsbury 132 33,Bayston Hill 33 11 (T3),BAYH5_BB_X,Unchanged,11,6.50,1.00,6.889,7.299,7.612,8.193,8.783,23,48.22%,-
WMIDS,Ironbridge & Shrewsbury 132kV,Shrewsbury 132 33,Berrington 33 11,BERR5_BB,Unchanged,11,0.22,0.09,0.277,0.344,0.433,0.522,0.726,2.6,48.22%,-
WMIDS,Ironbridge & Shrewsbury 132kV,Shrewsbury 132 33,Bishops Castle 33 11 (T2),BISC5_BB_Y,Unchanged,11,2.39,0.96,2.434,2.479,2.530,2.607,2.841,6.25,48.22%,-
WMIDS,Ironbridge & Shrewsbury 132kV,Shrewsbury 132 33,Dothill 33 11 (T1),DOTH5_BB_A,Updated,11,5.91,1.00,6.111,6.332,6.621,7.152,7.862,14,48.22%,-
WMIDS,Ironbridge & Shrewsbury 132kV,Shrewsbury 132 33,Harlescott 33 11 (T1),HARL5_BB_Y,Unchanged,11,4.48,0.92,4.670,4.745,4.829,4.881,5.019,23,48.22%,-
WMIDS,Ironbridge & Shrewsbury 132kV,Shrewsbury 132 33,Harlescott 33 11 (T2),HARL5_BB_X,Unchanged,11,3.10,0.97,3.290,3.366,3.449,3.501,3.639,23,48.22%,-
WMIDS,Ironbridge & Shrewsbury 132kV,Shrewsbury 132 33,Hayford Solar Farm,HAYF3_#2L5,New,33,0.03,0.96,0.032,0.032,0.032,0.032,0.032,0,48.22%,-
WMIDS,Ironbridge & Shrewsbury 132kV,Shrewsbury 132 33,Leaton 33 11 (T1),LEAT5_BB_X,Unchanged,11,2.94,1.00,2.949,3.011,3.100,3.193,3.439,9.8,48.22%,-
WMIDS,Ironbridge & Shrewsbury 132kV,Shrewsbury 132 33,Leaton 33 11 (T2),LEAT5_BB_Y,Unchanged,11,2.96,0.96,2.968,3.031,3.119,3.212,3.458,9.8,48.22%,-
WMIDS,Ironbridge & Shrewsbury 132kV,Shrewsbury 132 33,Malehurst 33 11 (T1),MALE5_BB_X,Unchanged,11,3.44,0.99,3.470,3.538,3.645,3.722,3.905,23,48.22%,-
WMIDS,Ironbridge & Shrewsbury 132kV,Shrewsbury 132 33,Malehurst 33 11 (T2),MALE5_BB_Y,Unchanged,11,3.43,0.99,3.459,3.528,3.634,3.711,3.894,23,48.22%,-
WMIDS,Ironbridge & Shrewsbury 132kV,Shrewsbury 132 33,Priestweston 33 11 (T1),PRIE5_BB_X,Unchanged,11,2.84,0.90,2.858,2.862,2.883,2.914,3.053,6.5,48.22%,-
WMIDS,Ironbridge & Shrewsbury 132kV,Shrewsbury 132 33,Priestweston 33 11 (T2),PRIE5_BB_Y,Unchanged,11,1.48,0.90,1.498,1.502,1.523,1.555,1.694,6.5,48.22%,-
WMIDS,Ironbridge & Shrewsbury 132kV,Shrewsbury 132 33,Roushill 33 11 (T1),ROUS5_BB_XF,Unchanged,11,8.76,1.00,8.818,8.947,9.075,9.109,9.285,38,48.22%,-
WMIDS,Ironbridge & Shrewsbury 132kV,Shrewsbury 132 33,Roushill 33 11 (T2),ROUS5_BB_XR,Unchanged,11,4.08,1.00,4.137,4.266,4.394,4.428,4.604,38,48.22%,-
WMIDS,Ironbridge & Shrewsbury 132kV,Shrewsbury 132 33,Rowton 33 11,ROWT5_BB_V,Unchanged,11,3.22,0.98,3.213,3.213,3.238,3.258,3.472,3.51,48.22%,-
WMIDS,Ironbridge & Shrewsbury 132kV,Shrewsbury 132 33,Spring Gardens (T1),SPRG5_BB_X,Unchanged,11,13.06,1.00,13.756,14.577,15.242,16.437,17.326,38,48.22%,-
WMIDS,Ironbridge & Shrewsbury 132kV,Shrewsbury 132 33,Spring Gardens (T2),SPRG5_BB_Y,Unchanged,11,13.06,1.00,13.756,14.577,15.242,16.437,17.326,38,48.22%,-
WMIDS,Ironbridge & Shrewsbury 132kV,Shrewsbury 132 33,Sundorne Solar Farm,SUND3_MAIN1,New,33,1.65,0.96,1.652,1.652,1.652,1.652,1.652,0,48.22%,-
WMIDS,Ironbridge & Shrewsbury 132kV,Shrewsbury 132 33,Weir Hill 33 11 (T1),WEIH5_BB_X,Unchanged,11,3.26,0.99,3.713,4.104,4.434,4.794,5.196,14,48.22%,-
WMIDS,Ironbridge & Shrewsbury 132kV,Shrewsbury 132 33,Weir Hill 33 11 (T2),WEIH5_BB_Y,Unchanged,11,2.57,0.98,3.028,3.419,3.749,4.109,4.511,14,48.22%,-
WMIDS,Ironbridge & Shrewsbury 132kV,Shrewsbury 132 33,Wrockwardine Farm,WROC3_MAIN1,New,33,0.04,0.96,0.039,0.039,0.039,0.039,0.039,0,48.22%,-
WMIDS,Ironbridge & Shrewsbury 132kV,Shrewsbury 132 33 (GT1),-,SHRE3_MAIN1,Unchanged,33,29.78,1.00,31.126,32.557,33.865,35.678,37.908,180,48.22%,-
WMIDS,Ironbridge & Shrewsbury 132kV,Shrewsbury 132 33 (GT2),-,SHRE3_MAIN3,Unchanged,33,29.78,1.00,31.126,32.557,33.865,35.678,37.908,180,48.22%,-
WMIDS,Ironbridge & Shrewsbury 132kV,Shrewsbury 132 33 (GT4),-,SHRE3_MAIN2,Unchanged,33,29.78,1.00,31.126,32.557,33.865,35.678,37.908,180,48.22%,-
WMIDS,Kitwell 132kV,Bartley Green 132 11 (GT1),-,BARG5_BB_X,Unchanged,11,15.55,1.00,15.949,16.344,16.781,17.219,17.633,30,50.03%,-
WMIDS,Kitwell 132kV,Bartley Green 132 11 (GT2),-,BARG5_BB_V,Unchanged,11,9.72,1.00,10.120,10.515,10.951,11.389,11.804,30,50.03%,-
WMIDS,Kitwell 132kV,Bournville 132 11 (GT1),-,BOVI5_BB_AF,Unchanged,11,10.98,1.00,11.384,11.763,12.324,12.640,13.022,90,50.03%,-
WMIDS,Kitwell 132kV,Bournville 132 11 (GT2),-,BOVI5_BB_BR,Unchanged,11,6.66,0.96,7.068,7.448,8.008,8.325,8.707,90,50.03%,-
WMIDS,Kitwell 132kV,Bournville 132 11 (GT3),-,BOVI5_BB_V,Unchanged,11,15.10,1.00,15.510,15.890,16.450,16.767,17.149,90,50.03%,-
WMIDS,Kitwell 132kV,Bournville 132 11 (GT4),-,BOVI5_BB_W,Unchanged,11,14.85,1.00,15.254,15.634,16.194,16.511,16.893,90,50.03%,-
WMIDS,Kitwell 132kV,Chad Valley 132 11 (GT1A),-,CHAV5_BB_FF,Unchanged,11,12.98,1.00,13.387,14.264,15.144,15.655,16.452,60,50.03%,-
WMIDS,Kitwell 132kV,Chad Valley 132 11 (GT1B),-,CHAV5_BB_ER,Unchanged,11,9.31,1.00,9.713,10.590,11.470,11.981,12.778,60,50.03%,-
WMIDS,Kitwell 132kV,Chad Valley 132 11 (GT2A),-,CHAV5_BB_BF,Unchanged,11,10.62,1.00,11.023,11.901,12.781,13.292,14.088,60,50.03%,-
WMIDS,Kitwell 132kV,Chad Valley 132 11 (GT2B),-,CHAV5_BB_AR,Unchanged,11,8.85,0.99,9.253,10.130,11.011,11.521,12.318,60,50.03%,-
WMIDS,Kitwell 132kV,Halesowen 132 11 (GT1),-,HALE5_BB_XR,Unchanged,11,16.07,0.97,16.667,17.217,17.784,18.507,19.267,60,50.03%,-
WMIDS,Kitwell 132kV,Halesowen 132 11 (GT2),-,HALE5_BB_YF,Unchanged,11,10.71,1.00,11.302,11.853,12.420,13.143,13.903,60,50.03%,-
WMIDS,Kitwell 132kV,Halesowen 132 11 (GT3),-,HALE5_BB_ZR,Unchanged,11,10.86,1.00,11.462,12.012,12.579,13.303,14.062,60,50.03%,-
WMIDS,Kitwell 132kV,Hall Green 132 11 (GT1A),-,HALG5_BB_AR,Unchanged,11,5.30,1.00,5.530,5.761,6.038,6.284,6.546,60,50.03%,-
WMIDS,Kitwell 132kV,Hall Green 132 11 (GT1B),-,HALG5_BB_BF,Unchanged,11,8.83,1.00,9.067,9.298,9.575,9.821,10.083,60,50.03%,-
WMIDS,Kitwell 132kV,Hall Green 132 11 (GT2A),-,HALG5_BB_CR,Unchanged,11,15.11,1.00,15.341,15.572,15.849,16.095,16.357,60,50.03%,-
WMIDS,Kitwell 132kV,Hall Green 132 11 (GT2B),-,HALG5_BB_DF,Unchanged,11,7.32,1.00,7.555,7.786,8.064,8.309,8.571,60,50.03%,-
WMIDS,Kitwell 132kV,Highters Heath 132 11 (GT1A),-,HIGH5_BB_CR,Removed,11,3.24,0.99,3.290,3.594,4.032,4.686,5.625,60,35.86%,-
WMIDS,Kitwell 132kV,Highters Heath 132 11 (GT1A),-,HIGH5_BB_Z,New,11,2.81,0.99,3.046,3.313,3.589,3.840,4.121,60,50.03%,-
WMIDS,Kitwell 132kV,Highters Heath 132 11 (GT1B),-,HIGH5_BB_CF,Removed,11,6.39,1.00,6.410,6.555,6.765,7.078,7.528,60,35.86%,-
WMIDS,Kitwell 132kV,Highters Heath 132 11 (GT1B),-,HIGH5_BB_Y,New,11,8.30,1.00,8.537,8.804,9.080,9.331,9.612,60,50.03%,-
WMIDS,Kitwell 132kV,Highters Heath 132 11 (GT2A),-,HIGH5_BB_BR,Removed,11,7.95,1.00,7.984,8.169,8.434,8.830,9.399,60,35.86%,-
WMIDS,Kitwell 132kV,Highters Heath 132 11 (GT2A),-,HIGH5_BB_X,New,11,7.50,1.00,7.734,8.000,8.276,8.527,8.808,60,50.03%,-
WMIDS,Kitwell 132kV,Highters Heath 132 11 (GT2B),-,HIGH5_BB_AR,Removed,11,8.08,1.00,8.096,8.223,8.405,8.677,9.067,60,35.86%,-
WMIDS,Kitwell 132kV,Highters Heath 132 11 (GT2B),-,HIGH5_BB_W,New,11,8.31,1.00,8.547,8.814,9.090,9.340,9.622,60,50.03%,-
WMIDS,Kitwell 132kV,Longbridge 132 11 (GT1),-,LOBR5_BB_V,Unchanged,11,9.85,0.96,10.349,10.882,12.045,12.566,13.106,60,50.03%,-
WMIDS,Kitwell 132kV,Longbridge 132 11 (GT2),-,LOBR5_BB_X,Unchanged,11,13.74,0.96,14.242,14.776,15.938,16.460,16.999,60,50.03%,-
WMIDS,Kitwell 132kV,Longbridge 132 11 (GT3),-,LOBR5_BB_Z,Unchanged,11,15.25,0.96,15.748,16.282,17.444,17.965,18.505,60,50.03%,-
WMIDS,Kitwell 132kV,Rednal 132 11 (GT2),-,RENA5_BB_BF,Unchanged,11,4.70,0.99,4.900,5.151,5.615,5.908,6.265,30,50.03%,-
WMIDS,Kitwell 132kV,Rednal 132 11 (GT3),-,RENA5_BB_AR,Unchanged,11,20.46,1.00,20.657,20.909,21.372,21.666,22.023,30,50.03%,-
WMIDS,Kitwell 132kV,Selly Oak 132 11 (GT1),-,SELO5_BB_U,Unchanged,11,12.38,1.00,12.882,14.289,15.920,16.429,16.885,60,50.03%,-
WMIDS,Kitwell 132kV,Selly Oak 132 11 (GT2),-,SELO5_BB_X,Unchanged,11,10.67,1.00,11.172,12.578,14.210,14.718,15.174,60,50.03%,-
WMIDS,Kitwell 132kV,Selly Oak 132 11 (GT5),-,SELO5_BB_Y,Unchanged,11,6.49,1.00,6.993,8.400,10.031,10.540,10.996,60,50.03%,-
WMIDS,Kitwell 132kV,Shirley 132 11 (GT2),-,SHIR5_BB_BR,Unchanged,11,19.24,1.00,19.845,20.206,20.508,21.044,21.607,60,50.03%,-
WMIDS,Kitwell 132kV,Shirley 132 11 (GT3),-,SHIR5_BB_D,Unchanged,11,10.88,1.00,11.486,11.846,12.149,12.685,13.248,60,50.03%,-
WMIDS,Kitwell 132kV,University of Birmingham,-,"UOBM1_#110, UOBM1_#210",New,33,9.92,0.96,9.922,9.922,9.922,9.922,9.922,0,50.03%,-
WMIDS,Kitwell 132kV,University of Birmingham SD,-,UOBM1_#110,Removed,132,4.59,0.96,4.589,4.589,4.589,4.589,4.589,0,35.86%,-
WMIDS,Kitwell 132kV,University of Birmingham SD,-,UOBM1_#210,Removed,132,5.09,0.96,5.087,5.087,5.087,5.087,5.087,0,35.86%,-
WMIDS,Lea Marston 132kV,Air Liquide Station Road 132kV,-,AIRL1_103,Updated,132,8.75,0.96,8.752,8.752,8.752,8.752,8.752,0,58.24%,-
WMIDS,Lea Marston 132kV,Boughton Road 132 11 (GT1A),-,BOUR5_BB_U,Unchanged,11,10.59,0.96,10.777,10.968,11.253,11.464,11.748,60,58.24%,-
WMIDS,Lea Marston 132kV,Boughton Road 132 11 (GT1B),-,BOUR5_BB_V,Unchanged,11,10.79,0.96,10.982,11.172,11.457,11.668,11.953,60,58.24%,-
WMIDS,Lea Marston 132kV,Castle Bromwich 132 11 (GT2A),-,CASB5_BB_W,Unchanged,11,6.90,1.00,7.882,8.010,8.354,8.493,8.639,60,58.24%,-
WMIDS,Lea Marston 132kV,Castle Bromwich 132 11 (GT2B),-,CASB5_BB_X,Unchanged,11,3.82,1.00,4.803,4.931,5.274,5.414,5.560,60,58.24%,-
WMIDS,Lea Marston 132kV,Chelmsley Wood 132 11 (GT1),-,CHEW5_BB_X,Unchanged,11,10.65,1.00,11.756,12.177,12.497,12.856,13.614,30,58.24%,-
WMIDS,Lea Marston 132kV,Chelmsley Wood 132 11 (GT2),-,CHEW5_BB_Y,Unchanged,11,10.08,0.99,11.187,11.608,11.928,12.287,13.045,30,58.24%,-
WMIDS,Lea Marston 132kV,Copt Heath 132 11 (GT1A),-,COPH5_BB_C,Unchanged,11,7.50,1.00,8.270,8.338,8.406,8.529,8.655,78,58.24%,-
WMIDS,Lea Marston 132kV,Copt Heath 132 11 (GT1B),-,COPH5_BB_AR,Unchanged,11,7.91,1.00,8.689,8.757,8.825,8.948,9.074,78,58.24%,-
WMIDS,Lea Marston 132kV,Copt Heath 132 11 (GT3A),-,COPH5_BB_D,Unchanged,11,4.92,1.00,5.698,5.766,5.834,5.957,6.083,78,58.24%,-
WMIDS,Lea Marston 132kV,Copt Heath 132 11 (GT3B),-,COPH5_BB_BF,Unchanged,11,5.12,1.00,5.898,5.966,6.034,6.157,6.283,78,58.24%,-
WMIDS,Lea Marston 132kV,Elmdon 132 11 (GT1),-,ELMD5_BB_F,Unchanged,11,12.36,0.92,12.584,12.793,13.023,13.376,13.657,89.5,58.24%,-
WMIDS,Lea Marston 132kV,Elmdon 132 11 (GT2A),-,ELMD5_BB_B,Unchanged,11,8.86,0.98,9.093,9.302,9.532,9.885,10.166,89.5,58.24%,-
WMIDS,Lea Marston 132kV,Elmdon 132 11 (GT2B),-,ELMD5_BB_C,Unchanged,11,2.87,1.00,3.094,3.304,3.533,3.886,4.168,89.5,58.24%,-
WMIDS,Lea Marston 132kV,Elmdon 132 11 (GT3A),-,ELMD5_BB_G,Unchanged,11,7.06,1.00,7.291,7.501,7.730,8.083,8.365,89.5,58.24%,-
WMIDS,Lea Marston 132kV,Elmdon 132 11 (GT3B),-,ELMD5_BB_H,Unchanged,11,6.92,1.00,7.148,7.357,7.587,7.940,8.222,89.5,58.24%,-
WMIDS,Lea Marston 132kV,Hams Hall South 132 11 (GT3A1A),-,HAHS5_BB_W,Unchanged,11,11.33,0.99,11.535,11.846,16.454,17.269,17.685,60,58.24%,-
WMIDS,Lea Marston 132kV,Hams Hall South 132 11 (GT3A1B),-,HAHS5_BB_X,Unchanged,11,11.59,0.99,11.797,12.107,16.715,17.531,17.946,60,58.24%,-
WMIDS,Lea Marston 132kV,Hams Hall South 132 11 (GT5A1A),-,HAHS5_BB_U,Unchanged,11,6.63,0.98,6.836,7.146,11.754,12.570,12.985,60,58.24%,-
WMIDS,Lea Marston 132kV,Hams Hall South 132 11 (GT5A1B),-,HAHS5_BB_V,Unchanged,11,6.52,0.98,6.725,7.035,11.643,12.459,12.875,60,58.24%,-
WMIDS,Lea Marston 132kV,Kitts Green 132 11 (GT1A),-,KITG5_BB_U,Unchanged,11,6.77,0.96,6.966,7.225,7.466,7.677,7.904,120,58.24%,-
WMIDS,Lea Marston 132kV,Kitts Green 132 11 (GT1B),-,KITG5_BB_V,Unchanged,11,7.27,0.97,7.470,7.728,7.970,8.181,8.408,120,58.24%,-
WMIDS,Lea Marston 132kV,Kitts Green 132 11 (GT2A),-,KITG5_BB_W,Unchanged,11,11.42,1.00,11.614,11.873,12.115,12.325,12.553,120,58.24%,-
WMIDS,Lea Marston 132kV,Kitts Green 132 11 (GT2B),-,KITG5_BB_X,Unchanged,11,12.07,1.00,12.263,12.522,12.764,12.974,13.201,120,58.24%,-
WMIDS,Lea Marston 132kV,Kitts Green 132 11 (GT3A),-,KITG5_BB_Y,Unchanged,11,7.10,1.00,7.295,7.554,7.795,8.006,8.233,120,58.24%,-
WMIDS,Lea Marston 132kV,Kitts Green 132 11 (GT3B),-,KITG5_BB_Z,Unchanged,11,7.11,1.00,7.305,7.564,7.805,8.016,8.243,120,58.24%,-
WMIDS,Lea Marston 132kV,Shirley 132 11 (GT1),-,SHIR5_BB_AF,Unchanged,11,9.45,1.00,10.056,10.416,10.719,11.255,11.818,60,58.24%,-
WMIDS,Lea Marston 132kV,Solihull 132 11 (GT1A),-,SOLI5_BB_X,Unchanged,11,4.63,1.00,4.905,5.247,5.569,5.959,6.480,60,58.24%,-
WMIDS,Lea Marston 132kV,Solihull 132 11 (GT1B),-,SOLI5_BB_W,Unchanged,11,9.05,0.99,9.316,9.657,9.980,10.370,10.891,60,58.24%,-
WMIDS,Lea Marston 132kV,Solihull 132 11 (GT2A),-,SOLI5_BB_V,Unchanged,11,11.36,1.00,11.629,11.970,12.292,12.682,13.203,60,58.24%,-
WMIDS,Lea Marston 132kV,Solihull 132 11 (GT2B),-,SOLI5_BB_U,Unchanged,11,7.24,1.00,7.509,7.850,8.173,8.563,9.083,60,58.24%,-
WMIDS,Lea Marston 132kV,Sutton Coldfield 132 11 (GT1A),-,SUTC5_BB_AF,Unchanged,11,14.30,1.00,14.581,14.883,15.256,15.569,15.968,60,58.24%,-
WMIDS,Lea Marston 132kV,Sutton Coldfield 132 11 (GT1B),-,SUTC5_BB_AR,Unchanged,11,8.33,1.00,8.610,8.911,9.285,9.598,9.997,60,58.24%,-
WMIDS,Lea Marston 132kV,Sutton Coldfield 132 11 (GT2A),-,SUTC5_BB_CR,Unchanged,11,7.98,0.99,8.262,8.563,8.936,9.249,9.649,60,58.24%,-
WMIDS,Lea Marston 132kV,Sutton Coldfield 132 11 (GT2B),-,SUTC5_BB_DR,Unchanged,11,6.11,1.00,6.391,6.692,7.065,7.378,7.778,60,58.24%,-
WMIDS,Nechells 132kV,Bordesley 132 11 (GT1A),-,BORD5_BB_CF,Unchanged,11,5.40,0.99,5.959,6.898,7.902,8.621,9.861,60,54.25%,-
WMIDS,Nechells 132kV,Bordesley 132 11 (GT1B),-,BORD5_BB_CR,Unchanged,11,4.62,0.98,5.185,6.125,7.128,7.848,9.087,60,54.25%,-
WMIDS,Nechells 132kV,Bordesley 132 11 (GT2A),-,BORD5_BB_AF,Unchanged,11,3.80,0.98,4.362,5.301,6.305,7.024,8.263,60,54.25%,-
WMIDS,Nechells 132kV,Bordesley 132 11 (GT2B),-,BORD5_BB_DF,Unchanged,11,6.26,0.99,6.822,7.762,8.766,9.485,10.724,60,54.25%,-
WMIDS,Nechells 132kV,Boughton Road 132 11 (GT2A),-,BOUR5_BB_W,Unchanged,11,5.22,0.96,5.405,5.596,5.881,6.092,6.376,60,54.25%,-
WMIDS,Nechells 132kV,Boughton Road 132 11 (GT2B),-,BOUR5_BB_X,Unchanged,11,5.32,0.96,5.509,5.699,5.984,6.195,6.480,60,54.25%,-
WMIDS,Nechells 132kV,Castle Bromwich 132 11 (GT1A),-,CASB5_BB_U,Unchanged,11,8.05,0.97,9.029,9.157,9.501,9.640,9.786,60,54.25%,-
WMIDS,Nechells 132kV,Castle Bromwich 132 11 (GT1B),-,CASB5_BB_V,Unchanged,11,8.20,0.97,9.184,9.312,9.656,9.795,9.941,60,54.25%,-
WMIDS,Nechells 132kV,Cheapside 132 11 (GT1A),-,CHAP5_BB_AR,Unchanged,11,3.60,1.00,3.923,5.114,5.831,6.135,6.694,60,54.25%,-
WMIDS,Nechells 132kV,Cheapside 132 11 (GT1B),-,CHAP5_BB_DF,Unchanged,11,3.63,1.00,3.953,5.144,5.861,6.165,6.724,60,54.25%,-
WMIDS,Nechells 132kV,Cheapside 132 11 (GT2A),-,CHAP5_BB_BR,Unchanged,11,14.30,1.00,14.628,15.819,16.535,16.840,17.399,60,54.25%,-
WMIDS,Nechells 132kV,Cheapside 132 11 (GT2B),-,CHAP5_BB_CF,Unchanged,11,15.23,1.00,15.557,16.748,17.464,17.769,18.328,60,54.25%,-
WMIDS,Nechells 132kV,Chester Street 132 11 (GT1),-,CHES5_BB_U,Unchanged,11,10.40,0.98,10.681,10.973,11.828,12.219,12.715,60,54.25%,-
WMIDS,Nechells 132kV,Chester Street 132 11 (GT2),-,CHES5_BB_W,Unchanged,11,10.02,1.00,10.305,10.597,11.451,11.843,12.338,60,54.25%,-
WMIDS,Nechells 132kV,Chester Street 132 11 (GT3),-,CHES5_BB_Y,Unchanged,11,11.12,0.99,11.402,11.694,12.548,12.940,13.435,60,54.25%,-
WMIDS,Nechells 132kV,Dunlop - Heartlands Power,-,FORD1,New,132,0.67,0.75,0.671,0.671,0.671,0.671,0.671,0,54.25%,-
WMIDS,Nechells 132kV,Erdington 132 11 (GT1A),-,ERDI5_BB_DR,Unchanged,11,5.44,1.00,5.691,6.416,6.896,7.266,7.770,60,54.25%,-
WMIDS,Nechells 132kV,Erdington 132 11 (GT1B),-,ERDI5_BB_AF,Unchanged,11,14.46,1.00,14.715,15.440,15.920,16.290,16.794,60,54.25%,-
WMIDS,Nechells 132kV,Erdington 132 11 (GT3A),-,ERDI5_BB_CF,Unchanged,11,9.18,1.00,9.436,10.161,10.641,11.011,11.515,60,54.25%,-
WMIDS,Nechells 132kV,Erdington 132 11 (GT3B),-,ERDI5_BB_BR,Unchanged,11,4.90,0.96,5.153,5.878,6.358,6.728,7.232,60,54.25%,-
WMIDS,Nechells 132kV,Hockley 132 11 (GT1A),-,HOCK5_BB_U,Unchanged,11,11.34,1.00,12.022,12.748,13.970,14.534,15.515,78,54.25%,-
WMIDS,Nechells 132kV,Hockley 132 11 (GT1B),-,HOCK5_BB_V,Unchanged,11,12.20,1.00,12.880,13.607,14.829,15.393,16.374,78,54.25%,-
WMIDS,Nechells 132kV,Hockley 132 11 (GT2A),-,HOCK5_BB_W,Unchanged,11,11.26,1.00,11.943,12.669,13.891,14.455,15.436,78,54.25%,-
WMIDS,Nechells 132kV,Hockley 132 11 (GT2B),-,HOCK5_BB_X,Unchanged,11,12.19,1.00,12.871,13.597,14.819,15.383,16.364,78,54.25%,-
WMIDS,Nechells 132kV,Nechells West 132 11 (GT1B1),-,NECW5_BB_V,Unchanged,11,6.37,0.95,6.528,6.731,7.265,7.515,7.847,156,54.25%,-
WMIDS,Nechells 132kV,Nechells West 132 11 (GT1B2),-,NECW5_BB_T,Unchanged,11,6.27,0.94,6.429,6.632,7.165,7.416,7.747,156,54.25%,-
WMIDS,Nechells 132kV,Nechells West 132 11 (GT2C1),-,NECW5_BB_X,Unchanged,11,7.76,1.00,7.921,8.124,8.658,8.908,9.240,156,54.25%,-
WMIDS,Nechells 132kV,Nechells West 132 11 (GT2C2),-,NECW5_BB_W,Unchanged,11,7.98,1.00,8.140,8.343,8.877,9.127,9.459,156,54.25%,-
WMIDS,Nechells 132kV,Nechells West 132 11 (GT3C1),-,NECW5_BB_Z,Unchanged,11,7.06,1.00,7.225,7.428,7.961,8.212,8.543,156,54.25%,-
WMIDS,Nechells 132kV,Nechells West 132 11 (GT3C2),-,NECW5_BB_Y,Unchanged,11,7.22,1.00,7.384,7.587,8.121,8.371,8.703,156,54.25%,-
WMIDS,Nechells 132kV,Sparkbrook 132 11 (GT1A1),-,SPAR5_BB_DR,Unchanged,11,17.54,0.99,17.846,18.957,19.609,20.124,20.814,60,54.25%,-
WMIDS,Nechells 132kV,Sparkbrook 132 11 (GT1A2),-,SPAR5_BB_EF,Unchanged,11,9.18,1.00,9.487,10.598,11.250,11.765,12.455,60,54.25%,-
WMIDS,Nechells 132kV,Sparkbrook 132 11 (GT2A5),-,SPAR5_BB_BR,Unchanged,11,13.72,1.00,14.024,15.135,15.787,16.302,16.992,60,54.25%,-
WMIDS,Nechells 132kV,Sparkbrook 132 11 (GT2A6),-,SPAR5_BB_CF,Unchanged,11,6.17,0.98,6.479,7.590,8.242,8.757,9.447,60,54.25%,-
WMIDS,Nechells 132kV,Summer Lane 132 11 (GT1A),-,SUML5_BB_Y,Unchanged,11,11.82,1.00,12.057,12.290,13.168,13.614,14.103,60,54.25%,-
WMIDS,Nechells 132kV,Summer Lane 132 11 (GT3B),-,SUML5_BB_W,Unchanged,11,9.58,1.00,9.813,10.046,10.924,11.370,11.859,60,54.25%,-
WMIDS,Nechells 132kV,Summer Lane 132 11 (GT4A),-,SUML5_BB_U,Unchanged,11,8.50,1.00,8.740,8.973,9.851,10.298,10.786,60,54.25%,-
WMIDS,Nechells 132kV,Washwood Heath 25kV,Washwood Heath BR,"WAHE12B_(BR_, WAHE13B_(BR_",New,132,11.88,0.96,11.879,11.879,11.879,11.879,11.879,0,54.25%,-
WMIDS,Nechells 132kV,Washwood Heath 25kV SD,Washwood Heath BR,NECW1_213B,Removed,25,5.81,0.96,5.809,5.809,5.809,5.809,5.809,0,39.08%,-
WMIDS,Nechells 132kV,Washwood Heath 25kV SD,Washwood Heath BR,NECW1_313B,Removed,25,7.04,0.96,7.040,7.040,7.040,7.040,7.040,0,39.08%,-
WMIDS,Ocker Hill 132kV,Barton Abraisives 33kV,-,BARA3,New,33,6.04,0.96,6.039,6.039,6.039,6.039,6.039,0,54.24%,-
WMIDS,Ocker Hill 132kV,Barton Abraisives 33kV SD,-,BARA3_1L5,Removed,33,3.77,0.96,3.773,3.773,3.773,3.773,3.773,0,39.33%,-
WMIDS,Ocker Hill 132kV,Black Lake 132 11 (GT1A1),-,BLAL5_BB_Q,Unchanged,11,8.78,1.00,9.194,9.514,9.829,10.115,10.442,90,54.24%,-
WMIDS,Ocker Hill 132kV,Black Lake 132 11 (GT1A2),-,BLAL5_BB_S,Unchanged,11,8.19,1.00,8.600,8.921,9.236,9.522,9.849,90,54.24%,-
WMIDS,Ocker Hill 132kV,Black Lake 132 11 (GT1B),-,BLAL5_BB_U,Unchanged,11,7.13,0.99,7.541,7.861,8.176,8.462,8.789,90,54.24%,-
WMIDS,Ocker Hill 132kV,Black Lake 132 11 (GT2A1),-,BLAL5_BB_T,Unchanged,11,11.65,0.99,12.062,12.383,12.698,12.984,13.311,90,54.24%,-
WMIDS,Ocker Hill 132kV,Black Lake 132 11 (GT2A2),-,BLAL5_BB_R,Unchanged,11,8.19,0.98,8.600,8.921,9.236,9.522,9.849,90,54.24%,-
WMIDS,Ocker Hill 132kV,Black Lake 132 11 (GT2B),-,BLAL5_BB_V,Unchanged,11,7.62,0.99,8.036,8.357,8.672,8.958,9.285,90,54.24%,-
WMIDS,Ocker Hill 132kV,Ocker Hill 132 11 (GT1),-,OCKB5_BB_YF,Unchanged,11,12.35,1.00,12.920,13.342,13.819,14.284,14.888,60,54.24%,-
WMIDS,Ocker Hill 132kV,Ocker Hill 132 11 (GT3B),-,OCKB5_BB_ZF,Unchanged,11,16.61,0.97,17.177,17.599,18.075,18.541,19.144,60,54.24%,-
WMIDS,Ocker Hill 132kV,Ocker Hill 132 11 (GT4),-,OCKB5_BB_WR,Unchanged,11,14.74,0.96,15.306,15.728,16.205,16.670,17.274,60,54.24%,-
WMIDS,Ocker Hill 132kV,Ocker Hill B 33kV,Sandwell Power,SAND3_#2L5,Updated,33,0.34,0.96,0.337,0.337,0.337,0.337,0.337,0,54.24%,-
WMIDS,Ocker Hill 132kV,Ocker Hill B 33kV,Wednesbury Power,WEDP3_#2L5,Updated,33,0.26,0.96,0.259,0.259,0.259,0.259,0.259,0,54.24%,-
WMIDS,Oldbury 132kV,Birchfield Lane 132 11 (GT1),-,BIRL5_BB_YF,Unchanged,11,16.22,1.00,16.707,17.586,18.106,18.713,19.336,60,43.50%,-
WMIDS,Oldbury 132kV,Birchfield Lane 132 11 (GT2),-,BIRL5_BB_WF,Unchanged,11,8.75,1.00,9.233,10.112,10.632,11.239,11.863,60,43.50%,-
WMIDS,Oldbury 132kV,Birchfield Lane 132 11 (GT3),-,BIRL5_BB_XF,Unchanged,11,15.68,1.00,16.170,17.048,17.569,18.175,18.799,60,43.50%,-
WMIDS,Oldbury 132kV,Oldbury 132 11 (GT1),-,OLDB5_BB_B,Unchanged,11,14.49,0.96,14.747,15.042,15.298,15.609,15.984,38,43.50%,-
WMIDS,Oldbury 132kV,Oldbury 33 11 (T5),-,OLDB5_BB_A,Unchanged,11,0.00,0.96,0.254,0.548,0.804,1.116,1.490,38,43.50%,-
WMIDS,Oldbury 132kV,Oldbury B 33kV,Union Road Generation 33kV,UNIR3_MAIN1,Unchanged,33,2.89,0.96,2.891,2.891,2.891,2.891,2.891,0,43.50%,-
WMIDS,Oldbury 132kV,Tividale 132 11 (GT1A),-,TIVI5_BB_WR,Unchanged,11,0.09,0.96,0.316,0.511,0.714,0.843,1.044,60,43.50%,-
WMIDS,Oldbury 132kV,Tividale 132 11 (GT1B),-,TIVI5_BB_XF,Unchanged,11,0.09,0.96,0.316,0.511,0.714,0.843,1.044,60,43.50%,-
WMIDS,Oldbury 132kV,Tividale 132 11 (GT2A),-,TIVI5_BB_XR,Unchanged,11,13.86,0.98,14.079,14.274,14.477,14.606,14.807,60,43.50%,-
WMIDS,Oldbury 132kV,Tividale 132 11 (GT2B),-,TIVI5_BB_WF,Unchanged,11,14.09,0.98,14.309,14.504,14.707,14.836,15.037,60,43.50%,-
WMIDS,Penn 132kV,Coseley 132 11 (GT1A),-,COSE5_BB_YR,Unchanged,11,8.37,1.00,8.895,9.356,9.670,10.018,10.590,90,47.95%,-
WMIDS,Penn 132kV,Coseley 132 11 (GT1B),-,COSE5_BB_ZR,Unchanged,11,9.73,1.00,10.255,10.716,11.030,11.378,11.950,90,47.95%,-
WMIDS,Penn 132kV,Coseley 132 11 (GT2),-,COSE5_BB_XF,Unchanged,11,9.99,1.00,10.517,10.978,11.292,11.640,12.212,90,47.95%,-
WMIDS,Penn 132kV,Coseley 132 11 (GT3),-,COSE5_BB_XR,Unchanged,11,13.81,1.00,14.337,14.798,15.112,15.460,16.032,90,47.95%,-
WMIDS,Penn 132kV,Dudley 132 11 (GT1),-,DUDL5_BB_D,Unchanged,11,18.99,1.00,19.676,20.296,20.954,21.872,22.894,60,47.95%,-
WMIDS,Penn 132kV,Dudley 132 11 (GT2),-,DUDL5_BB_B,Unchanged,11,11.35,1.00,12.037,12.657,13.315,14.234,15.255,60,47.95%,-
WMIDS,Penn 132kV,Dudley 132 11 (GT3A),-,DUDL5_BB_F,Unchanged,11,16.55,1.00,17.242,17.862,18.520,19.439,20.460,60,47.95%,-
WMIDS,Penn 132kV,Hinksford 132 11 (GT1B),-,HINK5_BB_Y,Unchanged,11,8.32,0.99,8.657,9.045,9.476,9.985,10.663,45,47.95%,-
WMIDS,Penn 132kV,Hinksford 132 11 (GT2B),-,HINK5_BB_W,Unchanged,11,15.21,1.00,15.547,15.934,16.365,16.874,17.552,45,47.95%,-
WMIDS,Penn 132kV,Hinksford 132 33,-,HINK3_MAIN1,Unchanged,33,18.35,1.00,18.951,19.578,20.290,21.239,22.380,60,47.95%,-
WMIDS,Penn 132kV,Hinksford 132 33,Hinksford 33 11,HINK5_BB_X2,Unchanged,11,9.06,1.00,9.393,9.780,10.211,10.721,11.398,45,47.95%,-
WMIDS,Penn 132kV,Hinksford 132 33,Hinksford Farm Generation,HINF3_#2L5,New,33,0.19,0.96,0.192,0.192,0.192,0.192,0.192,0,47.95%,-
WMIDS,Penn 132kV,Hinksford 132 33,Kinver 33 11 (T2),KINV5_BB_Y,Unchanged,11,1.88,0.94,1.931,1.931,1.947,2.071,2.117,13,47.95%,-
WMIDS,Penn 132kV,Lye 132 11 (GT1),-,LYE_5_BB_XR,Unchanged,11,17.62,0.99,18.109,18.814,19.439,20.094,20.871,50,47.95%,-
WMIDS,Penn 132kV,Lye 132 11 (GT2A),-,LYE_5_BB_WR,Unchanged,11,15.06,0.96,15.549,16.254,16.879,17.534,18.312,50,47.95%,-
WMIDS,Penn 132kV,Lye 132 11 (GT3),-,LYE_5_BB_YR,Unchanged,11,16.07,1.00,16.565,17.270,17.895,18.550,19.328,50,47.95%,-
WMIDS,Penn 132kV,Wolverhampton West 132 33,Albrighton 33 11 (T2A),ALBR5_BB_Y,Unchanged,11,8.95,1.00,9.235,9.717,10.086,10.960,11.521,22,47.95%,-
WMIDS,Penn 132kV,Wolverhampton West 132 33,Pattingham 33 11,PATT5_BB_B,Unchanged,11,2.52,0.99,2.539,2.569,2.615,2.670,2.806,3,47.95%,-
WMIDS,Penn 132kV,Wolverhampton West 132 33,Wolverhampton West 33 11 (T3),WOLW5_BB_XR,Unchanged,11,6.65,1.00,6.919,7.326,7.658,8.146,8.686,57,47.95%,-
WMIDS,Penn 132kV,Wolverhampton West 132 33,Wolverhampton West 33 11 (T4),WOLW5_BB_WR,Unchanged,11,6.67,1.00,6.939,7.345,7.678,8.166,8.706,57,47.95%,-
WMIDS,Penn 132kV,Wolverhampton West 132 33,Wolverhampton West 33 11 (T5),WOLW5_BB_WF,Unchanged,11,13.82,0.96,14.083,14.489,14.822,15.310,15.850,57,47.95%,-
WMIDS,Penn 132kV,Wolverhampton West 132 33,Wolverhampton West 33 11 (T6),WOLW5_BB_XF,Unchanged,11,13.10,0.96,13.370,13.776,14.109,14.597,15.137,57,47.95%,-
WMIDS,Penn 132kV,Wolverhampton West 132 33 (GT1),-,WOLW3_MAIN1,Unchanged,33,25.65,0.99,26.365,27.472,28.374,29.803,31.167,90,47.95%,-
WMIDS,Penn 132kV,Wolverhampton West 132 33 (GT2),-,WOLW3_MAIN2,Unchanged,33,25.65,0.99,26.365,27.472,28.374,29.803,31.167,90,47.95%,-
WMIDS,Penn 132kV,Woodside 132 11 (GT1A),-,WOSI5_BB_XF,Unchanged,11,8.16,0.96,8.325,8.562,8.745,9.084,9.453,60,47.95%,-
WMIDS,Penn 132kV,Woodside 132 11 (GT1B),-,WOSI5_BB_XR,Unchanged,11,10.26,0.99,10.431,10.669,10.851,11.191,11.560,60,47.95%,-
WMIDS,Penn 132kV,Woodside 132 11 (GT2A),-,WOSI5_BB_YF,Unchanged,11,10.42,0.96,10.587,10.824,11.007,11.346,11.715,60,47.95%,-
WMIDS,Penn 132kV,Woodside 132 11 (GT2B),-,WOSI5_BB_YR,Unchanged,11,12.22,0.99,12.392,12.630,12.812,13.151,13.520,60,47.95%,-
WMIDS,Port Ham 132kV,Castle Meads 132 33,Bristol Road,BRIR3_#1H0,New,33,0.29,0.96,0.293,0.293,0.293,0.293,0.293,0,49.77%,-
WMIDS,Port Ham 132kV,Castle Meads 132 33,Brockworth 33 11 (T1),BROC5_BB_C,Unchanged,11,3.78,1.00,3.885,4.103,4.278,4.421,5.010,41.75,49.77%,-
WMIDS,Port Ham 132kV,Castle Meads 132 33,Brockworth 33 11 (T2),BROC5_BB_B,Unchanged,11,4.17,1.00,4.278,4.495,4.670,4.813,5.403,41.75,49.77%,-
WMIDS,Port Ham 132kV,Castle Meads 132 33,Brockworth 33 11 (T3),BROC5_BB_A,Unchanged,11,9.66,0.99,9.765,9.983,10.157,10.300,10.890,41.75,49.77%,-
WMIDS,Port Ham 132kV,Castle Meads 132 33,Commercial Road 33 11 (TA),COMR5_BB_D,Unchanged,11,10.85,1.00,11.143,11.538,11.908,12.291,12.966,60,49.77%,-
WMIDS,Port Ham 132kV,Castle Meads 132 33,Commercial Road 33 11 (TB),COMR5_BB_B,Unchanged,11,9.73,1.00,10.029,10.423,10.794,11.176,11.851,60,49.77%,-
WMIDS,Port Ham 132kV,Castle Meads 132 33,Rotol 33 11 (T1),ROTO5_BB_1,Unchanged,11,8.46,0.98,9.405,10.889,11.641,12.145,13.546,38,49.77%,-
WMIDS,Port Ham 132kV,Castle Meads 132 33,Rotol 33 11 (T2),ROTO5_BB_2,Unchanged,11,8.70,1.00,9.643,11.127,11.878,12.383,13.783,38,49.77%,-
WMIDS,Port Ham 132kV,Castle Meads 132 33,Sudmeadow Road STOR Generation,SUDR3_#2L5,New,33,0.00,0.00,0.000,0.000,0.000,0.000,0.000,0,49.77%,-
WMIDS,Port Ham 132kV,Castle Meads 132 33,Tuffley 33 11 (T1A),TUFF5_BB_T,Unchanged,11,8.83,1.00,10.503,10.820,11.123,11.591,12.283,35,49.77%,-
WMIDS,Port Ham 132kV,Castle Meads 132 33,Tuffley 33 11 (T1B),TUFF5_BB_V,Unchanged,11,2.63,0.96,4.297,4.614,4.917,5.385,6.078,35,49.77%,-
WMIDS,Port Ham 132kV,Castle Meads 132 33,Tuffley 33 11 (T2A),TUFF5_BB_U,Unchanged,11,6.52,1.00,8.191,8.508,8.811,9.279,9.972,35,49.77%,-
WMIDS,Port Ham 132kV,Castle Meads 132 33,Tuffley 33 11 (T2B),TUFF5_BB_W,Unchanged,11,9.95,0.96,11.622,11.940,12.243,12.711,13.403,35,49.77%,-
WMIDS,Port Ham 132kV,Castle Meads 132 33 (GT3),-,CASM3_MAIN3,Unchanged,33,26.58,1.00,29.816,31.812,33.237,34.695,37.759,120,49.77%,-
WMIDS,Port Ham 132kV,Castle Meads 132 33 (GT4),-,CASM3_MAIN2,Unchanged,33,26.58,1.00,29.816,31.812,33.237,34.695,37.759,120,49.77%,-
WMIDS,Port Ham 132kV,Castle Meads 132 33 (GT5),-,CASM3_MAIN1,Unchanged,33,26.58,1.00,29.816,31.812,33.237,34.695,37.759,120,49.77%,-
WMIDS,Port Ham 132kV,Cheltenham 132 11 (GT1B),-,CHEL5_BB_X,Unchanged,11,11.24,0.96,11.500,12.035,12.519,13.128,14.328,60,49.77%,-
WMIDS,Port Ham 132kV,Cheltenham 132 11 (GT3),-,CHEL5_BB_T,Unchanged,11,9.56,0.96,9.816,10.351,10.834,11.444,12.644,60,49.77%,-
WMIDS,Port Ham 132kV,Cheltenham 132 11 (GT4),-,CHEL5_BB_V,Unchanged,11,13.93,0.96,14.188,14.723,15.206,15.816,17.016,60,49.77%,-
WMIDS,Port Ham 132kV,Cheltenham 132 66,-,CHEL6_MAIN1,Unchanged,66,19.21,0.99,20.279,21.099,22.189,23.491,26.462,50,49.77%,-
WMIDS,Port Ham 132kV,Cheltenham 132 66,Alderton 66 11 (T1),ALDE5_BB_X,Unchanged,11,6.36,0.96,6.397,6.441,6.503,6.585,7.264,13,49.77%,-
WMIDS,Port Ham 132kV,Cheltenham 132 66,Alderton 66 11 (T2),ALDE5_BB_Y,Unchanged,11,2.01,0.96,2.052,2.096,2.158,2.240,2.919,13,49.77%,-
WMIDS,Port Ham 132kV,Cheltenham 132 66,Bishops Cleeve 11kV (T2),BISV5_BB_X,Unchanged,11,5.03,1.00,5.526,5.892,6.376,6.944,7.936,19.5,49.77%,-
WMIDS,Port Ham 132kV,Cheltenham 132 66,Bishops Cleeve 66 11 (T1),BISV5_BB_Y,Unchanged,11,5.51,1.00,6.008,6.373,6.857,7.426,8.418,19.5,49.77%,-
WMIDS,Port Ham 132kV,Commercial Road 132 11 (GT1A),-,COMR5_BB_E,Unchanged,11,5.57,1.00,5.870,6.264,6.635,7.017,7.693,60,49.77%,-
WMIDS,Port Ham 132kV,Commercial Road 132 11 (GT1B),-,COMR5_BB_A,Unchanged,11,7.15,1.00,7.443,7.837,8.208,8.591,9.266,60,49.77%,-
WMIDS,Port Ham 132kV,Eastern Avenue 132 11 (GT1A),-,EASA5_BB_Q,New,11,6.32,1.00,6.491,6.603,6.717,6.843,7.241,60,49.77%,-
WMIDS,Port Ham 132kV,Eastern Avenue 132 11 (GT1B),-,EASA5_BB_R,New,11,6.29,0.99,6.463,6.576,6.690,6.815,7.213,60,49.77%,-
WMIDS,Port Ham 132kV,Eastern Avenue 132 11 (GT1B),-,EASA5_BB_V,Removed,11,7.24,1.00,7.211,7.222,7.319,7.528,7.813,60,38.66%,-
WMIDS,Port Ham 132kV,Eastern Avenue 132 11 (GT2A),-,EASA5_BB_Z,Unchanged,11,7.34,0.99,7.510,7.622,7.736,7.862,8.260,60,49.77%,-
WMIDS,Port Ham 132kV,Eastern Avenue 132 11 (GT2B),-,EASA5_BB_W,Removed,11,8.13,1.00,8.092,8.104,8.207,8.429,8.733,60,38.66%,-
WMIDS,Port Ham 132kV,Eastern Avenue 132 11 (GT2B),-,EASA5_BB_X,Updated,11,7.39,0.99,7.567,7.679,7.793,7.919,8.316,60,49.77%,-
WMIDS,Port Ham 132kV,Eastern Avenue 132 11 (GT3),-,EASA5_BB_S,Unchanged,11,3.22,0.80,3.395,3.508,3.622,3.747,4.145,60,49.77%,-
WMIDS,Port Ham 132kV,Eastern Avenue 132 11 (GT4),-,EASA5_BB_U,Unchanged,11,3.87,0.58,4.040,4.152,4.266,4.392,4.789,60,49.77%,-
WMIDS,Port Ham 132kV,Hereford (Walham) 132 66,Hereford Central 66 11 (T1),HERC5_BB_2,Unchanged,11,11.19,1.00,11.421,11.750,11.967,12.267,12.571,38,49.77%,-
WMIDS,Port Ham 132kV,Hereford (Walham) 132 66,Hereford Central 66 11 (T2),HERC5_BB_1,Unchanged,11,11.33,1.00,11.558,11.887,12.104,12.404,12.708,38,49.77%,-
WMIDS,Port Ham 132kV,Hereford (Walham) 132 66,Hereford North 66 11 (T1),HERN5_BB_V,Unchanged,11,10.11,0.97,10.460,11.047,11.276,12.266,12.679,72,49.77%,-
WMIDS,Port Ham 132kV,Hereford (Walham) 132 66,Hereford North 66 11 (T2),HERN5_BB_U,Unchanged,11,10.10,0.98,10.451,11.037,11.266,12.256,12.669,72,49.77%,-
WMIDS,Port Ham 132kV,Hereford (Walham) 132 66,Hereford North 66 11 (T3),HERN5_BB_T,Unchanged,11,13.23,1.00,13.578,14.165,14.393,15.384,15.796,72,49.77%,-
WMIDS,Port Ham 132kV,Hereford (Walham) 132 66,Hereford South 66 11 (T1),HERS5_BB_B,Unchanged,11,10.92,1.00,11.227,11.632,12.009,12.681,13.412,36,49.77%,-
WMIDS,Port Ham 132kV,Hereford (Walham) 132 66,Hereford South 66 11 (T2),HERS5_BB_A,Unchanged,11,8.53,1.00,8.839,9.244,9.621,10.293,11.024,36,49.77%,-
WMIDS,Port Ham 132kV,Hereford (Walham) 132 66 (GT4),-,HERE6_B13B15,Unchanged,66,24.18,1.00,24.846,25.879,26.659,28.360,30.346,137,49.77%,-
WMIDS,Port Ham 132kV,Hereford (Walham) 132 66 (GT5),-,HERE6_B20B22,Unchanged,66,24.18,1.00,24.846,25.879,26.659,28.360,30.346,137,49.77%,-
WMIDS,Port Ham 132kV,Hereford (Walham) 132 66 (GT6),-,HERE6_B17B19,Unchanged,66,24.18,1.00,24.846,25.879,26.659,28.360,30.346,137,49.77%,-
WMIDS,Port Ham 132kV,Lydney 132 33,Bilson 33 11 (TA),BILS5_BB_X,Unchanged,11,3.81,1.00,3.871,3.956,4.073,4.329,5.323,19.5,49.77%,-
WMIDS,Port Ham 132kV,Lydney 132 33,Bilson 33 11 (TB),BILS5_BB_Y,Unchanged,11,3.79,1.00,3.850,3.935,4.052,4.308,5.302,19.5,49.77%,-
WMIDS,Port Ham 132kV,Lydney 132 33,Bilson 33 11 (TC),BILS5_BB_Z,Unchanged,11,4.41,1.00,4.474,4.559,4.676,4.932,5.926,19.5,49.77%,-
WMIDS,Port Ham 132kV,Lydney 132 33,Bixhead 33 11 (T1),BIXH5_BB_X,Unchanged,11,6.54,0.98,6.614,6.683,6.788,6.907,7.180,23,49.77%,-
WMIDS,Port Ham 132kV,Lydney 132 33,Bixhead 33 11 (T2),BIXH5_BB_Y,Unchanged,11,6.50,0.98,6.572,6.642,6.747,6.865,7.139,23,49.77%,-
WMIDS,Port Ham 132kV,Lydney 132 33,Elton 33 11 (T1),ELTO5_BB_X,Unchanged,11,2.24,1.00,2.260,2.296,2.352,2.416,2.595,9.8,49.77%,-
WMIDS,Port Ham 132kV,Lydney 132 33,Elton 33 11 (T2),ELTO5_BB_Y,Unchanged,11,3.28,1.00,3.303,3.338,3.395,3.458,3.638,9.8,49.77%,-
WMIDS,Port Ham 132kV,Lydney 132 33,Hall Farm PV Awre,HAFA3_#2L5,New,33,0.01,0.96,0.010,0.010,0.010,0.010,0.010,0,49.77%,-
WMIDS,Port Ham 132kV,Lydney 132 33,Lydney 33 11 (T1),LYDN5_BB_R,Unchanged,11,3.15,1.00,3.265,3.382,3.534,3.721,5.057,12,49.77%,-
WMIDS,Port Ham 132kV,Lydney 132 33,Lydney 33 11 (T2),LYDN5_BB_S,Unchanged,11,2.27,1.00,2.384,2.502,2.653,2.840,4.177,12,49.77%,-
WMIDS,Port Ham 132kV,Lydney 132 33,Mead Lane 33 11 (T1),MEAL5_BB_X,Unchanged,11,2.72,1.00,2.675,2.633,2.596,2.580,2.833,30,49.77%,-
WMIDS,Port Ham 132kV,Lydney 132 33,Mead Lane 33 11 (T2),MEAL5_BB_Y,Unchanged,11,2.82,0.85,2.774,2.732,2.695,2.679,2.932,30,49.77%,-
WMIDS,Port Ham 132kV,Lydney 132 33,Mead Lane 33 11 (T3),MEAL5_BB_W,Unchanged,11,7.47,0.87,7.424,7.382,7.345,7.329,7.582,30,49.77%,-
WMIDS,Port Ham 132kV,Lydney 132 33,Mitcheldean 33 11 (T1),MITC5_BB_X,Unchanged,11,2.26,1.00,2.292,2.330,2.385,2.446,2.755,14,49.77%,-
WMIDS,Port Ham 132kV,Lydney 132 33,Mitcheldean 33 11 (T2),MITC5_BB_Y,Unchanged,11,2.25,1.00,2.282,2.320,2.375,2.437,2.745,14,49.77%,-
WMIDS,Port Ham 132kV,Lydney 132 33,Princess Royal 33 11 (T1),PRIR5_BB_W,Unchanged,11,3.71,0.98,3.765,3.831,3.927,4.032,4.480,13,49.77%,-
WMIDS,Port Ham 132kV,Lydney 132 33,Princess Royal 33 11 (T2),PRIR5_BB_V,Unchanged,11,3.87,0.97,3.922,3.988,4.084,4.189,4.637,13,49.77%,-
WMIDS,Port Ham 132kV,Lydney 132 33,Stowfield 33 11,STOF5_BB_Y,Unchanged,11,2.00,1.00,2.051,2.130,2.227,2.340,2.766,6,49.77%,-
WMIDS,Port Ham 132kV,Lydney 132 33,Wyelands,"WYEL3_#1H0, WYEL3_#2H0",New,33,1.94,0.96,1.937,1.937,1.937,1.937,1.937,0,49.77%,-
WMIDS,Port Ham 132kV,Lydney 132 33,Yorkley Solar Farm,YORK3_#2L5,New,33,0.02,0.96,0.015,0.015,0.015,0.015,0.015,0,49.77%,-
WMIDS,Port Ham 132kV,Lydney 132 33 (GT1),-,LYDN3_MAIN1,Unchanged,33,29.34,0.99,29.678,37.586,38.194,39.085,43.771,90,49.77%,-
WMIDS,Port Ham 132kV,Lydney 132 33 (GT2),-,LYDN3_MAIN2,Unchanged,33,29.34,0.99,29.678,37.586,38.194,39.085,43.771,90,49.77%,-
WMIDS,Port Ham 132kV,Lydney 33kV SD,Wyelands,WYEL3_#1H0,Removed,33,1.46,0.96,1.458,1.458,1.458,1.458,1.458,0,38.66%,-
WMIDS,Port Ham 132kV,Lydney 33kV SD,Wyelands,WYEL3_#2H0,Removed,33,1.46,0.96,1.458,1.458,1.458,1.458,1.458,0,38.66%,-
WMIDS,Port Ham 132kV,Marle Hill 132 11 (GT1A),-,MARH5_BB_X,Unchanged,11,12.78,1.00,12.872,12.977,13.126,13.304,13.636,47,49.77%,-
WMIDS,Port Ham 132kV,Marle Hill 132 11 (GT1B),-,MARH5_BB_1,Unchanged,11,12.84,1.00,12.930,13.035,13.184,13.362,13.695,47,49.77%,-
WMIDS,Port ham 132kV,Marle Hill 66 11 (TC OS),-,MARH5_BB_Y,Unchanged,11,0.01,0.96,0.108,0.213,0.362,0.540,0.873,47,49.77%,-
WMIDS,Port ham 132kV,Marle Hill 66 11 (TD OS),-,MARH5_BB_Z,Unchanged,11,0.01,0.96,0.103,0.208,0.357,0.535,0.868,47,49.77%,-
WMIDS,Port Ham 132kV,Montpellier 132 11 (GT1A),-,MONT5_BB_XR,Unchanged,11,10.00,1.00,10.619,10.819,11.060,11.349,11.768,78,49.77%,-
WMIDS,Port Ham 132kV,Montpellier 132 11 (GT1B),-,MONT5_BB_YF,Unchanged,11,10.58,0.99,11.197,11.396,11.638,11.927,12.346,78,49.77%,-
WMIDS,Port Ham 132kV,Montpellier 132 11 (GT2A),-,MONT5_BB_XF,Unchanged,11,10.01,1.00,10.634,10.833,11.075,11.364,11.783,78,49.77%,-
WMIDS,Port Ham 132kV,Montpellier 132 11 (GT2B),-,MONT5_BB_YR,Unchanged,11,5.17,0.99,5.794,5.993,6.235,6.524,6.943,78,49.77%,-
WMIDS,Port Ham 132kV,Tewkesbury 132 11 (GT1),-,TEWG5_BB_XR,Removed,11,8.95,0.99,9.828,11.413,13.535,16.163,19.166,58,38.66%,-
WMIDS,Port Ham 132kV,Tewkesbury 132 11 (GT1),-,TEWK5_BB_XR,New,11,10.86,0.99,11.189,11.920,12.434,12.874,13.530,50,49.77%,-
WMIDS,Port Ham 132kV,Tewkesbury 132 11 (GT2),-,TEWG5_BB_WF,Removed,11,9.15,1.00,10.183,12.040,14.524,17.601,21.117,58,38.66%,-
WMIDS,Port Ham 132kV,Tewkesbury 132 11 (GT2),-,TEWK5_BB_WF,New,11,6.60,0.99,6.926,7.658,8.172,8.611,9.267,50,49.77%,-
WMIDS,Port Ham 132kV,Tewkesbury 132 11 (GT3),-,TEWG5_BB_XF,Unchanged,11,7.46,1.00,7.788,8.519,9.033,9.473,10.129,50,49.77%,-
WMIDS,Port Ham 132kV,Troughton Farm,-,TROU1_110,New,132,0.01,0.96,0.007,0.007,0.007,0.007,0.007,0,49.77%,-
WMIDS,Rugeley 132kV,Burntwood 132 11 (GT1A),-,BURN5_BB_V,Unchanged,11,17.24,0.99,17.442,17.776,18.012,18.260,18.896,156,47.32%,-
WMIDS,Rugeley 132kV,Burntwood 132 11 (GT1B),-,BURN5_BB_U,Unchanged,11,12.72,1.00,12.923,13.257,13.493,13.741,14.377,156,47.32%,-
WMIDS,Rugeley 132kV,Burntwood 132 11 (GT2A),-,BURN5_BB_X,Unchanged,11,6.94,0.98,7.147,7.481,7.717,7.965,8.601,156,47.32%,-
WMIDS,Rugeley 132kV,Burntwood 132 11 (GT2B),-,BURN5_BB_W,Unchanged,11,5.12,0.98,5.322,5.655,5.891,6.139,6.776,156,47.32%,-
WMIDS,Rugeley 132kV,Cannock 132 11 (GT1A),-,CANN5_BB_Z,Unchanged,11,8.12,1.00,8.462,8.958,9.322,9.847,10.638,100,47.32%,-
WMIDS,Rugeley 132kV,Cannock 132 11 (GT1B),-,CANN5_BB_W,Unchanged,11,7.96,1.00,8.297,8.792,9.157,9.682,10.473,100,47.32%,-
WMIDS,Rugeley 132kV,Cannock 132 11 (GT2A),-,CANN5_BB_Y,Unchanged,11,12.87,0.99,13.213,13.708,14.073,14.598,15.389,100,47.32%,-
WMIDS,Rugeley 132kV,Cannock 132 11 (GT2B),-,CANN5_BB_X,Unchanged,11,12.74,0.99,13.077,13.572,13.937,14.462,15.253,100,47.32%,-
WMIDS,Rugeley 132kV,Cannock 132 11 (GT3A),-,CANN5_BB_V,Unchanged,11,7.30,0.96,7.636,8.131,8.495,9.020,9.812,100,47.32%,-
WMIDS,Rugeley 132kV,Cannock 132 11 (GT3B),-,CANN5_BB_U,Unchanged,11,7.36,0.96,7.696,8.191,8.555,9.080,9.872,100,47.32%,-
WMIDS,Rugeley 132kV,Lichfield 132 11 (GT1A),-,LICH5_BB_V,Unchanged,11,16.03,1.00,16.390,18.029,19.028,20.172,21.232,60,47.32%,-
WMIDS,Rugeley 132kV,Lichfield 132 11 (GT1B),-,LICH5_BB_X,Unchanged,11,11.00,0.99,11.357,12.996,13.995,15.138,16.199,60,47.32%,-
WMIDS,Rugeley 132kV,Lichfield 132 11 (GT2A),-,LICH5_BB_W,Unchanged,11,13.51,1.00,13.871,15.510,16.509,17.653,18.713,60,47.32%,-
WMIDS,Rugeley 132kV,Lichfield 132 11 (GT2B),-,LICH5_BB_U,Unchanged,11,9.42,0.99,9.779,11.418,12.417,13.561,14.621,60,47.32%,-
WMIDS,Rugeley 132kV,Rugeley Town 132 11 (GT1),-,RUGT5_BB_U,Unchanged,11,9.26,0.99,9.515,10.345,11.040,11.671,12.389,30,47.32%,-
WMIDS,Rugeley 132kV,Rugeley Town 132 11 (GT2),-,RUGT5_BB_V,Unchanged,11,15.44,1.00,15.700,16.530,17.225,17.856,18.574,30,47.32%,-
WMIDS,Rugeley 132kV,Stafford 132 11 (GT2B3),-,STAF5_BB_Y,Unchanged,11,11.07,1.00,11.449,12.090,12.544,13.320,14.015,60,47.32%,-
WMIDS,Rugeley 132kV,Stafford 132 11 (GT2B4),-,STAF5_BB_B,Unchanged,11,6.75,1.00,7.122,7.762,8.217,8.993,9.688,60,47.32%,-
WMIDS,Rugeley 132kV,Stafford South 132 11 (GT3A),-,STAS5_BB_V,Unchanged,11,8.47,1.00,8.768,9.111,9.422,9.798,10.150,60,47.32%,-
WMIDS,Rugeley 132kV,Stafford South 132 11 (GT3B),-,STAS5_BB_U,Unchanged,11,8.31,1.00,8.609,8.951,9.263,9.638,9.990,60,47.32%,-
WMIDS,Willenhall 132kV,Bentley 132 11 (GT1A),-,BENT5_BB_YF,Unchanged,11,14.00,1.00,14.197,14.587,14.915,15.257,16.274,78,51.26%,-
WMIDS,Willenhall 132kV,Bentley 132 11 (GT1B),-,BENT5_BB_ZR,Unchanged,11,14.76,0.99,14.965,15.356,15.684,16.026,17.043,78,51.26%,-
WMIDS,Willenhall 132kV,Burntwood 132 11 (GT3A),-,BURN5_BB_Z,Unchanged,11,7.82,0.98,8.025,8.359,8.595,8.843,9.479,156,51.26%,-
WMIDS,Willenhall 132kV,Burntwood 132 11 (GT3B),-,BURN5_BB_Y,Unchanged,11,6.19,1.00,6.389,6.723,6.959,7.207,7.843,156,51.26%,-
WMIDS,Willenhall 132kV,Willenhall 132 11 (GT1),-,WIEN5_BB_WF,Unchanged,11,16.82,0.99,17.267,17.485,17.762,18.072,18.874,60,51.26%,-
WMIDS,Willenhall 132kV,Willenhall 132 11 (GT2B),-,WIEN5_BB_XR,Unchanged,11,12.38,0.99,12.831,13.049,13.325,13.635,14.438,60,51.26%,-
WMIDS,Willenhall 132kV,Willenhall 132 11 (GT4B),-,WIEN5_BB_WR,Unchanged,11,6.30,0.97,6.747,6.965,7.242,7.552,8.354,60,51.26%,-
WMIDS,Willenhall 132kV,Willenhall 25kV,Willenhall BR,WIEN8_5L3,Updated,25,8.74,0.96,8.741,8.741,8.741,8.741,8.741,0,51.26%,-
WMIDS,Willenhall 132kV,Wolverhampton 132 11 (GT1A),-,WOLV5_BB_X,Unchanged,11,9.92,1.00,10.047,10.224,11.582,11.872,12.131,78,51.26%,-
WMIDS,Willenhall 132kV,Wolverhampton 132 11 (GT1B),-,WOLV5_BB_Y,Unchanged,11,9.82,0.99,9.949,10.126,11.484,11.774,12.033,78,51.26%,-
WMIDS,Willenhall 132kV,Wolverhampton 132 11 (GT2A),-,WOLV5_BB_V,Unchanged,11,9.16,1.00,9.293,9.470,10.829,11.118,11.377,78,51.26%,-
WMIDS,Willenhall 132kV,Wolverhampton 132 11 (GT2B),-,WOLV5_BB_W,Unchanged,11,9.68,0.99,9.812,9.989,11.347,11.637,11.896,78,51.26%,-
WMIDS,Willenhall 132kV,Wolverhampton 132 33,-,WOLV3_MAIN4,Unchanged,33,6.89,0.99,6.972,7.082,7.924,8.103,8.264,23,51.26%,-
WMIDS,Willenhall 132kV,Wolverhampton 132 33,Wolverhampton 33 11 (T5),WOLV5_BB_Z,Unchanged,11,6.22,0.98,6.347,6.524,7.882,8.172,8.431,78,51.26%,-
WMIDS,Willenhall 132kV,Wolverhampton 132 33,Wolverhampton Power,WOLP3_#2L5,New,33,0.25,0.96,0.246,0.246,0.246,0.246,0.246,0,51.26%,-
WMIDS,Willenhall 132kV,Wolverhampton 132 33,Wolverhampton Waste Services,WOWS3GEN,New,33,1.26,0.96,1.263,1.263,1.263,1.263,1.263,0,51.26%,-
