psp_name;grid_easting;grid_northing;typetable;pvoltage;firm_cap;mindemand;maxdemand;rpf;gentot;demtot;genhr;demhr;fl_break_d;fl_break_r;fl_make_d;fl_make_r;fl;worst_tap;gen_voltage_constraint;upgenconst;dem_voltage_constraint;gsp_hm_constraint_manual;odp_primary_name;updemconst;upstreamname;gsp_name;genconstraint;demconstraint;worst_case_constraint_gen_colour;worst_case_constraint_dem_colour;substation_location;fault_level_
Armouries Drive;431064.0;432808.0;Primary;11.0;30.0;2.85786700248718;10.9399995803833;1.0;0.432;6.751;29.5015007629395;12.3090004196167;8.83894;19.99731;23.47633;49.99329;0.72975492477417;6.0;No Voltage Constraint;GSP Constraint;No Voltage Constraint;R;Armouries Drive;No;Low Road;Skelton Grange;Green;Green;Green;Green;53.79066604669437, -1.5299547015469377;72.975492477417
Bailiff Bridge;414739.0;425009.0;Primary;11.0;24.0;2.01999998092651;8.53999996185303;0.0;0.0;0.0;0.0;15.460000038147;9.445671;13.1216;24.85693;32.80399;0.757741034030914;10.0;No Voltage Constraint;Upstream Constraint;No Voltage Constraint;R;Bailiff Bridge;No;Brighouse 132/33kV;Elland;Green;Green;Green;Green;53.721283717354915, -1.7781209881894275;75.7741034030914
Barden Friar;413453.0;493595.0;Primary;20.0;5.0;1.05999994277954;1.25;1.0;0.0;0.0;0.0;0.0;3.58;25.0;7.4;62.5;0.822285711765289;5.0;No Voltage Constraint;Upstream Constraint;No Voltage Constraint;R;Barden Friar;GSP Constraint;Leeming Bar/Skeeby;Norton;Green;Green;Green;Green;54.33773824870694, -1.7945973889299134;82.2285711765289
Barnburgh;447257.0;403886.0;Primary;11.0;24.0;-5.15000009536743;7.78999996185303;1.0;0.0;0.0;0.0;0.0;11.58671;25.0;29.56935;62.5;1.00065362453461;5.0;No Voltage Constraint;Upstream Constraint;No Voltage Constraint;R;Barnburgh;GSP Constraint;Doncaster B/Thorpe Marsh;West Melton / Thorpe Marsh;Red - Fault Level;Red - Fault Level;Red;Red;53.52951582837444, -1.2885647309417902;100.065362453461
Barnsley Road;436413.0;390618.0;Primary;11.0;30.0;3.42000007629395;7.78000020980835;1.0;0.0;0.0;0.0;22.2199997901917;8.837607;19.99731;23.264;49.99329;1.03409600257874;7.0;No Voltage Constraint;Upstream Constraint;No Voltage Constraint;R;Barnsley Road;No;Pitsmoor 3/4;Pitsmoor 3/4;Red - Fault Level;Red - Fault Level;Red;Red;53.411123505111995, -1.4536775911945594;103.409600257874
Barrack Road;424127.0;564537.0;Supply Point;33.0;114.0;22.9599990844727;70.3000030517578;1.0;6.3;6.995;0.0;36.5313;13.27;17.5;39.04;44.6;0.875336349010468;0.0;Data Not Available;NO;Data Not Available;R;Barrack Road;Upstream Constraint;Stella North;Stella North;Green;Green;Green;Green;54.97486621507527, -1.624607814683639;87.5336349010468
Barugh 132/66kV;431899.0;408615.0;Supply Point;66.0;98.0;16.3999996185303;58.5400009155273;0.0;0.23;9.5;16.1699996185303;29.9599990844727;6.305518;13.1216;17.65772;32.80399;1.0;0.0;Data Not Available;NO;Data Not Available;R;Barugh 132/66kV;NO;West Melton Section 3;West Melton Section 3;Red - Fault Level;Red - Fault Level;Red;Red;53.5731735670361, -1.5197592682288787;100.0
Barwick;437325.0;435841.0;Primary;11.0;23.0;2.73000001907349;11.0100002288818;0.5;0.29;0.764;0.0;11.2259997711182;7.992968;13.1216;21.92325;32.80399;0.910400032997131;7.0;No Voltage Constraint;Upstream Constraint;No Voltage Constraint;R;Barwick;No;Whinmoor;Ferrybridge B;Amber - Fault Level;Amber - Fault Level;Amber;Amber;53.81751522480669, -1.4345560125544454;91.0400032997131
Beighton;444899.0;384683.0;Primary;11.0;25.0;-2.50999999046326;17.6599998474121;1.0;22.4;1.8;0.0;5.54000015258789;9.142197;19.99731;26.30232;49.99329;0.852021276950836;7.0;No Voltage Constraint;Upstream Constraint;No Voltage Constraint;R;Beighton;No;Thurcroft;Thurcroft;Green;Green;Green;Green;53.357128054213035, -1.3268667448652565;85.20212769508359
Belmont;429869.0;543260.0;Primary;11.0;32.0;7.21000003814697;21.7652950286865;0.0;0.0;0.0;0.0;10.2347049713135;10.929;13.1;32.1271;32.8;0.979484856128693;3.0;Some Voltage Constraint;Upstream Constraint;No Voltage Constraint;R;Belmont;No;Potter House;Spennymoor GSP;"Red - Fault Level; Amber - Voltage";Red - Fault Level;Red;Red;54.78336052416487, -1.5371016901147982;97.94848561286929
Belmont Avenue;457173.0;401961.0;Primary;11.0;23.0;5.65999984741211;19.1599998474121;0.0;0.0;0.0;0.0;0.0;8.438308;13.1216;24.19354;32.80399;1.00065362453461;5.0;No Voltage Constraint;Upstream Constraint;No Voltage Constraint;R;Belmont Avenue;GSP Constraint;Mallard Way;West Melton / Thorpe Marsh;Red - Fault Level;Red - Fault Level;Red;Red;53.51123200762924, -1.139342374221945;100.065362453461
Belthorpe Lane;479337.0;454613.0;Primary;11.0;8.0;0.620000004768372;3.67000007629395;1.0;0.0;0.0;0.0;4.32999992370605;4.982438;24.98352;12.15246;62.4588;0.993019342422485;10.0;No Voltage Constraint;Upstream Constraint;No Voltage Constraint;R;Belthorpe Lane;No;Driffield/Beverley Group;Creyke Beck;Red - Fault Level;Red - Fault Level;Red;Red;53.981493925961715, -0.7916972661456813;99.3019342422485
Beverley 132/33kV;504395.0;437245.0;Supply Point;33.0;104.3;0.129999995231628;78.0100021362305;1.0;160.259;2.8818;0.0;23.4081978637695;15.29;17.49546;42.31;43.73866;0.967336595058441;0.0;Data Not Available;NO;Data Not Available;R;Beverley 132/33kV;NO;Creyke Beck;Creyke Beck;Red - Fault Level;Red - Fault Level;Red;Red;53.82100640169143, -0.41565108221513525;96.7336595058441
Billet Lane;488380.0;414141.0;Primary;11.0;24.0;1.61000001430511;10.9899997711182;1.0;0.2;4.76;0.0;0.0;11.48441;24.98352;30.12697;62.4588;1.0;10.0;No Voltage Constraint;Upstream Constraint;No Voltage Constraint;R;Billet Lane;GSP Constraint;Scunthorpe North;Keadby;Red - Fault Level;Red - Fault Level;Red;Red;53.6163680188226, -0.6654381381087832;100.0
Bingley 33/11kV;410566.0;439641.0;Primary;11.0;24.0;3.07999992370605;13.3800001144409;1.0;0.0;0.0;0.0;10.6199998855591;11.0724;16.00835;29.43366;40.02087;0.921568632125854;5.0;No Voltage Constraint;Upstream Constraint;No Voltage Constraint;R;Bingley 33/11kV;No;Bingley 132/33kV;Bradford West;Amber - Fault Level;Amber - Fault Level;Amber;Amber;53.85289547603423, -1.8408628610718138;92.1568632125854
Blackburn Meadows 33/11kV;439556.0;391511.0;Primary;11.0;24.0;3.17000007629395;13.0699996948242;0.0;1.1;2.0;0.0;0.0;11.57036;13.1216;31.68067;32.80399;1.00065362453461;10.0;No Voltage Constraint;Upstream Constraint;No Voltage Constraint;R;Blackburn Meadows 33/11kV;GSP Constraint;Blackburn Meadows B;West Melton / Thorpe Marsh;Red - Fault Level;Red - Fault Level;Red;Red;53.41892429384259, -1.4062860590051003;100.065362453461
Boroughbridge/Roecliffe Industrial;438430.0;465842.0;Primary;11.0;15.0;1.0;10.0;0.0;0.0;0.0;0.0;5.0;6.74;20.0;17.49;50.0;0.593946218490601;3.0;Some Voltage Constraint;Upstream Constraint;No Voltage Constraint;R;Boroughbridge/Roecliffe Industrial;No;Wormald Green 132/33kV;Knaresborough;Amber - Voltage;Green;Amber;Green;54.08706162904353, -1.4140068682405411;59.3946218490601
Bowesfield;444199.0;517625.0;Supply Point;33.0;108.0;16.6800003051758;71.0299987792969;1.0;98.584;17.1502;0.0;0.0;12.35;17.5;37.46;44.6;0.839910328388214;0.0;Data Not Available;NO;Data Not Available;R;Bowesfield;Upstream Constraint;Norton;Norton;Green;Green;Green;Green;54.55195012341082, -1.3181727537384325;83.9910328388214
Bramhope;424738.0;442986.0;Primary;11.0;8.0;0.899999976158142;4.8600001335144;0.0;0.0;0.0;0.0;3.1399998664856;4.381201;13.1216;10.43843;32.80399;0.921568632125854;10.0;No Voltage Constraint;Upstream Constraint;No Voltage Constraint;R;Bramhope;No;Menston;Bradford West;Amber - Fault Level;Amber - Fault Level;Amber;Amber;53.88248061371094, -1.6251602574840387;92.1568632125854
Bransholme;511739.0;433935.0;Supply Point;33.0;117.0;0.0;46.4500007629395;1.0;43.865;1.22;0.0;69.3299992370605;13.43785;17.49546;36.78968;43.73866;0.841125071048737;0.0;Data Not Available;NO;Data Not Available;R;Bransholme;NO;Creyke Beck;Creyke Beck;Green;Green;Green;Green;53.78974466621079, -0.3053424796737963;84.1125071048737
Brenda Trading;450872.0;530326.0;Primary;11.0;30.0;5.69999980926514;21.0799999237061;0.0;0.1;3.0333;0.0;5.88670007629394;9.96;13.1;29.23;32.8;0.891158521175385;3.0;Some Voltage Constraint;Upstream Constraint;No Voltage Constraint;R;Brenda Trading;No;Hartmoor;Hartmoor;Amber - Voltage;Green;Amber;Green;54.6654548431175, -1.2128161421270425;89.1158521175385
Burton Pidsea;525603.0;432504.0;Primary;11.0;9.0;-9.04248905181885;3.91000008583069;1.0;0.0;0.0;0.0;5.08999991416931;7.534911;13.1216;19.68219;32.80399;0.993019342422485;6.0;No Voltage Constraint;Upstream Constraint;No Voltage Constraint;R;Burton Pidsea;No;Driffield/Beverley Group;Creyke Beck;Red - Fault Level;Red - Fault Level;Red;Red;53.773732733591494, -0.09559754809566692;99.3019342422485
Burton Road;437245.0;408388.0;Primary;11.0;23.0;6.57999992370605;14.8800001144409;1.0;0.0;0.0;29.5799999237061;8.11999988555908;9.392122;13.1216;25.69767;32.80399;1.0;11.0;No Voltage Constraint;GSP Constraint;No Voltage Constraint;R;Burton Road;No;Hunningley;West Melton Section 3;Red - Fault Level;Red - Fault Level;Red;Red;53.570782204364605, -1.4390592744336541;100.0
Calder Wharf;422886.0;420397.0;Primary;11.0;23.0;3.21000003814697;13.3199996948242;1.0;0.0;0.0;0.0;9.68000030517578;11.96169;13.1216;31.44992;32.80399;0.958722293376923;4.0;No Voltage Constraint;Upstream Constraint;No Voltage Constraint;R;Calder Wharf;No;Thornhill 132kV;Elland;Red - Fault Level;Red - Fault Level;Red;Red;53.679539416707414, -1.65500105943019;95.8722293376923
Camblesforth;466011.0;426352.0;GSP;66.0;200.0;-100.0;31.0;1.0;411.326;9.192;0.0;159.808;16.77;25.0;45.58;62.5;0.729280054569244;0.0;Data Not Available;NGET;Data Not Available;R;Camblesforth;NGET;NGET;Camblesforth;Green;Green;Green;Green;53.729397328706725, -1.000930801109488;72.92800545692441
Carley Hill;438773.0;559389.0;Primary;11.0;24.0;4.80999994277954;16.1100006103516;1.0;0.0;0.0;28.8099999427795;7.88999938964844;10.56;13.1;29.5;32.8;0.931003630161285;3.0;Some Voltage Constraint;GSP Constraint;No Voltage Constraint;R;Carley Hill;No;West Boldon;West Boldon;"Amber - Voltage; Amber- Fault level";Amber - Fault Level;Amber;Amber;54.92768686831829, -1.3965053825521012;93.1003630161285
Carlin How T3 T4;470583.0;519096.0;Primary;11.0;24.0;2.94000005722046;15.6199998855591;0.0;0.0;0.0;0.0;8.38000011444092;9.57;20.0;25.65;50.0;0.872222185134888;1.0;Voltage Constraint;Upstream Constraint;No Voltage Constraint;R;Carlin How T3 T4;No;Lackenby;Lackenby;Red - Voltage;Green;Red;Green;54.562182305550245, -0.909976010439732;87.2222185134888
Carr Lane;443595.0;424366.0;Primary;11.0;19.0;3.53999996185303;12.8900003433228;1.0;0.0;0.0;0.0;6.10999965667725;8.950313;13.1216;23.05197;32.80399;0.910400032997131;6.0;No Voltage Constraint;Upstream Constraint;No Voltage Constraint;R;Carr Lane;No;Kirkhaw Lane;Ferrybridge B;Amber - Fault Level;Amber - Fault Level;Amber;Amber;53.71389824613615, -1.340944423833328;91.0400032997131
Clarence Road;430745.0;433067.0;Primary;11.0;23.0;3.91000008583069;13.5500001907349;1.0;0.42;2.316;26.4900000858307;7.13399980926514;7.790153;13.1216;21.41706;32.80399;0.72975492477417;6.0;No Voltage Constraint;GSP Constraint;No Voltage Constraint;R;Clarence Road;No;Low Road;Skelton Grange;Green;Green;Green;Green;53.79301272292589, -1.5347709424870328;72.975492477417
Clarendon Street;508700.0;428977.0;Primary;11.0;23.0;4.21000003814697;13.4099998474121;1.0;0.0;0.0;0.0;9.59000015258789;11.71646;13.1216;30.84817;32.80399;0.940378367900848;7.0;No Voltage Constraint;Upstream Constraint;No Voltage Constraint;R;Clarendon Street;No;Hull South;Creyke Beck;Amber - Fault Level;Amber - Fault Level;Amber;Amber;53.74584338642564, -0.3531958379499986;94.0378367900848
Claywheels Lane;433137.0;391308.0;Primary;11.0;24.0;4.67000007629395;17.7900009155273;1.0;0.116;2.0;28.5540000762939;4.20999908447266;9.321249;13.1216;26.89586;32.80399;0.947014093399048;9.0;No Voltage Constraint;GSP Constraint;No Voltage Constraint;R;Claywheels Lane;No;Neepsend;Neepsend;Amber - Fault Level;Amber - Fault Level;Amber;Amber;53.41754052471101, -1.5028864749877835;94.7014093399048
Close;424766.0;563492.0;Primary;11.0;32.0;8.31999969482422;22.4200000762939;1.0;0.126;2.7172;0.0;6.86279992370605;8.99;13.1;27.45;32.8;0.843520045280457;3.0;Some Voltage Constraint;Upstream Constraint;No Voltage Constraint;R;Close;No;Dunston;Stella North;Amber - Voltage;Green;Amber;Green;54.96544465338424, -1.6147151199845844;84.3520045280457
Coneythorpe;438980.0;459531.0;Primary;11.0;22.0;3.11999988555908;14.8800001144409;0.5;1.1256;0.75;0.0;6.36999988555908;9.25;13.1;25.29;32.8;0.771036624908447;1.0;Voltage Constraint;Upstream Constraint;No Voltage Constraint;R;Coneythorpe;No;Wormald Green 132/33kV;Knaresborough;Red - Voltage;Green;Red;Green;54.030302951382495, -1.4064082625360765;77.1036624908447
Consett;411695.0;551091.0;Primary;20.0;40.0;-10.0;22.4699993133545;1.0;0.0;0.0;0.0;0.0;6.86;25.0;18.99;62.5;1.05919992923737;4.0;No Voltage Constraint;Upstream Constraint;No Voltage Constraint;R;Consett;GSP Constraint;Annfield;Stella South;Red - Fault Level;Red - Fault Level;Red;Red;54.85448120260626, -1.819366160098375;105.919992923737
Conyard Road;530121.0;409175.0;Primary;11.0;23.0;1.97000002861023;7.98999977111816;0.5;0.0;0.0;0.0;0.0;10.20019;13.1216;25.49505;32.80399;0.7857825756073;6.0;No Voltage Constraint;Upstream Constraint;No Voltage Constraint;R;Conyard Road;GSP Constraint;Humberston;Grimsby West;Green;Green;Green;Green;53.56306388581415, -0.03685295471191746;78.57825756073001
Cornwall Street Direct;510410.0;430177.0;Primary;11.0;39.0;3.0;17.0;1.0;1.116;4.0;0.0;18.0;9.907708;13.1216;28.55104;32.80399;0.870352506637573;7.0;No Voltage Constraint;Upstream Constraint;No Voltage Constraint;R;Cornwall Street;Upstream Constraint;Cornwall Street;Creyke Beck;Green;Green;Green;Green;53.756265492787655, -0.3268497749901831;87.0352506637573
Crookesmoor Road;433992.0;387920.0;Primary;11.0;24.0;2.08999991416931;15.9300003051758;0.0;0.0;0.0;2.08999991416931;8.06999969482422;10.35923;13.1216;28.27896;32.80399;0.947014093399048;7.0;No Voltage Constraint;GSP Constraint;No Voltage Constraint;R;Crookesmoor Road;No;Neepsend;Neepsend;Amber - Fault Level;Amber - Fault Level;Amber;Amber;53.38703430451117, -1.4903865147359374;94.7014093399048
Crowle;477804.0;412828.0;Primary;11.0;4.0;0.540000021457672;5.76999998092651;1.0;0.0;0.0;0.0;0.0;4.700436;13.1216;12.27714;32.80399;0.729298114776611;8.0;No Voltage Constraint;Upstream Constraint;No Voltage Constraint;R;Crowle;No;Camblesforth;Camblesforth;Green;Green;Green;Green;53.60624427806435, -0.8256029286256799;72.9298114776611
Dalton;416646.0;417515.0;Primary;11.0;24.0;3.65000009536743;13.8699998855591;0.0;0.0;0.0;3.65000009536743;5.56499862670899;9.995808;13.1216;26.87557;32.80399;0.81927752494812;10.0;No Voltage Constraint;GSP Constraint;No Voltage Constraint;R;Dalton;Upstream Constraint;Saint Andrews Road 132/33kV;Skelton Grange;Green;Green;Green;Green;53.65387044661354, -1.7496217836861339;81.927752494812
Darley;421159.0;459640.0;Primary;11.0;8.0;1.51999998092651;3.60999989509583;1.0;0.0;0.0;0.0;4.39000010490417;3.68;25.0;9.12;62.5;0.593946218490601;2.0;Some Voltage Constraint;Upstream Constraint;No Voltage Constraint;R;Darley;No;Wormald Green 132/33kV;Knaresborough;Amber - Voltage;Green;Amber;Green;54.032317199092695, -1.6784557494812977;59.3946218490601
Darlington 132/6kV Direct;429433.0;514791.0;Primary;6.0;12.0;1.0;4.0;1.0;0.0;0.0;0.0;0.0;18.2761;13.1;50.9732;32.8;1.55406105518341;1.0;Voltage Constraint;Upstream Constraint;No Voltage Constraint;R;Darlington 132/6kV;GSP Constraint;Darlington 132/6kV;Norton;"Red - Fault Level; Red - Voltage";Red - Fault Level;Red;Red;54.52755279142222, -1.5467353388677365;155.406105518341
Darlington West;426722.0;515016.0;Primary;11.0;24.0;6.26999998092651;18.9200000762939;1.0;0.451;2.1124;0.0;0.0;9.12;13.1;27.82;33.4;0.847533643245697;1.0;Voltage Constraint;Upstream Constraint;No Voltage Constraint;R;Darlington West;GSP Constraint;Darlington North;Norton;Red - Voltage;Green;Red;Green;54.52972440170788, -1.5886021164736215;84.7533643245697
Denby Grange;426936.0;415273.0;Primary;11.0;8.0;0.699999988079071;3.03133630752563;0.0;0.0;0.0;0.0;4.96866369247437;4.815119;13.1216;11.82292;32.80399;0.712683498859406;8.0;No Voltage Constraint;Upstream Constraint;No Voltage Constraint;R;Denby Grange;No;Thornhill 132kV;Elland;Green;Green;Green;Green;53.63329303482237, -1.5941312778112382;71.2683498859406
Dinnington;451870.0;386781.0;Primary;11.0;30.0;-3.64000010490417;14.6199998855591;1.0;0.0;0.0;0.0;15.3800001144409;11.97;19.99731;32.17;50.0;0.852021276950836;2.0;Some Voltage Constraint;Upstream Constraint;No Voltage Constraint;R;Dinnington;No;Thurcroft;Thurcroft;Amber - Voltage;Green;Amber;Green;53.37534805420898, -1.221795626358237;85.20212769508359
Dowker Street;411679.0;416062.0;Primary;11.0;24.0;1.85000002384186;9.22000026702881;0.0;0.0;0.0;0.0;14.7799997329712;8.817514;13.1216;22.77224;32.80399;0.694191098213196;4.0;No Voltage Constraint;Upstream Constraint;No Voltage Constraint;R;Dowker Street;No;Lindley;Elland;Green;Green;Green;Green;53.640944068115935, -1.824825913577111;69.41910982131961
Dunston 66/11kV;421813.0;562855.0;Primary;11.0;24.0;3.69000005722046;12.9799995422363;0.0;0.26;5.7605;0.0;5.25950045776367;9.68;13.1;28.59;32.8;0.871646344661713;2.0;Some Voltage Constraint;Upstream Constraint;No Voltage Constraint;R;Dunston 66/11kV;No;Dunston;Stella North;Amber - Voltage;Green;Amber;Green;54.95985780268754, -1.6608847765900703;87.1646344661713
Durkar Low Lane;432367.0;416989.0;Primary;11.0;24.0;4.09999990463257;16.4699993133545;1.0;0.0;0.0;28.0999999046326;7.53000068664551;10.29568;13.1216;27.09332;32.80399;1.0;5.0;No Voltage Constraint;GSP Constraint;No Voltage Constraint;R;Durkar Low Lane;No;Wakefield Monckton Road;West Melton Section 3;Red - Fault Level;Red - Fault Level;Red;Red;53.64840978142257, -1.5118253255571024;100.0
Ecclesfield;436489.0;394341.0;Primary;11.0;23.0;3.5;12.8800001144409;1.0;0.0;0.0;0.0;10.1199998855591;11.601;13.1216;30.67145;32.80399;1.0;5.0;No Voltage Constraint;Upstream Constraint;No Voltage Constraint;R;Ecclesfield;No;West Melton;West Melton Section 3;Red - Fault Level;Red - Fault Level;Red;Red;53.444580983395625, -1.4521044129925782;100.0
Edlington;454314.0;398968.0;Primary;11.0;23.0;3.90000009536743;12.4399995803833;1.0;0.577;0.3244;0.0;10.2356004196167;10.29191;13.1216;26.42402;32.80399;0.852021276950836;5.0;No Voltage Constraint;Upstream Constraint;No Voltage Constraint;R;Edlington;No;Thurcroft;Thurcroft;Green;Green;Green;Green;53.48463490671797, -1.182966206810268;85.20212769508359
Elmhirst Lane 1;430682.0;405706.0;Primary;11.0;24.0;-1.02999997138977;3.00081658363342;1.0;0.0;0.0;16.1699996185303;20.9991834163666;11.11499;13.1216;28.98098;32.80399;1.0;9.0;No Voltage Constraint;GSP Constraint;No Voltage Constraint;R;Elmhirst Lane 1;No;Barugh 132/66kV;West Melton Section 3;Red - Fault Level;Red - Fault Level;Red;Red;53.54709972876618, -1.5384212769934988;100.0
Elmhirst Lane 2;430682.0;405706.0;Primary;11.0;24.0;1.45000004768372;7.80999994277954;1.0;0.0;0.0;25.4500000476837;16.1900000572205;11.11499;13.1216;28.98098;32.80399;1.0;12.0;No Voltage Constraint;GSP Constraint;No Voltage Constraint;R;Elmhirst Lane 2;No;Hunshelf;West Melton Section 3;Red - Fault Level;Red - Fault Level;Red;Red;53.54709972876618, -1.5384212769934988;100.0
Faraday Street;448675.0;519606.0;Primary;11.0;23.0;3.42000007629395;20.1022396087646;1.0;0.0;0.0;0.0;0.0;11.59;15.2;33.8;38.0;0.889473676681519;2.0;Some Voltage Constraint;Upstream Constraint;No Voltage Constraint;R;Faraday Street;GSP Constraint;North Tees;Norton;Amber - Voltage;Green;Amber;Green;54.56934188311914, -1.248650572169695;88.9473676681519
Ferrybridge A;448216.0;424965.0;GSP;66.0;200.0;28.0;86.0;1.0;266.143;77.711;0.0;36.289;16.06;21.87;44.16;54.67;0.807755649089813;0.0;Data Not Available;NGET;Data Not Available;R;Ferrybridge A;NGET;NGET;Ferrybridge A;Green;Green;Green;Green;53.718876278566555, -1.27084182416316;80.7755649089813
Ferrybridge A 11kV;448216.0;424965.0;Primary;11.0;33.0;5.90000009536743;18.3174781799316;1.0;0.639;1.19;0.0;13.4925218200684;11.93838;13.1216;31.57431;32.80399;0.962514340877533;7.0;No Voltage Constraint;Upstream Constraint;No Voltage Constraint;R;Ferrybridge A 11kV;No;Ferrybridge A;Ferrybridge A;Red - Fault Level;Red - Fault Level;Red;Red;53.718876278566555, -1.27084182416316;96.2514340877533
First Avenue;508194.0;432929.0;Primary;11.0;24.0;5.1399998664856;18.2900009155273;0.0;0.21;0.75;0.0;4.95999908447266;10.22122;13.1216;26.56777;32.80399;0.967336595058441;11.0;No Voltage Constraint;Upstream Constraint;No Voltage Constraint;R;First Avenue;No;Beverley 132/33kV;Creyke Beck;Red - Fault Level;Red - Fault Level;Red;Red;53.781454567912846, -0.35948164965433343;96.7336595058441
Firth Brown;491660.0;411684.0;Primary;11.0;24.0;1.08000004291534;6.15000009536743;1.0;0.0;0.0;0.0;0.0;13.49274;16.00835;34.51492;40.02087;1.0;11.0;No Voltage Constraint;Upstream Constraint;No Voltage Constraint;R;Firth Brown;GSP Constraint;Santon;Keadby;Red - Fault Level;Red - Fault Level;Red;Red;53.59372740600993, -0.6165918096654682;100.0
Foss Islands;460962.0;452089.0;Primary;11.0;36.0;5.70000505447388;27.6000003814697;1.0;0.432;3.0716;0.0;5.32839961853027;8.99;13.1;29.42;32.8;0.896951258182526;7.0;No Voltage Constraint;Upstream Constraint;No Voltage Constraint;R;Foss Islands;No;Melrosegate;Osbaldwick;Green;Green;Green;Green;53.96130166434603, -1.0723505450971302;89.69512581825259
Fossway 33/11kV;427956.0;565108.0;Primary;11.0;24.0;3.75;15.6000003814697;0.5;0.167;2.8;15.583;5.59999961853027;9.50949;20.0;28.7094;50.0;0.700672686100006;4.0;No Voltage Constraint;GSP Constraint;No Voltage Constraint;R;Fossway 33/11kV;No;Gosforth;Tynemouth;Green;Green;Green;Green;54.9797979931954, -1.5647356049392;70.0672686100006
Foxhills;488467.0;413722.0;Primary;11.0;18.0;2.72000002861023;14.3199996948242;0.0;1.34;1.32;0.0;0.0;12.10385;13.1216;33.8569;32.80399;1.03209686279297;10.0;No Voltage Constraint;Upstream Constraint;No Voltage Constraint;R;Foxhills;GSP Constraint;Scunthorpe North;Keadby;Red - Fault Level;Red - Fault Level;Red;Red;53.61258830704622, -0.6642421970188123;103.209686279297
Fullerton Road;442186.0;391235.0;Primary;11.0;24.0;1.27999997138977;8.93507671356201;0.0;0.0;0.0;1.27999997138977;15.064923286438;5.491249;13.1216;14.78063;32.80399;0.776634633541107;10.0;No Voltage Constraint;GSP Constraint;No Voltage Constraint;R;Fullerton Road;No;Templeborough 275/33kV;Templeborough 275/33kV;Green;Green;Green;Green;53.41624043995305, -1.366753156220113;77.66346335411069
Fylands Bridge;420716.0;527457.0;Primary;11.0;25.0;4.75;19.8299999237061;1.0;0.5803;1.02;0.0;4.15000007629395;9.29;13.1;28.11;32.8;0.857012212276459;3.0;Some Voltage Constraint;Upstream Constraint;No Voltage Constraint;R;Fylands Bridge;No;Toronto;Spennymoor GSP;Amber - Voltage;Green;Amber;Green;54.64180692329412, -1.680532553895028;85.7012212276459
Gaisby Lane;415619.0;435976.0;Primary;11.0;23.0;3.66000008583069;13.1300001144409;0.0;0.0;0.0;0.0;0.0;11.33794;13.1216;29.39385;32.80399;0.921568632125854;5.0;No Voltage Constraint;Upstream Constraint;No Voltage Constraint;R;Gaisby Lane;Upstream Constraint;Bradford;Bradford West;Amber - Fault Level;Amber - Fault Level;Amber;Amber;53.819828838033615, -1.7642344227087061;92.1568632125854
Gibraltar Road;407275.0;425000.0;Primary;11.0;24.0;0.5;16.2399997711182;0.0;0.0;0.0;0.0;7.76000022888184;9.799747;13.1216;25.41416;32.80399;0.921568632125854;12.0;No Voltage Constraint;Upstream Constraint;No Voltage Constraint;R;Gibraltar Road;No;Holmfield;Bradford West;Amber - Fault Level;Amber - Fault Level;Amber;Amber;53.721358627098326, -1.8912314280472355;92.1568632125854
Gosforth;425335.0;568422.0;Supply Point;33.0;108.0;22.3600006103516;65.0800018310547;1.0;1.725;7.66;111.275;35.2599981689453;10.44;17.5;31.25;44.6;0.700672686100006;0.0;Data Not Available;NO;Data Not Available;R;Gosforth;NO;Tynemouth;Tynemouth;Green;Green;Green;Green;55.00971697730079, -1.6053941784606491;70.0672686100006
Greatham Direct;451261.0;526154.0;Primary;11.0;35.0;1.0;22.0;0.0;0.49;1.152;0.0;11.848;12.77;20.0;38.86;50.0;0.777199983596802;3.0;Some Voltage Constraint;Upstream Constraint;No Voltage Constraint;R;Greatham;Upstream Constraint;Greatham;Saltholme;Amber - Voltage;Green;Amber;Green;54.62792668397759, -1.2075152501150204;77.7199983596802
Greyfriars Rd;457245.0;403629.0;Primary;11.0;24.0;1.97033631801605;7.22054004669189;0.5;0.0;0.0;0.0;0.0;8.316457;16.00835;22.93629;40.02087;1.00065362453461;5.0;No Voltage Constraint;Upstream Constraint;No Voltage Constraint;R;Greyfriars Rd;GSP Constraint;Doncaster Central;West Melton / Thorpe Marsh;Red - Fault Level;Red - Fault Level;Red;Red;53.52621510584491, -1.1379526338914936;100.065362453461
Grimethorpe;441029.0;408425.0;Primary;11.0;25.0;-1.82151865959167;9.21000003814697;1.0;0.0;0.0;0.0;15.789999961853;12.91515;24.98352;32.94257;62.4588;0.807755649089813;7.0;No Voltage Constraint;Upstream Constraint;No Voltage Constraint;R;Grimethorpe;No;Ferrybridge A;Ferrybridge A;Green;Green;Green;Green;53.57083332379574, -1.3819181837099674;80.7755649089813
Grove Street;414153.0;416328.0;Primary;11.0;23.0;2.55999994277954;9.94999980926514;0.5;0.55;0.17;0.0;12.8800001907349;7.890695;13.1216;21.54858;32.80399;0.686525702476501;4.0;No Voltage Constraint;Upstream Constraint;No Voltage Constraint;R;Grove Street;No;Lindley;Elland;Green;Green;Green;Green;53.64327439480728, -1.787394087524091;68.6525702476501
Guardian Glass;472243.0;422459.0;Primary;11.0;30.0;1.49000000953674;5.61999988555908;1.0;0.9;6.0;0.0;18.3800001144409;10.02868;19.99731;26.82183;49.99329;0.729298114776611;4.0;No Voltage Constraint;Upstream Constraint;No Voltage Constraint;R;Guardian Glass;No;Camblesforth;Camblesforth;Green;Green;Green;Green;53.69358866388676, -0.9073953929204054;72.9298114776611
Guisborough T1 T2;461116.0;516771.0;Primary;11.0;24.0;1.12999999523163;14.8800001144409;0.5;0.231;4.1;0.0;5.01999988555908;8.86;13.1;25.22;32.8;0.872222185134888;1.0;Voltage Constraint;Upstream Constraint;No Voltage Constraint;R;Guisborough T1 T2;No;Lackenby;Lackenby;Red - Voltage;Green;Red;Green;54.54252058183299, -1.056837632233562;87.2222185134888
Hackenthorpe;441077.0;383927.0;Primary;11.0;24.0;2.65000009536743;11.6999998092651;1.0;0.0;0.0;0.0;12.3000001907349;11.56692;13.1216;30.348;32.80399;0.925131261348724;10.0;No Voltage Constraint;Upstream Constraint;No Voltage Constraint;R;Hackenthorpe;No;Thurcroft;Thurcroft;Amber - Fault Level;Amber - Fault Level;Amber;Amber;53.350642943732765, -1.384385425279836;92.51312613487241
Hartmoor 66/20kV;445788.0;534359.0;Primary;20.0;31.0;-1.20000004768372;19.4300003051758;1.0;13.0;0.6;0.0;10.9699996948242;6.82;20.0;20.45;50.0;0.577598571777344;2.0;Some Voltage Constraint;Upstream Constraint;No Voltage Constraint;R;Hartmoor 66/20kV;No;Hartmoor;Hartmoor;Amber - Voltage;Green;Amber;Green;54.70218138721344, -1.2909985777078994;57.759857177734396
Harworth;462328.0;391456.0;Primary;11.0;30.0;5.03999996185303;9.67000007629395;1.0;0.999;6.656;0.0;13.6739999237061;11.34181;13.1216;28.15172;32.80399;0.864362001419067;6.0;No Voltage Constraint;Upstream Constraint;No Voltage Constraint;R;Harworth;No;Thurcroft;Thurcroft;Green;Green;Green;Green;53.416236223286745, -1.0636988781591676;86.43620014190671
Hawthorn Pit;438808.0;545872.0;Primary;20.0;27.0;-2.79999995231628;19.7600002288818;1.0;1.005;3.25;0.0;3.98999977111816;6.98;9.2;20.17;23.5;0.858297884464264;1.0;Voltage Constraint;Upstream Constraint;No Voltage Constraint;R;Hawthorn Pit;No;Hawthorn Pit Grid;Hawthorn Pit Grid;Red - Voltage;Green;Red;Green;54.80622236341085, -1.3977715195707063;85.8297884464264
Hawthorn Pit Grid;438560.0;545872.0;GSP;66.0;200.0;12.0;90.0;1.0;1049.296;4.875;0.0;105.125;12.28;21.9;35.88;55.8;0.643010795116425;0.0;Data Not Available;NGET;Data Not Available;R;Hawthorn Pit Grid;NGET;NGET;Hawthorn Pit Grid;Green;Green;Green;Green;54.80624143641626, -1.4016295278638762;64.3010795116425
Hebburn;430872.0;564871.0;Primary;5.75;12.0;1.10000002384186;3.61999988555908;0.5;0.0;0.0;7.10000002384186;8.38000011444092;14.8905;13.1;41.4428;33.4;1.24080228805542;3.0;Some Voltage Constraint;GSP Constraint;No Voltage Constraint;R;Hebburn;No;West Boldon;West Boldon;"Red - Fault Level; Amber - Voltage";Red - Fault Level;Red;Red;54.977496886759006, -1.5192019195580866;124.08022880554199
Hebburn West;430493.0;564244.0;Primary;11.0;24.0;0.839999973773956;2.75999999046326;0.0;0.0;0.0;0.839999973773956;21.2400000095367;8.79;13.1;23.41;32.8;0.931003630161285;4.0;No Voltage Constraint;GSP Constraint;No Voltage Constraint;R;Hebburn West;No;West Boldon;West Boldon;Amber - Fault Level;Amber - Fault Level;Amber;Amber;54.97188598528828, -1.5251894538390476;93.1003630161285
Heckmondwike;421199.0;423938.0;Supply Point;33.0;58.9;12.4200000762939;40.5400009155273;1.0;1.039;1.714;44.3775000000001;16.6459990844727;8.993619;26.24319;24.57402;65.60799;0.480399996042252;0.0;Data Not Available;NO;Data Not Available;R;Heckmondwike;NO;Skelton Grange;Skelton Grange;Green;Green;Green;Green;53.711436602381696, -1.680299541468602;48.039999604225194
Hedley Chase;428353.0;433329.0;Primary;11.0;23.0;2.00999999046326;5.93304300308228;0.5;0.115;4.8;13.3949999904633;12.2669569969177;8.545499;13.1216;22.95685;32.80399;0.699818789958954;4.0;No Voltage Constraint;GSP Constraint;No Voltage Constraint;R;Hedley Chase;No;Beeston Royds 132/33kV;Kirkstall B;Green;Green;Green;Green;53.79550278216852, -1.571056397537303;69.9818789958954
Hickleton;446555.0;405477.0;Primary;11.0;23.0;-1.51999998092651;6.40000009536743;0.0;0.0;0.0;0.0;0.0;11.50248;13.1216;29.21912;32.80399;1.00065362453461;4.0;No Voltage Constraint;Upstream Constraint;No Voltage Constraint;R;Hickleton;GSP Constraint;Doncaster B/Thorpe Marsh;West Melton / Thorpe Marsh;Red - Fault Level;Red - Fault Level;Red;Red;53.54387773344132, -1.2989179272787745;100.065362453461
High Barmston;432628.0;555804.0;Primary;11.0;20.0;5.76000022888184;18.8999996185303;1.0;0.4032;1.2;25.3568002288818;0.0;9.94;13.1;28.65;33.4;0.931003630161285;3.0;Some Voltage Constraint;GSP Constraint;No Voltage Constraint;R;High Barmston;No;West Boldon;West Boldon;"Amber - Voltage; Amber- Fault level";Amber - Fault Level;Amber;Amber;54.89591029816584, -1.4927940363232544;93.1003630161285
Hillcrest;432032.0;435795.0;Primary;11.0;23.0;4.01000022888184;14.7600002288818;0.0;0.0;0.0;4.01000022888184;8.23999977111816;11.41331;13.1216;29.85137;32.80399;0.916205048561096;5.0;No Voltage Constraint;GSP Constraint;No Voltage Constraint;R;Hillcrest;No;Leeds East;Skelton Grange;Amber - Fault Level;Amber - Fault Level;Amber;Amber;53.81745362183923, -1.5149522389605636;91.62050485610959
Holderness;514377.0;432251.0;Primary;11.0;23.0;3.25;11.4200000762939;0.0;0.0;0.0;0.0;11.5799999237061;10.68987;13.1216;27.36361;32.80399;0.841125071048737;7.0;No Voltage Constraint;Upstream Constraint;No Voltage Constraint;R;Holderness;No;Bransholme;Creyke Beck;Green;Green;Green;Green;53.7740435051841, -0.26594293992659807;84.1125071048737
Horbury;428670.0;418760.0;Primary;11.0;23.0;2.44000005722046;11.3299999237061;1.0;0.92;2.5;0.0;9.17000007629395;7.648427;13.1216;18.31978;32.80399;0.712683498859406;4.0;No Voltage Constraint;Upstream Constraint;No Voltage Constraint;R;Horbury;No;Thornhill 132kV;Elland;Green;Green;Green;Green;53.66454221287751, -1.5675891091023757;71.2683498859406
Houghton;433117.0;550274.0;Primary;11.0;24.0;5.17000007629395;16.7299995422363;0.5;0.0;0.0;0.0;7.27000045776367;8.37;13.1;23.9;32.8;0.728658556938171;2.0;Some Voltage Constraint;Upstream Constraint;No Voltage Constraint;R;Houghton;No;Hawthorn Pit Grid;Hawthorn Pit Grid;Amber - Voltage;Green;Amber;Green;54.84618576029544, -1.4858024419215692;72.86585569381711
Houghton Main;442238.0;405793.0;Primary;11.0;15.0;-7.6100001335144;6.01999998092651;0.0;0.0;0.0;0.0;8.98000001907349;11.0;13.1216;28.91709;32.80399;1.0;4.0;No Voltage Constraint;Upstream Constraint;No Voltage Constraint;R;Houghton Main;No;West Melton;West Melton Section 3;Red - Fault Level;Red - Fault Level;Red;Red;53.5470818636953, -1.3640177794601487;100.0
Howdon;433255.0;566387.0;Primary;11.0;24.0;2.20000004768372;8.61999988555908;1.0;0.0;0.0;0.0;15.3800001144409;10.82;13.1;29.79;33.4;0.891916155815125;1.0;Voltage Constraint;Upstream Constraint;No Voltage Constraint;R;Howdon;No;Flatworth;Tynemouth;Red - Voltage;Green;Red;Green;54.99096660208098, -1.481797302720864;89.1916155815125
Hunshelf;426274.0;400012.0;Supply Point;66.0;156.0;8.98999977111816;70.0599975585938;1.0;82.1;0.0;82.8899997711182;85.9400024414063;9.006479;15.30853;20.23857;39.0;1.0;0.0;Data Not Available;NO;Data Not Available;R;Hunshelf;NO;West Melton Section 3;West Melton Section 3;Red - Fault Level;Red - Fault Level;Red;Red;53.496159237012165, -1.6054200086780535;100.0
Huntington New Lane;462035.0;454104.0;Primary;11.0;24.0;5.80000019073486;16.8199996948242;1.0;1.3;1.6816;0.0;5.49840030517578;9.54;20.0;30.46;50.0;0.803680002689362;4.0;No Voltage Constraint;Upstream Constraint;No Voltage Constraint;R;Huntington New Lane;No;Melrosegate;Osbaldwick;Green;Green;Green;Green;53.979282083099385, -1.05558986293056;80.3680002689362
Husthwaite 33/11kV;450565.0;473758.0;Primary;11.0;15.0;0.0500000007450581;12.5;1.0;0.0;0.0;0.0;2.5;6.56;25.0;18.25;62.5;0.32192000746727;4.0;No Voltage Constraint;Upstream Constraint;No Voltage Constraint;R;Husthwaite 33/11kV;No;Husthwaite;Knaresborough;Green;Green;Green;Green;54.15715400148383, -1.227191238773367;32.192000746727004
Idle;417565.0;436644.0;Primary;11.0;23.0;3.49000000953674;11.6000003814697;0.0;0.0;0.0;0.0;0.0;11.51632;13.1216;29.34925;32.80399;0.921568632125854;5.0;No Voltage Constraint;Upstream Constraint;No Voltage Constraint;R;Idle;Upstream Constraint;Bradford;Bradford West;Amber - Fault Level;Amber - Fault Level;Amber;Amber;53.82577103341903, -1.7346377337212036;92.1568632125854
Jarratt Street;457737.0;402696.0;Primary;11.0;23.0;5.84000015258789;18.6000003814697;0.5;0.0;0.0;0.0;0.0;9.739406;13.1216;27.80467;32.80399;1.00065362453461;6.0;No Voltage Constraint;Upstream Constraint;No Voltage Constraint;R;Jarratt Street;GSP Constraint;Mallard Way;West Melton / Thorpe Marsh;Red - Fault Level;Red - Fault Level;Red;Red;53.517776205431, -1.1307035850086962;100.065362453461
Keadby;482816.0;411915.0;GSP;132.0;480.0;13.0;278.0;1.0;2056.118;269.6368;0.0;0.0;29.3;29.3;80.0;80.0;1.0;0.0;Data Not Available;NGET;Data Not Available;R;Keadby;NGET;NGET;Keadby;Red - Fault Level;Red - Fault Level;Red;Red;53.59727294475655, -0.7501167918646148;100.0
Keddington Road;534142.0;388599.0;Primary;11.0;12.0;-3.35999989509583;7.30000019073486;1.0;0.0;0.0;0.0;0.0;10.32284;24.98352;18.28444;62.4588;1.0;9.0;No Voltage Constraint;Upstream Constraint;No Voltage Constraint;R;Keddington Road;GSP Constraint;Wold Newton;Keadby;Red - Fault Level;Red - Fault Level;Red;Red;53.37722113714209, 0.015041101370372213;100.0
Kirk Sandall;461302.0;407300.0;Primary;11.0;24.0;2.07999992370605;8.1899995803833;1.0;0.91;1.5;0.0;0.0;11.72731;13.1216;31.93906;32.80399;1.00065362453461;8.0;No Voltage Constraint;Upstream Constraint;No Voltage Constraint;R;Kirk Sandall;GSP Constraint;Doncaster B/Thorpe Marsh;West Melton / Thorpe Marsh;Red - Fault Level;Red - Fault Level;Red;Red;53.558750332677086, -1.076044910246914;100.065362453461
Kirkburn;497497.0;454571.0;Primary;11.0;8.0;-2.49670791625977;7.25;1.0;0.0;0.0;0.0;0.75;6.185373;19.99731;16.60851;49.99329;0.993019342422485;6.0;No Voltage Constraint;Upstream Constraint;No Voltage Constraint;R;Kirkburn;No;Driffield/Beverley Group;Creyke Beck;Red - Fault Level;Red - Fault Level;Red;Red;53.97801459209416, -0.5148860766319919;99.3019342422485
Kirkstall C 2/5;427158.0;434571.0;Supply Point;33.0;117.0;13.6599998474121;51.1100006103516;1.0;1.485;29.982;129.174999847412;35.9079993896484;10.78752;15.30853;29.12415;39.0;0.74677300453186;0.0;Data Not Available;NO;Data Not Available;R;Kirkstall C 2/5;NO;Kirkstall B;Kirkstall B;Green;Green;Green;Green;53.806729000381, -1.5890880259619995;74.677300453186
Kiveton Park;449383.0;382220.0;Primary;11.0;15.0;-1.53999996185303;8.25;0.0;0.75;0.49;0.0;6.26;8.013952;13.1216;21.09188;32.80399;0.852021276950836;5.0;No Voltage Constraint;Upstream Constraint;No Voltage Constraint;R;Kiveton Park;No;Thurcroft;Thurcroft;Green;Green;Green;Green;53.33459209630564, -1.259884976428469;85.20212769508359
Knaresborough;433605.0;459638.0;GSP;132.0;260.0;25.0;151.0;1.0;614.4926;17.6499;0.0;91.3501;7.77;31.5;21.52;80.0;0.268999993801117;0.0;Data Not Available;NGET;Data Not Available;R;Knaresborough;NGET;NGET;Knaresborough;Green;Green;Green;Green;54.03164145928918, -1.4884492415554795;26.8999993801117
Lackenby;456189.0;519507.0;GSP;66.0;260.0;20.0;151.0;1.0;564.282;7.2;0.0;101.8;17.22;21.9;48.67;55.8;0.872222185134888;0.0;Data Not Available;NGET;Data Not Available;R;Lackenby;NGET;NGET;Lackenby;Green;Green;Green;Green;54.56767524471104, -1.1324631032870303;87.2222185134888
Leeds East;432406.0;434042.0;Supply Point;33.0;117.0;10.1199998855591;59.3600006103516;1.0;14.096;5.5042;44.3775000000001;52.1357993896484;13.77149;17.49546;40.07358;43.73866;0.916205048561096;0.0;Data Not Available;NO;Data Not Available;R;Leeds East;NO;Skelton Grange;Skelton Grange;Amber - Fault Level;Amber - Fault Level;Amber;Amber;53.801675254205165, -1.5094557078941044;91.62050485610959
Leeds North;430244.0;435387.0;Supply Point;33.0;117.0;17.6900005340576;55.8629989624023;1.0;50.356;3.52;44.3775000000001;55.0616;12.55668;17.5;36.02076;43.75;0.823331654071808;0.0;Data Not Available;NO;Data Not Available;R;Leeds North;Upstream Constraint;Skelton Grange;Skelton Grange;Green;Green;Green;Green;53.81389333821951, -1.5421488939548618;82.3331654071808
Leeds Road;437938.0;445315.0;Primary;11.0;8.0;1.37000000476837;7.07999992370605;0.0;0.0;0.0;0.0;0.920000076293945;4.652735;12.5;11.56303;31.25;0.910400032997131;11.0;No Voltage Constraint;Upstream Constraint;No Voltage Constraint;R;Leeds Road;No;Bramham;Ferrybridge B;Amber - Fault Level;Amber - Fault Level;Amber;Amber;53.90261770376821, -1.424078171518087;91.0400032997131
Legrams Mill Lane;414091.0;432580.0;Primary;11.0;23.0;2.66000008583069;9.71004581451416;1.0;0.0;0.0;0.0;13.2899541854858;11.20397;13.1216;28.971;32.80399;0.921568632125854;5.0;No Voltage Constraint;Upstream Constraint;No Voltage Constraint;R;Legrams Mill Lane;No;Girlington;Bradford West;Amber - Fault Level;Amber - Fault Level;Amber;Amber;53.78934930448678, -1.7875982038345013;92.1568632125854
Leylands Road;430738.0;434182.0;Primary;11.0;23.0;4.26999998092651;13.5200004577637;0.5;0.0;0.0;15.7699999809265;9.47999954223633;8.536012;13.1216;24.0927;32.80399;0.823331654071808;5.0;No Voltage Constraint;GSP Constraint;No Voltage Constraint;R;Leylands Road;No;Leeds North;Skelton Grange;Green;Green;Green;Green;53.80303437439584, -1.5347663619883796;82.3331654071808
Longbenton;426249.0;568136.0;Primary;11.0;24.0;3.64000010490417;15.1199998855591;1.0;1.258;2.18;26.3820001049042;6.70000011444092;10.76;18.0;31.85;45.0;0.707777798175812;1.0;Voltage Constraint;GSP Constraint;No Voltage Constraint;R;Longbenton;No;Gosforth;Tynemouth;Red - Voltage;Green;Red;Green;55.00709985602244, -1.591129359732129;70.7777798175812
Louth;532323.0;389089.0;Primary;11.0;23.0;3.67000007629395;14.6499996185303;0.0;0.067;1.2515;0.0;0.0;10.83987;13.1216;24.32238;32.80399;1.0;7.0;No Voltage Constraint;Upstream Constraint;No Voltage Constraint;R;Louth;GSP Constraint;Wold Newton;Keadby;Red - Fault Level;Red - Fault Level;Red;Red;53.382081112284226, -0.012080020550777233;100.0
Low Road;431507.0;431659.0;Supply Point;33.0;228.0;31.7000007629395;80.5199966430664;0.0;2.1985;132.1692;29.5015007629395;15.3108033569336;15.71485;25.0;45.60968;62.5;0.72975492477417;0.0;Data Not Available;NO;Data Not Available;R;Low Road;NO;Skelton Grange;Skelton Grange;Green;Green;Green;Green;53.780312692508815, -1.5233475734972233;72.975492477417
Manchester Road;416265.0;432582.0;Primary;11.0;23.0;3.05999994277954;8.18000030517578;0.0;0.0;0.0;0.0;0.0;10.55472;13.1216;27.90899;32.80399;0.921568632125854;10.0;No Voltage Constraint;Upstream Constraint;No Voltage Constraint;R;Manchester Road;Upstream Constraint;Bradford;Bradford West;Amber - Fault Level;Amber - Fault Level;Amber;Amber;53.789304367685276, -1.7545999853489842;92.1568632125854
Mansfield Road 1;439450.0;384365.0;Primary;11.0;16.0;2.78999996185303;10.6700000762939;0.0;0.0;0.0;2.78999996185303;5.32999992370605;5.988307;13.1216;15.45295;32.80399;1.01314330101013;12.0;No Voltage Constraint;No;No Voltage Constraint;G;Mansfield Road 1;No;Sheffield City;Sheffield City;Red - Fault Level;Red - Fault Level;Red;Red;53.354703262709926, -1.4087710576047112;101.31433010101301
Meadowfield;425110.0;539027.0;Primary;11.0;24.0;-4.55999994277954;9.13000011444092;1.0;0.0;0.0;0.0;14.8699998855591;8.97;20.0;26.0;50.0;0.801025629043579;2.0;Some Voltage Constraint;Upstream Constraint;No Voltage Constraint;R;Meadowfield;No;Spennymoor 132/66kV;Spennymoor GSP;Amber - Voltage;Green;Amber;Green;54.745581080196, -1.6114597856589057;80.1025629043579
Melrosegate 33/11kV;461795.0;451862.0;Primary;11.0;32.0;1.88999998569489;8.72123718261719;1.0;0.111;0.5;0.0;22.7787628173828;8.48;25.0;25.52;62.5;0.803680002689362;4.0;No Voltage Constraint;Upstream Constraint;No Voltage Constraint;R;Melrosegate 33/11kV;No;Melrosegate;Osbaldwick;Green;Green;Green;Green;53.95916307414937, -1.0597023475962744;80.3680002689362
Mexborough 1_2;448907.0;399915.0;Primary;11.0;24.0;6.05000019073486;18.6200008392334;1.0;0.878;0.8;0.0;4.5799991607666;11.59934;13.1216;30.91087;32.80399;0.942289710044861;10.0;No Voltage Constraint;Upstream Constraint;No Voltage Constraint;R;Mexborough 1_2;No;Thurcroft;Thurcroft;Amber - Fault Level;Amber - Fault Level;Amber;Amber;53.49367526600995, -1.2642937102414398;94.2289710044861
Mirfield;420462.0;419366.0;Primary;11.0;23.0;4.19000005722046;14.6400003433228;1.0;0.41;2.1904;0.0;6.16959965667725;10.32292;13.1216;27.56682;32.80399;0.840349435806274;9.0;No Voltage Constraint;Upstream Constraint;No Voltage Constraint;R;Mirfield;No;Thornhill 132kV;Elland;Green;Green;Green;Green;53.67037277586865, -1.6917654007788316;84.0349435806274
Monckton;437653.0;412587.0;Primary;11.0;15.0;2.0;8.0922737121582;0.0;6.0;0.296;0.0;6.6117262878418;11.36039;13.1216;29.84504;32.80399;0.909798920154572;6.0;No Voltage Constraint;Upstream Constraint;No Voltage Constraint;R;Monckton;No;Ferrybridge A;Ferrybridge A;Amber - Fault Level;Amber - Fault Level;Amber;Amber;53.608493066935104, -1.4323933881975783;90.9798920154572
Monkseaton;433954.0;572142.0;Primary;11.0;20.0;4.84999990463257;19.0699996948242;1.0;0.0;0.0;24.8499999046326;0.930000305175781;8.54;13.1;24.65;33.4;0.738023936748505;1.0;Voltage Constraint;GSP Constraint;No Voltage Constraint;R;Monkseaton;No;Chirton Grange;Tynemouth;Red - Voltage;Green;Red;Green;55.04263257085052, -1.470192219780313;73.80239367485049
Moor Road;427624.0;436929.0;Primary;11.0;20.0;4.73000001907349;17.3600006103516;1.0;0.0;0.0;24.7300000190735;2.63999938964844;11.0613;13.1216;29.3467;32.80399;0.894607484340668;5.0;No Voltage Constraint;GSP Constraint;No Voltage Constraint;R;Moor Road;No;Leeds North;Skelton Grange;Green;Green;Green;Green;53.82789753095795, -1.5818012259741943;89.4607484340668
Moss Road;527219.0;409099.0;Supply Point;33.0;59.0;7.32000017166138;29.2900009155273;1.0;5.265;2.107;0.0;0.0;10.01449;17.49546;27.56403;43.73866;0.750512838363647;0.0;Data Not Available;NO;Data Not Available;R;Moss Road;Upstream Constraint;Grimsby West;Grimsby West;Green;Green;Green;Green;53.56309192196917, -0.0806721077065944;75.0512838363647
National Avenue;506695.0;429959.0;Primary;11.0;24.0;1.72000002861023;6.59000015258789;0.0;0.0;0.0;0.0;17.4099998474121;10.26144;13.1216;26.62172;32.80399;0.855191946029663;11.0;No Voltage Constraint;Upstream Constraint;No Voltage Constraint;R;National Avenue;No;Hull South;Creyke Beck;Green;Green;Green;Green;53.755079822616366, -0.38324667358663084;85.5191946029663
New Droppingwell Road;438852.0;392657.0;Primary;11.0;25.0;1.82000005245209;9.5;1.0;0.0;0.0;26.8200000524521;15.5;9.376311;25.0;24.5997;62.5;0.990589499473572;6.0;No Voltage Constraint;No;No Voltage Constraint;G;New Droppingwell Road;No;Wincobank;Wincobank;Red - Fault Level;Red - Fault Level;Red;Red;53.42927676526882, -1.416737293179494;99.0589499473572
New Orchard Lane;449710.0;389743.0;Primary;11.0;23.0;2.50999999046326;9.86999988555908;0.0;1.0;1.284;0.0;11.8460001144409;11.3882;13.1216;30.49397;32.80399;0.929580926895142;5.0;No Voltage Constraint;Upstream Constraint;No Voltage Constraint;R;New Orchard Lane;No;Thurcroft;Thurcroft;Amber - Fault Level;Amber - Fault Level;Amber;Amber;53.402177098233835, -1.2537946706870937;92.9580926895142
Newcastle Airport;418628.0;571200.0;Primary;11.0;24.0;1.78999996185303;12.4700002670288;1.0;0.0;0.0;0.0;11.5299997329712;9.25;25.0;25.74;62.5;0.843520045280457;2.0;Some Voltage Constraint;Upstream Constraint;No Voltage Constraint;R;Newcastle Airport;No;Blucher;Stella North;Amber - Voltage;Green;Amber;Green;55.03497475023581, -1.7100834277180823;84.3520045280457
Newhall Road;437498.0;389429.0;Primary;11.0;24.0;2.94000005722046;11.8999996185303;0.0;0.0;0.0;0.0;12.1000003814697;11.27163;13.1216;31.16276;32.80399;1.03409600257874;13.0;No Voltage Constraint;Upstream Constraint;Some Voltage Constraint;R;Newhall Road;No;Pitsmoor 3/4;Pitsmoor 3/4;Red - Fault Level;"Red - Fault Level; Amber - Voltage";Red;Red;53.40036089231288, -1.4374969034208793;103.409600257874
Newport 1;485986.0;430739.0;Primary;11.0;20.0;-4.30999994277954;8.97999954223633;0.0;3.74;0.66;0.0;10.3600004577637;9.883473;13.1216;26.11979;32.80399;0.826030850410461;12.0;No Voltage Constraint;Upstream Constraint;No Voltage Constraint;R;Newport 1;No;Hull West;Creyke Beck;Green;Green;Green;Green;53.76591222720453, -0.6970210257298433;82.6030850410461
Newton Aycliffe South;426914.0;523970.0;Primary;11.0;23.0;5.40000009536743;14.2530002593994;1.0;0.12;0.5;0.0;0.0;10.19;13.1;29.74;32.8;0.906707346439362;1.0;Voltage Constraint;Upstream Constraint;No Voltage Constraint;R;Newton Aycliffe South;GSP Constraint;Darlington North;Norton;"Red - Voltage; Amber - Fault Level";Amber - Fault Level;Red;Amber;54.610179940821595, -1.584819007356505;90.6707346439362
Normanby;502685.0;388263.0;Primary;11.0;8.0;-0.0399999991059303;4.24285316467285;1.0;0.0;0.0;0.0;0.0;2.825008;13.1216;6.377241;32.80399;1.0;7.0;No Voltage Constraint;Upstream Constraint;No Voltage Constraint;R;Normanby;GSP Constraint;Blyton;Keadby;Red - Fault Level;Red - Fault Level;Red;Red;53.381245210171976, -0.45773237141173767;100.0
North Avenue;420531.0;445906.0;Primary;11.0;23.0;3.38000011444092;10.1400003433228;1.0;0.0;0.0;0.0;12.8599996566772;8.865141;13.1216;22.01354;32.80399;0.921568632125854;6.0;No Voltage Constraint;Upstream Constraint;No Voltage Constraint;R;North Avenue;No;Menston;Bradford West;Amber - Fault Level;Amber - Fault Level;Amber;Amber;53.90890725472084, -1.6889630314626454;92.1568632125854
North Street;504191.0;488798.0;Primary;11.0;24.0;2.88000011444092;10.0799999237061;0.0;0.0;0.0;0.0;13.9200000762939;9.33;13.1;25.54;32.8;0.784977555274963;5.0;No Voltage Constraint;Upstream Constraint;No Voltage Constraint;R;North Street;No;Scarborough Grid;Osbaldwick;Green;Green;Green;Green;54.28420504120279, -0.4010622189555971;78.49775552749631
North Tees T3 T4;447891.0;521875.0;Primary;11.0;31.0;-1.19999885559082;15.3733568191528;1.0;0.2;3.88;0.0;0.0;17.81;20.0;51.9;50.0;1.03799998760223;2.0;Some Voltage Constraint;Upstream Constraint;No Voltage Constraint;R;North Tees T3 T4;GSP Constraint;North Tees;Norton;"Red - Fault Level; Amber - Voltage";Red - Fault Level;Red;Red;54.589805838786496, -1.2604066574510109;103.79999876022299
Norton 132/11kV Direct;441280.0;522087.0;Primary;11.0;38.0;1.0;31.0;1.0;8.58;0.636;0.0;0.0;11.0144;25.0;35.9806;62.5;0.600635349750519;2.0;Some Voltage Constraint;Upstream Constraint;No Voltage Constraint;R;Norton 132/11kV;GSP Constraint;Norton 132/11kV;Norton;Amber - Voltage;Green;Amber;Green;54.592292499449634, -1.362673871922843;60.0635349750519
Norwood;503717.0;440538.0;Primary;11.0;23.0;3.64588975906372;15.3100004196167;0.0;3.545;0.705;0.0;6.9849995803833;8.458592;13.1216;23.14985;32.80399;0.967336595058441;6.0;No Voltage Constraint;Upstream Constraint;No Voltage Constraint;R;Norwood;No;Beverley 132/33kV;Creyke Beck;Red - Fault Level;Red - Fault Level;Red;Red;53.850727899415226, -0.4248361806742962;96.7336595058441
Oakwood Lane;433656.0;435649.0;Primary;11.0;23.0;2.24000000953674;7.82999992370605;1.0;0.0;0.0;0.0;15.1700000762939;10.1311;13.1216;25.54592;32.80399;0.910400032997131;5.0;No Voltage Constraint;Upstream Constraint;No Voltage Constraint;R;Oakwood Lane;No;Whinmoor;Ferrybridge B;Amber - Fault Level;Amber - Fault Level;Amber;Amber;53.8160392192324, -1.4903024832596057;91.0400032997131
Oatlands;430839.0;453521.0;Primary;11.0;23.0;2.50999999046326;9.59000015258789;1.0;0.0;0.0;0.0;13.4099998474121;8.76966;13.1;25.9974;33.4;0.778365254402161;1.0;Voltage Constraint;Upstream Constraint;No Voltage Constraint;R;Oatlands;No;Harrogate 132/33kV;Knaresborough;Red - Voltage;Green;Red;Green;53.9768380097911, -1.5312933790294876;77.83652544021609
Olympia Mills;462578.0;432563.0;Primary;11.0;30.0;3.14000010490417;16.5900001525879;1.0;0.0;0.0;0.0;13.4099998474121;9.128706;19.99731;25.06822;49.99329;0.855962336063385;2.0;Some Voltage Constraint;Upstream Constraint;No Voltage Constraint;R;Olympia Mills;No;Osgodby 3/4;Drax;Amber - Voltage;Green;Amber;Green;53.78563660979293, -1.0517014692939053;85.5962336063385
Orgreave;441857.0;386945.0;Primary;11.0;23.0;2.03999996185303;6.60061359405518;0.5;0.0;0.0;0.0;0.0;7.916196;13.1216;20.85918;32.80399;1.00065362453461;4.0;No Voltage Constraint;Upstream Constraint;No Voltage Constraint;R;Orgreave;GSP Constraint;Attercliffe;West Melton / Thorpe Marsh;Red - Fault Level;Red - Fault Level;Red;Red;53.377707958811584, -1.372270262188055;100.065362453461
Osgodby 3/4;463930.0;432836.0;Supply Point;33.0;108.0;1.39999997615814;43.5499992370605;1.0;184.886;2.0992;0.0;62.3508007629394;13.66593;17.49546;37.43864;43.73866;0.855962336063385;0.0;Data Not Available;NO;Data Not Available;R;Osgodby 3/4;NO;Drax;Drax;Green;Green;Green;Green;53.78792600501533, -1.0311281371250933;85.5962336063385
Ottringham Road;525526.0;425412.0;Primary;11.0;15.0;0.0;0.324999988079071;1.0;0.0;0.0;0.0;0.0;11.49455;13.1216;28.64429;32.80399;0.876002311706543;1.0;Voltage Constraint;Upstream Constraint;No Voltage Constraint;R;Ottringham Road;GSP Constraint;Hull East 132/33kV;Saltend North;Red - Voltage;Green;Red;Green;53.710043233829495, -0.09964224118765581;87.6002311706543
Outwood;432369.0;424729.0;Primary;11.0;23.0;3.60999989509583;11.2700004577637;0.0;0.0;0.0;3.60999989509583;11.7299995422363;10.80613;13.1216;28.59808;32.80399;0.871786594390869;6.0;No Voltage Constraint;GSP Constraint;No Voltage Constraint;R;Outwood;No;Wakefield North;Skelton Grange;Green;Green;Green;Green;53.717975242167164, -1.5109902859405273;87.1786594390869
Park Street Direct;441698.0;393050.0;Primary;11.0;39.0;4.0;14.0;1.0;0.0;0.0;0.0;0.0;10.23997;13.1216;28.50876;32.80399;1.00065362453461;8.0;No Voltage Constraint;Upstream Constraint;No Voltage Constraint;R;Park Street;GSP Constraint;Park Street;West Melton / Thorpe Marsh;Red - Fault Level;Red - Fault Level;Red;Red;53.432592315214116, -1.3738553605557198;100.065362453461
Pontefract Lane 1/2;432389.0;432468.0;Primary;11.0;23.0;1.99000000953674;13.8000001907349;0.0;0.0;0.0;1.99000000953674;9.19999980926514;8.607709;13.1216;23.87279;32.80399;0.916205048561096;5.0;No Voltage Constraint;GSP Constraint;No Voltage Constraint;R;Pontefract Lane 1/2;No;Leeds East;Skelton Grange;Amber - Fault Level;Amber - Fault Level;Amber;Amber;53.787529777493035, -1.5098786764896068;91.62050485610959
Poppleton;457043.0;453520.0;GSP;33.0;120.0;12.0;38.0;1.0;652.063;17.75;0.0;64.25;11.22;17.5;32.53;44.6;0.729372203350067;0.0;Data Not Available;NGET;Data Not Available;R;Poppleton;NGET;NGET;Poppleton;Green;Green;Green;Green;53.97460772825801, -1.1318060432433281;72.9372203350067
Queensbury;411368.0;429418.0;Primary;11.0;24.0;2.73000001907349;13.75;1.0;0.0;0.0;0.0;10.25;9.301694;13.1216;24.55354;32.80399;0.921568632125854;10.0;No Voltage Constraint;Upstream Constraint;No Voltage Constraint;R;Queensbury;No;Holmfield;Bradford West;Amber - Fault Level;Amber - Fault Level;Amber;Amber;53.760995399567385, -1.8290448350244124;92.1568632125854
Ravensworth;426050.0;557228.0;Supply Point;66.0;87.2;15.8699998855591;48.75;1.0;81.78897;6.8102;0.0;0.0;7.42;25.0;20.81;62.5;1.05919992923737;0.0;Data Not Available;NO;Data Not Available;R;Ravensworth;Upstream Constraint;Stella South;Stella South;Red - Fault Level;Red - Fault Level;Red;Red;54.9090910643867, -1.595226443807873;105.919992923737
Rawcliffe;469810.0;421189.0;Primary;11.0;8.0;1.16999995708466;4.03000020980835;1.0;6.0;0.632;0.0;3.33799979019165;5.357842;16.0;13.33249;40.0;0.729298114776611;3.0;Some Voltage Constraint;Upstream Constraint;No Voltage Constraint;R;Rawcliffe;No;Camblesforth;Camblesforth;Amber - Voltage;Green;Amber;Green;53.68250597862967, -0.9445202894612987;72.9298114776611
Rawcliffe Lane;458695.0;454111.0;Primary;11.0;22.0;4.06999969482422;15.7414741516113;1.0;0.086;0.75;0.0;5.50852584838867;11.27;13.1;31.19;33.4;0.933832287788391;1.0;Voltage Constraint;Upstream Constraint;No Voltage Constraint;R;Rawcliffe Lane;No;Melrosegate;Osbaldwick;"Red - Voltage; Amber - Fault Level";Amber - Fault Level;Red;Amber;53.97973427078087, -1.1065092333887676;93.3832287788391
Rawmarsh Road 1_2 Direct;442853.0;393468.0;Primary;11.0;39.0;7.0;23.0;1.0;0.0;0.0;0.0;0.0;9.890511;13.1216;28.71803;32.80399;1.00065362453461;8.0;No Voltage Constraint;Upstream Constraint;No Voltage Constraint;R;Rawmarsh Road 1_2;GSP Constraint;Rawmarsh Road 1_2;West Melton / Thorpe Marsh;Red - Fault Level;Red - Fault Level;Red;Red;53.43625692720961, -1.3564155122587092;100.065362453461
Rawson Road;415999.0;433398.0;Primary;11.0;23.0;2.21000003814697;10.0900001525879;0.0;0.0;0.0;0.0;12.9099998474121;8.998515;13.1216;24.47246;32.80399;0.921568632125854;6.0;No Voltage Constraint;Upstream Constraint;No Voltage Constraint;R;Rawson Road;No;Girlington;Bradford West;Amber - Fault Level;Amber - Fault Level;Amber;Amber;53.79664666532374, -1.7585954065220846;92.1568632125854
Richmond T1;418200.0;501775.0;Primary;11.0;24.0;1.91999995708466;10.8100004196167;0.5;0.0;0.0;0.0;0.0;8.07;13.1;20.98;33.4;0.822285711765289;1.0;Voltage Constraint;Upstream Constraint;No Voltage Constraint;R;Richmond T1;GSP Constraint;Leeming Bar/Skeeby;Norton;Red - Voltage;Green;Red;Green;54.41110557863428, -1.7210922453257638;82.2285711765289
Richmond T2;418200.0;501775.0;Primary;11.0;24.0;-0.949999988079071;4.80000019073486;0.5;0.0;0.0;0.0;0.0;8.07;13.1;20.98;33.4;0.847533643245697;1.0;Voltage Constraint;Upstream Constraint;No Voltage Constraint;R;Richmond T2;GSP Constraint;Darlington North;Norton;Red - Voltage;Green;Red;Green;54.41110557863428, -1.7210922453257638;84.7533643245697
Rise Carr;428615.0;516869.0;Primary;6.0;23.0;1.95000004768372;9.11999988555908;1.0;0.0;0.0;0.0;0.0;13.56;21.9;41.48;55.8;0.847533643245697;1.0;Voltage Constraint;Upstream Constraint;No Voltage Constraint;R;Rise Carr;GSP Constraint;Darlington North;Norton;Red - Voltage;Green;Red;Green;54.54627357593692, -1.5591729616725991;84.7533643245697
Romanby;435677.0;492497.0;Primary;11.0;8.0;0.779999971389771;3.42000007629395;1.0;0.0;0.0;0.0;0.0;4.15;25.0;10.17;62.5;0.822285711765289;6.0;No Voltage Constraint;Upstream Constraint;No Voltage Constraint;R;Romanby;GSP Constraint;Leeming Bar/Skeeby;Norton;Green;Green;Green;Green;54.32680579988951, -1.4529360402687364;82.2285711765289
Saint Andrews Road 132/33kV;415144.0;417197.0;Supply Point;33.0;64.4;7.01999998092651;49.310001373291;1.0;1.439;9.525;44.3775000000001;5.56499862670899;10.82177;17.49546;29.39236;43.73866;0.67199969291687;0.0;Data Not Available;NO;Data Not Available;R;Saint Andrews Road 132/33kV;NO;Skelton Grange;Skelton Grange;Green;Green;Green;Green;53.65105754061174, -1.7723621663387958;67.199969291687
Saltholme;449281.0;523654.0;GSP;132.0;260.0;-127.0;78.0;1.0;291.41;121.952;0.0;60.048;14.04;20.0;38.66;50.0;0.77319997549057;0.0;Data Not Available;NGET;Data Not Available;R;Saltholme;NGET;NGET;Saltholme;Green;Green;Green;Green;54.60565858338173, -1.2386005458986904;77.31999754905699
Saxon Road;434939.0;384852.0;Primary;11.0;24.0;2.6800000667572;11.2799997329712;0.0;0.0;0.0;2.6800000667572;12.7200002670288;11.24473;13.1216;30.3292;32.80399;1.0459953546524;10.0;No Voltage Constraint;No;No Voltage Constraint;G;Saxon Road;No;Norton Lees;Norton Lees;Red - Fault Level;Red - Fault Level;Red;Red;53.359396850862375, -1.476486858283624;104.59953546524
Scarborough Grid;503373.0;486618.0;Supply Point;33.0;100.0;26.5699996948242;68.7699966430664;1.0;89.798;0.8144;0.0;30.4156033569336;13.18;17.5;35.01;44.6;0.784977555274963;0.0;Data Not Available;NO;Data Not Available;R;Scarborough Grid;NO;Osbaldwick;Osbaldwick;Green;Green;Green;Green;54.264786241217244, -0.4143739412813021;78.49775552749631
Scartho;526055.0;405924.0;Primary;11.0;23.0;3.53999996185303;18.2399997711182;1.0;2.42;0.872;0.0;0.0;7.227665;13.1216;17.52216;32.80399;0.750512838363647;8.0;No Voltage Constraint;Upstream Constraint;No Voltage Constraint;R;Scartho;GSP Constraint;Yarborough Road 132/33kV;Grimsby West;Green;Green;Green;Green;53.53485026929107, -0.09951444720446262;75.0512838363647
Severus Hill;457949.0;451846.0;Primary;11.0;24.0;3.59999990463257;12.9700002670288;0.0;0.0;0.0;0.0;11.0299997329712;9.5699;13.1;27.6339;32.8;0.842496931552887;6.0;No Voltage Constraint;Upstream Constraint;No Voltage Constraint;R;Severus Hill;No;Poppleton;Poppleton;Green;Green;Green;Green;53.95946355103885, -1.1183123676309201;84.2496931552887
Silsden;405115.0;445895.0;Supply Point;33.0;108.0;14.4700002670288;77.4499969482422;1.0;40.9;1.8625;0.0;28.6875030517578;13.277;13.1216;38.08421;32.80399;1.16096258163452;0.0;Data Not Available;NO;Data Not Available;R;Silsden;NO;Bradford West;Bradford West;Red - Fault Level;Red - Fault Level;Red;Red;53.90918640573602, -1.9236248894830266;116.09625816345199
Simonside;434402.0;564453.0;Primary;11.0;24.0;2.95000004768372;11.4300003051758;0.5;0.995;1.0;13.9550000476837;11.5699996948242;9.51;13.1;27.28;32.8;1.04282510280609;2.0;Some Voltage Constraint;No;No Voltage Constraint;G;Simonside;No;South Shields;South Shields;"Red - Fault Level; Amber - Voltage";Red - Fault Level;Red;Red;54.97351045422601, -1.4641033605624827;104.282510280609
Skillings Lane;494181.0;426368.0;Primary;11.0;24.0;-0.579999983310699;9.47999954223633;0.5;1.507;5.608;0.0;8.91200045776367;8.035013;19.94483;20.93858;49.86207;0.826030850410461;5.0;No Voltage Constraint;Upstream Constraint;No Voltage Constraint;R;Skillings Lane;No;Hull West;Creyke Beck;Green;Green;Green;Green;53.72522258810669, -0.5740689058715255;82.6030850410461
Skipton;399882.0;451256.0;Primary;11.0;19.0;2.82646155357361;13.2200002670288;1.0;0.0;0.0;0.0;5.77999973297119;7.743495;19.99731;19.42215;49.99329;1.16096258163452;8.0;No Voltage Constraint;Upstream Constraint;No Voltage Constraint;R;Skipton;No;Silsden;Bradford West;Red - Fault Level;Red - Fault Level;Red;Red;53.957393807482056, -2.003286090120964;116.09625816345199
Smith Street;443730.0;426373.0;Primary;11.0;19.0;1.87000000476837;6.69999980926514;0.5;1.2;1.56;0.0;10.7400001907349;7.865087;13.1216;20.6449;32.80399;0.910400032997131;7.0;No Voltage Constraint;Upstream Constraint;No Voltage Constraint;R;Smith Street;No;Kirkhaw Lane;Ferrybridge B;Amber - Fault Level;Amber - Fault Level;Amber;Amber;53.73192483459678, -1.33861624834045;91.0400032997131
Smithy Green;434909.0;408660.0;Primary;11.0;8.0;1.13999998569489;4.76000022888184;0.0;0.0;0.0;1.13999998569489;3.23999977111816;4.896772;13.1216;12.23302;32.80399;1.0;4.0;No Voltage Constraint;GSP Constraint;No Voltage Constraint;R;Smithy Green;No;Barugh 132/66kV;West Melton Section 3;Red - Fault Level;Red - Fault Level;Red;Red;53.573387031600625, -1.474301702054801;100.0
South Kirkby;444241.0;411812.0;Primary;11.0;23.0;2.79999995231628;10.3249597549438;0.0;0.0;0.0;0.0;12.6750402450562;10.88618;25.0;27.82207;62.5;0.807755649089813;6.0;No Voltage Constraint;Upstream Constraint;No Voltage Constraint;R;South Kirkby;No;Ferrybridge A;Ferrybridge A;Green;Green;Green;Green;53.601014250177215, -1.3329402454842767;80.7755649089813
South Reston;540832.0;382763.0;Primary;11.0;8.0;-2.94000005722046;3.25999999046326;0.0;0.0;0.0;0.0;0.0;3.090748;13.1216;7.073636;32.80399;1.0;11.0;No Voltage Constraint;Upstream Constraint;No Voltage Constraint;R;South Reston;GSP Constraint;Wold Newton;Keadby;Red - Fault Level;Red - Fault Level;Red;Red;53.32306016825728, 0.11294146389141302;100.0
South Shields;435311.0;564439.0;GSP;33.0;100.0;-9.0;48.0;1.0;36.845;23.915;54.155;28.085;16.02;17.5;46.51;44.6;1.04282510280609;0.0;Data Not Available;NGET;Data Not Available;G;South Shields;NGET;NGET;South Shields;Red - Fault Level;Red - Fault Level;Red;Red;54.9733212924071, -1.4499053921239111;104.282510280609
Southgate;488141.0;441451.0;Primary;11.0;8.0;1.11899995803833;5.49481582641602;0.0;0.083;0.4268;0.0;2.07838417358398;4.849576;13.1216;12.05546;32.80399;0.967336595058441;1.0;Voltage Constraint;Upstream Constraint;No Voltage Constraint;R;Southgate;No;Beverley 132/33kV;Creyke Beck;"Red - Fault Level; Red - Voltage";Red - Fault Level;Red;Red;53.861805070328884, -0.6612744697612207;96.7336595058441
Spark Mill Lane;504250.0;439014.0;Primary;11.0;23.0;4.19000005722046;15.6599998474121;0.5;0.0;0.0;0.0;7.34000015258789;9.628655;13.1216;26.51754;32.80399;0.967336595058441;6.0;No Voltage Constraint;Upstream Constraint;No Voltage Constraint;R;Spark Mill Lane;No;Beverley 132/33kV;Creyke Beck;Red - Fault Level;Red - Fault Level;Red;Red;53.83692900411982, -0.41725375772489814;96.7336595058441
Starbeck;432965.0;455789.0;Primary;11.0;21.0;6.26999998092651;20.9300003051758;1.0;3.853;1.9;0.0;0.0;8.74;13.1;24.91;33.4;0.745808362960815;1.0;Voltage Constraint;Upstream Constraint;No Voltage Constraint;R;Starbeck;No;Harrogate 132/33kV;Knaresborough;Red - Voltage;Green;Red;Green;53.997090546507934, -1.4986354356155682;74.5808362960815
Staygate;416586.0;430075.0;Supply Point;33.0;123.0;22.4400005340576;65.0100021362305;1.0;2.228;4.12;44.3775000000001;53.8699978637695;11.61541;25.01851;31.51714;62.54628;0.503901124000549;0.0;Data Not Available;NO;Data Not Available;R;Staygate;NO;Skelton Grange;Skelton Grange;Green;Green;Green;Green;53.76676164495374, -1.74986156771212;50.390112400054896
Stella North;417738.0;564838.0;GSP;132.0;260.0;45.0;186.0;1.0;578.607;37.4687;0.0;36.5313;18.19;25.0;52.72;62.5;0.843520045280457;0.0;Data Not Available;NGET;Data Not Available;R;Stella North;NGET;NGET;Stella North;Green;Green;Green;Green;54.97783789648063, -1.7243999186178938;84.3520045280457
Stokesley;452736.0;509334.0;Primary;11.0;13.0;0.259999990463257;8.65999984741211;1.0;0.0;0.0;0.0;0.0;8.06;25.0;20.71;62.5;0.839910328388214;2.0;Some Voltage Constraint;Upstream Constraint;No Voltage Constraint;R;Stokesley;GSP Constraint;Bowesfield;Norton;Amber - Voltage;Green;Amber;Green;54.47663199023074, -1.1876788970217242;83.9910328388214
Stoney Cut;441329.0;546941.0;Primary;20.0;32.0;-1.75;17.7900009155273;1.0;9.416;0.375;0.0;13.8349990844727;7.06;20.0;20.2;50.0;0.643010795116425;1.0;Voltage Constraint;Upstream Constraint;No Voltage Constraint;R;Stoney Cut;No;Hawthorn Pit Grid;Hawthorn Pit Grid;Red - Voltage;Green;Red;Green;54.81562741919829, -1.3584017520469822;64.3010795116425
Stow;487063.0;381434.0;Primary;11.0;6.0;-9.52000045776367;4.8600001335144;1.0;0.0;0.0;0.0;0.0;5.221426;13.1216;12.61551;32.80399;1.0;10.0;No Voltage Constraint;Upstream Constraint;No Voltage Constraint;R;Stow;GSP Constraint;Blyton;Keadby;Red - Fault Level;Red - Fault Level;Red;Red;53.32267988745902, -0.6943917302803259;100.0
Swan Bank Lane;409878.0;424529.0;Primary;11.0;24.0;3.8199999332428;10.5699996948242;0.0;0.0;0.0;0.0;13.4300003051758;9.960871;13.1216;26.8435;32.80399;0.818299770355225;6.0;No Voltage Constraint;Upstream Constraint;No Voltage Constraint;R;Swan Bank Lane;No;Halifax 132/33kV;Elland;Green;Green;Green;Green;53.717083048205936, -1.851800111030471;81.8299770355225
Sweet Street;429341.0;432601.0;Primary;11.0;30.0;2.27687215805054;7.17921543121338;1.0;0.3;6.8008;29.5015007629395;15.3108033569336;9.434293;19.99731;26.50865;49.99329;0.72975492477417;6.0;No Voltage Constraint;GSP Constraint;No Voltage Constraint;R;Sweet Street;Upstream Constraint;Low Road;Skelton Grange;Green;Green;Green;Green;53.788905192403995, -1.5561271751540557;72.975492477417
Tanfield;419230.0;554621.0;Primary;11.0;32.0;3.29999995231628;12.1599998474121;0.0;0.0;0.0;0.0;0.0;9.08;13.1;26.44;32.8;1.05919992923737;3.0;Some Voltage Constraint;Upstream Constraint;No Voltage Constraint;R;Tanfield;GSP Constraint;Annfield;Stella South;"Red - Fault Level; Amber - Voltage";Red - Fault Level;Red;Red;54.8859715717608, -1.7017692414582373;105.919992923737
Tankersley Park;435226.0;398062.0;Primary;11.0;23.0;7.96999979019165;19.8400001525879;0.0;0.55;0.8;0.0;2.35999984741211;10.48347;16.00835;28.29401;40.02087;1.0;5.0;No Voltage Constraint;Upstream Constraint;No Voltage Constraint;R;Tankersley Park;No;West Melton;West Melton Section 3;Red - Fault Level;Red - Fault Level;Red;Red;53.47811127808617, -1.47070308354686;100.0
Templeborough 33/11kV;441186.0;391396.0;Primary;11.0;23.0;2.03999996185303;12.8699998855591;0.0;0.0;0.0;0.0;0.0;11.63403;13.1216;30.5272;32.80399;1.00065362453461;5.0;No Voltage Constraint;Upstream Constraint;No Voltage Constraint;R;Templeborough 33/11kV;GSP Constraint;Blackburn Meadows B;West Melton / Thorpe Marsh;Red - Fault Level;Red - Fault Level;Red;Red;53.41776629804294, -1.3817767748861751;100.065362453461
Thornhill 132kV;422987.0;420182.0;Supply Point;33.0;114.0;15.0699996948242;81.129997253418;1.0;43.705;9.1604;0.0;23.709602746582;13.87952;21.9918;39.18298;54.97949;0.712683498859406;0.0;Data Not Available;NO;Data Not Available;R;Thornhill 132kV;NO;Elland;Elland;Green;Green;Green;Green;53.67760259235987, -1.653487881315149;71.2683498859406
Thorpe Road;476293.0;429221.0;Primary;11.0;24.0;0.479999989271164;15.039999961853;0.0;10.624;0.1792;0.0;8.78080003814697;9.41429;13.1216;24.12815;32.80399;0.855962336063385;11.0;No Voltage Constraint;Upstream Constraint;No Voltage Constraint;R;Thorpe Road;No;Osgodby 3/4;Drax;Green;Green;Green;Green;53.75377870270522, -0.8444090926232424;85.5962336063385
Tinsley Wire Industries;439495.0;390289.0;Primary;11.0;24.0;0.670000016689301;4.51000022888184;0.0;0.57;5.5;0.0;0.0;10.42477;13.1216;27.46756;32.80399;1.00065362453461;9.0;No Voltage Constraint;Upstream Constraint;No Voltage Constraint;R;Tinsley Wire Industries;GSP Constraint;Blackburn Meadows B;West Melton / Thorpe Marsh;Red - Fault Level;Red - Fault Level;Red;Red;53.40794544681387, -1.407356480994735;100.065362453461
Toller Lane;413854.0;434924.0;Primary;11.0;23.0;5.22463369369507;9.43027019500732;1.0;0.0;0.0;0.0;13.5697298049927;10.8038;13.1216;27.93018;32.80399;0.921568632125854;5.0;No Voltage Constraint;Upstream Constraint;No Voltage Constraint;R;Toller Lane;No;Girlington;Bradford West;Amber - Fault Level;Amber - Fault Level;Amber;Amber;53.81042323414031, -1.7910909706089564;92.1568632125854
Toronto 66/20kV;419280.0;530982.0;Primary;20.0;40.0;4.1100001335144;14.9899997711182;1.0;0.0;0.0;0.0;25.0100002288818;6.43;9.2;20.88;23.5;0.888510584831238;6.0;No Voltage Constraint;Upstream Constraint;No Voltage Constraint;R;Toronto 66/20kV;No;Toronto;Spennymoor GSP;Green;Green;Green;Green;54.67354107947762, -1.7025512557628952;88.85105848312381
Usworth;432348.0;558068.0;Primary;11.0;24.0;0.449999988079071;15.4899997711182;1.0;0.55;2.0;23.8999999880791;6.51000022888184;9.11;20.0;27.82;50.0;0.931003630161285;3.0;Some Voltage Constraint;GSP Constraint;No Voltage Constraint;R;Usworth;No;West Boldon;West Boldon;"Amber - Voltage; Amber- Fault level";Amber - Fault Level;Amber;Amber;54.91627261850323, -1.496906120473945;93.1003630161285
Varley Street;421977.0;434225.0;Primary;11.0;23.0;3.6800000667572;12.5600004196167;1.0;0.0;0.0;26.6800000667572;10.4399995803833;11.58898;16.00835;32.17661;40.02087;0.803995728492737;6.0;No Voltage Constraint;GSP Constraint;No Voltage Constraint;R;Varley Street;No;Rodley;Skelton Grange;Green;Green;Green;Green;53.80386276816305, -1.6677843121878069;80.39957284927371
Walesby;511809.0;390044.0;Primary;11.0;8.0;2.04999995231628;5.61999988555908;1.0;0.351;0.2376;0.0;0.0;3.861681;19.99731;9.046556;49.99329;1.0;6.0;No Voltage Constraint;Upstream Constraint;No Voltage Constraint;R;Walesby;GSP Constraint;Wold Newton;Keadby;Red - Fault Level;Red - Fault Level;Red;Red;53.39539695647566, -0.31999724523468864;100.0
Walker;429654.0;564732.0;Primary;11.0;23.0;3.85999989509583;13.9200000762939;0.5;0.0;0.0;15.3599998950958;9.07999992370605;8.38;13.1;24.22;32.8;0.931003630161285;3.0;Some Voltage Constraint;GSP Constraint;No Voltage Constraint;R;Walker;No;West Boldon;West Boldon;"Amber - Voltage; Amber- Fault level";Amber - Fault Level;Amber;Amber;54.976321532464645, -1.5382450153331018;93.1003630161285
Wardley;430182.0;562782.0;Primary;5.75;19.0;1.75;7.5;1.0;0.0;0.0;20.75;11.5;15.52;13.1;39.2;33.4;1.18473279476166;1.0;Voltage Constraint;GSP Constraint;No Voltage Constraint;R;Wardley;No;West Boldon;West Boldon;"Red - Fault Level; Red - Voltage";Red - Fault Level;Red;Red;54.95876745122894, -1.5302007599943213;118.473279476166
Warren Lane;444486.0;441875.0;Primary;11.0;8.0;0.300000011920929;4.1399998664856;0.5;0.0;0.0;0.0;3.8600001335144;5.311;16.00835;14.61402;40.02087;0.910400032997131;8.0;No Voltage Constraint;Upstream Constraint;No Voltage Constraint;R;Warren Lane;No;Bramham;Ferrybridge B;Amber - Fault Level;Amber - Fault Level;Amber;Amber;53.87118262919653, -1.324924360626962;91.0400032997131
Weeland Road;450157.0;423597.0;Primary;11.0;23.0;7.59000015258789;20.0300006866455;0.0;0.0;0.0;0.0;2.96999931335449;11.3804;13.1216;32.0323;32.80399;0.976475715637207;14.0;No Voltage Constraint;Upstream Constraint;Some Voltage Constraint;R;Weeland Road;No;Kirkhaw Lane;Ferrybridge B;Red - Fault Level;"Red - Fault Level; Amber - Voltage";Red;Red;53.70639914312751, -1.2416529386060997;97.6475715637207
West Docks;507307.0;427233.0;Primary;11.0;23.0;2.9300000667572;11.4300003051758;0.0;0.0;0.0;0.0;11.5699996948242;8.564014;13.1216;24.2115;32.80399;0.855191946029663;7.0;No Voltage Constraint;Upstream Constraint;No Voltage Constraint;R;West Docks;No;Hull South;Creyke Beck;Green;Green;Green;Green;53.73046279294094, -0.3749139136848616;85.5191946029663
West End Lane;460565.0;398539.0;Primary;11.0;23.0;0.0;11.3400001525879;1.0;0.0;0.0;0.0;0.0;10.67022;25.0;27.67761;62.5;1.00065362453461;5.0;No Voltage Constraint;Upstream Constraint;No Voltage Constraint;R;West End Lane;GSP Constraint;Doncaster B/Thorpe Marsh;West Melton / Thorpe Marsh;Red - Fault Level;Red - Fault Level;Red;Red;53.48009854173628, -1.0888597638608888;100.065362453461
West Melton;441439.0;400680.0;Supply Point;66.0;141.0;29.5799999237061;102.230003356934;0.0;122.134;8.013;0.0;30.7569966430664;9.88212;13.1216;28.44797;32.80399;1.0;0.0;Data Not Available;NO;Data Not Available;R;West Melton;NO;West Melton Section 3;West Melton Section 3;Red - Fault Level;Red - Fault Level;Red;Red;53.50119053998194, -1.3767500922867972;100.0
West Melton Section 3;441300.0;400676.0;GSP;132.0;360.0;112.0;212.0;1.0;361.56;23.7005;110.44;124.2995;40.0;40.0;100.0;100.0;1.0;0.0;Data Not Available;NGET;Data Not Available;R;West Melton Section 3;NGET;NGET;West Melton Section 3;Red - Fault Level;Red - Fault Level;Red;Red;53.501165490271646, -1.3788459943160973;100.0
West Wylam;410436.0;563372.0;Primary;20.0;30.0;6.19999980926514;19.7199993133545;0.0;1.65;3.312;0.0;0.0;5.92;12.5;23.85;31.2;1.05919992923737;2.0;Some Voltage Constraint;Upstream Constraint;No Voltage Constraint;R;West Wylam;GSP Constraint;Coalburns;Stella South;"Red - Fault Level; Amber - Voltage";Red - Fault Level;Red;Red;54.964868917618396, -1.8385357671118174;105.919992923737
Westoe;437251.0;567023.0;Primary;11.0;24.0;3.25999999046326;11.539999961853;0.5;0.0;0.0;15.2599999904633;12.460000038147;9.26;13.1;25.58;32.8;1.04282510280609;1.0;Voltage Constraint;No;No Voltage Constraint;G;Westoe;No;South Shields;South Shields;"Red - Fault Level; Red - Voltage";Red - Fault Level;Red;Red;54.996399612434985, -1.4192655811370884;104.282510280609
Wheatacre Road;427331.0;398151.0;Primary;11.0;7.0;2.23000001907349;7.90999984741211;0.0;0.0;0.0;2.23000001907349;0.0;4.997462;13.1216;13.28246;32.80399;1.0;5.0;No Voltage Constraint;GSP Constraint;No Voltage Constraint;R;Wheatacre Road;No;Hunshelf;West Melton Section 3;Red - Fault Level;Red - Fault Level;Red;Red;53.47937859006656, -1.5896488238442061;100.0
Whitby T2;489993.0;510069.0;Primary;11.0;19.0;1.20000076293945;6.67000007629395;1.0;0.0;0.0;0.0;12.3299999237061;7.68;20.0;19.13;50.0;0.700653612613678;2.0;Some Voltage Constraint;Upstream Constraint;No Voltage Constraint;R;Whitby T2;No;Malton Grid;Osbaldwick;Amber - Voltage;Green;Amber;Green;54.47800667911013, -0.6126470852137954;70.0653612613678
Whitby West T1;488525.0;510274.0;Primary;11.0;19.0;0.959999978542328;4.67000007629395;1.0;0.0;0.0;0.0;14.3299999237061;7.21;13.1;18.27;32.8;0.784977555274963;2.0;Some Voltage Constraint;Upstream Constraint;No Voltage Constraint;R;Whitby West T1;No;Scarborough Grid;Osbaldwick;Amber - Voltage;Green;Amber;Green;54.48010627828065, -0.6352342464457756;78.49775552749631
Whitehall Road 2/3;429521.0;433314.0;Primary;11.0;30.0;1.79999995231628;7.23999977111816;1.0;0.3325;5.966;29.5015007629395;15.3108033569336;8.65293;19.99731;22.15299;49.99329;0.72975492477417;6.0;No Voltage Constraint;GSP Constraint;No Voltage Constraint;R;Whitehall Road 2/3;Upstream Constraint;Low Road;Skelton Grange;Green;Green;Green;Green;53.79530327845111, -1.553327093517576;72.975492477417
Whitehall Road 4/5;429536.0;433261.0;Primary;11.0;19.0;1.60000002384186;7.23999977111816;1.0;0.0;0.0;20.6000000238419;11.7600002288818;11.05496;13.1216;28.07388;32.80399;0.855806708335876;4.0;No Voltage Constraint;GSP Constraint;No Voltage Constraint;R;Whitehall Road 4/5;No;Beeston Royds 132/33kV;Kirkstall B;Green;Green;Green;Green;53.79482608328595, -1.553104449118475;85.5806708335876
Wold Newton;521580.0;399575.0;Supply Point;33.0;99.0;0.0;44.7900009155273;1.0;47.446;1.4891;0.0;0.0;11.18618;24.98352;27.60762;62.4588;1.0;0.0;Data Not Available;NO;Data Not Available;R;Wold Newton;Upstream Constraint;Keadby;Keadby;Red - Fault Level;Red - Fault Level;Red;Red;53.478865727921864, -0.16945561076167398;100.0
Woolley;431141.0;411244.0;Primary;11.0;23.0;1.65593862533569;8.28102016448975;0.0;0.0;0.0;1.65593862533569;14.7189798355103;9.172987;13.1216;24.23469;32.80399;1.0;4.0;No Voltage Constraint;GSP Constraint;No Voltage Constraint;R;Woolley;No;Barugh 132/66kV;West Melton Section 3;Red - Fault Level;Red - Fault Level;Red;Red;53.59684833033986, -1.5309441383150617;100.0
Wormald Green 132/33kV;431336.0;464438.0;Supply Point;33.0;72.0;-15.6000003814697;42.6300010681152;1.0;66.1896;12.2184;0.0;17.1515989318848;9.9;17.5;26.49;44.6;0.593946218490601;0.0;Data Not Available;NO;Data Not Available;R;Wormald Green 132/33kV;NO;Knaresborough;Knaresborough;Green;Green;Green;Green;54.07492259291315, -1.5225942604937643;59.3946218490601
Worsbrough Park;435792.0;402447.0;Primary;11.0;23.0;3.22000002861023;12.2399997711182;0.0;0.096;0.763;0.0;9.99700022888184;6.920084;13.1216;16.20987;32.80399;1.0;4.0;No Voltage Constraint;Upstream Constraint;No Voltage Constraint;R;Worsbrough Park;No;West Melton;West Melton Section 3;Red - Fault Level;Red - Fault Level;Red;Red;53.517485658841146, -1.4616765939489273;100.0
Wynyard;444180.0;527380.0;Primary;11.0;40.0;-24.0;6.17000007629395;1.0;6.197;5.6584;0.0;17.7963;10.45;25.0;28.99;62.5;0.577598571777344;1.0;Voltage Constraint;Upstream Constraint;No Voltage Constraint;R;Wynyard;Upstream Constraint;Hartmoor;Hartmoor;Red - Voltage;Green;Red;Green;54.63961137504836, -1.3170017064613915;57.759857177734396
Yedingham;489900.0;478100.0;Primary;11.0;8.0;0.458924233913422;1.86000001430511;1.0;0.0;0.0;0.0;6.13999998569489;4.42;25.0;12.4;62.5;0.700653612613678;2.0;Some Voltage Constraint;Upstream Constraint;No Voltage Constraint;R;Yedingham;No;Malton Grid;Osbaldwick;Amber - Voltage;Green;Amber;Green;54.19079650031152, -0.6237072351619348;70.0653612613678
Acklam;448851.0;517206.0;Primary;11.0;23.0;4.71999979019165;17.8600006103516;0.5;0.556;0.7964;0.0;0.0;8.32;13.1;24.78;32.8;0.839910328388214;2.0;Some Voltage Constraint;Upstream Constraint;No Voltage Constraint;R;Acklam;GSP Constraint;Bowesfield;Norton;Amber - Voltage;Green;Amber;Green;54.54775847569454, -1.246326278826524;83.9910328388214
Airedale Road;407402.0;441554.0;Primary;11.0;23.0;2.35999989509583;10.6499996185303;1.0;0.29;0.365;0.0;11.9850003814697;8.048748;25.0;19.0916;62.5;0.921568632125854;5.0;No Voltage Constraint;Upstream Constraint;No Voltage Constraint;R;Airedale Road;No;Bingley 132/33kV;Bradford West;Amber - Fault Level;Amber - Fault Level;Amber;Amber;53.870143254852806, -1.8889153225395492;92.1568632125854
Alfred Gelder Street;510116.0;428910.0;Primary;11.0;24.0;2.99000000953674;13.0600004196167;0.0;0.178;2.8;0.0;8.1399995803833;10.36415;13.1216;27.27888;32.80399;0.855191946029663;12.0;No Voltage Constraint;Upstream Constraint;No Voltage Constraint;R;Alfred Gelder Street;No;Hull South;Creyke Beck;Green;Green;Green;Green;53.744944627165886, -0.3317579777074842;85.5191946029663
Allerton Hill T2;430431.0;437255.0;Primary;11.0;23.0;0.550000011920929;7.8600001335144;0.0;0.0;0.0;0.550000011920929;15.1399998664856;12.35682;13.1216;31.54896;32.80399;0.961741328239441;4.0;No Voltage Constraint;GSP Constraint;No Voltage Constraint;R;Allerton Hill T2;No;Leeds North;Skelton Grange;Red - Fault Level;Red - Fault Level;Red;Red;53.830671359579, -1.539124821749924;96.1741328239441
Amberton Road;450748.0;533791.0;Primary;11.0;40.0;7.59999990463257;24.8199996948242;1.0;1.488;3.912;0.0;11.2680003051758;9.07;25.0;28.05;62.5;0.577598571777344;3.0;Some Voltage Constraint;Upstream Constraint;No Voltage Constraint;R;Amberton Road;No;Hartmoor;Hartmoor;Amber - Voltage;Green;Amber;Green;54.696603056952014, -1.2141374157336735;57.759857177734396
Annfield;417300.0;550633.0;Supply Point;66.0;87.9;-6.5;50.5200004577637;1.0;297.739;0.9298;0.0;0.0;6.59;13.1;18.22;33.4;1.05919992923737;0.0;Data Not Available;NO;Data Not Available;R;Annfield;Upstream Constraint;Stella South;Stella South;Red - Fault Level;Red - Fault Level;Red;Red;54.850204453886846, -1.7320913207827457;105.919992923737
Armthorpe;463453.0;405199.0;Primary;11.0;12.0;1.70000004768372;9.64000034332275;1.0;0.0;0.0;0.0;0.0;8.083049;19.94483;21.34548;49.86207;1.00065362453461;5.0;No Voltage Constraint;Upstream Constraint;No Voltage Constraint;R;Armthorpe;GSP Constraint;Doncaster B/Thorpe Marsh;West Melton / Thorpe Marsh;Red - Fault Level;Red - Fault Level;Red;Red;53.53961334145194, -1.0440034275296377;100.065362453461
Arundel Street;435348.0;386666.0;Primary;11.0;24.0;5.21999979019165;16.3099994659424;0.0;0.0;0.0;5.21999979019165;7.69000053405762;11.09433;13.1216;30.72772;32.80399;1.01314330101013;11.0;No Voltage Constraint;No;No Voltage Constraint;G;Arundel Street;No;Sheffield City;Sheffield City;Red - Fault Level;Red - Fault Level;Red;Red;53.37567438806783, -1.4701395413499967;101.31433010101301
Aycliffe Forrest;428139.0;521382.0;Primary;11.0;30.0;0.0;0.610000014305115;1.0;0.0;0.0;0.0;0.0;8.8;25.0;0.0;62.5;0.847533643245697;5.0;No Voltage Constraint;Upstream Constraint;No Voltage Constraint;R;Aycliffe Forrest;GSP Constraint;Darlington North;Norton;Green;Green;Green;Green;54.58685641510686, -1.5661006881383248;84.7533643245697
Aycliffe Industrial;428180.0;524113.0;Primary;11.0;19.0;1.28999996185303;16.8199996948242;0.0;0.0;0.0;0.0;0.0;8.44;13.1;23.38;32.8;0.847533643245697;1.0;Voltage Constraint;Upstream Constraint;No Voltage Constraint;R;Aycliffe Industrial;GSP Constraint;Darlington North;Norton;Red - Voltage;Green;Red;Green;54.611396254054505, -1.5652050530216495;84.7533643245697
Barnoldswick;388050.0;447572.0;Primary;11.0;15.0;2.26999998092651;6.65999984741211;1.0;0.0;0.0;0.0;8.34000015258789;5.639424;13.1216;13.10143;32.80399;1.16096258163452;9.0;No Voltage Constraint;Upstream Constraint;No Voltage Constraint;R;Barnoldswick;No;Silsden;Bradford West;Red - Fault Level;Red - Fault Level;Red;Red;53.92414251585042, -2.183455302504861;116.09625816345199
Barrow;508283.0;421594.0;Primary;11.0;12.0;1.64999997615814;9.57999992370605;1.0;0.0;0.0;0.0;0.0;3.915824;13.1216;9.412202;32.80399;0.871593713760376;11.0;No Voltage Constraint;Upstream Constraint;No Voltage Constraint;R;Barrow;GSP Constraint;Immingham;Grimsby West;Green;Green;Green;Green;53.67959821339581, -0.36209502330661436;87.1593713760376
Barugh 66/11kV;431977.0;408589.0;Primary;11.0;30.0;4.59999990463257;16.5207767486572;1.0;0.15;2.0;16.1699996185303;11.4792232513428;9.731243;19.99731;27.51042;49.99329;1.0;5.0;No Voltage Constraint;GSP Constraint;No Voltage Constraint;R;Barugh 66/11kV;No;Barugh 132/66kV;West Melton Section 3;Red - Fault Level;Red - Fault Level;Red;Red;53.572935148271675, -1.5185840744448296;100.0
Baslow Road;431829.0;380501.0;Primary;11.0;24.0;2.23000001907349;10.1300001144409;0.0;0.0;0.0;0.0;13.8699998855591;10.10812;13.1216;26.10761;32.80399;0.993135035037994;10.0;No Voltage Constraint;Upstream Constraint;No Voltage Constraint;G;Baslow Road;No;Jordanthorpe;Jordanthorpe;Red - Fault Level;Red - Fault Level;Red;Red;53.32048429374861, -1.5236501080358762;99.31350350379941
Batley;424710.0;423458.0;Primary;11.0;23.0;5.07000017166138;18.8700008392334;0.0;0.0;0.0;0.0;4.1299991607666;11.30821;13.1216;29.40078;32.80399;0.89625608921051;4.0;No Voltage Constraint;Upstream Constraint;No Voltage Constraint;R;Batley;No;Thornhill 132kV;Elland;Green;Green;Green;Green;53.70696879022329, -1.6271449723216287;89.625608921051
Bedale;426752.0;488362.0;Primary;11.0;22.0;3.59999990463257;17.4400005340576;0.625;0.0;0.0;0.0;0.0;9.03;13.1;24.06;32.8;0.822285711765289;8.0;No Voltage Constraint;Upstream Constraint;No Voltage Constraint;R;Bedale;GSP Constraint;Leeming Bar/Skeeby;Norton;Green;Green;Green;Green;54.29018854603682, -1.5905305714322466;82.2285711765289
Beeston Royds 132/33kV;427516.0;431141.0;Supply Point;33.0;228.0;28.0200004577637;83.9899978637695;1.0;40.762;19.12;215.258000457764;124.89000213623;12.84559;25.0;39.13517;62.5;0.656410276889801;0.0;Data Not Available;NO;Data Not Available;R;Beeston Royds 132/33kV;NO;Kirkstall B;Kirkstall B;Green;Green;Green;Green;53.775882358693885, -1.5839569250382326;65.6410276889801
Beeston Royds 33/11kV;427499.0;431204.0;Primary;11.0;23.0;1.4099999666214;5.0647406578064;0.5;0.0;0.0;12.9099999666214;17.9352593421936;11.45543;13.1216;29.91809;32.80399;0.912025809288025;4.0;No Voltage Constraint;GSP Constraint;No Voltage Constraint;R;Beeston Royds 33/11kV;No;Beeston Royds 132/33kV;Kirkstall B;Amber - Fault Level;Amber - Fault Level;Amber;Amber;53.7764494812216, -1.5842092800441372;91.2025809288025
Bellhouse Road;437054.0;392295.0;Primary;11.0;23.0;3.25999999046326;11.3900003433228;0.0;0.0;0.0;0.0;11.6099996566772;10.29151;13.1216;27.5058;32.80399;1.03409600257874;6.0;No Voltage Constraint;Upstream Constraint;No Voltage Constraint;R;Bellhouse Road;No;Pitsmoor 3/4;Pitsmoor 3/4;Red - Fault Level;Red - Fault Level;Red;Red;53.42615207896349, -1.4438384971478042;103.409600257874
Belmont Covert;522574.0;383940.0;Primary;11.0;8.0;0.439999997615814;1.24000000953674;0.0;0.0;0.0;0.0;0.0;3.456303;13.1216;7.755755;32.80399;1.0;10.0;No Voltage Constraint;Upstream Constraint;No Voltage Constraint;R;Belmont Covert;GSP Constraint;Wold Newton;Keadby;Red - Fault Level;Red - Fault Level;Red;Red;53.338172281887076, -0.16055671654232279;100.0
Bentley;456952.0;407233.0;Primary;11.0;24.0;2.6800000667572;10.5600004196167;0.0;0.0;0.0;0.0;0.0;8.878073;18.37024;23.21248;45.92559;1.00065362453461;9.0;No Voltage Constraint;Upstream Constraint;No Voltage Constraint;R;Bentley;GSP Constraint;Doncaster Central;West Melton / Thorpe Marsh;Red - Fault Level;Red - Fault Level;Red;Red;53.55863722445846, -1.1417171062460127;100.065362453461
Billingham Marsh House;446345.0;524779.0;Primary;11.0;23.0;0.0900000035762787;17.0;0.5;0.079;1.36;0.0;0.0;10.21;13.1;29.97;32.8;0.913719534873962;2.0;Some Voltage Constraint;Upstream Constraint;No Voltage Constraint;R;Billingham Marsh House;GSP Constraint;North Tees;Norton;"Amber - Voltage; Amber- Fault level";Amber - Fault Level;Amber;Amber;54.61604506084608, -1.2838710602042287;91.3719534873962
Billy Mill;433678.0;569122.0;Primary;11.0;24.0;5.19000005722046;16.7999992370605;1.0;0.0;0.0;29.1900000572205;7.20000076293945;9.17;13.1;27.52;33.4;0.823952078819275;1.0;Voltage Constraint;GSP Constraint;No Voltage Constraint;R;Billy Mill;No;Chirton Grange;Tynemouth;Red - Voltage;Green;Red;Green;55.01551436591985, -1.474865869581328;82.3952078819275
Birkby;413900.0;417698.0;Primary;11.0;24.0;3.23000001907349;11.710000038147;0.0;0.0;0.0;3.23000001907349;5.56499862670899;9.982675;13.1216;26.37296;32.80399;0.803955793380737;10.0;No Voltage Constraint;GSP Constraint;No Voltage Constraint;R;Birkby;Upstream Constraint;Saint Andrews Road 132/33kV;Skelton Grange;Green;Green;Green;Green;53.655594844820754, -1.7911602223761562;80.3955793380737
Blackburn Meadows B;439820.0;391500.0;Supply Point;33.0;78.0;0.46000000834465;30.7299995422363;1.0;1.67;9.035;0.0;0.0;14.05694;17.5;37.52395;43.75;1.00065362453461;0.0;Data Not Available;NO;Data Not Available;R;Blackburn Meadows B;Upstream Constraint;West Melton / Thorpe Marsh;West Melton / Thorpe Marsh;Red - Fault Level;Red - Fault Level;Red;Red;53.41880562294629, -1.4023154034781173;100.065362453461
Blaydon Burn;417602.0;563167.0;Primary;11.0;24.0;1.58000004291534;11.75;1.0;0.13;4.0;0.0;8.25;10.81;13.1;31.53;33.4;0.944011926651001;3.0;Some Voltage Constraint;Upstream Constraint;No Voltage Constraint;R;Blaydon Burn;No;Dunston;Stella North;"Amber - Voltage; Amber- Fault level";Amber - Fault Level;Amber;Amber;54.96282692081297, -1.7266266070638046;94.4011926651001
Blyth 132kV;430271.0;583107.0;GSP;132.0;260.0;-442.0;23.0;1.0;2.51;190.98;0.0;46.02;12.6;15.3;36.86;39.0;0.945128202438354;0.0;Data Not Available;NGET;Data Not Available;A;Blyth 132kV;NGET;NGET;Blyth 132kV;Amber - Fault Level;Amber - Fault Level;Amber;Amber;55.14139794693114, -1.5266629433220762;94.5128202438354
Boldon Downhill;435227.0;560510.0;Primary;20.0;25.0;1.33000004291534;7.55000019073486;1.0;0.0;0.0;26.3300000429153;17.4499998092651;6.73;9.2;17.96;23.5;0.931003630161285;2.0;Some Voltage Constraint;GSP Constraint;No Voltage Constraint;R;Boldon Downhill;No;West Boldon;West Boldon;"Amber - Voltage; Amber- Fault level";Amber - Fault Level;Amber;Amber;54.93802197589859, -1.4516982151344178;93.1003630161285
Bolton Road;404447.0;446729.0;Primary;11.0;15.0;1.01832938194275;7.23999977111816;1.0;0.08;0.24;0.0;7.52000022888184;8.750867;13.1216;22.76632;32.80399;1.16096258163452;5.0;No Voltage Constraint;Upstream Constraint;No Voltage Constraint;R;Bolton Road;No;Silsden;Bradford West;Red - Fault Level;Red - Fault Level;Red;Red;53.916688225114065, -1.933781416996054;116.09625816345199
Bowesfield 33/11kV;444199.0;517625.0;Primary;11.0;31.0;2.20000004768372;9.61999988555908;0.0;0.0;0.0;0.0;0.0;11.31;13.1;33.91;33.4;1.01526939868927;5.0;No Voltage Constraint;Upstream Constraint;No Voltage Constraint;R;Bowesfield 33/11kV;GSP Constraint;Bowesfield;Norton;Red - Fault Level;Red - Fault Level;Red;Red;54.55195012341082, -1.3181727537384325;101.526939868927
Bowesfield 66/11kV;444199.0;517625.0;Primary;11.0;32.0;3.95000004768372;14.0799999237061;1.0;0.0;0.0;0.0;0.0;10.89;20.0;30.16;50.0;0.603200018405914;2.0;Some Voltage Constraint;Upstream Constraint;No Voltage Constraint;R;Bowesfield 66/11kV;GSP Constraint;North Tees;Norton;Amber - Voltage;Green;Amber;Green;54.55195012341082, -1.3181727537384325;60.320001840591395
Bradford West;408895.0;434868.0;GSP;132.0;720.0;139.0;372.0;1.0;888.398;62.4795;0.0;285.5205;14.1;15.3;35.04;39.0;0.921568632125854;0.0;Data Not Available;NGET;Data Not Available;R;Bradford West;NGET;NGET;Bradford West;Amber - Fault Level;Amber - Fault Level;Amber;Amber;53.81002726447714, -1.8664010398732451;92.1568632125854
Bramham;444341.0;441925.0;Supply Point;33.0;117.0;11.789999961853;62.0400009155273;1.0;197.525;7.5;0.0;47.4599990844727;11.76082;17.49546;33.05124;43.73866;0.910400032997131;0.0;Data Not Available;NO;Data Not Available;R;Bramham;NO;Ferrybridge B;Ferrybridge B;Amber - Fault Level;Amber - Fault Level;Amber;Amber;53.87164436724416, -1.327122197639087;91.0400032997131
Breamish Street;425966.0;564295.0;Primary;11.0;18.0;2.70000004768372;9.60000038146973;1.0;0.0;0.0;20.7000000476837;8.39999961853027;9.64;20.0;27.51;50.0;0.931003630161285;2.0;Some Voltage Constraint;GSP Constraint;No Voltage Constraint;R;Breamish Street;No;West Boldon;West Boldon;"Amber - Voltage; Amber- Fault level";Amber - Fault Level;Amber;Amber;54.972599615457, -1.5959006324335447;93.1003630161285
Brett Street;517545.0;467398.0;Primary;11.0;24.0;6.48999977111816;18.6038799285889;1.0;0.19;0.2775;0.0;5.11862007141113;12.01483;16.0;30.73406;40.0;0.993019342422485;10.0;No Voltage Constraint;Upstream Constraint;No Voltage Constraint;R;Brett Street;No;Driffield/Beverley Group;Creyke Beck;Red - Fault Level;Red - Fault Level;Red;Red;54.08907747769254, -0.20439272834405642;99.3019342422485
Bridges Road;488280.0;409152.0;Primary;11.0;23.0;3.28999996185303;15.6899995803833;0.0;1.95;0.9327;0.0;0.0;8.203994;13.1216;22.78141;32.80399;1.0;5.0;No Voltage Constraint;Upstream Constraint;No Voltage Constraint;R;Bridges Road;GSP Constraint;Scunthorpe South;Keadby;Red - Fault Level;Red - Fault Level;Red;Red;53.57155454373942, -0.6683596740884384;100.0
Brighouse 132/33kV;415423.0;422538.0;Supply Point;33.0;117.0;17.0699996948242;62.5;1.0;43.025;3.0188;0.0;51.4812;10.53705;17.49546;30.89125;43.73866;0.706268966197968;0.0;Data Not Available;NO;Data Not Available;R;Brighouse 132/33kV;NO;Elland;Elland;Green;Green;Green;Green;53.69905471709589, -1.7678777809249369;70.6268966197968
Brighouse 33/11kV;415435.0;422605.0;Primary;11.0;12.0;1.28999996185303;7.03000020980835;1.0;0.0;0.0;0.0;4.96999979019165;9.940645;13.1216;27.05807;32.80399;0.824840605258942;10.0;No Voltage Constraint;Upstream Constraint;No Voltage Constraint;R;Brighouse 33/11kV;No;Brighouse 132/33kV;Elland;Green;Green;Green;Green;53.699656563222376, -1.7676927163931424;82.4840605258942
Brodsworth;452389.0;407919.0;Primary;11.0;23.0;3.85999989509583;13.8699998855591;0.0;0.0;0.0;0.0;0.0;11.91416;13.1216;31.0814;32.80399;1.00065362453461;5.0;No Voltage Constraint;Upstream Constraint;No Voltage Constraint;R;Brodsworth;GSP Constraint;Doncaster B/Thorpe Marsh;West Melton / Thorpe Marsh;Red - Fault Level;Red - Fault Level;Red;Red;53.565276867946395, -1.2104784478377268;100.065362453461
Brookfield Street;430891.0;432405.0;Primary;11.0;23.0;2.75999999046326;9.0;0.0;0.0;0.0;2.75999999046326;14.0;9.150846;13.1216;25.23235;32.80399;0.769185364246368;4.0;No Voltage Constraint;GSP Constraint;No Voltage Constraint;R;Brookfield Street;No;Low Road;Skelton Grange;Green;Green;Green;Green;53.78705427372375, -1.5326208421887422;76.9185364246368
Burnleyville;420610.0;426238.0;Primary;11.0;23.0;3.04200005531311;11.4412622451782;0.0;0.0;0.0;3.04200005531311;11.5587377548218;7.60344;13.1216;20.93513;32.80399;0.638188421726227;6.0;No Voltage Constraint;GSP Constraint;No Voltage Constraint;R;Burnleyville;No;Heckmondwike;Skelton Grange;Green;Green;Green;Green;53.73213231754774, -1.6890707965908272;63.8188421726227
Butterwick;498801.0;471698.0;Primary;11.0;6.0;-4.75;4.64501905441284;1.0;0.0;0.0;0.0;1.35498094558716;5.882135;13.1216;14.66777;32.80399;0.993019342422485;10.0;No Voltage Constraint;Upstream Constraint;No Voltage Constraint;R;Butterwick;No;Driffield/Beverley Group;Creyke Beck;Red - Fault Level;Red - Fault Level;Red;Red;54.13164408149769, -0.4894385765730559;99.3019342422485
Caistor;511461.0;401628.0;Primary;11.0;10.0;0.660000026226044;6.26000022888184;1.0;0.0;0.0;0.0;0.0;4.202048;19.94483;10.09488;49.86207;1.0;11.0;No Voltage Constraint;Upstream Constraint;No Voltage Constraint;R;Caistor;GSP Constraint;Wold Newton;Keadby;Red - Fault Level;Red - Fault Level;Red;Red;53.49954844290045, -0.3211290671161527;100.0
Chirton Grange;433462.0;570254.0;Supply Point;33.0;72.0;21.7999992370605;46.8699989318848;1.0;1.62;0.3;92.1799992370605;24.8300010681152;10.59;17.5;30.52;44.6;0.68430495262146;0.0;Data Not Available;NO;Data Not Available;R;Chirton Grange;NO;Tynemouth;Tynemouth;Green;Green;Green;Green;55.02570075707033, -1.4781115423020104;68.430495262146
Clough Lane;515908.0;419013.0;Primary;11.0;8.0;1.13999998569489;3.02999997138977;1.0;0.795;0.64;0.0;0.0;4.297459;19.94483;10.04535;49.86207;0.871593713760376;10.0;No Voltage Constraint;Upstream Constraint;No Voltage Constraint;R;Clough Lane;GSP Constraint;Immingham;Grimsby West;Green;Green;Green;Green;53.65477701281971, -0.24767400863679664;87.1593713760376
Coalburns;412189.0;560513.0;Supply Point;66.0;76.4;20.5300006866455;61.8899993896484;1.0;155.12;3.312;0.0;0.0;7.07;31.5;21.34;77.75;1.05919992923737;0.0;Data Not Available;NO;Data Not Available;R;Coalburns;Upstream Constraint;Stella South;Stella South;Red - Fault Level;Red - Fault Level;Red;Red;54.93913806605089, -1.8112767842745325;105.919992923737
Commonside Lane;441262.0;420411.0;Primary;11.0;19.0;-2.51999998092651;16.1417255401611;1.0;0.0;0.0;0.0;2.85827445983887;10.25089;13.1216;29.38523;32.80399;0.918525516986847;6.0;No Voltage Constraint;Upstream Constraint;No Voltage Constraint;R;Commonside Lane;No;Featherstone;Ferrybridge B;Amber - Fault Level;Amber - Fault Level;Amber;Amber;53.6785415122434, -1.376815724782304;91.8525516986847
Convamore Road;527991.0;408530.0;Primary;11.0;23.0;1.04999995231628;8.02000045776367;0.5;0.0;0.0;0.0;0.0;9.347925;13.1216;24.86215;32.80399;0.7857825756073;7.0;No Voltage Constraint;Upstream Constraint;No Voltage Constraint;R;Convamore Road;GSP Constraint;Humberston;Grimsby West;Green;Green;Green;Green;53.55779296590386, -0.06925622021765619;78.57825756073001
Corporation Street;424266.0;564364.0;Primary;11.0;24.0;3.5;12.5220003128052;1.0;0.0;0.0;0.0;11.4779996871948;9.07;13.1;25.85;33.4;0.875336349010468;1.0;Voltage Constraint;Upstream Constraint;No Voltage Constraint;R;Corporation Street;No;Barrack Road;Stella North;Red - Voltage;Green;Red;Green;54.97330492111621, -1.6224509137207346;87.5336349010468
County Road North;506043.0;430185.0;Primary;11.0;23.0;1.78999996185303;16.3500003814697;0.5;0.0;0.0;0.0;6.64999961853027;8.498269;13.1216;23.66224;32.80399;0.855191946029663;7.0;No Voltage Constraint;Upstream Constraint;No Voltage Constraint;R;County Road North;No;Hull South;Creyke Beck;Green;Green;Green;Green;53.75724323125528, -0.3930536937619235;85.5191946029663
Cowton;432215.0;504008.0;Primary;11.0;8.0;0.0;0.0;1.0;0.0;0.0;0.0;0.0;2.75;6.0;6.65;15.0;0.692825138568878;6.0;No Voltage Constraint;Upstream Constraint;No Voltage Constraint;R;Cowton;GSP Constraint;Darlington Central;Norton;Green;Green;Green;Green;54.430481715818566, -1.50492273691829;69.28251385688779
Cracoe;398220.0;461208.0;Primary;11.0;12.0;0.8294318318367;5.54011535644531;0.0;0.0;0.0;0.0;6.45988464355469;5.649453;13.1216;12.69031;32.80399;1.16096258163452;7.0;No Voltage Constraint;Upstream Constraint;No Voltage Constraint;R;Cracoe;No;Silsden;Bradford West;Red - Fault Level;Red - Fault Level;Red;Red;54.046835445260186, -2.0286763216657353;116.09625816345199
Cramlington T2 T4;425273.0;577569.0;Primary;11.0;24.0;1.05999994277954;8.0600004196167;0.0;0.0;0.0;0.0;0.0;9.76;13.1;28.57;32.8;0.87103658914566;3.0;Some Voltage Constraint;Upstream Constraint;No Voltage Constraint;R;Cramlington T2 T4;GSP Constraint;Blyth 66kV;Blyth 66kV;Amber - Voltage;Green;Amber;Green;55.091913833896655, -1.6055570810516426;87.103658914566
Crosshills;401502.0;444414.0;Primary;11.0;15.0;2.69000005722046;11.5100002288818;0.0;0.0;0.0;0.0;3.48999977111816;7.498393;13.1216;19.40524;32.80399;1.16096258163452;6.0;No Voltage Constraint;Upstream Constraint;No Voltage Constraint;R;Crosshills;No;Silsden;Bradford West;Red - Fault Level;Red - Fault Level;Red;Red;53.89589774333871, -1.978628944465126;116.09625816345199
Crown Street;415356.0;433494.0;Primary;11.0;8.0;1.22000002861023;4.76000022888184;0.0;0.0;0.0;0.0;3.23999977111816;4.751033;13.1216;12.89575;32.80399;0.921568632125854;6.0;No Voltage Constraint;Upstream Constraint;No Voltage Constraint;R;Crown Street;No;Girlington;Bradford West;Amber - Fault Level;Amber - Fault Level;Amber;Amber;53.79752873179523, -1.7683521472709076;92.1568632125854
Darlington 33/11kV;429433.0;514791.0;Primary;11.0;24.0;4.03999996185303;14.1700000762939;1.0;0.0;0.0;0.0;0.0;9.7;13.1;28.78;32.8;0.877439081668854;1.0;Voltage Constraint;Upstream Constraint;No Voltage Constraint;R;Darlington 33/11kV;GSP Constraint;Darlington Central;Norton;Red - Voltage;Green;Red;Green;54.52755279142222, -1.5467353388677365;87.7439081668854
Darlington Central;429854.0;514626.0;Supply Point;33.0;72.0;13.1000003814697;39.310001373291;1.0;80.94;51.4125;0.0;0.0;11.3;17.5;30.9;44.6;0.692825138568878;0.0;Data Not Available;NO;Data Not Available;R;Darlington Central;Upstream Constraint;Norton;Norton;Green;Green;Green;Green;54.52604547121039, -1.5402472415521211;69.28251385688779
Darlington Central 33/11kV;429854.0;514626.0;Primary;11.0;32.0;2.01999998092651;8.96000003814697;1.0;0.06;1.285;0.0;0.0;9.86;25.0;29.1;62.5;0.692825138568878;2.0;Some Voltage Constraint;Upstream Constraint;No Voltage Constraint;R;Darlington Central 33/11kV;GSP Constraint;Darlington Central;Norton;Amber - Voltage;Green;Amber;Green;54.52604547121039, -1.5402472415521211;69.28251385688779
Darlington East;431304.0;513886.0;Primary;11.0;24.0;2.14000010490417;18.2859992980957;0.5;23.88;3.14;0.0;0.0;8.9;13.1;26.44;32.8;0.806097567081451;2.0;Some Voltage Constraint;Upstream Constraint;No Voltage Constraint;R;Darlington East;GSP Constraint;Darlington Central;Norton;Amber - Voltage;Green;Amber;Green;54.51930824675319, -1.5179228996644614;80.6097567081451
Darlington North;428464.0;517923.0;Supply Point;33.0;109.0;10.25;66.5299987792969;1.0;240.767;4.8884;0.0;0.0;12.5;17.5;37.8;44.6;0.847533643245697;0.0;Data Not Available;NO;Data Not Available;R;Darlington North;Upstream Constraint;Norton;Norton;Green;Green;Green;Green;54.55575388797692, -1.561405552279772;84.7533643245697
Deighton;416792.0;419585.0;Primary;11.0;23.0;4.03999996185303;17.7199993133545;1.0;0.0;0.0;0.0;5.28000068664551;10.15737;13.1216;26.52194;32.80399;0.808497250080109;7.0;No Voltage Constraint;Upstream Constraint;No Voltage Constraint;R;Deighton;No;Brighouse 132/33kV;Elland;Green;Green;Green;Green;53.67247111983536, -1.7473016782318944;80.84972500801089
Denwick;421011.0;616362.0;Primary;20.0;28.0;5.76000022888184;19.5100002288818;1.0;0.18;1.0;0.0;0.0;5.48;9.2;16.67;23.5;0.945128202438354;1.0;Voltage Constraint;Upstream Constraint;No Voltage Constraint;A;Denwick;Upstream Constraint;Linton;Blyth 132kV;"Red - Voltage; Amber - Fault Level";Amber - Fault Level;Red;Amber;55.44069040478462, -1.6694537696099065;94.5128202438354
Doncaster B/Thorpe Marsh;456636.0;403618.0;Supply Point;66.0;223.0;7.1399998664856;140.630004882813;1.0;541.428;34.157;0.0;0.0;17.35893;21.86933;45.13379;54.67332;1.00065362453461;0.0;Data Not Available;NO;Data Not Available;R;Doncaster B/Thorpe Marsh;Upstream Constraint;West Melton / Thorpe Marsh;West Melton / Thorpe Marsh;Red - Fault Level;Red - Fault Level;Red;Red;53.52618209561932, -1.1471400116495565;100.065362453461
Doncaster Central;457191.0;403620.0;Supply Point;33.0;117.0;8.07999992370605;24.4899997711182;1.0;40.0;0.7376;0.0;0.0;10.15955;17.49546;27.15624;43.73866;1.00065362453461;0.0;Data Not Available;NO;Data Not Available;R;Doncaster Central;Upstream Constraint;West Melton / Thorpe Marsh;West Melton / Thorpe Marsh;Red - Fault Level;Red - Fault Level;Red;Red;53.52614008719145, -1.1387687410847998;100.065362453461
Drax;466548.0;426705.0;GSP;132.0;260.0;-10.0;54.0;1.0;836.056;2.0992;0.0;203.9008;8.36;15.3;22.59;39.0;0.579230785369873;0.0;Data Not Available;NGET;Data Not Available;R;Drax;NGET;NGET;Drax;Green;Green;Green;Green;53.7325015137193, -0.9927169028448322;57.923078536987305
Drax Primary;465936.0;426386.0;Primary;11.0;8.0;-8.56999969482422;3.59999990463257;1.0;0.0;0.0;0.0;4.40000009536743;5.0262270000000004;13.1216;13.02584;32.80399;0.729298114776611;8.0;No Voltage Constraint;Upstream Constraint;No Voltage Constraint;R;Drax Primary;No;Camblesforth;Camblesforth;Green;Green;Green;Green;53.729712344688586, -1.0020601733861527;72.9298114776611
Driffield;503897.0;457092.0;Primary;11.0;24.0;2.16000008583069;16.5032997131348;1.0;0.82;1.3136;0.0;6.18310028686523;9.225174;13.1216;26.06196;32.80399;0.993019342422485;7.0;No Voltage Constraint;Upstream Constraint;No Voltage Constraint;R;Driffield;No;Driffield/Beverley Group;Creyke Beck;Red - Fault Level;Red - Fault Level;Red;Red;53.99941875168722, -0.4164817070479103;99.3019342422485
Dudley Hill;418072.0;430972.0;Primary;11.0;30.0;4.81550884246826;13.1332902908325;1.0;0.38;1.2;34.4355088424683;15.6667097091675;9.186385;24.98352;24.58661;62.4588;0.503901124000549;7.0;No Voltage Constraint;GSP Constraint;No Voltage Constraint;R;Dudley Hill;No;Staygate;Skelton Grange;Green;Green;Green;Green;53.774774683089696, -1.7272662374251184;50.390112400054896
Dunkeswick;430725.0;447026.0;Primary;11.0;8.0;1.16999995708466;5.82999992370605;1.0;0.0;0.0;0.0;2.17000007629395;3.599167;16.00835;8.651779;40.02087;0.910400032997131;11.0;No Voltage Constraint;Upstream Constraint;No Voltage Constraint;R;Dunkeswick;No;Bramham;Ferrybridge B;Amber - Fault Level;Amber - Fault Level;Amber;Amber;53.91847140565884, -1.533682675334233;91.0400032997131
Dunston;421813.0;562855.0;Supply Point;66.0;195.0;30.0900001525879;93.3000030517578;0.0;57.035;24.1777;0.0;36.5313;13.26;21.9;37.71;55.8;0.843520045280457;0.0;Data Not Available;NO;Data Not Available;R;Dunston;Upstream Constraint;Stella North;Stella North;Green;Green;Green;Green;54.95985780268754, -1.6608847765900703;84.3520045280457
Dunston 66/20kV;421813.0;562855.0;Primary;20.0;30.0;4.32000017166138;16.0699996948242;1.0;0.0;0.0;0.0;13.9300003051758;6.63;9.2;18.59;23.5;0.843520045280457;1.0;Voltage Constraint;Upstream Constraint;No Voltage Constraint;R;Dunston 66/20kV;No;Dunston;Stella North;Red - Voltage;Green;Red;Green;54.95985780268754, -1.6608847765900703;84.3520045280457
Eastgate Cement;394936.0;538558.0;Primary;20.0;26.0;1.0;8.68000030517578;1.0;0.0;0.0;0.0;17.3199996948242;4.9;9.2;13.15;23.5;0.801025629043579;1.0;Voltage Constraint;Upstream Constraint;No Voltage Constraint;R;Eastgate Cement;No;Toronto;Spennymoor GSP;Red - Voltage;Green;Red;Green;54.741961230079056, -2.080179061335486;80.1025629043579
Elgar Road;504485.0;427703.0;Primary;11.0;23.0;4.13000011444092;16.0599994659424;1.0;0.0;0.0;0.0;6.94000053405762;11.18633;13.1216;29.43158;32.80399;0.897195041179657;5.0;No Voltage Constraint;Upstream Constraint;No Voltage Constraint;R;Elgar Road;No;Hull West;Creyke Beck;Green;Green;Green;Green;53.7352577864344, -0.41751313413327285;89.7195041179657
Elland;411789.0;422063.0;GSP;132.0;600.0;76.0;299.0;1.0;809.525;30.1152;0.0;270.8848;12.14;40.02;31.88;100.05;0.318640649318695;0.0;Data Not Available;NGET;Data Not Available;R;Elland;NGET;NGET;Elland;Green;Green;Green;Green;53.69487926588612, -1.8229365012372374;31.8640649318695
Ellifoot Lane;522808.0;428518.0;Primary;11.0;2.0;0.170000001788139;0.400000005960464;1.0;0.0;0.0;0.0;0.0;8.085231;24.98352;21.62518;62.4588;0.770000040531158;4.0;No Voltage Constraint;Upstream Constraint;No Voltage Constraint;R;Ellifoot Lane;GSP Constraint;Saltend 132/33kV;Saltend North;Green;Green;Green;Green;53.738591276424465, -0.13956692215343003;77.0000040531158
Ellin Street 1/3;435042.0;386430.0;Primary;11.0;41.0;5.40000009536743;17.2099990844727;0.0;0.0;0.0;5.40000009536743;23.7900009155273;11.41556;16.00835;31.31313;40.02087;1.01314330101013;11.0;No Voltage Constraint;No;No Voltage Constraint;G;Ellin Street 1/3;No;Sheffield City;Sheffield City;Red - Fault Level;Red - Fault Level;Red;Red;53.373573483780504, -1.4747649732915393;101.31433010101301
Elvington;469120.0;448100.0;Primary;11.0;20.0;2.88000011444092;9.90999984741211;1.0;27.89;1.06;0.0;9.03000015258789;8.87;25.0;22.68;62.5;0.803680002689362;2.0;Some Voltage Constraint;Upstream Constraint;No Voltage Constraint;R;Elvington;No;Melrosegate;Osbaldwick;Amber - Voltage;Green;Amber;Green;53.924431703516085, -0.948935442569955;80.3680002689362
Epworth;477723.0;404194.0;Primary;11.0;10.0;0.899999976158142;5.84999990463257;0.0;0.95;0.76;0.0;0.0;3.611121;18.37024;8.7103;45.92559;1.0;10.0;No Voltage Constraint;Upstream Constraint;No Voltage Constraint;R;Epworth;GSP Constraint;Blyton;Keadby;Red - Fault Level;Red - Fault Level;Red;Red;53.52866751538169, -0.8289718452098506;100.0
Farnley Crescent;425426.0;432747.0;Primary;11.0;24.0;2.69000005722046;11.460000038147;0.0;0.0;0.0;2.69000005722046;12.539999961853;9.530145;13.1216;25.78217;32.80399;0.785946130752563;11.0;No Voltage Constraint;GSP Constraint;No Voltage Constraint;R;Farnley Crescent;No;Kirkstall C/Ring Road Horsforth;Kirkstall B;Green;Green;Green;Green;53.79042249915607, -1.615537595344171;78.5946130752563
Featherstone;440744.0;421252.0;Supply Point;33.0;114.3;28.8999996185303;70.1399993896484;1.0;37.02;11.3368;0.0;32.8232006103516;13.70101;17.49546;40.17507;43.73866;0.918525516986847;0.0;Data Not Available;NO;Data Not Available;R;Featherstone;NO;Ferrybridge B;Ferrybridge B;Amber - Fault Level;Amber - Fault Level;Amber;Amber;53.686140619281, -1.384547020565373;91.8525516986847
Fenton Lane;450881.0;434445.0;Primary;11.0;23.0;-2.1800000667572;9.35999965667725;0.5;0.0;0.0;0.0;13.6400003433228;6.229807;13.1216;19.44307;32.80399;0.910400032997131;9.0;No Voltage Constraint;Upstream Constraint;No Voltage Constraint;R;Fenton Lane;No;Bramham;Ferrybridge B;Amber - Fault Level;Amber - Fault Level;Amber;Amber;53.80382247486686, -1.228903191081402;91.0400032997131
Ferrybridge B;448216.0;424965.0;GSP;132.0;480.0;13.0;223.0;1.0;2316.1685;85.343;0.0;171.657;16.97;20.0;45.52;50.0;0.910400032997131;0.0;Data Not Available;NGET;Data Not Available;R;Ferrybridge B;NGET;NGET;Ferrybridge B;Amber - Fault Level;Amber - Fault Level;Amber;Amber;53.718876278566555, -1.27084182416316;91.0400032997131
Fish Dam Lane;437137.0;409615.0;Primary;11.0;24.0;2.86999988555908;9.76000022888184;0.0;0.0;0.0;2.86999988555908;14.2399997711182;9.562453;13.1216;25.02637;32.80399;1.0;10.0;No Voltage Constraint;GSP Constraint;No Voltage Constraint;R;Fish Dam Lane;No;Hunningley;West Melton Section 3;Red - Fault Level;Red - Fault Level;Red;Red;53.58181794227147, -1.4405445258437803;100.0
Flatworth;433265.0;567555.0;Supply Point;33.0;72.0;3.65000009536743;32.6699981689453;1.0;88.58;12.5225;0.0;26.8075018310547;12.3;17.5;34.87;44.6;0.781838595867157;0.0;Data Not Available;NO;Data Not Available;R;Flatworth;NO;Tynemouth;Tynemouth;Green;Green;Green;Green;55.001461341787696, -1.481505781730888;78.1838595867157
Flatworth Central;433330.0;567540.0;Primary;11.0;32.0;2.88000011444092;14.5;1.0;1.18;5.565;0.0;11.935;9.51;20.0;28.71;50.0;0.781838595867157;4.0;No Voltage Constraint;Upstream Constraint;No Voltage Constraint;R;Flatworth Central;No;Flatworth;Tynemouth;Green;Green;Green;Green;55.00132222312375, -1.4804914328942629;78.1838595867157
Flixborough;486421.0;414366.0;Primary;11.0;24.0;2.3199999332428;15.1099996566772;0.0;0.18;0.75;0.0;0.0;11.24328;13.1216;29.97145;32.80399;1.0;11.0;No Voltage Constraint;Upstream Constraint;No Voltage Constraint;R;Flixborough;GSP Constraint;Scunthorpe North;Keadby;Red - Fault Level;Red - Fault Level;Red;Red;53.618716271391655, -0.6949813459411813;100.0
Folly Hall;414097.0;415790.0;Primary;11.0;24.0;3.20000004768372;11.6300001144409;0.0;1.259;1.8;1.94100004768372;5.56499862670899;9.905703;12.5;26.49459;31.25;0.847826838493347;11.0;No Voltage Constraint;GSP Constraint;No Voltage Constraint;R;Folly Hall;Upstream Constraint;Saint Andrews Road 132/33kV;Skelton Grange;Green;Green;Green;Green;53.638440279610556, -1.7882653350126878;84.78268384933469
Four Lane Ends;413539.0;433777.0;Primary;11.0;23.0;3.04999995231628;11.8999996185303;0.0;0.0;0.0;0.0;11.1000003814697;8.293935;13.1216;23.24568;32.80399;0.921568632125854;7.0;No Voltage Constraint;Upstream Constraint;No Voltage Constraint;R;Four Lane Ends;No;Girlington;Bradford West;Amber - Fault Level;Amber - Fault Level;Amber;Amber;53.800122353096995, -1.7959246186288027;92.1568632125854
Furness Avenue;406979.0;428107.0;Primary;11.0;23.0;2.45000004768372;11.3500003814697;0.0;0.0;0.0;0.0;11.6499996185303;4.746443;13.1216;13.72329;32.80399;0.921568632125854;6.0;No Voltage Constraint;Upstream Constraint;No Voltage Constraint;R;Furness Avenue;No;Holmfield;Bradford West;Amber - Fault Level;Amber - Fault Level;Amber;Amber;53.749288428795886, -1.8956480854023652;92.1568632125854
Gale Lane;457398.0;450694.0;Primary;11.0;24.0;1.87000000476837;10.1660623550415;1.0;0.0;0.0;0.0;13.8339376449585;9.94;25.0;27.98;62.5;0.729372203350067;4.0;No Voltage Constraint;Upstream Constraint;No Voltage Constraint;R;Gale Lane;No;Poppleton;Poppleton;Green;Green;Green;Green;53.949172207551506, -1.126925078418403;72.9372203350067
Gateshead East;426696.0;563534.0;Primary;11.0;34.0;0.980000019073486;8.80000019073486;1.0;0.0;0.0;34.9800000190735;25.1999998092651;11.04;25.0;27.91;62.5;0.931003630161285;4.0;No Voltage Constraint;GSP Constraint;No Voltage Constraint;R;Gateshead East;No;West Boldon;West Boldon;Amber - Fault Level;Amber - Fault Level;Amber;Amber;54.965722900825284, -1.5845677131834883;93.1003630161285
Gibson Lane;496931.0;425974.0;Primary;11.0;23.0;3.99000000953674;15.039999961853;1.0;15.093;7.124;0.0;0.836000038146973;10.28857;13.1216;26.44358;32.80399;0.826030850410461;5.0;No Voltage Constraint;Upstream Constraint;No Voltage Constraint;R;Gibson Lane;No;Hull West;Creyke Beck;Green;Green;Green;Green;53.721179434450356, -0.5325279291692979;82.6030850410461
Gildersome;424147.0;428300.0;Primary;11.0;23.0;3.29999995231628;11.8999996185303;0.0;6.18;0.68;0.0;10.4200003814697;7.731061;13.1216;21.38229;32.80399;0.656410276889801;4.0;No Voltage Constraint;GSP Constraint;No Voltage Constraint;R;Gildersome;No;Beeston Royds 132/33kV;Kirkstall B;Green;Green;Green;Green;53.750514313244224, -1.6352975299282593;65.6410276889801
Gleadless Valley;437139.0;383480.0;Primary;11.0;24.0;2.27999997138977;8.57999992370605;0.0;0.0;0.0;2.27999997138977;15.4200000762939;10.99311;13.1216;29.01672;32.80399;1.0459953546524;10.0;No Voltage Constraint;No;No Voltage Constraint;G;Gleadless Valley;No;Norton Lees;Norton Lees;Red - Fault Level;Red - Fault Level;Red;Red;53.346915553631185, -1.4435929318085656;104.59953546524
Grangetown;455058.0;521042.0;Primary;11.0;24.0;-3.24000000953674;15.8599996566772;1.0;0.98;1.1;0.0;7.04000034332275;10.26;25.0;31.49;62.5;0.872222185134888;2.0;Some Voltage Constraint;Upstream Constraint;No Voltage Constraint;R;Grangetown;No;Lackenby;Lackenby;Amber - Voltage;Green;Amber;Green;54.58159253531019, -1.1496666158532984;87.2222185134888
Great Coates;524023.0;410339.0;Primary;11.0;23.0;2.33999991416931;13.8400001525879;0.5;0.0;0.0;0.0;0.0;10.76585;13.1216;30.29545;32.80399;0.923529267311096;7.0;No Voltage Constraint;Upstream Constraint;No Voltage Constraint;R;Great Coates;GSP Constraint;Yarborough Road 132/33kV;Grimsby West;Amber - Fault Level;Amber - Fault Level;Amber;Amber;53.57499567873682, -0.1284059981211928;92.35292673110959
Grimsby Docks;527518.0;410556.0;Primary;6.6;23.0;0.270000010728836;1.26999998092651;0.0;0.0;0.0;0.0;0.0;13.25585;13.1216;34.42297;32.80399;1.04935312271118;5.0;No Voltage Constraint;Upstream Constraint;No Voltage Constraint;R;Grimsby Docks;GSP Constraint;Moss Road;Grimsby West;Red - Fault Level;Red - Fault Level;Red;Red;53.57610799698032, -0.07556623429678255;104.93531227111801
Grimsby West;522541.0;409304.0;GSP;132.0;260.0;7.0;181.0;1.0;1613.262;113.887;0.0;0.0;11.46;15.3;29.27;39.0;0.750512838363647;0.0;Data Not Available;NGET;Data Not Available;R;Grimsby West;NGET;NGET;Grimsby West;Green;Green;Green;Green;53.56604555065914, -0.15118080078658172;75.0512838363647
Halifax 33/11kV;409473.0;425571.0;Primary;11.0;40.0;6.05999994277954;18.1599998474121;1.0;1.15;0.5;0.0;21.3400001525879;8.286672;25.03601;24.39732;62.59002;0.389795750379562;8.0;No Voltage Constraint;Upstream Constraint;No Voltage Constraint;R;Halifax 33/11kV;No;Halifax 132/33kV;Elland;Green;Green;Green;Green;53.72645600780067, -1.8579053982382334;38.9795750379562
Hallam Street;418967.0;441915.0;Primary;11.0;23.0;1.16999995708466;8.35000038146973;0.0;0.0;0.0;0.0;14.6499996185303;11.25102;13.1216;29.65616;32.80399;0.921568632125854;10.0;No Voltage Constraint;Upstream Constraint;No Voltage Constraint;R;Hallam Street;No;Menston;Bradford West;Amber - Fault Level;Amber - Fault Level;Amber;Amber;53.87309658816167, -1.7130154962573514;92.1568632125854
Harden;408802.0;437538.0;Primary;11.0;8.0;0.270000010728836;3.9300000667572;0.5;0.0;0.0;0.0;4.0699999332428;4.640437;13.1216;12.42188;32.80399;0.921568632125854;5.0;No Voltage Constraint;Upstream Constraint;No Voltage Constraint;R;Harden;No;Bingley 132/33kV;Bradford West;Amber - Fault Level;Amber - Fault Level;Amber;Amber;53.83402650541833, -1.8677379443169442;92.1568632125854
Harmire Bridge;405515.0;517610.0;Primary;20.0;28.0;4.07000017166138;13.6199998855591;1.0;0.0;0.0;0.0;14.3800001144409;5.23;9.2;14.68;23.5;0.801025629043579;2.0;Some Voltage Constraint;Upstream Constraint;No Voltage Constraint;R;Harmire Bridge;No;Toronto;Spennymoor GSP;Amber - Voltage;Green;Amber;Green;54.55370614720161, -1.916245347600854;80.1025629043579
Harraton Direct;429591.0;554480.0;Primary;11.0;36.0;10.0;20.0;1.0;1.277;3.5205;0.0;0.0;10.68;13.1;33.07;32.8;1.05919992923737;7.0;No Voltage Constraint;Upstream Constraint;No Voltage Constraint;R;Harraton;GSP Constraint;Harraton;Stella South;Red - Fault Level;Red - Fault Level;Red;Red;54.88420111720018, -1.5402804341202125;105.919992923737
Harrogate West;428724.0;454758.0;Primary;11.0;30.0;4.32999992370605;11.1800003051758;1.0;0.0;0.0;0.0;18.8199996948242;9.04;25.0;27.41;62.5;0.438560009002686;10.0;No Voltage Constraint;Upstream Constraint;No Voltage Constraint;R;Harrogate West;No;Harrogate 132/33kV;Knaresborough;Green;Green;Green;Green;53.988076812304634, -1.56342307001387;43.8560009002686
Haworth 1;404122.0;438012.0;Primary;11.0;30.0;1.21000003814697;5.23244667053223;1.0;0.0;0.0;0.0;24.7675533294678;7.551524;19.99731;18.68902;49.99329;0.921568632125854;6.0;No Voltage Constraint;Upstream Constraint;No Voltage Constraint;R;Haworth 1;No;Bingley 132/33kV;Bradford West;Amber - Fault Level;Amber - Fault Level;Amber;Amber;53.83834392664428, -1.9388434078052343;92.1568632125854
Haworth 2;404122.0;438012.0;Primary;11.0;30.0;0.300000011920929;3.82999992370605;1.0;0.0;0.0;0.0;26.1700000762939;7.551524;19.99731;18.68902;49.99329;1.16096258163452;8.0;No Voltage Constraint;Upstream Constraint;No Voltage Constraint;R;Haworth 2;No;Silsden;Bradford West;Red - Fault Level;Red - Fault Level;Red;Red;53.83834392664428, -1.9388434078052343;116.09625816345199
Haxby Road T2 T3;460741.0;453799.0;Primary;11.0;15.0;1.52999997138977;11.2700004577637;0.0;0.0;0.0;0.0;3.72999954223633;8.77;13.1;25.12;33.4;0.803680002689362;3.0;Some Voltage Constraint;Upstream Constraint;No Voltage Constraint;R;Haxby Road T2 T3;No;Melrosegate;Osbaldwick;Amber - Voltage;Green;Amber;Green;53.97669457410305, -1.075378365166139;80.3680002689362
Haxey;478869.0;399403.0;Primary;11.0;8.0;0.389999985694885;6.25799989700317;1.0;0.0;0.0;0.0;0.0;4.099065;16.00835;9.785677;40.02087;1.0;6.0;No Voltage Constraint;Upstream Constraint;No Voltage Constraint;R;Haxey;GSP Constraint;Blyton;Keadby;Red - Fault Level;Red - Fault Level;Red;Red;53.48544287675462, -0.8128912663340961;100.0
Hayton;481267.0;446498.0;Primary;11.0;15.0;1.13200151920319;13.7886047363281;0.0;0.845;0.8805;0.0;0.330895263671875;6.877531;19.99731;17.93854;49.99329;0.993019342422485;6.0;No Voltage Constraint;Upstream Constraint;No Voltage Constraint;R;Hayton;No;Driffield/Beverley Group;Creyke Beck;Red - Fault Level;Red - Fault Level;Red;Red;53.90827606947412, -0.764431277879574;99.3019342422485
Hebden Bridge;398139.0;427036.0;Primary;11.0;8.0;0.0;2.95000004768372;1.0;0.0;0.0;0.0;5.04999995231628;3.802425;18.37024;9.496922;45.92559;0.954672992229462;5.0;No Voltage Constraint;Upstream Constraint;No Voltage Constraint;R;Hebden Bridge;No;Sowerby Bridge 132/33kV;Elland;Red - Fault Level;Red - Fault Level;Red;Red;53.73970369231834, -2.0296929377074706;95.4672992229462
Hedworth;432935.0;562805.0;Primary;11.0;32.0;4.34000015258789;12.9899997711182;0.0;2.86;5.5136;1.48000015258789;13.4964002288818;10.78;13.1;29.62;33.4;0.931003630161285;3.0;Some Voltage Constraint;GSP Constraint;No Voltage Constraint;R;Hedworth;No;West Boldon;West Boldon;"Amber - Voltage; Amber- Fault level";Amber - Fault Level;Amber;Amber;54.95880054186126, -1.4872083707444181;93.1003630161285
Hemsworth;441724.0;415623.0;Primary;11.0;10.0;1.89999997615814;8.35000038146973;0.0;0.0;0.0;0.0;1.64999961853027;4.644639;25.0;12.23342;62.5;0.807755649089813;7.0;No Voltage Constraint;Upstream Constraint;No Voltage Constraint;R;Hemsworth;No;Ferrybridge A;Ferrybridge A;Green;Green;Green;Green;53.635472186818426, -1.3704632461428239;80.7755649089813
Holbeck;429758.0;432387.0;Primary;11.0;23.0;4.36999988555908;15.2299995422363;0.0;0.14;0.2684;4.22999988555908;7.50160045776367;8.996264;16.00835;24.90897;40.02087;0.72975492477417;6.0;No Voltage Constraint;GSP Constraint;No Voltage Constraint;R;Holbeck;No;Low Road;Skelton Grange;Green;Green;Green;Green;53.78695824590043, -1.5498185156564936;72.975492477417
Holme Upon Spalding Moor;479395.0;434577.0;Primary;11.0;8.0;-1.0;5.53000020980835;0.0;0.0;0.0;0.0;2.46999979019165;3.496291;19.99731;7.708791;49.99329;0.967336595058441;1.0;Voltage Constraint;Upstream Constraint;No Voltage Constraint;R;Holme Upon Spalding Moor;No;Beverley 132/33kV;Creyke Beck;"Red - Fault Level; Red - Voltage";Red - Fault Level;Red;Red;53.80144513878823, -0.7959983173794511;96.7336595058441
Hope;416535.0;382531.0;Primary;11.0;23.0;1.69000005722046;4.61999988555908;0.0;0.0;0.0;1.69000005722046;18.3800001144409;8.609014;13.1216;20.57427;32.80399;1.0;5.0;No Voltage Constraint;GSP Constraint;No Voltage Constraint;R;Hope;No;Hunshelf;West Melton Section 3;Red - Fault Level;Red - Fault Level;Red;Red;53.33942632619949, -1.753132418721603;100.0
Hull East 132/33kV;515204.0;429459.0;Supply Point;33.0;117.0;0.0;52.7799987792969;1.0;44.464;0.2352;0.0;0.0;12.92352;17.49546;37.19146;43.73866;0.850310981273651;0.0;Data Not Available;NO;Data Not Available;R;Hull East 132/33kV;Upstream Constraint;Saltend North;Saltend North;Green;Green;Green;Green;53.74877856400557, -0.25444122469422775;85.0310981273651
Hull East 33/11kV;515174.0;429445.0;Primary;11.0;23.0;2.67000007629395;12.9700002670288;1.0;0.0;0.0;0.0;0.0;8.147561;13.1216;28.46609;32.80399;0.867762982845306;8.0;No Voltage Constraint;Upstream Constraint;No Voltage Constraint;R;Hull East 33/11kV;GSP Constraint;Hull East 132/33kV;Saltend North;Green;Green;Green;Green;53.748659411771335, -0.25490114730049507;86.7762982845306
Hull South;507035.0;427518.0;Supply Point;33.0;117.0;23.4799995422363;70.4499969482422;1.0;4.608;5.8;0.0;40.7500030517578;12.94956;17.49546;37.40495;43.73866;0.855191946029663;0.0;Data Not Available;NO;Data Not Available;R;Hull South;NO;Creyke Beck;Creyke Beck;Green;Green;Green;Green;53.73307918079442, -0.378936572108128;85.5191946029663
Hull West;501511.0;426270.0;Supply Point;33.0;101.3;9.72999954223633;48.0299987792969;1.0;88.34;15.142;0.0;38.1280012207031;13.04128;17.49546;36.12948;43.73866;0.826030850410461;0.0;Data Not Available;NO;Data Not Available;R;Hull West;NO;Creyke Beck;Creyke Beck;Green;Green;Green;Green;53.72296916236605, -0.4630497578146384;82.6030850410461
Humber Road;518118.0;416686.0;Primary;11.0;23.0;1.01999998092651;7.82999992370605;0.0;0.0;0.0;0.0;0.0;10.80233;13.1216;28.11593;32.80399;0.871593713760376;5.0;No Voltage Constraint;Upstream Constraint;No Voltage Constraint;R;Humber Road;GSP Constraint;Immingham;Grimsby West;Green;Green;Green;Green;53.633377819088885, -0.2151352527223242;87.1593713760376
Hunningley;436575.0;405894.0;Supply Point;33.0;117.0;2.8199999332428;33.2599983215332;1.0;2.58;0.0;110.44;83.7400016784668;9.765406;17.49546;26.94503;43.73866;1.0;0.0;Data Not Available;NO;Data Not Available;R;Hunningley;NO;West Melton Section 3;West Melton Section 3;Red - Fault Level;Red - Fault Level;Red;Red;53.5484133683264, -1.449466955296594;100.0
ICI Fibres;458307.0;404983.0;Primary;11.0;23.0;-1.87000000476837;8.22999954223633;1.0;0.0;0.0;0.0;0.0;14.79724;19.99731;37.94057;49.99329;1.00065362453461;5.0;No Voltage Constraint;Upstream Constraint;No Voltage Constraint;R;ICI Fibres;GSP Constraint;Doncaster B/Thorpe Marsh;West Melton / Thorpe Marsh;Red - Fault Level;Red - Fault Level;Red;Red;53.53826738937577, -1.1216831439902608;100.065362453461
Ilkley;410897.0;447880.0;Primary;11.0;23.0;1.17499995231628;11.9700002670288;1.0;0.128;0.7425;0.0;10.2874997329712;9.23529;13.1216;22.7823;32.80399;1.16096258163452;6.0;No Voltage Constraint;Upstream Constraint;No Voltage Constraint;R;Ilkley;No;Silsden;Bradford West;Red - Fault Level;Red - Fault Level;Red;Red;53.926939024619685, -1.8355411682090308;116.09625816345199
Iveson House;425749.0;438261.0;Primary;11.0;23.0;3.05999994277954;12.1800003051758;1.0;0.0;0.0;26.0599999427795;10.8199996948242;10.30891;13.1216;27.56225;32.80399;0.840210139751434;6.0;No Voltage Constraint;GSP Constraint;No Voltage Constraint;R;Iveson House;No;Kirkstall C/Ring Road Horsforth;Kirkstall B;Green;Green;Green;Green;53.83996498757845, -1.610175576703337;84.0210139751434
Kielder;370668.0;586908.0;Primary;20.0;4.0;0.0;1.29900002479553;1.0;0.0;0.0;4.0;;1.0;1.0;1.0;1.0;;1.0;Voltage Constraint;No;No Voltage Constraint;;Kielder;No;;;Red - Voltage;Green;Red;Green;55.17559499672968, -2.4620802746201313;
Killingworth;426950.0;571122.0;Primary;11.0;24.0;3.85999989509583;15.1700000762939;0.5;0.3;2.68;15.5599998950958;6.14999992370605;9.52;13.1;29.31;32.8;0.893597543239594;1.0;Voltage Constraint;GSP Constraint;No Voltage Constraint;R;Killingworth;No;Gosforth;Tynemouth;Red - Voltage;Green;Red;Green;55.03389440530091, -1.5798892262794548;89.3597543239594
King George Dock;513616.0;429275.0;Primary;11.0;30.0;1.44000005722046;7.48999977111816;1.0;0.0;0.0;0.0;0.0;8.934261;25.0;23.8136;62.5;0.850310981273651;6.0;No Voltage Constraint;Upstream Constraint;No Voltage Constraint;R;King George Dock;GSP Constraint;Hull East 132/33kV;Saltend North;Green;Green;Green;Green;53.747473656109754, -0.2785783594593098;85.0310981273651
Kirbymoorside;469514.0;484612.0;Primary;11.0;24.0;4.80000019073486;9.17000007629395;0.0;0.0;0.0;0.0;13.4764963378906;7.34;13.1;20.18;32.8;0.700653612613678;2.0;Some Voltage Constraint;Upstream Constraint;No Voltage Constraint;R;Kirbymoorside;Upstream Constraint;Malton Grid;Osbaldwick;Amber - Voltage;Green;Amber;Green;54.252474998233076, -0.9345657082709011;70.0653612613678
Kirk Drive;415719.0;439610.0;Primary;11.0;23.0;2.07999992370605;10.8999996185303;0.0;0.0;0.0;0.0;12.1000003814697;7.917525;13.1216;20.45203;32.80399;0.921568632125854;5.0;No Voltage Constraint;Upstream Constraint;No Voltage Constraint;R;Kirk Drive;No;Menston;Bradford West;Amber - Fault Level;Amber - Fault Level;Amber;Amber;53.85248758583456, -1.7625309727178444;92.1568632125854
Kirkstall B;426639.0;434447.0;GSP;132.0;480.0;77.0;227.0;1.0;102.884;53.202;454.116;199.798;8.71;15.31;25.6;39.0;0.656410276889801;0.0;Data Not Available;NGET;Data Not Available;R;Kirkstall B;NGET;NGET;Kirkstall B;Green;Green;Green;Green;53.80564124531247, -1.5969794922707383;65.6410276889801
Kirkstall C/Ring Road Horsforth;427084.0;434561.0;Supply Point;33.0;117.0;10.8000001907349;76.6399993896484;1.0;0.637;4.1;127.163000190735;36.2600006103516;9.397691;25.00102;28.46973;62.50254;0.656410276889801;0.0;Data Not Available;NO;Data Not Available;R;Kirkstall C/Ring Road Horsforth;NO;Kirkstall B;Kirkstall B;Green;Green;Green;Green;53.80664296501945, -1.5902125582428568;65.6410276889801
Knostrop;433344.0;431851.0;Primary;11.0;24.0;-1.74000000953674;5.92000007629395;1.0;11.724;0.847;10.5359999904633;17.2329999237061;10.54839;13.1216;27.39311;32.80399;0.916205048561096;6.0;No Voltage Constraint;GSP Constraint;No Voltage Constraint;R;Knostrop;No;Leeds East;Skelton Grange;Amber - Fault Level;Amber - Fault Level;Amber;Amber;53.7819243267574, -1.4954507411098237;91.62050485610959
Lea Road;481608.0;388920.0;Primary;11.0;16.0;2.85999989509583;10.7804727554321;0.0;0.0;0.0;0.0;0.0;7.636;13.1216;20.97381;32.80399;1.0;5.0;No Voltage Constraint;Upstream Constraint;No Voltage Constraint;R;Lea Road;GSP Constraint;Blyton;Keadby;Red - Fault Level;Red - Fault Level;Red;Red;53.39082109434801, -0.7743376192116845;100.0
Leam Central;428786.0;560431.0;Primary;20.0;8.0;0.0;0.699999988079071;1.0;0.0;0.0;8.0;7.30000001192093;3.24;9.2;8.1;23.5;0.931003630161285;2.0;Some Voltage Constraint;GSP Constraint;No Voltage Constraint;R;Leam Central;No;West Boldon;West Boldon;"Amber - Voltage; Amber- Fault level";Amber - Fault Level;Amber;Amber;54.93772368185462, -1.5522350552800266;93.1003630161285
Ledston;442598.0;428324.0;Primary;11.0;23.0;2.57999992370605;11.3199996948242;0.0;0.0;0.0;0.0;11.6800003051758;10.87642;13.1216;26.83758;32.80399;0.82889449596405;7.0;No Voltage Constraint;Upstream Constraint;No Voltage Constraint;R;Ledston;No;Ferrybridge A;Ferrybridge A;Green;Green;Green;Green;53.74955281885838, -1.3555058484785447;82.889449596405
Lindley;411471.0;417615.0;Supply Point;33.0;117.0;21.1100006103516;65.9199981689453;1.0;1.64;3.026;0.0;48.0540018310547;10.25802;17.49546;30.02771;43.73866;0.686525702476501;0.0;Data Not Available;NO;Data Not Available;R;Lindley;NO;Elland;Elland;Green;Green;Green;Green;53.65490720620279, -1.8279152342434113;68.6525702476501
Linton;425141.0;592736.0;Supply Point;66.0;72.0;-54.9000015258789;46.9799995422363;1.0;2.51;88.98;0.0;0.0;5.78;31.5;16.79;77.75;0.945128202438354;0.0;Data Not Available;NO;Data Not Available;A;Linton;NO;Blyth 132kV;Blyth 132kV;Amber - Fault Level;Amber - Fault Level;Amber;Amber;55.22820669860082, -1.6062858712359809;94.5128202438354
Liversedge;420285.0;423550.0;Primary;11.0;23.0;2.23000001907349;9.52000045776367;0.0;0.939;1.714;1.29100001907349;11.7659995422363;10.3002;13.1216;26.67381;32.80399;0.813126802444458;6.0;No Voltage Constraint;GSP Constraint;No Voltage Constraint;R;Liversedge;No;Heckmondwike;Skelton Grange;Green;Green;Green;Green;53.70798539120217, -1.6941722580239917;81.3126802444458
Lowfields;411274.0;421697.0;Primary;11.0;19.0;0.699999988079071;4.42000007629395;1.0;0.0;0.0;0.0;14.5799999237061;9.387465;13.1216;24.02263;32.80399;0.732308208942413;6.0;No Voltage Constraint;Upstream Constraint;No Voltage Constraint;R;Lowfields;No;Brighouse 132/33kV;Elland;Green;Green;Green;Green;53.69160088763016, -1.830749137707911;73.2308208942413
Lynemouth;429716.0;590240.0;Primary;20.0;38.0;-2.20000004768372;3.25999999046326;1.0;0.0;0.0;0.0;0.0;6.65;9.2;18.23;23.5;0.945128202438354;1.0;Voltage Constraint;Upstream Constraint;No Voltage Constraint;A;Lynemouth;Upstream Constraint;Linton;Blyth 132kV;"Red - Voltage; Amber - Fault Level";Amber - Fault Level;Red;Amber;55.205525714740055, -1.5346235256823497;94.5128202438354
Mallard Way;458863.0;400802.0;Supply Point;33.0;144.0;0.0;40.7999992370605;1.0;27.669;0.3525;0.0;0.0;12.852;31.5;34.0;78.8;1.00065362453461;0.0;Data Not Available;NO;Data Not Available;R;Mallard Way;Upstream Constraint;West Melton / Thorpe Marsh;West Melton / Thorpe Marsh;Red - Fault Level;Red - Fault Level;Red;Red;53.50062960052062, -1.114078873967846;100.065362453461
Malton Grid;479724.0;473431.0;Supply Point;66.0;82.0;22.9799995422363;64.6600036621094;0.0;416.34;3.8635;0.0;13.4764963378906;5.74;25.0;16.2;62.5;0.700653612613678;0.0;Data Not Available;NO;Data Not Available;R;Malton Grid;NO;Osbaldwick;Osbaldwick;Green;Green;Green;Green;54.15052406254009, -0.7808552168192258;70.0653612613678
Martongate;518967.0;469056.0;Primary;11.0;14.0;3.67000007629395;11.9499998092651;0.0;0.0;0.0;0.0;2.05000019073486;7.377233;13.1216;19.47661;32.80399;0.993019342422485;6.0;No Voltage Constraint;Upstream Constraint;No Voltage Constraint;R;Martongate;No;Driffield/Beverley Group;Creyke Beck;Red - Fault Level;Red - Fault Level;Red;Red;54.10364500447508, -0.18201306910301876;99.3019342422485
Meltham;410797.0;411036.0;Primary;11.0;23.0;1.03999996185303;7.34000015258789;0.0;0.0;0.0;0.0;15.6599998474121;7.13001;13.1216;18.55365;32.80399;0.686525702476501;4.0;No Voltage Constraint;Upstream Constraint;No Voltage Constraint;R;Meltham;No;Lindley;Elland;Green;Green;Green;Green;53.59578816863018, -1.8383387994666096;68.6525702476501
Menston;418050.0;443293.0;Supply Point;33.0;117.0;12.3100004196167;48.5400009155273;1.0;74.63;2.75;0.0;65.7099990844727;10.67764;17.49546;28.81995;43.73866;0.921568632125854;0.0;Data Not Available;NO;Data Not Available;R;Menston;NO;Bradford West;Bradford West;Amber - Fault Level;Amber - Fault Level;Amber;Amber;53.88551418366155, -1.7268813347642287;92.1568632125854
Millbank Lane;445506.0;516289.0;Primary;11.0;21.0;4.03000020980835;16.5;1.0;0.0;0.0;0.0;0.0;11.22;13.1;33.04;32.8;1.00731706619263;1.0;Voltage Constraint;Upstream Constraint;No Voltage Constraint;R;Millbank Lane;GSP Constraint;Bowesfield;Norton;"Red - Fault Level; Red - Voltage";Red - Fault Level;Red;Red;54.539829109703696, -1.2981734974617585;100.73170661926301
Millroyd Street;414628.0;422679.0;Primary;11.0;15.0;4.76999998092651;11.5500001907349;1.0;0.0;0.0;0.0;3.44999980926514;8.138984;13.1216;21.96588;32.80399;0.706268966197968;6.0;No Voltage Constraint;Upstream Constraint;No Voltage Constraint;R;Millroyd Street;No;Brighouse 132/33kV;Elland;Green;Green;Green;Green;53.700344728977484, -1.7799122782778738;70.6268966197968
Moor Monkton Pumps;452640.0;457500.0;Primary;11.0;8.0;2.54702925682068;4.71999979019165;1.0;0.0;0.0;0.0;3.28000020980835;4.76;25.0;12.36;62.5;0.729372203350067;2.0;Some Voltage Constraint;Upstream Constraint;No Voltage Constraint;R;Moor Monkton Pumps;No;Poppleton;Poppleton;Amber - Voltage;Green;Amber;Green;54.01084117295632, -1.1982403931351198;72.9372203350067
Moorside Road;418394.0;435360.0;Primary;11.0;23.0;3.65000009536743;12.9549999237061;1.0;0.0;0.0;0.0;0.0;11.35524;13.1216;29.23579;32.80399;0.921568632125854;5.0;No Voltage Constraint;Upstream Constraint;No Voltage Constraint;R;Moorside Road;Upstream Constraint;Bradford;Bradford West;Amber - Fault Level;Amber - Fault Level;Amber;Amber;53.814202187764806, -1.7221201496372887;92.1568632125854
Nab Lane;423614.0;426938.0;Primary;11.0;12.0;2.58999991416931;9.92000007629395;1.0;0.0;0.0;14.5899999141693;2.07999992370605;5.046307;19.99731;13.15766;49.99329;0.480399996042252;8.0;No Voltage Constraint;GSP Constraint;No Voltage Constraint;R;Nab Lane;No;Heckmondwike;Skelton Grange;Green;Green;Green;Green;53.738297146371714, -1.6434836920783293;48.039999604225194
Neepsend;434229.0;389764.0;GSP;33.0;140.0;22.0;75.0;1.0;45.675;5.842;116.325;59.158;14.23;17.5;41.42;43.74;0.94695919752121;0.0;Data Not Available;NGET;Data Not Available;R;Neepsend;NGET;NGET;Neepsend;Amber - Fault Level;Amber - Fault Level;Amber;Amber;53.403593297341324, -1.4866240031546485;94.695919752121
Newby;502082.0;489285.0;Primary;11.0;24.0;3.49000000953674;12.2700004577637;0.0;0.107;0.3;0.0;11.4299995422363;9.48;13.1;26.1;32.8;0.795731723308563;5.0;No Voltage Constraint;Upstream Constraint;No Voltage Constraint;R;Newby;No;Scarborough Grid;Osbaldwick;Green;Green;Green;Green;54.28900516999646, -0.433278222124109;79.5731723308563
Newport 2;485986.0;430739.0;Primary;11.0;20.0;0.0;0.0;1.0;0.0;0.0;0.0;20.0;4.086441;24.98352;11.02983;62.4588;0.855962336063385;2.0;Some Voltage Constraint;Upstream Constraint;No Voltage Constraint;R;Newport 2;No;Osgodby 3/4;Drax;Amber - Voltage;Green;Amber;Green;53.76591222720453, -0.6970210257298433;85.5962336063385
Ninelands Lane;441182.0;433130.0;Primary;11.0;23.0;2.52999997138977;13.3999996185303;0.0;0.0;0.0;0.0;9.60000038146973;7.818358;13.1216;19.7928;32.80399;0.910400032997131;6.0;No Voltage Constraint;Upstream Constraint;No Voltage Constraint;R;Ninelands Lane;No;Whinmoor;Ferrybridge B;Amber - Fault Level;Amber - Fault Level;Amber;Amber;53.79286004564247, -1.3763375878914639;91.0400032997131
Norfolk Park;436797.0;385609.0;Primary;11.0;24.0;2.42000007629395;8.18000030517578;0.0;0.0;0.0;2.42000007629395;15.8199996948242;10.84809;13.1216;28.50084;32.80399;1.0459953546524;10.0;No Voltage Constraint;No;No Voltage Constraint;G;Norfolk Park;No;Norton Lees;Norton Lees;Red - Fault Level;Red - Fault Level;Red;Red;53.366075273118554, -1.4484830266450714;104.59953546524
Normanton;437839.0;422228.0;Primary;11.0;23.0;3.90000009536743;15.7529487609863;0.0;0.697;2.1868;0.0;5.06025123901367;7.986201;13.1216;22.11967;32.80399;0.918525516986847;6.0;No Voltage Constraint;Upstream Constraint;No Voltage Constraint;R;Normanton;No;Featherstone;Ferrybridge B;Amber - Fault Level;Amber - Fault Level;Amber;Amber;53.695130407534705, -1.428412138551284;91.8525516986847
North Tees;447891.0;521875.0;Supply Point;66.0;150.6;-21.0;81.6699981689453;1.0;66.585;37.8185;0.0;0.0;14.99;31.5;44.97;77.75;0.600635349750519;0.0;Data Not Available;NO;Data Not Available;R;North Tees;Upstream Constraint;Norton;Norton;Green;Green;Green;Green;54.589805838786496, -1.2604066574510109;60.0635349750519
North Tees T1 T2;447891.0;521875.0;Primary;11.0;34.0;2.55999994277954;20.5400009155273;1.0;0.625;1.1825;0.0;0.0;13.53;20.0;40.37;50.0;0.807399988174438;2.0;Some Voltage Constraint;Upstream Constraint;No Voltage Constraint;R;North Tees T1 T2;GSP Constraint;North Tees;Norton;Amber - Voltage;Green;Amber;Green;54.589805838786496, -1.2604066574510109;80.7399988174438
Norton Lees;435270.0;383655.0;GSP;33.0;120.0;15.0;58.0;1.0;0.0;8.0;135.0;54.0;16.39;17.5;45.71;43.7;1.0459953546524;0.0;Data Not Available;NGET;Data Not Available;G;Norton Lees;NGET;NGET;Norton Lees;Red - Fault Level;Red - Fault Level;Red;Red;53.34861601723589, -1.4716466460310886;104.59953546524
Oakes Road;411693.0;417548.0;Primary;11.0;24.0;3.28999996185303;11.9300003051758;0.0;0.0;0.0;0.0;12.0699996948242;9.881301;13.1216;27.50557;32.80399;0.83848249912262;7.0;No Voltage Constraint;Upstream Constraint;No Voltage Constraint;R;Oakes Road;No;Lindley;Elland;Green;Green;Green;Green;53.654300134681975, -1.8245588143227904;83.84824991226199
Offerton;434946.0;554334.0;GSP;33.0;120.0;18.0;38.0;1.0;71.24;4.5778;66.76;77.4222;17.97;17.5;51.16;44.6;1.14708518981934;0.0;Data Not Available;NGET;Data Not Available;R;Offerton;NGET;NGET;Offerton;Red - Fault Level;Red - Fault Level;Red;Red;54.88254485076955, -1.4568312957305696;114.70851898193399
Osbaldwick;464108.0;451578.0;GSP;132.0;480.0;59.0;261.0;1.0;1435.344;11.7411;0.0;207.2589;10.72;15.3;31.65;46.9;0.700653612613678;0.0;Data Not Available;NGET;Data Not Available;R;Osbaldwick;NGET;NGET;Osbaldwick;Green;Green;Green;Green;53.95632998737675, -1.0245162101312506;70.0653612613678
Pallion Trading;437080.0;557323.0;Primary;11.0;24.0;0.948684215545654;15.9113187789917;0.5;2.09;3.4818;10.8586842155457;4.6068812210083;10.0;13.1;29.01;33.4;1.14708518981934;2.0;Some Voltage Constraint;GSP Constraint;No Voltage Constraint;R;Pallion Trading;No;Offerton;Offerton;"Red - Fault Level; Amber - Voltage";Red - Fault Level;Red;Red;54.90925038446149, -1.423187351009949;114.70851898193399
Park Hill;436088.0;387365.0;Primary;11.0;24.0;3.32894372940063;10.7299995422363;0.0;0.0;0.0;3.32894372940063;13.2700004577637;10.99529;25.0;29.70061;62.5;1.01314330101013;11.0;No Voltage Constraint;No;No Voltage Constraint;G;Park Hill;No;Sheffield City;Sheffield City;Red - Fault Level;Red - Fault Level;Red;Red;53.381907271395946, -1.4589373675115862;101.31433010101301
Park Road;424381.0;420982.0;Primary;11.0;23.0;3.61999988555908;15.5;0.0;2.14;0.745;0.0;6.755;11.64423;13.1216;30.1182;32.80399;0.918126165866852;4.0;No Voltage Constraint;Upstream Constraint;No Voltage Constraint;R;Park Road;No;Thornhill 132kV;Elland;Amber - Fault Level;Amber - Fault Level;Amber;Amber;53.68473008548809, -1.6323227254235158;91.81261658668521
Pasture Road South;504262.0;422463.0;Primary;11.0;20.0;2.60999989509583;14.5699996948242;1.0;0.0;0.0;0.0;0.0;6.350173;13.1216;14.56447;32.80399;1.0;9.0;No Voltage Constraint;Upstream Constraint;No Voltage Constraint;R;Pasture Road South;GSP Constraint;Santon;Keadby;Red - Fault Level;Red - Fault Level;Red;Red;53.68822267113606, -0.42265449822829215;100.0
Patrington Road;527583.0;424228.0;Primary;11.0;8.0;-4.23999977111816;5.92999982833862;0.0;0.0;0.0;0.0;0.0;9.689384;13.1216;23.79099;32.80399;0.850310981273651;1.0;Voltage Constraint;Upstream Constraint;No Voltage Constraint;R;Patrington Road;GSP Constraint;Hull East 132/33kV;Saltend North;Red - Voltage;Green;Red;Green;53.698909217279805, -0.06898318738814306;85.0310981273651
Penistone Road;434118.0;389039.0;Primary;11.0;20.0;1.62999999523163;8.59000015258789;0.0;0.0;0.0;1.62999999523163;11.4099998474121;11.55315;13.1216;30.9796;32.80399;0.947014093399048;6.0;No Voltage Constraint;GSP Constraint;No Voltage Constraint;R;Penistone Road;No;Neepsend;Neepsend;Amber - Fault Level;Amber - Fault Level;Amber;Amber;53.39708401568931, -1.4883716226555166;94.7014093399048
Peterlee West;440530.0;540420.0;Primary;11.0;32.0;-1.21000003814697;10.4799995422363;1.0;0.0;0.0;0.0;17.7963;9.87;25.0;29.47;62.5;0.577598571777344;3.0;Some Voltage Constraint;Upstream Constraint;No Voltage Constraint;R;Peterlee West;Upstream Constraint;Hartmoor;Hartmoor;Amber - Voltage;Green;Amber;Green;54.75709521033139, -1.3717428563767209;57.759857177734396
Pitsmoor 3/4;437032.0;389501.0;GSP;33.0;120.0;-18.0;47.0;1.0;120.23;0.0;0.0;73.0;15.93;17.5;45.19;43.7;1.03409600257874;0.0;Data Not Available;NGET;Data Not Available;R;Pitsmoor 3/4;NGET;NGET;Pitsmoor 3/4;Red - Fault Level;Red - Fault Level;Red;Red;53.40104083007158, -1.4444967313901556;103.409600257874
Pollington;462181.0;420890.0;Primary;11.0;9.0;-6.68929243087769;4.89078807830811;1.0;0.0;0.0;0.0;4.10921192169189;4.691443;13.1216;11.56747;32.80399;0.910400032997131;5.0;No Voltage Constraint;Upstream Constraint;No Voltage Constraint;R;Pollington;No;Kirkhaw Lane;Ferrybridge B;Amber - Fault Level;Amber - Fault Level;Amber;Amber;53.680780708989445, -1.0600686053214698;91.0400032997131
Potter House;426342.0;545048.0;Supply Point;66.0;96.3;20.2600002288818;68.5800018310547;1.0;29.822;8.135;0.0;19.5849981689453;5.72;31.5;16.53;78.8;0.801025629043579;0.0;Data Not Available;NO;Data Not Available;R;Potter House;NO;Spennymoor GSP;Spennymoor GSP;Green;Green;Green;Green;54.799624606184054, -1.5917782737737503;80.1025629043579
Potter House T1 T3;426342.0;545048.0;Primary;20.0;26.0;0.720000028610229;15.2399997711182;1.0;1.098;2.0;0.0;8.76000022888184;6.55;20.0;19.54;50.0;0.801025629043579;1.0;Voltage Constraint;Upstream Constraint;No Voltage Constraint;R;Potter House T1 T3;No;Potter House;Spennymoor GSP;Red - Voltage;Green;Red;Green;54.799624606184054, -1.5917782737737503;80.1025629043579
Potter House T4 T5;426342.0;545048.0;Primary;11.0;30.0;1.82299995422363;6.01999998092651;1.0;0.0;0.0;0.0;19.5849981689453;8.99;25.0;56.88;62.5;0.910080015659332;5.0;No Voltage Constraint;Upstream Constraint;No Voltage Constraint;R;Potter House T4 T5;Upstream Constraint;Potter House;Spennymoor GSP;Amber - Fault Level;Amber - Fault Level;Amber;Amber;54.799624606184054, -1.5917782737737503;91.0080015659332
Rawdon;420404.0;440351.0;Primary;11.0;23.0;2.9300000667572;12.289999961853;1.0;0.0;0.0;25.9300000667572;10.710000038147;9.038881;25.0;22.45379;62.5;0.620293438434601;6.0;No Voltage Constraint;GSP Constraint;No Voltage Constraint;R;Rawdon;No;Rodley;Skelton Grange;Green;Green;Green;Green;53.858985597364146, -1.6912639530631453;62.029343843460104
Rawmarsh Road 3_4 Direct;442853.0;393468.0;Primary;11.0;39.0;4.0;28.0;1.0;0.0;0.0;0.0;0.0;9.736452;13.1216;28.30316;32.80399;1.00065362453461;8.0;No Voltage Constraint;Upstream Constraint;No Voltage Constraint;R;Rawmarsh Road 3_4;GSP Constraint;Rawmarsh Road 3_4;West Melton / Thorpe Marsh;Red - Fault Level;Red - Fault Level;Red;Red;53.43625692720961, -1.3564155122587092;100.065362453461
Rawson Spring Road;433645.0;390628.0;Primary;11.0;20.0;3.67000007629395;12.210000038147;0.0;0.24;0.4845;3.43000007629395;7.30549996185303;10.07752;13.1216;27.79852;32.80399;0.947014093399048;6.0;No Voltage Constraint;GSP Constraint;No Voltage Constraint;R;Rawson Spring Road;No;Neepsend;Neepsend;Amber - Fault Level;Amber - Fault Level;Amber;Amber;53.4113965181763, -1.4953157579011713;94.7014093399048
Redcar;460684.0;523160.0;Primary;11.0;38.0;6.75;25.2999992370605;0.0;0.0;0.0;0.0;12.7000007629395;11.68;13.1;33.15;32.8;1.01067078113556;2.0;Some Voltage Constraint;Upstream Constraint;No Voltage Constraint;R;Redcar;No;Lackenby;Lackenby;"Red - Fault Level; Amber - Voltage";Red - Fault Level;Red;Red;54.599981377920194, -1.06219744300581;101.067078113556
Reservoir;426147.0;582289.0;Primary;20.0;30.0;2.40000009536743;19.9300003051758;0.0;0.0;0.0;0.0;0.0;6.97;9.2;20.32;23.5;0.864680826663971;2.0;Some Voltage Constraint;Upstream Constraint;No Voltage Constraint;R;Reservoir;GSP Constraint;Blyth 66kV;Blyth 66kV;Amber - Voltage;Green;Amber;Green;55.13428153268573, -1.5914312457606794;86.4680826663971
Ripon;431376.0;470914.0;Primary;11.0;19.0;4.57999992370605;16.5599994659424;0.5;0.964;1.28;0.0;1.16000053405762;7.27;13.1;19.57;32.8;0.596646368503571;2.0;Some Voltage Constraint;Upstream Constraint;No Voltage Constraint;R;Ripon;No;Wormald Green 132/33kV;Knaresborough;Amber - Voltage;Green;Amber;Green;54.13312115052314, -1.5213135254117223;59.6646368503571
Rockware;460599.0;406822.0;Primary;11.0;23.0;7.44999980926514;19.1599998474121;0.0;0.0;0.0;0.0;0.0;12.19258;13.1216;32.71022;32.80399;1.00065362453461;6.0;No Voltage Constraint;Upstream Constraint;No Voltage Constraint;R;Rockware;GSP Constraint;Doncaster B/Thorpe Marsh;West Melton / Thorpe Marsh;Red - Fault Level;Red - Fault Level;Red;Red;53.55453593693073, -1.0867485332748568;100.065362453461
Rodley;422154.0;436195.0;Supply Point;33.0;117.0;19.4699993133545;65.3899993896484;1.0;1.005;1.792;44.3775000000001;49.8180006103516;9.67973;17.49546;27.1308;43.73866;0.620293438434601;0.0;Data Not Available;NO;Data Not Available;R;Rodley;NO;Skelton Grange;Skelton Grange;Green;Green;Green;Green;53.82156122523818, -1.664955746833514;62.029343843460104
Roman Avenue;432450.0;439105.0;Primary;11.0;23.0;2.82999992370605;11.3400001525879;1.0;0.0;0.0;0.0;11.6599998474121;9.891984;13.1216;24.73132;32.80399;0.910400032997131;6.0;No Voltage Constraint;Upstream Constraint;No Voltage Constraint;R;Roman Avenue;No;Whinmoor;Ferrybridge B;Amber - Fault Level;Amber - Fault Level;Amber;Amber;53.84717666189229, -1.508255402809992;91.0400032997131
Royds Lane;434704.0;427905.0;Primary;11.0;23.0;2.5;11.5;0.0;0.0;0.0;2.5;11.5;9.268943;13.1216;24.09285;32.80399;0.747168660163879;5.0;No Voltage Constraint;GSP Constraint;No Voltage Constraint;R;Royds Lane;No;Wakefield North;Skelton Grange;Green;Green;Green;Green;53.74637057093057, -1.475254413386522;74.7168660163879
Saltend North;516308.0;428802.0;GSP;132.0;200.0;-16.0;99.0;1.0;1010.964;204.2352;0.0;0.0;11.45;15.3;30.03;39.0;0.770000040531158;0.0;Data Not Available;NGET;Data Not Available;R;Saltend North;NGET;NGET;Saltend North;Green;Green;Green;Green;53.74263133905893, -0.23795502608891594;77.0000040531158
Salterforth;389282.0;445857.0;Primary;11.0;23.0;2.62100005149841;10.6300001144409;1.0;0.0;0.0;0.0;12.3699998855591;5.932111;13.1216;14.45036;32.80399;1.16096258163452;10.0;No Voltage Constraint;Upstream Constraint;No Voltage Constraint;R;Salterforth;No;Silsden;Bradford West;Red - Fault Level;Red - Fault Level;Red;Red;53.90875577454069, -2.164634346520557;116.09625816345199
Salterhebble;409583.0;422212.0;Primary;11.0;24.0;4.71000003814697;14.539999961853;1.0;25.17;8.71;0.0;0.750000038146972;8.980685;13.1216;24.07648;32.80399;0.954672992229462;7.0;No Voltage Constraint;Upstream Constraint;No Voltage Constraint;R;Salterhebble;No;Sowerby Bridge 132/33kV;Elland;Red - Fault Level;Red - Fault Level;Red;Red;53.696263137638184, -1.8563409429995463;95.4672992229462
Sandhill Lane;472429.0;447423.0;Primary;11.0;8.0;0.0;3.34999990463257;0.0;0.0;0.0;0.0;4.65000009536743;4.405372;13.1216;10.74337;32.80399;0.993019342422485;6.0;No Voltage Constraint;Upstream Constraint;No Voltage Constraint;R;Sandhill Lane;No;Driffield/Beverley Group;Creyke Beck;Red - Fault Level;Red - Fault Level;Red;Red;53.917896722742235, -0.8987165140262993;99.3019342422485
Santon;493096.0;411979.0;Supply Point;33.0;117.0;1.52999997138977;37.2599983215332;1.0;75.595;8.245;0.0;0.0;14.50772;25.00102;39.49272;62.50254;1.0;0.0;Data Not Available;NO;Data Not Available;R;Santon;Upstream Constraint;Keadby;Keadby;Red - Fault Level;Red - Fault Level;Red;Red;53.59612543365839, -0.5948146043863981;100.0
Scholes;416160.0;407393.0;Primary;11.0;24.0;-1.62999999523163;9.09000015258789;1.0;0.0;0.0;0.0;14.9099998474121;7.45;13.12;18.0;32.8;0.712683498859406;7.0;No Voltage Constraint;Upstream Constraint;No Voltage Constraint;R;Scholes;No;Thornhill 132kV;Elland;Green;Green;Green;Green;53.56290741615537, -1.7574960828515462;71.2683498859406
Scissett;425093.0;410332.0;Primary;11.0;23.0;3.73000001907349;14.5500001907349;0.0;0.08;1.0;3.65000001907349;7.44999980926514;9.19;13.12;24.8;32.8;1.0;4.0;No Voltage Constraint;GSP Constraint;No Voltage Constraint;R;Scissett;No;Barugh 132/66kV;West Melton Section 3;Red - Fault Level;Red - Fault Level;Red;Red;53.58897430354222, -1.6223977290807459;100.0
Scunthorpe North;489335.0;412605.0;Supply Point;33.0;150.0;2.70000004768372;103.529998779297;1.0;101.72;9.31;0.0;0.0;20.73785;25.00102;59.94434;62.50254;1.0;0.0;Data Not Available;NO;Data Not Available;R;Scunthorpe North;Upstream Constraint;Keadby;Keadby;Red - Fault Level;Red - Fault Level;Red;Red;53.60240412413005, -0.6514456261019151;100.0
Scunthorpe South;491294.0;409631.0;Supply Point;33.0;112.0;0.0;28.3099994659424;1.0;22.034;1.4327;0.0;0.0;14.76111;17.49546;39.69403;43.73866;1.0;0.0;Data Not Available;NO;Data Not Available;R;Scunthorpe South;Upstream Constraint;Keadby;Keadby;Red - Fault Level;Red - Fault Level;Red;Red;53.57534358999431, -0.622719743669071;100.0
Seacroft;435446.0;436879.0;Primary;11.0;23.0;3.53999996185303;10.6199998855591;0.5;0.0875;1.5;0.0;10.8800001144409;8.026106;13.1216;22.02601;32.80399;0.910400032997131;6.0;No Voltage Constraint;Upstream Constraint;No Voltage Constraint;R;Seacroft;No;Whinmoor;Ferrybridge B;Amber - Fault Level;Amber - Fault Level;Amber;Amber;53.8269753395284, -1.462975333918021;91.0400032997131
Seaton;516963.0;446929.0;Primary;11.0;20.0;2.25999999046326;16.0699996948242;0.0;0.453;1.0;0.0;2.93000030517578;11.6456;19.99731;30.63597;49.99329;0.993019342422485;6.0;No Voltage Constraint;Upstream Constraint;No Voltage Constraint;R;Seaton;No;Driffield/Beverley Group;Creyke Beck;Red - Fault Level;Red - Fault Level;Red;Red;53.90533067376674, -0.22114315260965944;99.3019342422485
Selby;461789.0;430701.0;Primary;11.0;29.0;2.97000002861023;21.7999992370605;1.0;21.924;1.92;0.0;5.28000076293945;8.797111;19.99731;24.07018;49.99329;0.855962336063385;4.0;No Voltage Constraint;Upstream Constraint;No Voltage Constraint;R;Selby;No;Osgodby 3/4;Drax;Green;Green;Green;Green;53.76899728205196, -1.0640470641786444;85.5962336063385
Sharlston;438210.0;419898.0;Primary;11.0;23.0;2.22000002861023;9.68000030517578;0.5;0.0;0.0;0.0;13.3199996948242;8.440314;13.1216;22.97343;32.80399;0.918525516986847;4.0;No Voltage Constraint;Upstream Constraint;No Voltage Constraint;R;Sharlston;No;Featherstone;Ferrybridge B;Amber - Fault Level;Amber - Fault Level;Amber;Amber;53.67416220844722, -1.4230798865424867;91.8525516986847
Sheffield City;434788.0;386570.0;GSP;33.0;120.0;28.0;84.0;1.0;0.602;0.7644;147.398;35.2356;15.53;17.5;44.31;43.74;1.01303160190582;0.0;Data Not Available;NGET;Data Not Available;G;Sheffield City;NGET;NGET;Sheffield City;Red - Fault Level;Red - Fault Level;Red;Red;53.37484856207096, -1.4785671857026312;101.303160190582
Shepcote Tinsley;439546.0;389723.0;Primary;11.0;30.0;0.360000014305115;6.23000001907349;1.0;0.0;0.0;30.3600000143051;23.7699999809265;8.622214;19.99731;21.94842;49.99329;0.990589499473572;10.0;No Voltage Constraint;No;No Voltage Constraint;G;Shepcote Tinsley;No;Wincobank;Wincobank;Red - Fault Level;Red - Fault Level;Red;Red;53.40285439334299, -1.4066601079973617;99.0589499473572
Sherburn;451461.0;433208.0;Primary;11.0;25.0;-0.310000002384186;15.0500001907349;1.0;0.0;0.0;0.0;9.94999980926514;12.32127;24.98352;32.37965;62.4588;0.910400032997131;2.0;Some Voltage Constraint;Upstream Constraint;No Voltage Constraint;R;Sherburn;No;Bramham;Ferrybridge B;"Amber - Voltage; Amber- Fault level";Amber - Fault Level;Amber;Amber;53.792648485685184, -1.2203035260702417;91.0400032997131
Sheriff Hutton;463165.0;466957.0;Primary;11.0;24.0;0.259999990463257;11.0699996948242;1.0;0.0;0.0;0.0;12.9300003051758;7.74685;13.1;20.1812;32.8;0.700653612613678;2.0;Some Voltage Constraint;Upstream Constraint;No Voltage Constraint;R;Sheriff Hutton;No;Malton Grid;Osbaldwick;Amber - Voltage;Green;Amber;Green;54.09464673439195, -1.035693659717951;70.0653612613678
Shipley;415478.0;437980.0;Primary;11.0;23.0;2.28999996185303;8.89999961853027;1.0;0.0;0.0;0.0;0.0;9.707289;16.00835;25.31943;40.02087;0.921568632125854;6.0;No Voltage Constraint;Upstream Constraint;No Voltage Constraint;R;Shipley;Upstream Constraint;Bradford;Bradford West;Amber - Fault Level;Amber - Fault Level;Amber;Amber;53.83784464236015, -1.7662760220893268;92.1568632125854
Shirland Lane;438425.0;388360.0;Primary;11.0;24.0;1.75;9.27999973297119;0.0;0.0;0.0;0.0;0.0;10.07679;13.1216;26.80588;32.80399;1.00065362453461;8.0;No Voltage Constraint;Upstream Constraint;No Voltage Constraint;R;Shirland Lane;GSP Constraint;Attercliffe;West Melton / Thorpe Marsh;Red - Fault Level;Red - Fault Level;Red;Red;53.39068614862622, -1.423685395963758;100.065362453461
Shotton;441545.0;541357.0;Primary;11.0;25.0;4.23000001907349;13.8699998855591;1.0;0.0;0.0;0.0;11.1300001144409;10.0621;13.1;28.9621;33.4;0.867128670215607;2.0;Some Voltage Constraint;Upstream Constraint;No Voltage Constraint;R;Shotton;No;Hawthorn Pit Grid;Hawthorn Pit Grid;Amber - Voltage;Green;Amber;Green;54.765432363794325, -1.3558386386759351;86.7128670215607
Silver Street;435219.0;387647.0;Primary;11.0;24.0;2.29999995231628;8.05452728271484;0.0;0.0;0.0;2.29999995231628;15.9454727172852;11.19241;13.1216;29.98339;32.80399;1.01314330101013;11.0;No Voltage Constraint;No;No Voltage Constraint;G;Silver Street;No;Sheffield City;Sheffield City;Red - Fault Level;Red - Fault Level;Red;Red;53.38450040337107, -1.4719694680535573;101.31433010101301
Skelton Grange;433452.0;431474.0;GSP;132.0;720.0;175.0;504.0;1.0;850.6225;160.9384;44.3775000000001;55.0616;18.23;40.0;48.04;100.0;0.480399996042252;0.0;Data Not Available;NGET;Data Not Available;R;Skelton Grange;NGET;NGET;Skelton Grange;Green;Green;Green;Green;53.778529085989014, -1.493852552633951;48.039999604225194
Slaithwaite;406489.0;413084.0;Primary;11.0;24.0;3.01999998092651;9.25;0.0;0.0;0.0;0.0;14.75;7.549345;19.99731;18.69747;49.99329;0.686525702476501;8.0;No Voltage Constraint;Upstream Constraint;No Voltage Constraint;R;Slaithwaite;No;Lindley;Elland;Green;Green;Green;Green;53.6142661582275, -1.9033872126118139;68.6525702476501
Snaithing Park Road;431162.0;386277.0;Primary;11.0;24.0;3.70000004768372;13.5;0.0;0.0;0.0;3.70000004768372;10.5;10.74148;13.1216;28.23112;32.80399;1.0459953546524;10.0;No Voltage Constraint;No;No Voltage Constraint;G;Snaithing Park Road;No;Norton Lees;Norton Lees;Red - Fault Level;Red - Fault Level;Red;Red;53.3724404778975, -1.5330960944604124;104.59953546524
South Elmsall;447609.0;409987.0;Primary;11.0;30.0;4.40000009536743;16.1800003051758;1.0;28.604;0.8;0.0;13.0199996948242;11.34162;13.1216;27.26772;32.80399;0.864347577095032;7.0;No Voltage Constraint;Upstream Constraint;No Voltage Constraint;R;South Elmsall;No;Ferrybridge A;Ferrybridge A;Green;Green;Green;Green;53.584317569619756, -1.2823279893107866;86.4347577095032
South Ferriby;497091.0;420430.0;Primary;11.0;21.0;-2.84999990463257;3.85999989509583;1.0;12.408;0.325;0.0;0.0;9.824476;20.0;28.40305;50.0;1.0;9.0;No Voltage Constraint;Upstream Constraint;No Voltage Constraint;R;South Ferriby;GSP Constraint;Santon;Keadby;Red - Fault Level;Red - Fault Level;Red;Red;53.67133603845228, -0.5318384857369453;100.0
South Street;405830.0;440214.0;Primary;11.0;23.0;1.87000000476837;8.84000015258789;0.5;0.0;0.0;0.0;14.1599998474121;7.38978;13.1216;19.10854;32.80399;0.921568632125854;5.0;No Voltage Constraint;Upstream Constraint;No Voltage Constraint;R;South Street;No;Bingley 132/33kV;Bradford West;Amber - Fault Level;Amber - Fault Level;Amber;Amber;53.85811923442048, -1.9128470599008454;92.1568632125854
Sowerby Bridge 33/11kV;405157.0;423582.0;Primary;11.0;23.0;0.703466713428497;15.4099998474121;1.0;0.0;0.0;0.0;7.59000015258789;10.33685;13.1216;28.48763;32.80399;0.954672992229462;6.0;No Voltage Constraint;Upstream Constraint;No Voltage Constraint;R;Sowerby Bridge 33/11kV;No;Sowerby Bridge 132/33kV;Elland;Red - Fault Level;Red - Fault Level;Red;Red;53.70863830490817, -1.9233510103153737;95.4672992229462
Spadeadam 20kV;361316.0;570340.0;Primary;20.0;12.0;2.0;0.0;0.5;0.0;0.0;8.0;;2.08;2.08;5.65;5.65;;10.0;No Voltage Constraint;No;No Voltage Constraint;;Spadeadam 20kV;No;;;Green;Green;Green;Green;55.02607820501998, -2.6066473386701987;
Spenborough;419523.0;425092.0;Primary;11.0;30.0;3.08999991416931;11.7299995422363;1.0;0.0;0.0;0.0;18.2700004577637;8.883399;19.99731;23.36181;49.99329;0.706268966197968;8.0;No Voltage Constraint;Upstream Constraint;No Voltage Constraint;R;Spenborough;No;Brighouse 132/33kV;Elland;Green;Green;Green;Green;53.72187371251353, -1.7056192540824047;70.6268966197968
Spencerbeck;452519.0;519945.0;Primary;11.0;38.0;4.36999988555908;22.9699993133545;1.0;0.281;0.5;0.0;14.5300006866455;14.11;18.4;40.97;46.8;0.87542736530304;1.0;Voltage Constraint;Upstream Constraint;No Voltage Constraint;R;Spencerbeck;No;Lackenby;Lackenby;Red - Voltage;Green;Red;Green;54.57200452018838, -1.189140779130761;87.542736530304
Spring Mill Street;416367.0;431856.0;Primary;11.0;23.0;2.79999995231628;14.4897480010986;0.0;0.418;2.52;2.38199995231628;5.99025199890137;9.795095;13.1216;26.72446;32.80399;0.814670860767365;6.0;No Voltage Constraint;GSP Constraint;No Voltage Constraint;R;Spring Mill Street;No;Staygate;Skelton Grange;Green;Green;Green;Green;53.7827759850477, -1.7530900515015853;81.46708607673649
Stairfoot;437167.0;406112.0;Primary;11.0;24.0;3.05999994277954;12.1499996185303;0.0;0.0;0.0;3.05999994277954;11.8500003814697;9.79197;13.1216;26.56628;32.80399;1.0;10.0;No Voltage Constraint;GSP Constraint;No Voltage Constraint;R;Stairfoot;No;Hunningley;West Melton Section 3;Red - Fault Level;Red - Fault Level;Red;Red;53.55033129222259, -1.4405068975972442;100.0
Stannington Road;432501.0;389186.0;Primary;11.0;24.0;2.9300000667572;15.039999961853;0.0;0.0;0.0;2.9300000667572;8.96000003814697;10.18829;13.1216;27.93079;32.80399;0.947014093399048;6.0;No Voltage Constraint;GSP Constraint;No Voltage Constraint;R;Stannington Road;No;Neepsend;Neepsend;Amber - Fault Level;Amber - Fault Level;Amber;Amber;53.3985069465786, -1.5126732566752703;94.7014093399048
Station Road;489987.0;411155.0;Primary;11.0;25.0;6.36999988555908;18.8099994659424;1.0;0.0;0.0;0.0;0.0;8.477778;13.1216;23.26632;32.80399;1.0;6.0;No Voltage Constraint;Upstream Constraint;No Voltage Constraint;R;Station Road;GSP Constraint;Scunthorpe North;Keadby;Red - Fault Level;Red - Fault Level;Red;Red;53.58926341206323, -0.6420135219359677;100.0
Stoke Street;437363.0;388370.0;Primary;11.0;24.0;1.58000004291534;13.1499996185303;0.0;0.302;0.22;0.0;0.0;10.50389;13.1216;28.15582;32.80399;1.00065362453461;8.0;No Voltage Constraint;Upstream Constraint;No Voltage Constraint;R;Stoke Street;GSP Constraint;Attercliffe;West Melton / Thorpe Marsh;Red - Fault Level;Red - Fault Level;Red;Red;53.390852001090416, -1.4396521738868202;100.065362453461
Stourton 33/11kV;433339.0;429988.0;Primary;11.0;19.0;2.4300000667572;8.3737325668335;0.5;0.0;0.0;11.9300000667572;10.6262674331665;11.61083;13.1216;29.04454;32.80399;0.885396599769592;4.0;No Voltage Constraint;GSP Constraint;No Voltage Constraint;R;Stourton 33/11kV;No;Low Road;Skelton Grange;Green;Green;Green;Green;53.76518066567507, -1.4957272427402963;88.5396599769592
Sunderland T1 T2;438979.0;557599.0;Primary;11.0;24.0;0.230000004172325;16.0799999237061;1.0;0.343;6.0;23.8870000041723;1.92000007629395;10.1;25.0;27.21;62.5;0.931003630161285;3.0;Some Voltage Constraint;GSP Constraint;No Voltage Constraint;R;Sunderland T1 T2;No;West Boldon;West Boldon;"Amber - Voltage; Amber- Fault level";Amber - Fault Level;Amber;Amber;54.91158634642113, -1.3935329383524202;93.1003630161285
Sunderland T5 T6;438979.0;557599.0;Primary;11.0;30.0;0.589999973773956;2.76999998092651;1.0;0.0;0.0;30.589999973774;27.2300000190735;10.31;25.0;30.61;62.5;0.931003630161285;10.0;No Voltage Constraint;GSP Constraint;No Voltage Constraint;R;Sunderland T5 T6;No;West Boldon;West Boldon;Amber - Fault Level;Amber - Fault Level;Amber;Amber;54.91158634642113, -1.3935329383524202;93.1003630161285
Swinnow Moor;423457.0;433959.0;Primary;11.0;23.0;3.99000000953674;13.5100002288818;0.0;0.23;0.8;3.76000000953674;8.68999977111816;10.36732;19.94483;27.40596;49.86207;0.620293438434601;6.0;No Voltage Constraint;GSP Constraint;No Voltage Constraint;R;Swinnow Moor;No;Rodley;Skelton Grange;Green;Green;Green;Green;53.801407721078036, -1.6453327233935588;62.029343843460104
Tadcaster;448454.0;442654.0;Primary;11.0;23.0;4.73999977111816;14.1899995803833;0.0;0.0;0.0;0.0;8.8100004196167;8.960098;13.1216;24.2904;32.80399;0.910400032997131;5.0;No Voltage Constraint;Upstream Constraint;No Voltage Constraint;R;Tadcaster;No;Bramham;Ferrybridge B;Amber - Fault Level;Amber - Fault Level;Amber;Amber;53.87782916053984, -1.2644599721362275;91.0400032997131
Team Valley;424546.0;559223.0;Primary;20.0;41.0;6.05999994277954;27.2299995422363;1.0;0.88;1.475;0.0;0.0;8.66771;9.2;26.3594;23.5;1.12167656421661;2.0;Some Voltage Constraint;Upstream Constraint;No Voltage Constraint;R;Team Valley;GSP Constraint;Ravensworth;Stella South;"Red - Fault Level; Amber - Voltage";Red - Fault Level;Red;Red;54.92709409973742, -1.6185143473369625;112.167656421661
Tees Industrial T1 T2;453544.0;524048.0;Primary;11.0;19.0;0.800000011920929;12.3000001907349;1.0;0.0;0.0;0.0;6.69999980926514;10.7186;13.1;32.1207;32.8;0.979289710521698;2.0;Some Voltage Constraint;Upstream Constraint;No Voltage Constraint;R;Tees Industrial T1 T2;No;Seal Sands;Saltholme;"Red - Fault Level; Amber - Voltage";Red - Fault Level;Red;Red;54.608766149439255, -1.1725409528218211;97.9289710521698
Templeborough 275/33kV;440799.0;390769.0;GSP;33.0;96.0;1.0;27.0;1.0;70.5;0.0;26.5;69.0;12.48;17.5;33.97;43.74;0.776634633541107;0.0;Data Not Available;NGET;Data Not Available;R;Templeborough 275/33kV;NGET;NGET;Templeborough 275/33kV;Green;Green;Green;Green;53.41216079330427, -1.3876801693340322;77.66346335411069
Thirsk;439919.0;481778.0;Primary;11.0;15.0;0.0599999986588955;13.1800003051758;0.0;0.0;0.0;0.0;0.0;5.6;13.1;13.7;33.4;0.822285711765289;2.0;Some Voltage Constraint;Upstream Constraint;No Voltage Constraint;R;Thirsk;GSP Constraint;Leeming Bar/Skeeby;Norton;Amber - Voltage;Green;Amber;Green;54.23016396419551, -1.3891411225873131;82.2285711765289
Thornbury;419216.0;433610.0;Primary;11.0;23.0;4.59000015258789;14.8800001144409;0.0;0.0;0.0;4.59000015258789;8.11999988555908;9.227104;13.1216;23.26695;32.80399;0.709272027015686;6.0;No Voltage Constraint;GSP Constraint;No Voltage Constraint;R;Thornbury;No;Rodley;Skelton Grange;Green;Green;Green;Green;53.79844394822121, -1.7097446326864205;70.9272027015686
Thornton;411164.0;432927.0;Primary;11.0;23.0;3.0699999332428;13.0500001907349;1.0;0.0;0.0;0.0;9.94999980926514;8.073717;13.1216;20.40924;32.80399;0.921568632125854;6.0;No Voltage Constraint;Upstream Constraint;No Voltage Constraint;R;Thornton;No;Holmfield;Bradford West;Amber - Fault Level;Amber - Fault Level;Amber;Amber;53.79253847671481, -1.8320134868408342;92.1568632125854
Tynemouth Central;436282.0;568828.0;Primary;11.0;24.0;1.70385468006134;12.40052318573;1.0;0.0;0.0;25.7038546800613;11.59947681427;8.49;20.0;23.5;50.0;0.68430495262146;1.0;Voltage Constraint;GSP Constraint;No Voltage Constraint;R;Tynemouth Central;No;Chirton Grange;Tynemouth;Red - Voltage;Green;Red;Green;55.012690134830464, -1.434182967717541;68.430495262146
Victoria Street;434569.0;387253.0;Primary;11.0;24.0;4.52270650863647;11.6499996185303;0.0;0.0;0.0;4.52270650863647;12.3500003814697;10.11815;15.30853;22.70559;39.0;1.01314330101013;11.0;No Voltage Constraint;No;No Voltage Constraint;G;Victoria Street;No;Sheffield City;Sheffield City;Red - Fault Level;Red - Fault Level;Red;Red;53.381001842910486, -1.4817843325305489;101.31433010101301
Wakefield Monckton Road;432460.0;418973.0;Supply Point;33.0;117.0;16.2299995422363;46.9500007629395;1.0;0.996;6.1875;110.44;63.8624992370605;9.711292;17.49546;26.74889;43.73866;1.0;0.0;Data Not Available;NO;Data Not Available;R;Wakefield Monckton Road;NO;West Melton Section 3;West Melton Section 3;Red - Fault Level;Red - Fault Level;Red;Red;53.666235913215985, -1.5102119220644332;100.0
Wakefield North;433144.0;423386.0;Supply Point;33.0;104.0;28.2299995422363;78.0500030517578;1.0;21.627;0.91;44.3775000000001;25.0399969482422;11.38457;17.49546;32.68015;43.73866;0.747168660163879;0.0;Data Not Available;NO;Data Not Available;R;Wakefield North;NO;Skelton Grange;Skelton Grange;Green;Green;Green;Green;53.70585623124488, -1.4993904393806783;74.7168660163879
Wansbeck;429053.0;584775.0;Primary;11.0;32.0;0.284999996423721;1.14300000667572;0.5;0.0;0.0;0.0;0.0;11.39;13.1;30.84;32.8;0.940243899822235;3.0;Some Voltage Constraint;Upstream Constraint;No Voltage Constraint;R;Wansbeck;GSP Constraint;Blyth 66kV;Blyth 66kV;"Amber - Voltage; Amber- Fault level";Amber - Fault Level;Amber;Amber;55.156458667286216, -1.5455994325622624;94.0243899822235
Warkworth;421831.0;605850.0;Primary;20.0;30.0;7.5;14.5909996032715;1.0;0.442;2.5;0.0;0.0;6.04;10.1;17.72;25.8;0.945128202438354;1.0;Voltage Constraint;Upstream Constraint;No Voltage Constraint;A;Warkworth;Upstream Constraint;Linton;Blyth 132kV;"Red - Voltage; Amber - Fault Level";Amber - Fault Level;Red;Amber;55.34620011252192, -1.6573104463033757;94.5128202438354
Wath Upon Dearne;444542.0;400901.0;Primary;11.0;24.0;-3.23000001907349;10.6300001144409;1.0;3.995;2.9;0.0;10.4699998855591;10.08008;13.1216;26.66446;32.80399;1.0;4.0;No Voltage Constraint;Upstream Constraint;No Voltage Constraint;R;Wath Upon Dearne;No;West Melton;West Melton Section 3;Red - Fault Level;Red - Fault Level;Red;Red;53.50292391122529, -1.329942502238722;100.0
Wawne Road;509927.0;435351.0;Primary;11.0;24.0;-3.67000007629395;9.59000015258789;0.0;0.0;0.0;0.0;14.4099998474121;11.0;18.37024;29.89236;45.92559;0.841125071048737;9.0;No Voltage Constraint;Upstream Constraint;No Voltage Constraint;R;Wawne Road;No;Bransholme;Creyke Beck;Green;Green;Green;Green;53.8028516171147, -0.3323300954428245;84.1125071048737
Wellington Street;442024.0;425640.0;Primary;11.0;23.0;1.19000005722046;18.1100006103516;0.5;10.8;2.25;0.0;2.63999938964844;7.920179;13.1216;21.70737;32.80399;0.918525516986847;6.0;No Voltage Constraint;Upstream Constraint;No Voltage Constraint;R;Wellington Street;No;Featherstone;Ferrybridge B;Amber - Fault Level;Amber - Fault Level;Amber;Amber;53.7254768509325, -1.3645734242015144;91.8525516986847
Wensleydale;409824.0;490276.0;Primary;11.0;19.0;2.53999996185303;9.65999984741211;0.0;0.226;0.4;0.0;0.0;5.29;13.1;12.7;32.8;0.822285711765289;2.0;Some Voltage Constraint;Upstream Constraint;No Voltage Constraint;R;Wensleydale;GSP Constraint;Leeming Bar/Skeeby;Norton;Amber - Voltage;Green;Amber;Green;54.30799191469771, -1.8505189890337965;82.2285711765289
West Hartford;425835.0;579182.0;Primary;11.0;16.0;-3.0699999332428;3.14000010490417;1.0;0.0;0.0;0.0;0.0;11.4;25.0;29.09;62.5;0.695878207683563;3.0;Some Voltage Constraint;Upstream Constraint;No Voltage Constraint;R;West Hartford;GSP Constraint;Blyth 66kV;Blyth 66kV;Amber - Voltage;Green;Amber;Green;55.106379093779005, -1.5966060139506024;69.5878207683563
West Park;426881.0;438131.0;Primary;11.0;12.0;2.14299988746643;8.32999992370605;0.5;0.0;0.0;8.14299988746643;3.67000007629395;4.486276;13.1216;12.54841;32.80399;0.656410276889801;6.0;No Voltage Constraint;GSP Constraint;No Voltage Constraint;R;West Park;No;Kirkstall C/Ring Road Horsforth;Kirkstall B;Green;Green;Green;Green;53.83873950742789, -1.5929843729135074;65.6410276889801
West Southwick;437542.0;558662.0;Primary;11.0;32.0;3.20000004768372;13.1199998855591;1.0;0.21;0.857;34.9900000476837;18.0230001144409;9.07;25.0;27.01;62.5;0.931003630161285;3.0;Some Voltage Constraint;GSP Constraint;No Voltage Constraint;R;West Southwick;No;West Boldon;West Boldon;"Amber - Voltage; Amber- Fault level";Amber - Fault Level;Amber;Amber;54.9212479919264, -1.4158077243883014;93.1003630161285
Westcott Street;511786.0;430568.0;Primary;11.0;23.0;3.65000009536743;13.4099998474121;0.0;0.0;0.0;0.0;0.0;8.39472;13.1216;23.15431;32.80399;0.850310981273651;6.0;No Voltage Constraint;Upstream Constraint;No Voltage Constraint;R;Westcott Street;GSP Constraint;Hull East 132/33kV;Saltend North;Green;Green;Green;Green;53.75948526810605, -0.305848067666703;85.0310981273651
Whinmoor;435688.0;437650.0;Supply Point;33.0;117.0;16.9599990844727;57.5;1.0;55.7565;5.5842;0.0;53.9158;9.813984;17.49546;27.58766;43.73866;0.910400032997131;0.0;Data Not Available;NO;Data Not Available;R;Whinmoor;NO;Ferrybridge B;Ferrybridge B;Amber - Fault Level;Amber - Fault Level;Amber;Amber;53.83388820165023, -1.4592097675004516;91.0400032997131
White Lee;422465.0;424351.0;Primary;11.0;23.0;2.70000004768372;10.9899997711182;0.0;0.0;0.0;2.70000004768372;12.0100002288818;7.655994;13.1216;21.24527;32.80399;0.64764279127121;6.0;No Voltage Constraint;GSP Constraint;No Voltage Constraint;R;White Lee;No;Heckmondwike;Skelton Grange;Green;Green;Green;Green;53.71509594530543, -1.6610894007418737;64.764279127121
Wibsey;414284.0;430322.0;Primary;11.0;23.0;2.73999977111816;11.3906316757202;0.0;0.0;0.0;2.73999977111816;11.6093683242798;10.45195;13.1216;26.51068;32.80399;0.808154106140137;6.0;No Voltage Constraint;GSP Constraint;No Voltage Constraint;R;Wibsey;No;Staygate;Skelton Grange;Green;Green;Green;Green;53.76904936318484, -1.7847724811233596;80.8154106140137
Willington;431313.0;567700.0;Primary;11.0;24.0;3.22000002861023;11.2299995422363;1.0;0.0;0.0;0.0;12.7700004577637;10.66;13.1;28.73;33.4;0.860179603099823;1.0;Voltage Constraint;Upstream Constraint;No Voltage Constraint;R;Willington;No;Flatworth;Tynemouth;Red - Voltage;Green;Red;Green;55.0028904239555, -1.512004052595452;86.0179603099823
Wincobank;439036.0;391150.0;GSP;33.0;120.0;-29.0;32.0;1.0;4.056;14.78;86.944;73.22;16.43;17.5;44.18;44.6;0.990583002567291;0.0;Data Not Available;NGET;Data Not Available;G;Wincobank;NGET;NGET;Wincobank;Red - Fault Level;Red - Fault Level;Red;Red;53.41571822248712, -1.4141543675229165;99.0583002567291
Withernsea;533965.0;427449.0;Primary;11.0;10.0;0.360000014305115;4.76900005340576;0.0;0.0;0.0;0.0;0.0;4.961928;13.1216;12.57102;32.80399;0.850310981273651;1.0;Voltage Constraint;Upstream Constraint;No Voltage Constraint;R;Withernsea;GSP Constraint;Hull East 132/33kV;Saltend North;Red - Voltage;Green;Red;Green;53.72624522752762, 0.029011726811136285;85.0310981273651
Yarborough Road 132/33kV;525335.0;409323.0;Supply Point;33.0;117.0;16.9500007629395;50.2700004577637;1.0;8.225;3.872;0.0;0.0;8.683865;19.99731;21.05182;49.99329;0.750512838363647;0.0;Data Not Available;NO;Data Not Available;R;Yarborough Road 132/33kV;Upstream Constraint;Grimsby West;Grimsby West;Green;Green;Green;Green;53.56555705040299, -0.10901052490717884;75.0512838363647
York University;462825.0;450765.0;Primary;11.0;24.0;2.0699999332428;11.5;1.0;0.0;0.0;0.0;12.5;10.17;13.1;31.12;33.4;0.931736528873444;4.0;No Voltage Constraint;Upstream Constraint;No Voltage Constraint;R;York University;No;Melrosegate;Osbaldwick;Amber - Fault Level;Amber - Fault Level;Amber;Amber;53.94918108722552, -1.0442324603548585;93.1736528873444
Yorkshire Water Hull Road;516338.0;429003.0;Primary;11.0;23.0;0.990000009536743;6.82000017166138;1.0;0.0;0.0;0.0;0.0;8.878489;24.98352;24.97754;62.4588;0.770000040531158;6.0;No Voltage Constraint;Upstream Constraint;No Voltage Constraint;R;Yorkshire Water Hull Road;GSP Constraint;Saltend 132/33kV;Saltend North;Green;Green;Green;Green;53.744430393776824, -0.23742481221232292;77.0000040531158
Abbey Road;424557.0;436941.0;Primary;11.0;23.0;2.33999991416931;8.4399995803833;0.0;0.0;0.0;2.33999991416931;14.5600004196167;7.992532;13.1216;22.06292;32.80399;0.672568023204803;5.0;No Voltage Constraint;GSP Constraint;No Voltage Constraint;R;Abbey Road;No;Kirkstall C/Ring Road Horsforth;Kirkstall B;Green;Green;Green;Green;53.82815865179509, -1.6283949202097203;67.2568023204803
Aldham;438737.0;404249.0;Primary;11.0;25.0;-2.95000004768372;12.210000038147;1.0;0.0;0.0;0.0;12.789999961853;11.56388;25.0;31.91652;62.5;1.0;6.0;No Voltage Constraint;Upstream Constraint;No Voltage Constraint;R;Aldham;No;West Melton;West Melton Section 3;Red - Fault Level;Red - Fault Level;Red;Red;53.53347374163371, -1.4170420903110643;100.0
Allerton Hill T1;430431.0;437255.0;Primary;11.0;24.0;2.0;5.34999990463257;0.0;0.0;0.0;2.0;18.6500000953674;12.35682;13.1216;31.54896;32.80399;0.961741328239441;5.0;No Voltage Constraint;GSP Constraint;No Voltage Constraint;R;Allerton Hill T1;No;Leeds East;Skelton Grange;Red - Fault Level;Red - Fault Level;Red;Red;53.830671359579, -1.539124821749924;96.1741328239441
Alverthorpe Road;431806.0;420787.0;Primary;11.0;23.0;3.90000009536743;13.1800003051758;1.0;0.0;0.0;26.9000000953674;9.81999969482422;10.72933;13.1216;28.39429;32.80399;0.865574181079865;6.0;No Voltage Constraint;GSP Constraint;No Voltage Constraint;R;Alverthorpe Road;No;Wakefield North;Skelton Grange;Green;Green;Green;Green;53.68257987880811, -1.519924233427221;86.55741810798649
Annfield 66/20kV;417300.0;550633.0;Primary;20.0;28.0;1.66000759601593;20.5300006866455;1.0;1.049;0.2248;0.0;0.0;6.14;9.2;17.58;23.5;1.05919992923737;2.0;Some Voltage Constraint;Upstream Constraint;No Voltage Constraint;R;Annfield 66/20kV;GSP Constraint;Annfield;Stella South;"Red - Fault Level; Amber - Voltage";Red - Fault Level;Red;Red;54.850204453886846, -1.7320913207827457;105.919992923737
Ashington;427518.0;586462.0;Primary;11.0;23.0;1.30999994277954;15.9799995422363;1.0;0.69;1.03;0.0;0.0;10.41;13.1;30.55;32.8;0.931402444839478;1.0;Voltage Constraint;Upstream Constraint;No Voltage Constraint;R;Ashington;GSP Constraint;Blyth 66kV;Blyth 66kV;"Red - Voltage; Amber - Fault Level";Amber - Fault Level;Red;Amber;55.171704818448475, -1.5695248666907988;93.1402444839478
Askern;455685.0;413925.0;Primary;11.0;23.0;0.639999985694885;9.15999984741211;0.0;20.85;0.2232;0.0;0.0;10.37957;13.1216;27.72789;32.80399;1.00065362453461;4.0;No Voltage Constraint;Upstream Constraint;No Voltage Constraint;R;Askern;GSP Constraint;Doncaster B/Thorpe Marsh;West Melton / Thorpe Marsh;Red - Fault Level;Red - Fault Level;Red;Red;53.61891593163269, -1.1596496051482803;100.065362453461
Attercliffe;438185.0;388383.0;Supply Point;33.0;69.0;0.0;38.1500015258789;0.0;40.767;0.436;0.0;0.0;12.36405;17.49546;33.03013;43.73866;1.00065362453461;0.0;Data Not Available;NO;Data Not Available;R;Attercliffe;Upstream Constraint;West Melton / Thorpe Marsh;West Melton / Thorpe Marsh;Red - Fault Level;Red - Fault Level;Red;Red;53.390910230780925, -1.4272911940451534;100.065362453461
Audby Lane;440851.0;448724.0;Primary;11.0;23.0;5.05000019073486;20.0349998474121;0.0;0.0;0.0;0.0;2.96500015258789;6.716032;13.1216;17.94281;32.80399;0.910400032997131;8.0;No Voltage Constraint;Upstream Constraint;No Voltage Constraint;R;Audby Lane;No;Bramham;Ferrybridge B;Amber - Fault Level;Amber - Fault Level;Amber;Amber;53.933034502941254, -1.3792917101017133;91.0400032997131
Austerfield;466230.0;396280.0;Primary;11.0;8.0;0.0;5.40999984741211;1.0;0.0;0.0;0.0;0.0;4.035262;16.00835;10.47537;40.02087;1.00065362453461;5.0;No Voltage Constraint;Upstream Constraint;No Voltage Constraint;R;Austerfield;GSP Constraint;Doncaster B/Thorpe Marsh;West Melton / Thorpe Marsh;Red - Fault Level;Red - Fault Level;Red;Red;53.45911569666946, -1.003987014921973;100.065362453461
Balby;457582.0;401277.0;Primary;11.0;24.0;2.04999995231628;9.57999992370605;0.5;0.0;0.0;0.0;0.0;11.86026;13.1216;30.63763;32.80399;1.00065362453461;5.0;No Voltage Constraint;Upstream Constraint;No Voltage Constraint;R;Balby;GSP Constraint;Doncaster B/Thorpe Marsh;West Melton / Thorpe Marsh;Red - Fault Level;Red - Fault Level;Red;Red;53.50504010974897, -1.1333011118168976;100.065362453461
Balme Street;416635.0;433485.0;Primary;11.0;24.0;3.10266017913818;12.1599998474121;0.0;0.0;0.0;0.0;0.0;10.74554;13.1216;28.85203;32.80399;0.921568632125854;10.0;No Voltage Constraint;Upstream Constraint;No Voltage Constraint;R;Balme Street;Upstream Constraint;Bradford;Bradford West;Amber - Fault Level;Amber - Fault Level;Amber;Amber;53.79740880811079, -1.748935530864528;92.1568632125854
Barnsley;434802.0;406539.0;Primary;11.0;22.0;3.77999997138977;14.75;0.0;0.0;0.0;3.77999997138977;7.25;9.329518;13.1216;24.9986;32.80399;1.0;4.0;No Voltage Constraint;GSP Constraint;No Voltage Constraint;R;Barnsley;No;Barugh 132/66kV;West Melton Section 3;Red - Fault Level;Red - Fault Level;Red;Red;53.554330711407495, -1.4761529387019945;100.0
Beal;452260.0;423703.0;Primary;11.0;16.0;-5.55000019073486;9.80000019073486;1.0;4.129;9.0;0.0;0.0;9.737253;19.99731;25.10449;49.99329;0.910400032997131;9.0;No Voltage Constraint;Upstream Constraint;No Voltage Constraint;R;Beal;No;Kirkhaw Lane;Ferrybridge B;Amber - Fault Level;Amber - Fault Level;Amber;Amber;53.707145988881464, -1.2097801775992785;91.0400032997131
Beeston Royds 6/7;427547.0;431179.0;Primary;11.0;26.0;6.72069787979126;20.2800006866455;1.0;0.0;0.0;32.7206978797913;5.71999931335449;7.253833;19.99731;21.48604;49.99329;0.656410276889801;5.0;No Voltage Constraint;GSP Constraint;No Voltage Constraint;R;Beeston Royds 6/7;No;Beeston Royds 132/33kV;Kirkstall B;Green;Green;Green;Green;53.776222261205476, -1.583483170406729;65.6410276889801
Bensham;424309.0;562011.0;Primary;11.0;30.0;2.91000008583069;18.5400009155273;0.5;0.07;10.2;0.0;1.25999908447266;11.61;13.1;35.32;33.4;1.05748498439789;2.0;Some Voltage Constraint;Upstream Constraint;No Voltage Constraint;R;Bensham;No;Dunston;Stella North;"Red - Fault Level; Amber - Voltage";Red - Fault Level;Red;Red;54.952158744531815, -1.6219776206271204;105.74849843978899
Benton Square;429678.0;569816.0;Primary;11.0;24.0;4.6100001335144;17.2800006866455;1.0;0.382;0.69;0.0;0.0;9.45;13.1;27.45;33.4;0.821856260299683;3.0;Some Voltage Constraint;Upstream Constraint;No Voltage Constraint;R;Benton Square;GSP Constraint;Blyth 66kV;Blyth 66kV;Amber - Voltage;Green;Amber;Green;55.02200423651662, -1.5373450083695943;82.18562602996829
Benwell;421769.0;564251.0;Primary;11.0;29.0;5.19999980926514;18.0200004577637;1.0;0.0;0.0;0.0;10.9799995422363;9.37;25.0;27.94;62.5;0.843520045280457;1.0;Voltage Constraint;Upstream Constraint;No Voltage Constraint;R;Benwell;No;Dunston;Stella North;Red - Voltage;Green;Red;Green;54.97240423817559, -1.6614665069242809;84.3520045280457
Binbrook;521291.0;392998.0;Primary;11.0;8.0;0.699999988079071;1.96000003814697;1.0;0.0;0.0;0.0;0.0;3.719883;13.1216;8.606055;32.80399;1.0;7.0;No Voltage Constraint;Upstream Constraint;No Voltage Constraint;R;Binbrook;GSP Constraint;Wold Newton;Keadby;Red - Fault Level;Red - Fault Level;Red;Red;53.41984508025604, -0.17634103362326822;100.0
Bingley 132/33kV;410571.0;439667.0;Supply Point;33.0;117.0;14.7200002670288;49.6100006103516;0.0;0.29;0.765;0.0;66.6249993896484;10.66531;17.49546;29.80496;43.73866;0.921568632125854;0.0;Data Not Available;NO;Data Not Available;R;Bingley 132/33kV;NO;Bradford West;Bradford West;Amber - Fault Level;Amber - Fault Level;Amber;Amber;53.853129059158384, -1.8407859677438807;92.1568632125854
Birtley Grove 66/11kV;426742.0;556333.0;Primary;11.0;30.0;5.24077653884888;12.9390296936035;1.0;6.079;5.3352;0.0;0.0;8.52;25.0;16.41;62.5;1.05919992923737;3.0;Some Voltage Constraint;Upstream Constraint;No Voltage Constraint;R;Birtley Grove 66/11kV;GSP Constraint;Ravensworth;Stella South;"Red - Fault Level; Amber - Voltage";Red - Fault Level;Red;Red;54.90101213912364, -1.5845163872669474;105.919992923737
Birtley Grove 66/20kV;426742.0;556333.0;Primary;20.0;28.0;2.99000000953674;11.100118637085;1.0;0.0;0.0;0.0;0.0;6.48;9.2;19.07;23.5;1.05919992923737;1.0;Voltage Constraint;Upstream Constraint;No Voltage Constraint;R;Birtley Grove 66/20kV;GSP Constraint;Ravensworth;Stella South;"Red - Fault Level; Red - Voltage";Red - Fault Level;Red;Red;54.90101213912364, -1.5845163872669474;105.919992923737
Blucher;417753.0;566037.0;Supply Point;33.0;114.0;18.9899997711182;51.8300018310547;1.0;55.732;4.608;0.0;36.5313;9.18;13.1;26.25;32.8;0.843520045280457;0.0;Data Not Available;NO;Data Not Available;R;Blucher;Upstream Constraint;Stella North;Stella North;Green;Green;Green;Green;54.988611669868874, -1.7240917590552598;84.3520045280457
Blucher 33/11kV;417753.0;566037.0;Primary;11.0;24.0;4.01999998092651;14.210000038147;0.5;0.885;2.85;0.0;6.93999996185303;12.05;17.5;35.12;44.6;0.843520045280457;1.0;Voltage Constraint;Upstream Constraint;No Voltage Constraint;R;Blucher 33/11kV;No;Blucher;Stella North;Red - Voltage;Green;Red;Green;54.988611669868874, -1.7240917590552598;84.3520045280457
Blue Boy Street;434987.0;387919.0;Primary;11.0;24.0;0.0;10.710000038147;0.0;0.086;0.352;0.0;12.937999961853;10.50128;13.1216;27.7181;32.80399;0.947014093399048;11.0;No Voltage Constraint;GSP Constraint;No Voltage Constraint;R;Blue Boy Street;No;Neepsend;Neepsend;Amber - Fault Level;Amber - Fault Level;Amber;Amber;53.38696056104855, -1.4754272402604927;94.7014093399048
Blyth 66kV;430271.0;583107.0;GSP;66.0;140.0;-48.0;127.0;1.0;468.427;21.1104;0.0;0.0;13.05;21.9;38.83;55.8;0.695878207683563;0.0;Data Not Available;NGET;Data Not Available;R;Blyth 66kV;NGET;NGET;Blyth 66kV;Green;Green;Green;Green;55.14139794693114, -1.5266629433220762;69.5878207683563
Blyton;485552.0;393953.0;Supply Point;33.0;78.0;19.8700008392334;43.8499984741211;1.0;49.524;1.16;0.0;0.0;11.9021;13.1216;31.94299;33.46007;1.0;0.0;Data Not Available;NO;Data Not Available;R;Blyton;Upstream Constraint;Keadby;Keadby;Red - Fault Level;Red - Fault Level;Red;Red;53.4354257181782, -0.7136844615630016;100.0
BOC Brinsworth;440892.0;390661.0;Primary;11.0;23.0;0.310000002384186;3.44000005722046;1.0;0.0;0.0;0.0;0.0;11.41823;13.1216;28.59636;32.80399;1.00065362453461;4.0;No Voltage Constraint;Upstream Constraint;No Voltage Constraint;R;BOC Brinsworth;GSP Constraint;Blackburn Meadows B;West Melton / Thorpe Marsh;Red - Fault Level;Red - Fault Level;Red;Red;53.41118290862152, -1.3862951210086185;100.065362453461
Bottesford;490340.0;407948.0;Primary;11.0;23.0;3.15000009536743;12.4700002670288;1.0;0.084;0.5;0.0;0.0;11.61456;13.1216;30.31735;32.80399;1.0;5.0;No Voltage Constraint;Upstream Constraint;No Voltage Constraint;R;Bottesford;GSP Constraint;Scunthorpe South;Keadby;Red - Fault Level;Red - Fault Level;Red;Red;53.560385495850966, -0.6376089721346343;100.0
Bradford;416379.0;434045.0;Supply Point;33.0;117.0;22.7700004577637;73.2699966430664;1.0;0.19;48.342;0.0;0.0;13.16853;17.49546;37.26899;43.73866;0.921568632125854;0.0;Data Not Available;NO;Data Not Available;R;Bradford;NO;Bradford West;Bradford West;Amber - Fault Level;Amber - Fault Level;Amber;Amber;53.80245007876948, -1.7527924071649421;92.1568632125854
Bramley;424836.0;434559.0;Primary;11.0;23.0;2.75;12.539999961853;1.0;0.0;0.0;25.75;10.460000038147;10.24018;13.1216;26.91408;32.80399;0.820451319217682;6.0;No Voltage Constraint;GSP Constraint;No Voltage Constraint;R;Bramley;No;Kirkstall C/Ring Road Horsforth;Kirkstall B;Green;Green;Green;Green;53.80673667862797, -1.624347625221988;82.0451319217682
Brancepeth;418909.0;536133.0;Primary;20.0;28.0;-6.40000009536743;14.75;1.0;0.0;0.0;0.0;13.25;6.92;9.2;19.82;23.5;0.843404233455658;5.0;No Voltage Constraint;Upstream Constraint;No Voltage Constraint;R;Brancepeth;No;Spennymoor 132/66kV;Spennymoor GSP;Green;Green;Green;Green;54.719844460018955, -1.7079721778361596;84.3404233455658
BTP;525370.0;411141.0;Primary;11.0;23.0;2.75;13.1800003051758;1.0;1.435;3.0;0.0;0.0;12.09841;13.1216;31.59783;32.80399;0.963231086730957;6.0;No Voltage Constraint;Upstream Constraint;No Voltage Constraint;R;BTP;GSP Constraint;Yarborough Road 132/33kV;Grimsby West;Red - Fault Level;Red - Fault Level;Red;Red;53.58188050397593, -0.10775319431129377;96.3231086730957
Burley Street;428905.0;433933.0;Primary;11.0;35.0;5.30000019073486;20.3999996185303;1.0;0.28;4.482;40.0200001907349;10.1180003814697;8.905765;13.1216;26.44075;32.80399;0.8060222864151;4.0;No Voltage Constraint;GSP Constraint;No Voltage Constraint;R;Burley Street;No;Kirkstall C 2/5;Kirkstall B;Green;Green;Green;Green;53.80090110344621, -1.5626203471499973;80.60222864151
Burmantofts;431149.0;434122.0;Primary;11.0;24.0;2.25999999046326;13.3599996566772;1.0;0.0;0.0;26.2599999904633;10.6400003433228;12.79029;19.99731;33.98035;49.99329;0.916205048561096;5.0;No Voltage Constraint;GSP Constraint;No Voltage Constraint;R;Burmantofts;No;Leeds East;Skelton Grange;Amber - Fault Level;Amber - Fault Level;Amber;Amber;53.80247076164614, -1.528532158981593;91.62050485610959
Buslingthorpe Green;430149.0;435381.0;Primary;11.0;23.0;2.23000001907349;10.1099996566772;0.5;0.0;0.0;13.7300000190735;12.8900003433228;9.661218;13.1216;27.09891;32.80399;0.826085805892944;4.0;No Voltage Constraint;GSP Constraint;No Voltage Constraint;R;Buslingthorpe Green;No;Leeds North;Skelton Grange;Green;Green;Green;Green;53.81384490741971, -1.5435922484107412;82.6085805892944
Campleshon Road;459924.0;450082.0;Primary;11.0;24.0;4.46999979019165;16.7199993133545;1.0;0.0;0.0;0.0;7.28000068664551;9.83;13.1;28.9;33.4;0.865269422531128;1.0;Voltage Constraint;Upstream Constraint;No Voltage Constraint;R;Campleshon Road;No;Melrosegate;Osbaldwick;Red - Voltage;Green;Red;Green;53.943386646767415, -1.0885620361087789;86.52694225311281
Carlton Hill;430055.0;434475.0;Primary;11.0;23.0;4.05999994277954;13.8000001907349;1.0;0.28;0.5;26.7799999427795;8.69999980926514;11.03924;13.1216;29.20399;32.80399;0.890257060527802;4.0;No Voltage Constraint;GSP Constraint;No Voltage Constraint;R;Carlton Hill;No;Leeds North;Skelton Grange;Green;Green;Green;Green;53.80570751307741, -1.5451079439660842;89.0257060527802
Carr Hill;426933.0;561125.0;Primary;11.0;22.0;4.80000019073486;17.3999996185303;1.0;0.0;0.0;26.8000001907349;4.60000038146973;9.16;13.1;27.39;33.4;0.931003630161285;3.0;Some Voltage Constraint;GSP Constraint;No Voltage Constraint;R;Carr Hill;No;West Boldon;West Boldon;"Amber - Voltage; Amber- Fault level";Amber - Fault Level;Amber;Amber;54.94406298005679, -1.5810912084634285;93.1003630161285
Catterick Camp;417673.0;497736.0;Primary;11.0;24.0;4.92000007629395;16.5599994659424;1.0;0.25;0.643;0.0;0.0;10.42;25.0;27.01;62.5;0.822285711765289;1.0;Voltage Constraint;Upstream Constraint;No Voltage Constraint;R;Catterick Camp;GSP Constraint;Leeming Bar/Skeeby;Norton;Red - Voltage;Green;Red;Green;54.37482570447355, -1.7294505244437341;82.2285711765289
Chelker Reservoir;406119.0;451313.0;Primary;11.0;8.0;0.885242521762848;3.90000009536743;0.0;0.0;0.0;0.0;4.09999990463257;5.040749;12.5;12.97482;31.25;1.16096258163452;10.0;No Voltage Constraint;Upstream Constraint;No Voltage Constraint;R;Chelker Reservoir;No;Silsden;Bradford West;Red - Fault Level;Red - Fault Level;Red;Red;53.9578713175896, -1.9082354809545374;116.09625816345199
Chevin End;418518.0;443954.0;Primary;11.0;30.0;1.4760410785675;8.09683132171631;1.0;0.0;0.0;0.0;21.9031686782837;8.171171;19.99731;21.51334;49.99329;0.921568632125854;7.0;No Voltage Constraint;Upstream Constraint;No Voltage Constraint;R;Chevin End;No;Menston;Bradford West;Amber - Fault Level;Amber - Fault Level;Amber;Amber;53.89143866752952, -1.7197218109542196;92.1568632125854
Clarendon Road;429098.0;434505.0;Primary;11.0;23.0;2.6800000667572;9.64999961853027;0.0;0.08;1.0;2.6000000667572;12.3500003814697;7.981904;13.1216;24.54896;32.80399;0.748352646827698;3.0;Some Voltage Constraint;GSP Constraint;No Voltage Constraint;R;Clarendon Road;No;Kirkstall C 2/5;Kirkstall B;Amber - Voltage;Green;Amber;Green;53.80603134206512, -1.559636315078535;74.8352646827698
Corringham Road;482683.0;390577.0;Primary;11.0;23.0;2.14400005340576;12.8400001525879;0.0;0.0;0.0;0.0;0.0;8.971822;13.1216;23.96382;32.80399;1.0;5.0;No Voltage Constraint;Upstream Constraint;No Voltage Constraint;R;Corringham Road;GSP Constraint;Blyton;Keadby;Red - Fault Level;Red - Fault Level;Red;Red;53.40554466692211, -0.7577435997760821;100.0
Costhorpe;458206.0;386224.0;Primary;11.0;10.0;0.810000002384186;6.88000011444092;1.0;0.0;0.0;0.0;3.11999988555908;4.089485;24.98352;11.29849;62.4588;0.852021276950836;5.0;No Voltage Constraint;Upstream Constraint;No Voltage Constraint;R;Costhorpe;No;Thurcroft;Thurcroft;Green;Green;Green;Green;53.36968343543775, -1.1266717996550437;85.20212769508359
Cramlington T1 T3;425273.0;577569.0;Primary;11.0;24.0;2.52999997138977;10.8500003814697;1.0;1.957;1.02;0.0;0.0;10.1;13.1;30.49;33.4;0.912874221801758;3.0;Some Voltage Constraint;Upstream Constraint;No Voltage Constraint;R;Cramlington T1 T3;GSP Constraint;Blyth 66kV;Blyth 66kV;"Amber - Voltage; Amber- Fault level";Amber - Fault Level;Amber;Amber;55.091913833896655, -1.6055570810516426;91.28742218017581
Creyke Beck;504569.0;435042.0;GSP;132.0;720.0;4.0;370.0;1.0;1527.133;33.5154;0.0;316.4846;22.44;40.0;56.42;100.0;0.564199984073639;0.0;Data Not Available;NGET;Data Not Available;R;Creyke Beck;NGET;NGET;Creyke Beck;Green;Green;Green;Green;53.80117865067852, -0.41375651155375326;56.419998407363906
Darnall;439298.0;387777.0;Primary;11.0;23.0;3.35999989509583;13.0100002288818;0.0;0.0;0.0;0.0;0.0;10.38913;19.99731;28.29432;49.99329;1.00065362453461;8.0;No Voltage Constraint;Upstream Constraint;No Voltage Constraint;R;Darnall;GSP Constraint;Attercliffe;West Melton / Thorpe Marsh;Red - Fault Level;Red - Fault Level;Red;Red;53.38538203676549, -1.4106315959621647;100.065362453461
Dearne Road;444520.0;401830.0;Primary;11.0;24.0;2.1800000667572;10.0200004577637;1.0;3.2;1.25;0.0;12.7299995422363;12.30543;13.1216;32.37237;32.80399;1.0;4.0;No Voltage Constraint;Upstream Constraint;No Voltage Constraint;R;Dearne Road;No;West Melton;West Melton Section 3;Red - Fault Level;Red - Fault Level;Red;Red;53.511275416996085, -1.3301425711658226;100.0
Denby Dale Road;432589.0;418756.0;Primary;11.0;24.0;2.39000010490417;9.81999969482422;0.0;0.0;0.0;2.39000010490417;14.1800003051758;9.950226;13.1216;26.767;32.80399;1.0;10.0;No Voltage Constraint;GSP Constraint;No Voltage Constraint;R;Denby Dale Road;No;Wakefield Monckton Road;West Melton Section 3;Red - Fault Level;Red - Fault Level;Red;Red;53.66427755918944, -1.5082823510390035;100.0
Denholme;406856.0;434292.0;Primary;11.0;6.0;0.978999972343445;3.90251207351685;1.0;0.0;0.0;0.0;2.09748792648315;4.897636;13.1216;11.86362;32.80399;0.921568632125854;8.0;No Voltage Constraint;Upstream Constraint;No Voltage Constraint;R;Denholme;No;Holmfield;Bradford West;Amber - Fault Level;Amber - Fault Level;Amber;Amber;53.80488064213368, -1.8973781085775785;92.1568632125854
Doughty Road;527109.0;409046.0;Primary;11.0;23.0;5.03000020980835;16.1000003814697;0.0;0.265;2.107;0.0;0.0;9.901682;13.1216;27.85539;32.80399;0.849146246910095;11.0;No Voltage Constraint;Upstream Constraint;No Voltage Constraint;R;Doughty Road;GSP Constraint;Moss Road;Grimsby West;Green;Green;Green;Green;53.56264243409875, -0.0823534447616626;84.9146246910095
Driffield/Beverley Group;503849.0;457075.0;Supply Point;66.0;147.0;0.129999995231628;97.3320007324219;1.0;503.329;3.4716;0.0;46.1963992675781;13.03;13.1216;31.15;32.80399;0.993019342422485;0.0;Data Not Available;NO;Data Not Available;R;Driffield/Beverley Group;NO;Creyke Beck;Creyke Beck;Red - Fault Level;Red - Fault Level;Red;Red;53.99927566074689, -0.41721946017383343;99.3019342422485
Dronfield;435775.0;378298.0;Primary;11.0;24.0;3.15000009536743;10.7200002670288;0.0;0.0;0.0;0.0;13.2799997329712;10.87449;13.1216;28.59802;32.80399;0.993135035037994;11.0;No Voltage Constraint;Upstream Constraint;No Voltage Constraint;G;Dronfield;No;Jordanthorpe;Jordanthorpe;Red - Fault Level;Red - Fault Level;Red;Red;53.30043200287706, -1.4646637534387483;99.31350350379941
Durham East;427344.0;542985.0;Primary;11.0;22.0;4.78999996185303;14.6795892715454;1.0;0.399;0.92;0.0;6.40041072845459;9.3;13.1;28.02;32.8;0.854268312454224;2.0;Some Voltage Constraint;Upstream Constraint;No Voltage Constraint;R;Durham East;No;Potter House;Spennymoor GSP;Amber - Voltage;Green;Amber;Green;54.7810326424767, -1.576386508243394;85.42683124542239
Easington;539888.0;420308.0;Primary;11.0;17.0;2.25;7.0;1.0;0.0;0.0;0.0;0.0;11.74053;13.1216;30.24939;32.80399;0.922125279903412;1.0;Voltage Constraint;Upstream Constraint;No Voltage Constraint;R;Easington;GSP Constraint;Hull East 132/33kV;Saltend North;"Red - Voltage; Amber - Fault Level";Amber - Fault Level;Red;Amber;53.660552010893774, 0.11550079503804112;92.2125279903412
Eastfield;504410.0;483550.0;Primary;11.0;26.0;6.42999982833862;23.3600006103516;1.0;0.0;0.0;0.0;2.63999938964844;11.75;12.5;35.67;31.3;1.13961660861969;5.0;No Voltage Constraint;Upstream Constraint;No Voltage Constraint;R;Eastfield;No;Scarborough Grid;Osbaldwick;Red - Fault Level;Red - Fault Level;Red;Red;54.23701370780202, -0.3995268159595138;113.961660861969
Eastfield Road;515252.0;417468.0;Primary;11.0;7.0;0.660000026226044;4.78000020980835;0.0;0.98;4.0;0.0;0.0;9.269201;18.37024;24.09998;45.92559;0.871593713760376;5.0;No Voltage Constraint;Upstream Constraint;No Voltage Constraint;R;Eastfield Road;GSP Constraint;Immingham;Grimsby West;Green;Green;Green;Green;53.64104148769103, -0.2581670503864125;87.1593713760376
Educational Precinct;425175.0;565038.0;Primary;11.0;23.0;4.44000005722046;17.7000007629395;1.0;0.0;0.0;0.0;5.29999923706055;9.06;13.1;26.47;33.4;0.875336349010468;1.0;Voltage Constraint;Upstream Constraint;No Voltage Constraint;R;Educational Precinct;No;Barrack Road;Stella North;Red - Voltage;Green;Red;Green;54.97931659624848, -1.6081920547956816;87.5336349010468
Eggborough;458006.0;423529.0;Primary;11.0;8.0;1.70000004768372;6.69999980926514;1.0;0.321;0.625;0.0;0.675000190734863;4.674691;13.1216;11.9041;32.80399;0.807755649089813;7.0;No Voltage Constraint;Upstream Constraint;No Voltage Constraint;R;Eggborough;No;Ferrybridge A;Ferrybridge A;Green;Green;Green;Green;53.70497673429621, -1.1227760474210835;80.7755649089813
Elland 33/11kV;411299.0;420968.0;Primary;11.0;18.0;4.19999980926514;13.8000001907349;1.0;0.135;3.6;0.0;0.599999809265137;9.428828;13.1216;23.54919;32.80399;0.954672992229462;1.0;Voltage Constraint;Upstream Constraint;No Voltage Constraint;R;Elland 33/11kV;No;Sowerby Bridge 132/33kV;Elland;"Red - Fault Level; Red - Voltage";Red - Fault Level;Red;Red;53.685048041718574, -1.830396844231135;95.4672992229462
Ellin Street 2;435042.0;386430.0;Primary;11.0;41.0;2.0;5.0;0.0;0.0;0.0;2.0;29.2356;6.454073;16.00835;17.31605;40.02087;1.01314330101013;11.0;No Voltage Constraint;No;No Voltage Constraint;G;Ellin Street 2;Upstream Constraint;Sheffield City;Sheffield City;Red - Fault Level;Red - Fault Level;Red;Red;53.373573483780504, -1.4747649732915393;101.31433010101301
Elsecar;439030.0;400133.0;Primary;11.0;23.0;2.95000004768372;9.06999969482422;0.0;0.413;1.9;0.0;12.0300003051758;11.29902;13.1216;30.174;32.80399;1.0;4.0;No Voltage Constraint;Upstream Constraint;No Voltage Constraint;R;Elsecar;No;West Melton;West Melton Section 3;Red - Fault Level;Red - Fault Level;Red;Red;53.49645788016137, -1.413132986388448;100.0
Endike Lane;506234.0;432693.0;Primary;11.0;23.0;0.935999989509583;11.6000003814697;1.0;0.0;0.0;0.0;11.3999996185303;10.37985;13.1216;26.03293;32.80399;0.967336595058441;5.0;No Voltage Constraint;Upstream Constraint;No Voltage Constraint;R;Endike Lane;No;Beverley 132/33kV;Creyke Beck;Red - Fault Level;Red - Fault Level;Red;Red;53.779737371640316, -0.3892956019121705;96.7336595058441
Fawdon/Seaton Burn;421400.0;568971.0;Primary;20.0;25.0;2.0;20.0;1.0;0.33;3.2404;0.0;0.0;5.34;9.2;13.41;23.5;0.695878207683563;2.0;Some Voltage Constraint;Upstream Constraint;No Voltage Constraint;R;Fawdon/Seaton Burn;GSP Constraint;Blyth 66kV;Blyth 66kV;Amber - Voltage;Green;Amber;Green;55.01483410970371, -1.6668798868615864;69.5878207683563
Fir Tree Lane;430631.0;439313.0;Primary;11.0;23.0;4.6100001335144;15.289999961853;0.0;0.181;0.7;4.4290001335144;7.01000003814697;7.428662;16.00835;20.87927;40.02087;0.656410276889801;6.0;No Voltage Constraint;GSP Constraint;No Voltage Constraint;R;Fir Tree Lane;No;Kirkstall C/Ring Road Horsforth;Kirkstall B;Green;Green;Green;Green;53.84915613002118, -1.5358818251991393;65.6410276889801
Fishburn;436531.0;533442.0;Primary;20.0;31.0;-16.2000007629395;16.3799991607666;1.0;0.403;1.55;0.0;13.0700008392334;6.7;25.0;20.19;62.5;0.801025629043579;1.0;Voltage Constraint;Upstream Constraint;No Voltage Constraint;R;Fishburn;No;Spennymoor 132/66kV;Spennymoor GSP;Red - Voltage;Green;Red;Green;54.69469581071204, -1.434751025763085;80.1025629043579
Fourstones 20kV;389546.0;568613.0;GSP;20.0;60.0;-20.0;38.0;1.0;0.0;0.0;40.0;22.0;10.44;16.0;30.55;40.0;0.763749957084656;0.0;Data Not Available;NGET;Data Not Available;R;Fourstones 20kV;NGET;NGET;Fourstones 20kV;Green;Green;Green;Green;55.011960060152944, -2.1650013777636374;76.3749957084656
Fourstones 33kV;389546.0;568613.0;GSP;33.0;60.0;-54.0;9.0;1.0;192.0;0.0;0.0;51.0;9.49;31.5;26.06;71.75;0.363205581903458;0.0;Data Not Available;NGET;Data Not Available;R;Fourstones 33kV;NGET;NGET;Fourstones 33kV;Green;Green;Green;Green;55.011960060152944, -2.1650013777636374;36.3205581903458
Garwood Street;435731.0;565882.0;Primary;11.0;32.0;4.34999990463257;14.2299995422363;1.0;0.73;6.355;35.6199999046326;11.4150004577637;11.81;12.5;35.14;31.25;1.12448000907898;4.0;No Voltage Constraint;No;No Voltage Constraint;G;Garwood Street;No;South Shields;South Shields;Red - Fault Level;Red - Fault Level;Red;Red;54.98625790884074, -1.443165192094086;112.44800090789799
Gateshead Central;425645.0;562926.0;Primary;11.0;22.0;3.75999999046326;12.0;1.0;0.0;0.0;0.0;10.0;10.39;13.1;30.16;33.4;0.902993977069855;1.0;Voltage Constraint;Upstream Constraint;No Voltage Constraint;R;Gateshead Central;No;Barrack Road;Stella North;"Red - Voltage; Amber - Fault Level";Amber - Fault Level;Red;Amber;54.96031434555615, -1.6010368898976974;90.2993977069855
Girlington;413929.0;433281.0;Supply Point;33.0;117.0;17.0400009155273;53.0999984741211;1.0;42.0;6.96;0.0;56.9400015258789;12.01004;17.5;33.65308;43.75;0.921568632125854;0.0;Data Not Available;NO;Data Not Available;R;Girlington;NO;Bradford West;Bradford West;Amber - Fault Level;Amber - Fault Level;Amber;Amber;53.79565414906382, -1.7900257059343858;92.1568632125854
Goole;473610.0;423291.0;Primary;11.0;23.0;4.94999980926514;14.0100002288818;0.0;0.0;0.0;0.0;8.98999977111816;11.28151;13.1216;30.49719;32.80399;0.929679334163666;4.0;No Voltage Constraint;Upstream Constraint;No Voltage Constraint;R;Goole;No;Camblesforth;Camblesforth;Amber - Fault Level;Amber - Fault Level;Amber;Amber;53.700874810536966, -0.8864998882683082;92.9679334163666
Gosforth 33/11kV;425335.0;568422.0;Primary;11.0;32.0;6.03000020980835;16.0200004577637;1.0;0.0;0.0;38.0300002098083;15.9799995422363;9.24;25.0;27.37;62.5;0.700672686100006;2.0;Some Voltage Constraint;GSP Constraint;No Voltage Constraint;R;Gosforth 33/11kV;No;Gosforth;Tynemouth;Amber - Voltage;Green;Amber;Green;55.00971697730079, -1.6053941784606491;70.0672686100006
Grainthorpe;539250.0;396039.0;Primary;11.0;8.0;1.01999998092651;3.85999989509583;0.0;0.0;0.0;0.0;0.0;3.279531;13.1216;7.656725;32.80399;1.0;1.0;Voltage Constraint;Upstream Constraint;No Voltage Constraint;R;Grainthorpe;GSP Constraint;Wold Newton;Keadby;"Red - Fault Level; Red - Voltage";Red - Fault Level;Red;Red;53.44273106402543, 0.09505477247063202;100.0
Greenhill;434413.0;381056.0;Primary;11.0;10.0;1.26999998092651;5.98000001907349;0.0;0.0;0.0;0.0;4.01999998092651;6.223533;13.1216;16.56566;32.80399;0.993135035037994;10.0;No Voltage Constraint;Upstream Constraint;No Voltage Constraint;G;Greenhill;No;Jordanthorpe;Jordanthorpe;Red - Fault Level;Red - Fault Level;Red;Red;53.32531172163202, -1.4848011392012852;99.31350350379941
Greyfriars Road 3/4;457166.0;403613.0;Primary;11.0;30.0;2.54381561279297;7.98989057540894;1.0;0.0;0.0;0.0;0.0;8.110593;19.99731;21.53954;49.99329;1.00065362453461;9.0;No Voltage Constraint;Upstream Constraint;No Voltage Constraint;R;Greyfriars Road 3/4;GSP Constraint;Doncaster Central;West Melton / Thorpe Marsh;Red - Fault Level;Red - Fault Level;Red;Red;53.5260798902815, -1.1391470837184121;100.065362453461
Halifax 132/33kV;409493.0;425530.0;Supply Point;33.0;72.0;11.2700004577637;28.2000007629395;0.0;1.15;2.6;0.0;41.1999992370605;10.44836;31.49183;28.49024;78.72958;0.361874610185623;0.0;Data Not Available;NO;Data Not Available;R;Halifax 132/33kV;NO;Elland;Elland;Green;Green;Green;Green;53.72608713921078, -1.857603521964663;36.1874610185623
Harlow Green;426213.0;559608.0;Primary;11.0;18.0;4.55000019073486;15.3900003433228;0.5;0.45;0.8;13.1000001907349;1.80999965667725;9.07;13.1;26.02;32.8;0.931003630161285;3.0;Some Voltage Constraint;GSP Constraint;No Voltage Constraint;R;Harlow Green;No;West Boldon;West Boldon;"Amber - Voltage; Amber- Fault level";Amber - Fault Level;Amber;Amber;54.930469366825086, -1.592468271528658;93.1003630161285
Harpswell;492606.0;390273.0;Primary;11.0;8.0;-2.50999999046326;6.80000019073486;1.0;0.0;0.0;0.0;0.0;5.484317;13.1216;13.41662;32.80399;1.0;8.0;No Voltage Constraint;Upstream Constraint;No Voltage Constraint;R;Harpswell;GSP Constraint;Blyton;Keadby;Red - Fault Level;Red - Fault Level;Red;Red;53.401167565965295, -0.6086161742979083;100.0
Harrogate 132/11kV Direct;429330.0;456210.0;Primary;11.0;36.0;4.0;32.0;1.0;0.3;0.969;0.0;3.031;14.43;25.0;43.53;62.5;0.696479976177216;5.0;No Voltage Constraint;Upstream Constraint;No Voltage Constraint;R;Harrogate 132/11kV;Upstream Constraint;Harrogate 132/11kV;Knaresborough;Green;Green;Green;Green;54.001092593148684, -1.5540420001152702;69.6479976177216
Harrogate 132/33kV;429330.0;456210.0;Supply Point;33.0;120.0;8.25;49.7999992370605;1.0;33.853;3.4;0.0;66.8000007629394;10.25;31.5;30.48;77.75;0.392025709152222;0.0;Data Not Available;NO;Data Not Available;R;Harrogate 132/33kV;NO;Knaresborough;Knaresborough;Green;Green;Green;Green;54.001092593148684, -1.5540420001152702;39.2025709152222
Hartmoor;445788.0;534359.0;GSP;66.0;140.0;-20.0;89.0;1.0;1272.434;13.2037;0.0;37.7963;10.92;21.9;32.23;55.8;0.577598571777344;0.0;Data Not Available;NGET;Data Not Available;R;Hartmoor;NGET;NGET;Hartmoor;Green;Green;Green;Green;54.70218138721344, -1.2909985777078994;57.759857177734396
Hazlehead;417711.0;404892.0;Primary;11.0;24.0;-7.99151086807251;5.07963180541992;1.0;0.235;1.6;0.0;17.3203681945801;8.05942;13.1216;19.63101;32.80399;0.712683498859406;9.0;No Voltage Constraint;Upstream Constraint;No Voltage Constraint;R;Hazlehead;No;Thornhill 132kV;Elland;Green;Green;Green;Green;53.540378141661954, -1.734220894186295;71.2683498859406
Hedon Road;515847.0;428956.0;Primary;11.0;23.0;1.54999995231628;13.2700004577637;0.5;0.0;0.0;0.0;0.0;8.539279;13.1216;23.85326;32.80399;0.850310981273651;6.0;No Voltage Constraint;Upstream Constraint;No Voltage Constraint;R;Hedon Road;GSP Constraint;Hull East 132/33kV;Saltend North;Green;Green;Green;Green;53.744117364525835, -0.24488368041728323;85.0310981273651
Heighington;427237.0;522023.0;Primary;11.0;27.0;5.40000009536743;11.1700000762939;1.0;0.0;0.0;0.0;0.0;11.33;12.5;35.26;31.25;1.12831997871399;5.0;No Voltage Constraint;Upstream Constraint;No Voltage Constraint;R;Heighington;GSP Constraint;Darlington North;Norton;Red - Fault Level;Red - Fault Level;Red;Red;54.5926659720274, -1.5799983080176914;112.831997871399
Hessle Road 1;505922.0;427038.0;Primary;11.0;23.0;0.800000011920929;3.33999991416931;0.0;0.0;0.0;0.0;19.6600000858307;9.228617;13.1216;25.22985;32.80399;0.855191946029663;7.0;No Voltage Constraint;Upstream Constraint;No Voltage Constraint;R;Hessle Road 1;No;Hull South;Creyke Beck;Green;Green;Green;Green;53.72899355280664, -0.39596539140322445;85.5191946029663
Hessle Road 2;505922.0;427038.0;Primary;11.0;23.0;1.67999994754791;5.82999992370605;0.0;0.0;0.0;0.0;17.1700000762939;9.228617;13.1216;25.22985;32.80399;0.826030850410461;5.0;No Voltage Constraint;Upstream Constraint;No Voltage Constraint;R;Hessle Road 2;No;Hull West;Creyke Beck;Green;Green;Green;Green;53.72899355280664, -0.39596539140322445;82.6030850410461
Hexham;394147.0;564754.0;Primary;20.0;36.0;13.1239995956421;21.5699996948242;1.0;0.0;0.0;0.0;0.0;6.33;9.2;17.11;23.5;1.05919992923737;1.0;Voltage Constraint;Upstream Constraint;No Voltage Constraint;R;Hexham;GSP Constraint;Coalburns;Stella South;"Red - Fault Level; Red - Voltage";Red - Fault Level;Red;Red;54.97735894197282, -2.092975804101923;105.919992923737
Hibaldstow;494054.0;399908.0;Primary;11.0;15.0;1.37000000476837;9.68000030517578;1.0;0.362;0.8;0.0;0.0;6.082766;13.1216;14.73018;32.80399;1.0;7.0;No Voltage Constraint;Upstream Constraint;No Voltage Constraint;R;Hibaldstow;GSP Constraint;Santon;Keadby;Red - Fault Level;Red - Fault Level;Red;Red;53.48748959714112, -0.5839685969789633;100.0
High Flatts;426387.0;552252.0;Primary;11.0;24.0;4.86999988555908;15.210000038147;1.0;0.0;0.0;0.0;8.78999996185303;8.67;13.1;23.65;32.8;0.801025629043579;2.0;Some Voltage Constraint;Upstream Constraint;No Voltage Constraint;R;High Flatts;No;Potter House;Spennymoor GSP;Amber - Voltage;Green;Amber;Green;54.86435865744022, -1.5904239333161467;80.1025629043579
Holmfield;408320.0;428262.0;Supply Point;33.0;117.0;1.63999998569489;55.4799995422363;1.0;0.748;0.0;0.0;61.5200004577637;12.32252;17.5;33.73049;43.75;0.921568632125854;0.0;Data Not Available;NO;Data Not Available;R;Holmfield;NO;Bradford West;Bradford West;Amber - Fault Level;Amber - Fault Level;Amber;Amber;53.75066218675214, -1.875308803034583;92.1568632125854
Honley;413218.0;411922.0;Primary;11.0;24.0;2.32999992370605;10.6999998092651;1.0;0.0;0.0;0.0;13.3000001907349;8.603541;13.1216;21.75595;32.80399;0.686525702476501;9.0;No Voltage Constraint;Upstream Constraint;No Voltage Constraint;R;Honley;No;Lindley;Elland;Green;Green;Green;Green;53.60369678837346, -1.8017224060730241;68.6525702476501
Humberston;529405.0;406147.0;Supply Point;33.0;117.0;0.0;25.1100006103516;1.0;33.077;0.0;0.0;0.0;12.53421;17.49546;34.36907;43.73866;0.7857825756073;0.0;Data Not Available;NO;Data Not Available;R;Humberston;Upstream Constraint;Grimsby West;Grimsby West;Green;Green;Green;Green;53.53603987388565, -0.04890828546723911;78.57825756073001
Hunmanby;509302.0;478289.0;Primary;11.0;24.0;1.72728228569031;6.78000020980835;1.0;0.0;0.0;0.0;17.2199997901917;10.01932;24.98352;24.10269;62.4588;0.993019342422485;10.0;No Voltage Constraint;Upstream Constraint;No Voltage Constraint;R;Hunmanby;No;Driffield/Beverley Group;Creyke Beck;Red - Fault Level;Red - Fault Level;Red;Red;54.18873196669101, -0.3264149921546659;99.3019342422485
Husthwaite;450565.0;473758.0;Supply Point;33.0;54.0;-26.5499992370605;31.1800003051758;1.0;53.7;1.0625;0.0;21.7574996948242;7.86;25.0;20.12;62.5;0.32192000746727;0.0;Data Not Available;NO;Data Not Available;R;Husthwaite;NO;Knaresborough;Knaresborough;Green;Green;Green;Green;54.15715400148383, -1.227191238773367;32.192000746727004
Immingham;519671.0;414677.0;Supply Point;33.0;117.0;0.0;70.0599975585938;1.0;53.055;18.308;0.0;0.0;19.16006;25.00102;54.47682;62.50254;0.871593713760376;0.0;Data Not Available;NO;Data Not Available;R;Immingham;Upstream Constraint;Grimsby West;Grimsby West;Green;Green;Green;Green;53.614977144637486, -0.19243292860851027;87.1593713760376
Ings Lane;397798.0;451134.0;Primary;11.0;8.0;2.32999992370605;5.85588550567627;0.0;0.228;0.88;0.0;1.26411449432373;4.601909;13.1216;11.3648;32.80399;1.16096258163452;12.0;No Voltage Constraint;Upstream Constraint;No Voltage Constraint;R;Ings Lane;No;Silsden;Bradford West;Red - Fault Level;Red - Fault Level;Red;Red;53.95629217093639, -2.035044542135826;116.09625816345199
Jarrow;432099.0;565187.0;Primary;11.0;24.0;1.30999994277954;4.5;1.0;0.0;0.0;25.3099999427795;19.5;10.1408;13.1;27.3277;33.4;1.04282510280609;1.0;Voltage Constraint;No;No Voltage Constraint;G;Jarrow;No;South Shields;South Shields;"Red - Fault Level; Red - Voltage";Red - Fault Level;Red;Red;54.98025917378352, -1.4999973669010007;104.282510280609
Jordanthorpe;436084.0;381626.0;GSP;33.0;120.0;12.0;55.0;1.0;160.0;2.736;0.0;62.264;15.5;17.5;43.4;43.7;0.993135035037994;0.0;Data Not Available;NGET;Data Not Available;G;Jordanthorpe;NGET;NGET;Jordanthorpe;Red - Fault Level;Red - Fault Level;Red;Red;53.330324131012866, -1.4596500200791411;99.31350350379941
Keighley Direct;406280.0;440967.0;Primary;11.0;39.0;2.0;17.0;1.0;0.14;1.8;0.0;20.2;9.405071;13.1216;26.58747;32.80399;0.921568632125854;9.0;No Voltage Constraint;Upstream Constraint;No Voltage Constraint;R;Keighley;Upstream Constraint;Keighley;Bradford West;Amber - Fault Level;Amber - Fault Level;Amber;Amber;53.86488193509019, -1.905990351419905;92.1568632125854
Kenmore Road;431721.0;424654.0;Primary;11.0;24.0;3.22000002861023;18.1000003814697;1.0;0.0;0.0;27.2200000286102;5.89999961853027;10.71511;19.94483;28.952;49.86207;0.747168660163879;10.0;No Voltage Constraint;GSP Constraint;No Voltage Constraint;R;Kenmore Road;No;Wakefield North;Skelton Grange;Green;Green;Green;Green;53.71734080685506, -1.5208167085113342;74.7168660163879
Kenton;422270.0;567606.0;Primary;11.0;24.0;4.51000022888184;13.460000038147;0.0;0.0;0.0;0.0;10.539999961853;8.65;13.1;24.95;32.8;0.843520045280457;5.0;No Voltage Constraint;Upstream Constraint;No Voltage Constraint;R;Kenton;No;Blucher;Stella North;Green;Green;Green;Green;55.00253027986301, -1.6533807912772103;84.3520045280457
Killinghall Road;418609.0;433421.0;Primary;11.0;8.0;0.0;0.769999980926514;0.0;0.0;0.0;0.0;0.0;5.661045;13.1216;14.14229;32.80399;0.921568632125854;9.0;No Voltage Constraint;Upstream Constraint;No Voltage Constraint;R;Killinghall Road;Upstream Constraint;Bradford;Bradford West;Amber - Fault Level;Amber - Fault Level;Amber;Amber;53.79676717300373, -1.7189713051080198;92.1568632125854
Kilnhurst;445446.0;397004.0;Primary;11.0;30.0;3.90000009536743;16.3369998931885;1.0;0.0;0.0;0.0;13.6630001068115;10.02629;19.99731;26.72715;49.99329;1.0;6.0;No Voltage Constraint;Upstream Constraint;No Voltage Constraint;R;Kilnhurst;No;West Melton;West Melton Section 3;Red - Fault Level;Red - Fault Level;Red;Red;53.46782136651562, -1.3168773691487132;100.0
Kirkhaw Lane;447808.0;425060.0;Supply Point;33.0;117.0;12.6400003433228;48.9000015258789;1.0;25.329;13.722;0.0;54.3779984741211;13.60182;17.49546;39.62081;43.73866;0.910400032997131;0.0;Data Not Available;NO;Data Not Available;R;Kirkhaw Lane;NO;Ferrybridge B;Ferrybridge B;Amber - Fault Level;Amber - Fault Level;Amber;Amber;53.7197675241599, -1.2770092279456473;91.0400032997131
Leasowe Road;431424.0;430782.0;Primary;11.0;23.0;3.10999989509583;10.6099996566772;0.5;0.0;0.0;14.6099998950958;12.3900003433228;9.445877;13.1216;26.00517;32.80399;0.792744100093842;5.0;No Voltage Constraint;GSP Constraint;No Voltage Constraint;R;Leasowe Road;No;Low Road;Skelton Grange;Green;Green;Green;Green;53.77243549596883, -1.5246961029425437;79.2744100093842
Leeming Bar/Skeeby;428797.0;492550.0;Supply Point;33.0;141.0;-23.5230007171631;89.1179962158203;1.0;318.688;5.059;0.0;0.0;14.39;17.5;35.84;44.6;0.822285711765289;0.0;Data Not Available;NO;Data Not Available;R;Leeming Bar/Skeeby;Upstream Constraint;Norton;Norton;Green;Green;Green;Green;54.327715095268864, -1.5587135290012026;82.2285711765289
Linton 66/20kV;425141.0;592736.0;Primary;20.0;28.0;2.49000000953674;8.0290002822876;1.0;0.788;0.48;0.0;0.0;6.28;9.2;18.57;23.5;0.945128202438354;3.0;Some Voltage Constraint;Upstream Constraint;No Voltage Constraint;A;Linton 66/20kV;Upstream Constraint;Linton;Blyth 132kV;"Amber - Voltage; Amber- Fault level";Amber - Fault Level;Amber;Amber;55.22820669860082, -1.6062858712359809;94.5128202438354
Low Moor;415773.0;428755.0;Primary;11.0;23.0;-3.41000008583069;8.31999969482422;0.5;0.0;0.0;8.08999991416931;14.6800003051758;9.710171;13.1216;26.88168;32.80399;0.819463551044464;4.0;No Voltage Constraint;GSP Constraint;No Voltage Constraint;R;Low Moor;No;Staygate;Skelton Grange;Green;Green;Green;Green;53.754922643158686, -1.7622620264498658;81.9463551044464
Low Spennymoor;426467.0;533608.0;Primary;11.0;24.0;2.40000009536743;9.11999988555908;0.5;0.0;0.0;0.0;14.8800001144409;8.79;13.1;25.98;32.8;0.801025629043579;2.0;Some Voltage Constraint;Upstream Constraint;No Voltage Constraint;R;Low Spennymoor;No;Spennymoor 132/66kV;Spennymoor GSP;Amber - Voltage;Green;Amber;Green;54.696814786974564, -1.5908709466106048;80.1025629043579
Loxley Road;429018.0;390510.0;Primary;11.0;8.0;0.509999990463257;2.94000005722046;0.0;0.233;0.2725;0.276999990463257;4.78749994277954;5.292441;13.1216;12.86183;32.80399;0.947014093399048;11.0;No Voltage Constraint;GSP Constraint;No Voltage Constraint;R;Loxley Road;No;Neepsend;Neepsend;Amber - Fault Level;Amber - Fault Level;Amber;Amber;53.41060960826594, -1.5649319875834846;94.7014093399048
Maddison Street;431070.0;581633.0;Primary;11.0;23.0;4.5;16.3479995727539;0.5;0.065;1.44;0.0;0.0;9.14;13.1;28.92;33.4;0.865868210792542;4.0;No Voltage Constraint;Upstream Constraint;No Voltage Constraint;R;Maddison Street;GSP Constraint;Blyth 66kV;Blyth 66kV;Green;Green;Green;Green;55.12810383859199, -1.5142898739732504;86.5868210792542
Malleable;446041.0;519836.0;Primary;11.0;32.0;4.90999984741211;16.25;0.0;0.279;7.396;0.0;0.0;11.21;13.1;33.48;32.8;1.02073168754578;2.0;Some Voltage Constraint;Upstream Constraint;No Voltage Constraint;R;Malleable;GSP Constraint;North Tees;Norton;"Red - Fault Level; Amber - Voltage";Red - Fault Level;Red;Red;54.57165466519943, -1.2893515231918735;102.07316875457799
Malton;478700.0;472457.0;Primary;11.0;32.0;5.11999988555908;20.5419998168945;1.0;0.15;3.2135;0.0;8.24450018310547;8.13;20.0;25.96;50.0;0.700653612613678;2.0;Some Voltage Constraint;Upstream Constraint;No Voltage Constraint;R;Malton;No;Malton Grid;Osbaldwick;Amber - Voltage;Green;Amber;Green;54.14192989756819, -0.7967834118191094;70.0653612613678
Mansfield Road 2;439450.0;384365.0;Primary;11.0;16.0;0.300000011920929;9.31999969482422;0.0;0.0;0.0;0.0;0.0;5.988307;13.1216;15.45295;32.80399;1.00065362453461;12.0;No Voltage Constraint;Upstream Constraint;No Voltage Constraint;R;Mansfield Road 2;GSP Constraint;Attercliffe;West Melton / Thorpe Marsh;Red - Fault Level;Red - Fault Level;Red;Red;53.354703262709926, -1.4087710576047112;100.065362453461
Markham Gates;461517.0;404839.0;Primary;11.0;23.0;3.63000011444092;15.1999998092651;1.0;0.0;0.0;0.0;0.0;11.10071;18.37024;29.29997;45.92559;1.00065362453461;5.0;No Voltage Constraint;Upstream Constraint;No Voltage Constraint;R;Markham Gates;GSP Constraint;Doncaster B/Thorpe Marsh;West Melton / Thorpe Marsh;Red - Fault Level;Red - Fault Level;Red;Red;53.536607834861464, -1.0732828656399271;100.065362453461
Marmion Road;432879.0;385173.0;Primary;11.0;23.0;3.08999991416931;13.5699996948242;0.0;0.0;0.0;3.08999991416931;9.43000030517578;10.92845;13.1216;29.57096;32.80399;1.0459953546524;10.0;No Voltage Constraint;No;No Voltage Constraint;G;Marmion Road;No;Norton Lees;Norton Lees;Red - Fault Level;Red - Fault Level;Red;Red;53.36241376071563, -1.507404865399081;104.59953546524
Marsden Road;528788.0;410409.0;Primary;11.0;18.0;1.11000001430511;12.6800003051758;0.0;0.0;0.0;0.0;0.0;9.421953;13.1216;25.64343;32.80399;0.781716704368591;12.0;No Voltage Constraint;Upstream Constraint;No Voltage Constraint;R;Marsden Road;GSP Constraint;Moss Road;Grimsby West;Green;Green;Green;Green;53.57447753710743, -0.05645804551766552;78.1716704368591
Melrosegate;461795.0;451862.0;Supply Point;33.0;180.0;32.4000015258789;118.819999694824;0.0;30.207;7.0632;0.0;54.1168003051758;15.8;25.0;50.23;62.5;0.803680002689362;0.0;Data Not Available;NO;Data Not Available;R;Melrosegate;NO;Osbaldwick;Osbaldwick;Green;Green;Green;Green;53.95916307414937, -1.0597023475962744;80.3680002689362
Middleton Town Street;430075.0;428441.0;Primary;11.0;23.0;5.5;17.57200050354;1.0;4.303;3.425;24.197;2.00299949645996;10.47581;13.1216;27.64651;32.80399;0.842778861522675;4.0;No Voltage Constraint;GSP Constraint;No Voltage Constraint;R;Middleton Town Street;No;Beeston Royds 132/33kV;Kirkstall B;Green;Green;Green;Green;53.751474573426066, -1.5453904002197332;84.2778861522675
Millhouses;433691.0;383327.0;Primary;11.0;24.0;2.14000010490417;7.11999988555908;0.0;0.0;0.0;0.0;16.8800001144409;10.65589;13.1216;27.92759;32.80399;0.993135035037994;10.0;No Voltage Constraint;Upstream Constraint;No Voltage Constraint;G;Millhouses;No;Jordanthorpe;Jordanthorpe;Red - Fault Level;Red - Fault Level;Red;Red;53.34577045157656, -1.4953997077588672;99.31350350379941
Milton Place;427872.0;421048.0;Primary;11.0;23.0;3.6800000667572;14.3299999237061;1.0;0.0;0.0;26.6800000667572;8.67000007629395;9.457249;13.1216;23.92764;32.80399;0.747168660163879;7.0;No Voltage Constraint;GSP Constraint;No Voltage Constraint;R;Milton Place;No;Wakefield North;Skelton Grange;Green;Green;Green;Green;53.685149495821406, -1.579460904569337;74.7168660163879
Morley;426165.0;427536.0;Primary;11.0;23.0;3.03999996185303;12.0842370986938;1.0;0.095;1.915;25.944999961853;9.00076290130615;10.26206;13.1216;26.01607;32.80399;0.793076395988464;5.0;No Voltage Constraint;GSP Constraint;No Voltage Constraint;R;Morley;No;Beeston Royds 132/33kV;Kirkstall B;Green;Green;Green;Green;53.74355067585547, -1.6047603690676477;79.30763959884641
Morpeth;420932.0;585450.0;Primary;20.0;28.0;-6.59999990463257;17.1900005340576;1.0;1.921;0.89;0.0;0.0;6.73;9.2;18.3;23.5;0.778723359107971;1.0;Voltage Constraint;Upstream Constraint;No Voltage Constraint;R;Morpeth;GSP Constraint;Blyth 66kV;Blyth 66kV;Red - Voltage;Green;Red;Green;55.16293216439913, -1.672993224866935;77.87233591079709
Mount Road;438414.0;555884.0;Primary;11.0;24.0;5.04285287857056;18.1900005340576;1.0;0.0;0.0;29.0428528785706;5.80999946594238;9.98;13.1;29.8;32.8;1.14708518981934;2.0;Some Voltage Constraint;GSP Constraint;No Voltage Constraint;R;Mount Road;No;Offerton;Offerton;"Red - Fault Level; Amber - Voltage";Red - Fault Level;Red;Red;54.896219320700204, -1.402573406272688;114.70851898193399
Mount Street;417943.0;432500.0;Primary;11.0;23.0;1.57000005245209;10.1000003814697;1.0;0.0;0.0;0.0;0.0;11.40786;13.1216;28.75305;32.80399;0.921568632125854;5.0;No Voltage Constraint;Upstream Constraint;No Voltage Constraint;R;Mount Street;Upstream Constraint;Bradford;Bradford West;Amber - Fault Level;Amber - Fault Level;Amber;Amber;53.788512594726676, -1.7291352430369569;92.1568632125854
Mytholmroyd;400233.0;426477.0;Primary;11.0;15.0;1.42599999904633;6.0802960395813;1.0;0.0;0.0;0.0;8.9197039604187;7.191948;13.1216;18.00347;32.80399;0.954672992229462;5.0;No Voltage Constraint;Upstream Constraint;No Voltage Constraint;R;Mytholmroyd;No;Sowerby Bridge 132/33kV;Elland;Red - Fault Level;Red - Fault Level;Red;Red;53.73468310416741, -1.9979465116959316;95.4672992229462
Nabwood;412477.0;437529.0;Primary;11.0;23.0;2.59999990463257;9.8100004196167;0.5;0.0;0.0;0.0;13.1899995803833;7.938459;13.1216;21.50759;32.80399;0.921568632125854;5.0;No Voltage Constraint;Upstream Constraint;No Voltage Constraint;R;Nabwood;No;Bingley 132/33kV;Bradford West;Amber - Fault Level;Amber - Fault Level;Amber;Amber;53.8338711871921, -1.811897658976164;92.1568632125854
Newburn Haugh Direct;418189.0;564232.0;Primary;11.0;38.0;1.0;7.0;1.0;0.64;1.688;0.0;29.312;9.58;25.0;26.81;62.5;0.843520045280457;4.0;No Voltage Constraint;Upstream Constraint;No Voltage Constraint;R;Newburn Haugh;Upstream Constraint;Newburn Haugh;Stella North;Green;Green;Green;Green;54.97237617740636, -1.7173919618117275;84.3520045280457
North Thoresby;528053.0;397019.0;Primary;11.0;8.0;1.00999999046326;3.24000000953674;0.0;0.0;0.0;0.0;0.0;5.428851;13.1216;13.26822;32.80399;1.0;10.0;No Voltage Constraint;Upstream Constraint;No Voltage Constraint;R;North Thoresby;GSP Constraint;Wold Newton;Keadby;Red - Fault Level;Red - Fault Level;Red;Red;53.454371122289345, -0.07301749132754456;100.0
Northallerton;433937.0;494728.0;Primary;11.0;24.0;2.65000009536743;17.0599994659424;1.0;0.592;0.58;0.0;0.0;9.28;25.0;24.58;62.5;0.822285711765289;2.0;Some Voltage Constraint;Upstream Constraint;No Voltage Constraint;R;Northallerton;GSP Constraint;Leeming Bar/Skeeby;Norton;Amber - Voltage;Green;Amber;Green;54.34697355848831, -1.4794358391403362;82.2285711765289
Norton;441280.0;522087.0;GSP;132.0;720.0;85.0;365.0;1.0;1814.496;531.9646;0.0;0.0;17.88;31.5;47.27;78.7;0.600635349750519;0.0;Data Not Available;NGET;Data Not Available;R;Norton;NGET;NGET;Norton;Green;Green;Green;Green;54.592292499449634, -1.362673871922843;60.0635349750519
Odsal;415741.0;429759.0;Primary;11.0;23.0;4.19999980926514;16.0100002288818;0.0;0.0;0.0;4.19999980926514;6.98999977111816;8.507426;13.1216;23.82568;32.80399;0.726304173469543;7.0;No Voltage Constraint;GSP Constraint;No Voltage Constraint;R;Odsal;No;Staygate;Skelton Grange;Green;Green;Green;Green;53.76394749154923, -1.7626965335773754;72.6304173469543
Offerton 33/11kV;434946.0;554334.0;Primary;11.0;32.0;5.71000003814697;15.4769811630249;1.0;0.0;0.0;37.710000038147;16.5230188369751;10.37;25.0;30.52;62.5;1.14708518981934;2.0;Some Voltage Constraint;GSP Constraint;No Voltage Constraint;R;Offerton 33/11kV;No;Offerton;Offerton;"Red - Fault Level; Amber - Voltage";Red - Fault Level;Red;Red;54.88254485076955, -1.4568312957305696;114.70851898193399
Penistone;425516.0;402845.0;Primary;11.0;24.0;-3.79999995231628;10.5;1.0;0.0;0.0;20.2000000476837;13.5;11.75933;13.1216;30.57638;32.80399;1.0;10.0;No Voltage Constraint;GSP Constraint;No Voltage Constraint;R;Penistone;No;Hunshelf;West Melton Section 3;Red - Fault Level;Red - Fault Level;Red;Red;53.521659925725835, -1.6166160922019943;100.0
Peterlee Industrial;441351.0;542163.0;Primary;11.0;20.0;-6.53999996185303;7.32999992370605;0.0;0.0;0.0;0.0;12.6700000762939;8.93;13.1;26.55;32.8;0.809451222419739;2.0;Some Voltage Constraint;Upstream Constraint;No Voltage Constraint;R;Peterlee Industrial;No;Hawthorn Pit Grid;Hawthorn Pit Grid;Amber - Voltage;Green;Amber;Green;54.77269099291051, -1.3587390665936592;80.9451222419739
Pilgrim;425121.0;564186.0;Primary;11.0;32.0;4.8600001335144;16.6429996490479;0.0;0.0;0.0;0.0;15.3570003509521;11.417;13.1;34.0945;32.8;1.03946650028229;3.0;Some Voltage Constraint;Upstream Constraint;No Voltage Constraint;R;Pilgrim;No;Barrack Road;Stella North;"Red - Fault Level; Amber - Voltage";Red - Fault Level;Red;Red;54.97166325267444, -1.6091100616734673;103.946650028229
Plangeo;507211.0;428289.0;Primary;11.0;24.0;4.32000017166138;13.5500001907349;0.0;0.65;3.0;0.0;7.44999980926514;10.62985;13.1216;29.22947;32.80399;0.891033887863159;11.0;No Voltage Constraint;Upstream Constraint;No Voltage Constraint;R;Plangeo;No;Hull South;Creyke Beck;Green;Green;Green;Green;53.739970076391536, -0.37600275135049005;89.10338878631589
Pool;423473.0;445203.0;Primary;11.0;23.0;2.07999992370605;7.78999996185303;1.0;0.0;0.0;0.0;15.210000038147;7.579822;19.99731;19.7219;49.99329;0.921568632125854;7.0;No Voltage Constraint;Upstream Constraint;No Voltage Constraint;R;Pool;No;Menston;Bradford West;Amber - Fault Level;Amber - Fault Level;Amber;Amber;53.90246471179574, -1.6442344672890776;92.1568632125854
Prince of Wales;445048.0;422668.0;Primary;11.0;23.0;3.01999998092651;12.3015165328979;0.5;0.194;6.3;0.0;4.39848346710205;9.602422;13.1216;25.96746;32.80399;0.918525516986847;4.0;No Voltage Constraint;Upstream Constraint;No Voltage Constraint;R;Prince of Wales;No;Featherstone;Ferrybridge B;Amber - Fault Level;Amber - Fault Level;Amber;Amber;53.69851448112176, -1.3191771500073453;91.8525516986847
Prissick;451169.0;516591.0;Primary;11.0;23.0;6.26999998092651;20.7000007629395;1.0;0.0;0.0;0.0;2.29999923706055;10.72;13.1;30.76;33.4;0.920958042144775;2.0;Some Voltage Constraint;Upstream Constraint;No Voltage Constraint;R;Prissick;No;Lackenby;Lackenby;"Amber - Voltage; Amber- Fault level";Amber - Fault Level;Amber;Amber;54.54200366177151, -1.210602703039837;92.0958042144775
Prospect Road;410690.0;416813.0;Primary;11.0;23.0;2.21000003814697;11.6400003433228;0.0;0.0;0.0;0.0;11.3599996566772;8.248293;13.1216;22.8357;32.80399;0.696125566959381;4.0;No Voltage Constraint;Upstream Constraint;No Voltage Constraint;R;Prospect Road;No;Lindley;Elland;Green;Green;Green;Green;53.64771508964682, -1.8397592588752407;69.6125566959381
Queens Road;520680.0;415461.0;Primary;11.0;37.0;0.140000000596046;21.4899997711182;1.0;21.12;12.868;0.0;0.0;11.87519;19.99731;32.77912;49.99329;0.871593713760376;4.0;No Voltage Constraint;Upstream Constraint;No Voltage Constraint;R;Queens Road;GSP Constraint;Immingham;Grimsby West;Green;Green;Green;Green;53.62178911284785, -0.1768850482174702;87.1593713760376
Ravenscar;498295.0;500970.0;Primary;11.0;8.0;0.300000011920929;1.5;1.0;0.0;0.0;0.0;6.5;4.74;25.0;13.5;62.5;0.784977555274963;1.0;Voltage Constraint;Upstream Constraint;No Voltage Constraint;R;Ravenscar;No;Scarborough Grid;Osbaldwick;Red - Voltage;Green;Red;Green;54.39472477829355, -0.48758401466599816;78.49775552749631
Revill Lane;442118.0;384875.0;Primary;11.0;23.0;1.33015036582947;5.52177476882935;0.5;0.0;0.0;0.0;0.0;7.795228;13.1216;20.30602;32.80399;1.00065362453461;4.0;No Voltage Constraint;Upstream Constraint;No Voltage Constraint;R;Revill Lane;GSP Constraint;Attercliffe;West Melton / Thorpe Marsh;Red - Fault Level;Red - Fault Level;Red;Red;53.359081993181526, -1.36862221630088;100.065362453461
Rodley Lane;422089.0;436491.0;Primary;11.0;15.0;3.13000011444092;13.6800003051758;0.0;0.0;0.0;3.13000011444092;1.31999969482422;8.167627;16.00835;22.08393;40.02087;0.620293438434601;5.0;No Voltage Constraint;GSP Constraint;No Voltage Constraint;R;Rodley Lane;No;Rodley;Skelton Grange;Green;Green;Green;Green;53.824224354908836, -1.665921953859596;62.029343843460104
Rudby;447155.0;507697.0;Primary;11.0;8.0;1.29999995231628;5.40799999237061;0.0;0.0;0.0;0.0;0.0;6.03;13.1;14.87;32.8;0.839910328388214;5.0;No Voltage Constraint;Upstream Constraint;No Voltage Constraint;R;Rudby;GSP Constraint;Bowesfield;Norton;Green;Green;Green;Green;54.462469408175345, -1.2740581105773374;83.9910328388214
Saint Andrews Road 33/11kV;415092.0;417161.0;Primary;11.0;23.0;2.63000011444092;10.6099996566772;0.5;0.18;7.4;13.9500001144409;4.99000034332275;8.483476;13.1216;23.1509;32.80399;0.705734074115753;7.0;No Voltage Constraint;GSP Constraint;No Voltage Constraint;R;Saint Andrews Road 33/11kV;No;Saint Andrews Road 132/33kV;Skelton Grange;Green;Green;Green;Green;53.650735460064205, -1.7731506001381196;70.57340741157529
Saint Street;414138.0;431593.0;Primary;11.0;23.0;1.97000002861023;6.88000011444092;0.5;0.0;0.0;0.0;16.1199998855591;8.093597;13.1216;21.74854;32.80399;0.921568632125854;5.0;No Voltage Constraint;Upstream Constraint;No Voltage Constraint;R;Saint Street;No;Girlington;Bradford West;Amber - Fault Level;Amber - Fault Level;Amber;Amber;53.78047697058825, -1.7869297051031454;92.1568632125854
Saltend 132/33kV;516302.0;428839.0;Supply Point;33.0;50.8;0.0;5.63299989700317;1.0;146.35;72.0;0.0;0.0;6.308203;24.96602;18.37255;62.41506;0.770000040531158;0.0;Data Not Available;NO;Data Not Available;R;Saltend 132/33kV;Upstream Constraint;Saltend North;Saltend North;Green;Green;Green;Green;53.742965076045664, -0.23803204712181975;77.0000040531158
Saltshouse Road;512469.0;432718.0;Primary;11.0;23.0;4.6399998664856;11.289999961853;1.0;0.0;0.0;0.0;11.710000038147;11.46067;13.1216;29.51655;32.80399;0.899785280227661;5.0;No Voltage Constraint;Upstream Constraint;No Voltage Constraint;R;Saltshouse Road;No;Bransholme;Creyke Beck;Green;Green;Green;Green;53.77865410334665, -0.2947102958775872;89.9785280227661
Scarborough 33/11kV;503117.0;487346.0;Primary;11.0;32.0;7.6399998664856;18.6100006103516;0.0;0.0;0.0;0.0;13.3899993896484;11.92;20.0;33.99;50.0;0.784977555274963;5.0;No Voltage Constraint;Upstream Constraint;No Voltage Constraint;R;Scarborough 33/11kV;No;Scarborough Grid;Osbaldwick;Green;Green;Green;Green;54.27137806734849, -0.4180523225227045;78.49775552749631
Sculcoates A Direct;509228.0;430867.0;Primary;11.0;39.0;7.0;25.0;1.0;0.116;1.0;0.0;13.0;12.58956;18.37024;36.59435;45.92559;0.796818256378174;7.0;No Voltage Constraint;Upstream Constraint;No Voltage Constraint;R;Sculcoates A;Upstream Constraint;Sculcoates A;Creyke Beck;Green;Green;Green;Green;53.76271342657861, -0.34452552952699794;79.68182563781741
Seal Sands;451659.0;523832.0;Supply Point;66.0;112.0;-34.189998626709;24.4799995422363;1.0;50.0;22.4;0.0;60.048;9.07452;21.9;39.6673;55.8;0.77319997549057;0.0;Data Not Available;NO;Data Not Available;R;Seal Sands;Upstream Constraint;Saltholme;Saltholme;Green;Green;Green;Green;54.607021054876405, -1.2017595181013982;77.31999754905699
Seaton Burn T1;423574.0;574359.0;Primary;20.0;25.0;2.0;20.0;1.0;0.0;0.0;0.0;0.0;5.66;9.2;14.67;23.5;0.695878207683563;2.0;Some Voltage Constraint;Upstream Constraint;No Voltage Constraint;R;Seaton Burn T1;GSP Constraint;Blyth 66kV;Blyth 66kV;Amber - Voltage;Green;Amber;Green;55.063152469631454, -1.6324409078877873;69.5878207683563
Seghill;429772.0;574655.0;Primary;11.0;32.0;2.19000005722046;11.3199996948242;1.0;0.0;0.0;0.0;0.0;11.55;25.0;30.67;62.5;0.695878207683563;3.0;Some Voltage Constraint;Upstream Constraint;No Voltage Constraint;R;Seghill;GSP Constraint;Blyth 66kV;Blyth 66kV;Amber - Voltage;Green;Amber;Green;55.06548090000869, -1.5353720830494708;69.5878207683563
Selby Road;435229.0;433461.0;Primary;11.0;23.0;3.58999991416931;14.8599996566772;1.0;0.25;2.6;26.3399999141693;5.54000034332275;11.59361;13.1216;30.14901;32.80399;0.919065356254578;5.0;No Voltage Constraint;GSP Constraint;No Voltage Constraint;R;Selby Road;No;Leeds East;Skelton Grange;Amber - Fault Level;Amber - Fault Level;Amber;Amber;53.79627061551587, -1.4666618244496255;91.90653562545779
Sessay Bridge/Sowerby;444531.0;475586.0;Primary;11.0;24.0;1.75999999046326;9.43000030517578;1.0;0.0;0.0;0.0;14.5699996948242;5.0626;25.0;12.8284;62.5;0.32192000746727;1.0;Voltage Constraint;Upstream Constraint;No Voltage Constraint;R;Sessay Bridge/Sowerby;No;Husthwaite;Knaresborough;Red - Voltage;Green;Red;Green;54.174139091127685, -1.3193130760969447;32.192000746727004
Silverwood;447949.0;394009.0;Primary;11.0;24.0;2.86999988555908;12.5299997329712;0.0;0.19;1.5;0.0;9.97000026702881;10.2945;13.1216;27.32012;32.80399;0.852021276950836;5.0;No Voltage Constraint;Upstream Constraint;No Voltage Constraint;R;Silverwood;No;Thurcroft;Thurcroft;Green;Green;Green;Green;53.440681619832276, -1.2796313422282433;85.20212769508359
Skeldergate;460164.0;451429.0;Primary;11.0;32.0;4.17000007629395;14.7203645706177;0.0;0.0;0.0;0.0;17.2796354293823;10.75;13.1;30.92;32.8;0.942682921886444;5.0;No Voltage Constraint;Upstream Constraint;No Voltage Constraint;R;Skeldergate;No;Poppleton;Poppleton;Amber - Fault Level;Amber - Fault Level;Amber;Amber;53.955463782966326, -1.0846412454209973;94.2682921886444
Skerneside;430290.0;523917.0;Primary;20.0;34.0;4.01999998092651;16.8899993896484;0.0;0.633;2.4252;0.0;14.6848006103516;8.11;20.0;25.29;50.0;0.801025629043579;1.0;Voltage Constraint;Upstream Constraint;No Voltage Constraint;R;Skerneside;No;Spennymoor 132/66kV;Spennymoor GSP;Red - Voltage;Green;Red;Green;54.60951326835492, -1.5325572762072752;80.1025629043579
Sledmere Garth;436473.0;436772.0;Primary;11.0;23.0;1.25;4.6100001335144;1.0;4.073;0.3232;0.0;18.0667998664856;10.54508;13.1216;27.02015;32.80399;0.910400032997131;5.0;No Voltage Constraint;Upstream Constraint;No Voltage Constraint;R;Sledmere Garth;No;Whinmoor;Ferrybridge B;Amber - Fault Level;Amber - Fault Level;Amber;Amber;53.825942858931, -1.4473862566299547;91.0400032997131
Snelsins Lane;418444.0;426208.0;Primary;11.0;23.0;-60.0;9.76299953460693;1.0;0.0;0.0;0.0;13.2370004653931;10.7416;13.1216;27.39221;32.80399;0.835026562213898;6.0;No Voltage Constraint;Upstream Constraint;No Voltage Constraint;R;Snelsins Lane;No;Brighouse 132/33kV;Elland;Green;Green;Green;Green;53.73194328941903, -1.7219044858500283;83.5026562213898
Southwood Road;503852.0;432280.0;Primary;11.0;23.0;3.76999998092651;12.5100002288818;0.0;1.539;1.0;0.0;9.48999977111816;8.843642;13.1216;23.32871;32.80399;0.967336595058441;7.0;No Voltage Constraint;Upstream Constraint;No Voltage Constraint;R;Southwood Road;No;Beverley 132/33kV;Creyke Beck;Red - Fault Level;Red - Fault Level;Red;Red;53.776506702184356, -0.42556803347210587;96.7336595058441
Sowerby Bridge 132/33kV;405085.0;423608.0;Supply Point;33.0;117.0;8.90999984741211;61.2099990844727;1.0;25.305;12.31;0.0;43.4800009155273;10.92552;13.1216;31.31709;32.80399;0.954672992229462;0.0;Data Not Available;NO;Data Not Available;R;Sowerby Bridge 132/33kV;NO;Elland;Elland;Red - Fault Level;Red - Fault Level;Red;Red;53.70887268547495, -1.9244413629122112;95.4672992229462
Spennymoor 132/66kV;428821.0;534510.0;Supply Point;66.0;179.8;-19.8099994659424;79.9499969482422;0.0;282.62;17.4252;0.0;82.4248030517578;10.13;21.9;30.6;55.8;0.801025629043579;0.0;Data Not Available;NO;Data Not Available;R;Spennymoor 132/66kV;NO;Spennymoor GSP;Spennymoor GSP;Green;Green;Green;Green;54.704791754920585, -1.5542598483328325;80.1025629043579
Spennymoor 66/20kV;428665.0;534686.0;Primary;20.0;44.0;5.59999990463257;17.2399997711182;0.0;2.5;13.45;0.0;13.3100002288818;6.79;9.2;21.08;23.5;0.897021293640137;2.0;Some Voltage Constraint;Upstream Constraint;No Voltage Constraint;R;Spennymoor 66/20kV;No;Spennymoor 132/66kV;Spennymoor GSP;Amber - Voltage;Green;Amber;Green;54.706382220021204, -1.5566634220122053;89.7021293640137
Spennymoor GSP;428665.0;534686.0;GSP;132.0;480.0;-3.0;198.0;1.0;1202.2223;154.0802;0.0;127.9198;10.42;15.3;31.24;39.0;0.801025629043579;0.0;Data Not Available;NGET;Data Not Available;R;Spennymoor GSP;NGET;NGET;Spennymoor GSP;Green;Green;Green;Green;54.706382220021204, -1.5566634220122053;80.1025629043579
Stainforth;464984.0;411335.0;Primary;11.0;23.0;1.36000001430511;7.1399998664856;0.0;0.93;0.35;0.0;0.0;12.14284;13.1216;31.23293;32.80399;1.00065362453461;5.0;No Voltage Constraint;Upstream Constraint;No Voltage Constraint;R;Stainforth;GSP Constraint;Doncaster B/Thorpe Marsh;West Melton / Thorpe Marsh;Red - Fault Level;Red - Fault Level;Red;Red;53.59457067137416, -1.0196310491474037;100.065362453461
Stanley Street;435666.0;388073.0;Primary;11.0;24.0;4.03999996185303;10.9200000762939;0.0;0.0;0.0;0.0;13.0799999237061;10.98147;13.1216;29.79383;32.80399;1.03409600257874;12.0;No Voltage Constraint;Upstream Constraint;No Voltage Constraint;R;Stanley Street;No;Pitsmoor 3/4;Pitsmoor 3/4;Red - Fault Level;Red - Fault Level;Red;Red;53.388299475760626, -1.4652014725102551;103.409600257874
Stella South;417214.0;564454.0;GSP;132.0;260.0;4.0;252.0;1.0;1103.96497;14.5725;0.0;0.0;18.25;20.0;52.96;50.0;1.05919992923737;0.0;Data Not Available;NGET;Data Not Available;R;Stella South;NGET;NGET;Stella South;Red - Fault Level;Red - Fault Level;Red;Red;54.97440549254378, -1.7326095069841272;105.919992923737
Stevenson Road;437544.0;388836.0;Primary;11.0;19.0;0.529999971389771;9.80000019073486;0.0;0.0;0.0;0.0;9.19999980926514;11.34375;13.1216;30.5848;32.80399;1.03409600257874;13.0;No Voltage Constraint;Upstream Constraint;Some Voltage Constraint;R;Stevenson Road;No;Pitsmoor 3/4;Pitsmoor 3/4;Red - Fault Level;"Red - Fault Level; Amber - Voltage";Red;Red;53.39502767420852, -1.4368754376462582;103.409600257874
Stourton 132/11kV Direct;433402.0;429988.0;Primary;11.0;12.0;3.0;11.0;1.0;1.034;1.684;13.966;0.0;5.319543;13.1216;15.58456;32.80399;0.480399996042252;5.0;No Voltage Constraint;GSP Constraint;No Voltage Constraint;R;Stourton 132/11kV;Upstream Constraint;Stourton 132/11kV;Skelton Grange;Green;Green;Green;Green;53.76517664421591, -1.494771573674145;48.039999604225194
Temple Park;437262.0;563258.0;Primary;11.0;24.0;2.47000002861023;10.7200002670288;1.0;0.0;0.0;26.4700000286102;13.2799997329712;9.97;13.1;27.96;33.4;0.931003630161285;3.0;Some Voltage Constraint;GSP Constraint;No Voltage Constraint;R;Temple Park;No;West Boldon;West Boldon;"Amber - Voltage; Amber- Fault level";Amber - Fault Level;Amber;Amber;54.96256754378438, -1.4195816478431245;93.1003630161285
Thorne;470570.0;415720.0;Primary;11.0;23.0;3.5;15.3699998855591;1.0;0.3;13.2;0.0;0.0;10.60861;13.1216;27.83574;32.80399;1.00065362453461;4.0;No Voltage Constraint;Upstream Constraint;No Voltage Constraint;R;Thorne;GSP Constraint;Doncaster B/Thorpe Marsh;West Melton / Thorpe Marsh;Red - Fault Level;Red - Fault Level;Red;Red;53.633256297821994, -0.9342559296838736;100.065362453461
Thornton Dale;482085.0;482428.0;Primary;11.0;20.0;2.40000009536743;11.9180002212524;0.0;0.0;0.0;0.0;8.08199977874756;8.72;20.0;24.24;50.0;0.700653612613678;2.0;Some Voltage Constraint;Upstream Constraint;No Voltage Constraint;R;Thornton Dale;No;Malton Grid;Osbaldwick;Amber - Voltage;Green;Amber;Green;54.23099263733675, -0.7422643224312466;70.0653612613678
Thurcroft;448886.0;390036.0;GSP;66.0;360.0;15.0;125.0;1.0;1128.093;13.5544;0.0;221.4456;15.99;21.87;46.58;54.67;0.852021276950836;0.0;Data Not Available;NGET;Data Not Available;R;Thurcroft;NGET;NGET;Thurcroft;Green;Green;Green;Green;53.40488729790842, -1.2661417366183925;85.20212769508359
Tickhill Road;455783.0;392140.0;Primary;11.0;23.0;3.5;13.1899995803833;1.0;7.0;0.7;0.0;9.1100004196167;10.76055;13.1216;28.44889;32.80399;0.867238521575928;5.0;No Voltage Constraint;Upstream Constraint;No Voltage Constraint;R;Tickhill Road;No;Thurcroft;Thurcroft;Green;Green;Green;Green;53.42311485049405, -1.1620397581375617;86.7238521575928
Tingley;428208.0;426242.0;Primary;11.0;24.0;2.39000010490417;10.7399997711182;0.0;0.0;0.0;2.39000010490417;13.2600002288818;9.385056;13.1216;24.21045;32.80399;0.738033771514893;9.0;No Voltage Constraint;GSP Constraint;No Voltage Constraint;R;Tingley;No;Beeston Royds 132/33kV;Kirkstall B;Green;Green;Green;Green;53.73181438923067, -1.5739025090827339;73.8033771514893
Tinsley Park Road;438845.0;389277.0;Primary;11.0;24.0;4.71000003814697;12.4899997711182;0.0;3.294;7.1;1.41600003814697;4.41000022888184;10.39297;13.1216;27.96235;32.80399;0.990589499473572;11.0;No Voltage Constraint;No;No Voltage Constraint;G;Tinsley Park Road;No;Wincobank;Wincobank;Red - Fault Level;Red - Fault Level;Red;Red;53.39889760197537, -1.417257879188034;99.0589499473572
Tiverton Road;510141.0;433883.0;Primary;11.0;23.0;3.85999989509583;14.539999961853;0.0;0.0;0.0;0.0;8.46000003814697;8.684574;13.1216;24.16012;32.80399;0.841125071048737;6.0;No Voltage Constraint;Upstream Constraint;No Voltage Constraint;R;Tiverton Road;No;Bransholme;Creyke Beck;Green;Green;Green;Green;53.78961769844921, -0.3296063978251502;84.1125071048737
Todmorden;393280.0;423599.0;Primary;11.0;23.0;2.49932479858398;11.539999961853;1.0;0.0;0.0;0.0;11.460000038147;7.803219;13.1216;19.51875;32.80399;0.954672992229462;10.0;No Voltage Constraint;Upstream Constraint;No Voltage Constraint;R;Todmorden;No;Sowerby Bridge 132/33kV;Elland;Red - Fault Level;Red - Fault Level;Red;Red;53.708770709192706, -2.1032830866789345;95.4672992229462
Tong Street;418556.0;430487.0;Primary;11.0;23.0;2.82500004768372;9.06830406188965;0.0;0.83;0.4;1.99500004768372;13.5316959381104;10.50301;13.1216;26.41128;32.80399;0.805123805999756;6.0;No Voltage Constraint;GSP Constraint;No Voltage Constraint;R;Tong Street;No;Staygate;Skelton Grange;Green;Green;Green;Green;53.77039864504419, -1.7199513877160102;80.5123805999756
Toronto;419280.0;530982.0;Supply Point;66.0;108.0;-4.48999977111816;50.4700012207031;1.0;160.0303;1.02;0.0;56.5099987792969;6.21;31.5;18.48;77.75;0.801025629043579;0.0;Data Not Available;NO;Data Not Available;R;Toronto;NO;Spennymoor GSP;Spennymoor GSP;Green;Green;Green;Green;54.67354107947762, -1.7025512557628952;80.1025629043579
Tunstall;439014.0;553306.0;Primary;11.0;30.0;5.48999977111816;17.8600006103516;1.0;0.822;1.25;0.0;10.8899993896484;12.13;13.1;33.36;32.8;1.01707315444946;2.0;Some Voltage Constraint;Upstream Constraint;No Voltage Constraint;R;Tunstall;No;Hawthorn Pit Grid;Hawthorn Pit Grid;"Red - Fault Level; Amber - Voltage";Red - Fault Level;Red;Red;54.87300753704346, -1.3935665820189544;101.707315444946
Tynemouth;432106.0;570132.0;GSP;132.0;260.0;46.0;152.0;1.0;194.725;20.4825;111.275;87.5175;14.64;40.0;39.41;100.0;0.39410001039505;0.0;Data Not Available;NGET;Data Not Available;R;Tynemouth;NGET;NGET;Tynemouth;Green;Green;Green;Green;55.024693544617136, -1.4993352312428005;39.410001039505
University;424579.0;565302.0;Primary;11.0;32.0;5.67000007629395;19.4899997711182;1.0;4.888;2.6;0.0;9.91000022888184;10.19;13.1;35.79;32.8;1.09115862846375;2.0;Some Voltage Constraint;Upstream Constraint;No Voltage Constraint;R;University;No;Barrack Road;Stella North;"Red - Fault Level; Amber - Voltage";Red - Fault Level;Red;Red;54.981718512556256, -1.6174813236290353;109.115862846375
Upper Basinghall Street;430001.0;433736.0;Primary;11.0;24.0;4.17000007629395;14.8400001525879;0.0;0.0;0.0;4.17000007629395;9.15999984741211;10.18988;13.1216;26.64357;32.80399;0.812205135822296;8.0;No Voltage Constraint;GSP Constraint;No Voltage Constraint;R;Upper Basinghall Street;No;Kirkstall C 2/5;Kirkstall B;Green;Green;Green;Green;53.79906873283249, -1.5459995961730668;81.2205135822296
Urlay Nook;440328.0;514501.0;Primary;11.0;23.0;2.66000008583069;19.2399997711182;0.0;1.718;8.643;0.0;0.0;11.37;13.1;32.9;32.8;1.00304889678955;5.0;No Voltage Constraint;Upstream Constraint;No Voltage Constraint;R;Urlay Nook;GSP Constraint;Bowesfield;Norton;Red - Fault Level;Red - Fault Level;Red;Red;54.524199189491384, -1.3784429816835198;100.30488967895499
Waverley Business Park;441450.0;387711.0;Primary;11.0;38.0;3.1800000667572;10.1999998092651;1.0;0.5;6.96;40.6800000667572;20.8400001907349;8.561241;19.99994;22.42744;49.99984;0.990589499473572;4.0;No Voltage Constraint;No;No Voltage Constraint;G;Waverley Business Park;No;Wincobank;Wincobank;Red - Fault Level;Red - Fault Level;Red;Red;53.384624807134664, -1.3782876460327902;99.0589499473572
Wesley Crescent;530503.0;407390.0;Primary;11.0;23.0;0.699999988079071;11.4399995803833;0.0;0.0;0.0;0.0;0.0;10.20142;13.1216;28.08074;32.80399;0.856015861034393;7.0;No Voltage Constraint;Upstream Constraint;No Voltage Constraint;R;Wesley Crescent;GSP Constraint;Humberston;Grimsby West;Green;Green;Green;Green;53.54693445173556, -0.03183353193699323;85.6015861034393
West Boldon;433958.0;560733.0;GSP;66.0;360.0;66.0;213.0;1.0;297.5082;20.3001;128.4918;126.6999;17.04;21.9;51.95;55.8;0.931003630161285;0.0;Data Not Available;NGET;Data Not Available;R;West Boldon;NGET;NGET;West Boldon;Amber - Fault Level;Amber - Fault Level;Amber;Amber;54.94011349077472, -1.47147786535549;93.1003630161285
West Melton / Thorpe Marsh;441300.0;400676.0;GSP;132.0;360.0;-130.0;381.0;1.0;941.334;49.2781;0.0;0.0;15.31;15.3;39.0;39.0;1.00065362453461;0.0;Data Not Available;NGET;Data Not Available;R;West Melton / Thorpe Marsh;NGET;NGET;West Melton / Thorpe Marsh;Red - Fault Level;Red - Fault Level;Red;Red;53.501165490271646, -1.3788459943160973;100.065362453461
West Moor Park;463667.0;405001.0;Primary;11.0;25.0;2.02999997138977;12.6499996185303;1.0;1.328;1.2;0.0;0.0;12.66244;24.98352;32.76629;62.4588;1.00065362453461;5.0;No Voltage Constraint;Upstream Constraint;No Voltage Constraint;R;West Moor Park;GSP Constraint;Doncaster B/Thorpe Marsh;West Melton / Thorpe Marsh;Red - Fault Level;Red - Fault Level;Red;Red;53.53780805071499, -1.0408150067113795;100.065362453461
Westerhope;419597.0;567390.0;Primary;11.0;24.0;2.82999992370605;11.6899995803833;1.0;0.523;1.758;0.0;10.5520004196167;8.86;13.1;24.66;33.4;0.843520045280457;1.0;Voltage Constraint;Upstream Constraint;No Voltage Constraint;R;Westerhope;No;Blucher;Stella North;Red - Voltage;Green;Red;Green;55.00070106940336, -1.6951824372025364;84.3520045280457
Wheatley Park;458899.0;405243.0;Primary;11.0;23.0;1.94000005722046;7.19362735748291;0.0;0.0;0.0;0.0;0.0;11.11343;13.1216;28.88918;32.80399;1.00065362453461;5.0;No Voltage Constraint;Upstream Constraint;No Voltage Constraint;R;Wheatley Park;GSP Constraint;Doncaster B/Thorpe Marsh;West Melton / Thorpe Marsh;Red - Fault Level;Red - Fault Level;Red;Red;53.54053816500845, -1.1127028513057253;100.065362453461
Whingate;426254.0;433395.0;Primary;11.0;23.0;1.27999997138977;8.02000045776367;1.0;0.0;0.0;24.2799999713898;14.9799995422363;8.513502;17.49546;21.04631;43.73866;0.656410276889801;5.0;No Voltage Constraint;GSP Constraint;No Voltage Constraint;R;Whingate;No;Kirkstall C/Ring Road Horsforth;Kirkstall B;Green;Green;Green;Green;53.796205635922384, -1.602914677398169;65.6410276889801
Whitby T1;489993.0;510069.0;Primary;11.0;19.0;1.91999995708466;5.96000003814697;1.0;0.0;0.0;0.0;13.039999961853;7.68;20.0;19.13;50.0;0.784977555274963;2.0;Some Voltage Constraint;Upstream Constraint;No Voltage Constraint;R;Whitby T1;No;Scarborough Grid;Osbaldwick;Amber - Voltage;Green;Amber;Green;54.47800667911013, -0.6126470852137954;78.49775552749631
Whitby West T2;488525.0;510274.0;Primary;11.0;19.0;1.20000076293945;5.27590847015381;1.0;0.0;0.0;0.0;13.4764963378906;7.21;13.1;18.27;32.8;0.700653612613678;2.0;Some Voltage Constraint;Upstream Constraint;No Voltage Constraint;R;Whitby West T2;Upstream Constraint;Malton Grid;Osbaldwick;Amber - Voltage;Green;Amber;Green;54.48010627828065, -0.6352342464457756;70.0653612613678
Woodcock Street;434068.0;419089.0;Primary;11.0;20.0;3.38000011444092;10.5500001907349;0.0;0.996;0.8775;2.38400011444092;8.57249980926514;10.69558;13.1216;28.70349;32.80399;1.0;10.0;No Voltage Constraint;GSP Constraint;No Voltage Constraint;R;Woodcock Street;No;Wakefield Monckton Road;West Melton Section 3;Red - Fault Level;Red - Fault Level;Red;Red;53.667176550450506, -1.4858641151182979;100.0
Woodseats;434791.0;382646.0;Primary;11.0;24.0;2.13000011444092;9.47999954223633;0.0;0.0;0.0;0.0;14.5200004577637;10.94447;13.1216;29.01844;32.80399;0.993135035037994;10.0;No Voltage Constraint;Upstream Constraint;No Voltage Constraint;G;Woodseats;No;Jordanthorpe;Jordanthorpe;Red - Fault Level;Red - Fault Level;Red;Red;53.33957847324521, -1.478952242149328;99.31350350379941
Wormald Green 132/11kV Direct;431336.0;464438.0;Primary;11.0;36.0;1.0;8.0;1.0;0.0;0.0;0.0;28.0;13.98;20.0;37.94;50.0;0.758799970149994;9.0;No Voltage Constraint;Upstream Constraint;No Voltage Constraint;R;Wormald Green 132/11kV;Upstream Constraint;Wormald Green 132/11kV;Knaresborough;Green;Green;Green;Green;54.07492259291315, -1.5225942604937643;75.8799970149994
Wrawby;502564.0;408204.0;Primary;11.0;30.0;4.80000019073486;16.6000003814697;1.0;3.925;7.12;0.0;0.0;9.844226;13.1216;26.08249;32.80399;1.0;5.0;No Voltage Constraint;Upstream Constraint;No Voltage Constraint;R;Wrawby;GSP Constraint;Santon;Keadby;Red - Fault Level;Red - Fault Level;Red;Red;53.56044227065158, -0.45304886324299015;100.0
Yarborough Road 33/11kV;525345.0;409357.0;Primary;11.0;23.0;1.21000003814697;13.2200002670288;1.0;0.0;0.0;0.0;0.0;9.895123;18.37024;28.20206;45.92559;0.750512838363647;8.0;No Voltage Constraint;Upstream Constraint;No Voltage Constraint;R;Yarborough Road 33/11kV;GSP Constraint;Yarborough Road 132/33kV;Grimsby West;Green;Green;Green;Green;53.565860100266825, -0.10884599536983323;75.0512838363647
Yew Green Road;413237.0;415440.0;Primary;11.0;23.0;2.70000004768372;9.11999988555908;0.0;0.0;0.0;2.70000004768372;5.56499862670899;10.04332;13.1216;25.97242;32.80399;0.791745662689209;10.0;No Voltage Constraint;GSP Constraint;No Voltage Constraint;R;Yew Green Road;Upstream Constraint;Saint Andrews Road 132/33kV;Skelton Grange;Green;Green;Green;Green;53.63531669733714, -1.8012870303824744;79.1745662689209
York Road;433030.0;434034.0;Primary;11.0;23.0;4.28000020980835;13.3400001525879;1.0;0.906;1.1772;26.3740002098084;8.48279984741211;11.34983;13.1216;30.35931;32.80399;0.925476014614105;5.0;No Voltage Constraint;GSP Constraint;No Voltage Constraint;R;York Road;No;Leeds East;Skelton Grange;Amber - Fault Level;Amber - Fault Level;Amber;Amber;53.80156425138743, -1.4999826615318246;92.5476014614105
York Street;433213.0;421179.0;Primary;11.0;23.0;4.05000019073486;13.7299995422363;0.0;0.0;0.0;4.05000019073486;9.27000045776367;9.138122;13.1216;24.44024;32.80399;1.0;6.0;No Voltage Constraint;GSP Constraint;No Voltage Constraint;R;York Street;No;Wakefield Monckton Road;West Melton Section 3;Red - Fault Level;Red - Fault Level;Red;Red;53.68601586480566, -1.4985808896212396;100.0
