{"type":"FeatureCollection","features":[{"type":"Feature","id":"trx_geocatalogue.fid-7c38bf73_19d20a9a0d0_-c50","geometry":{"type":"LineString","coordinates":[[-8.38344425,51.99537477],[-8.26960679,52.13683082]]},"geometry_name":"geom","properties":{"uid":24992,"id":0,"type_inf":"Fibre Operational","status":"Operational","type_":3}},{"type":"Feature","id":"trx_geocatalogue.fid-7c38bf73_19d20a9a0d0_-c4f","geometry":{"type":"LineString","coordinates":[[-8.39593642,51.93469851],[-8.38344425,51.99537477]]},"geometry_name":"geom","properties":{"uid":24993,"id":0,"type_inf":"Fibre Operational","status":"Operational","type_":3}},{"type":"Feature","id":"trx_geocatalogue.fid-7c38bf73_19d20a9a0d0_-c4e","geometry":{"type":"LineString","coordinates":[[-8.4766199,51.89662423],[-8.39593642,51.93469851]]},"geometry_name":"geom","properties":{"uid":24994,"id":0,"type_inf":"Fibre Operational","status":"Operational","type_":3}},{"type":"Feature","id":"trx_geocatalogue.fid-7c38bf73_19d20a9a0d0_-c4d","geometry":{"type":"LineString","coordinates":[[-8.30646861,51.85682775],[-8.26395821,51.93721238]]},"geometry_name":"geom","properties":{"uid":24995,"id":0,"type_inf":"Fibre Operational","status":"Operational","type_":3}},{"type":"Feature","id":"trx_geocatalogue.fid-7c38bf73_19d20a9a0d0_-c4c","geometry":{"type":"LineString","coordinates":[[-8.00750916,52.09072876],[-7.93255614,52.13534366]]},"geometry_name":"geom","properties":{"uid":24996,"id":0,"type_inf":"Fibre Operational","status":"Operational","type_":3}},{"type":"Feature","id":"trx_geocatalogue.fid-7c38bf73_19d20a9a0d0_-c4b","geometry":{"type":"LineString","coordinates":[[-7.93255614,52.13534366],[-7.74502387,52.12033858]]},"geometry_name":"geom","properties":{"uid":24997,"id":0,"type_inf":"Fibre Operational","status":"Operational","type_":3}},{"type":"Feature","id":"trx_geocatalogue.fid-7c38bf73_19d20a9a0d0_-c4a","geometry":{"type":"LineString","coordinates":[[-3.4330847,56.0650452],[-3.16886739,56.11757323]]},"geometry_name":"geom","properties":{"uid":26862,"id":0,"type_inf":"Fibre Operational","status":"Operational","type_":3}},{"type":"Feature","id":"trx_geocatalogue.fid-7c38bf73_19d20a9a0d0_-c49","geometry":{"type":"LineString","coordinates":[[-3.16886739,56.11757323],[-3.05070077,56.32168285]]},"geometry_name":"geom","properties":{"uid":26863,"id":0,"type_inf":"Fibre Operational","status":"Operational","type_":3}},{"type":"Feature","id":"trx_geocatalogue.fid-7c38bf73_19d20a9a0d0_-c48","geometry":{"type":"LineString","coordinates":[[-3.05070077,56.32168285],[-2.89420626,56.40212711]]},"geometry_name":"geom","properties":{"uid":26864,"id":0,"type_inf":"Fibre Operational","status":"Operational","type_":3}},{"type":"Feature","id":"trx_geocatalogue.fid-7c38bf73_19d20a9a0d0_-c47","geometry":{"type":"LineString","coordinates":[[-2.97314342,56.48471513],[-2.89420626,56.40212711]]},"geometry_name":"geom","properties":{"uid":26865,"id":0,"type_inf":"Fibre Operational","status":"Operational","type_":3}},{"type":"Feature","id":"trx_geocatalogue.fid-7c38bf73_19d20a9a0d0_-c46","geometry":{"type":"LineString","coordinates":[[-6.26302798,53.34963078],[-6.22599355,53.45843083]]},"geometry_name":"geom","properties":{"uid":24854,"id":0,"type_inf":"Fibre Operational","status":"Operational","type_":3}},{"type":"Feature","id":"trx_geocatalogue.fid-7c38bf73_19d20a9a0d0_-c45","geometry":{"type":"LineString","coordinates":[[-8.65151028,52.12969244],[-8.2350161,52.27063562]]},"geometry_name":"geom","properties":{"uid":24990,"id":0,"type_inf":"Fibre Operational","status":"Operational","type_":3}},{"type":"Feature","id":"trx_geocatalogue.fid-7c38bf73_19d20a9a0d0_-c44","geometry":{"type":"LineString","coordinates":[[-8.2350161,52.27063562],[-8.26960679,52.13683082]]},"geometry_name":"geom","properties":{"uid":24991,"id":0,"type_inf":"Fibre Operational","status":"Operational","type_":3}},{"type":"Feature","id":"trx_geocatalogue.fid-7c38bf73_19d20a9a0d0_-c43","geometry":{"type":"LineString","coordinates":[[-6.26302798,53.34963078],[-6.18625655,53.29924489]]},"geometry_name":"geom","properties":{"uid":24849,"id":0,"type_inf":"Fibre Operational","status":"Operational","type_":3}},{"type":"Feature","id":"trx_geocatalogue.fid-7c38bf73_19d20a9a0d0_-c42","geometry":{"type":"LineString","coordinates":[[-6.26302798,53.34963078],[-6.254105,53.27973411]]},"geometry_name":"geom","properties":{"uid":24850,"id":0,"type_inf":"Fibre Operational","status":"Operational","type_":3}},{"type":"Feature","id":"trx_geocatalogue.fid-7c38bf73_19d20a9a0d0_-c41","geometry":{"type":"LineString","coordinates":[[-6.26302798,53.34963078],[-6.36593967,53.2833033]]},"geometry_name":"geom","properties":{"uid":24851,"id":0,"type_inf":"Fibre Operational","status":"Operational","type_":3}},{"type":"Feature","id":"trx_geocatalogue.fid-7c38bf73_19d20a9a0d0_-c40","geometry":{"type":"LineString","coordinates":[[-6.26302798,53.34963078],[-6.39839866,53.32418186]]},"geometry_name":"geom","properties":{"uid":24852,"id":0,"type_inf":"Fibre Operational","status":"Operational","type_":3}},{"type":"Feature","id":"trx_geocatalogue.fid-7c38bf73_19d20a9a0d0_-c3f","geometry":{"type":"LineString","coordinates":[[-6.26302798,53.34963078],[-6.38758274,53.39554167]]},"geometry_name":"geom","properties":{"uid":24853,"id":0,"type_inf":"Fibre Operational","status":"Operational","type_":3}},{"type":"Feature","id":"trx_geocatalogue.fid-7c38bf73_19d20a9a0d0_-c3e","geometry":{"type":"LineString","coordinates":[[-6.26302798,53.34963078],[-6.13797728,53.39768319]]},"geometry_name":"geom","properties":{"uid":24855,"id":0,"type_inf":"Fibre Operational","status":"Operational","type_":3}},{"type":"Feature","id":"trx_geocatalogue.fid-7c38bf73_19d20a9a0d0_-c3d","geometry":{"type":"LineString","coordinates":[[-6.15368173,53.44408268],[-6.13797728,53.39768319]]},"geometry_name":"geom","properties":{"uid":24856,"id":0,"type_inf":"Fibre Operational","status":"Operational","type_":3}},{"type":"Feature","id":"trx_geocatalogue.fid-7c38bf73_19d20a9a0d0_-c3c","geometry":{"type":"LineString","coordinates":[[-6.22599355,53.45843083],[-6.15368173,53.44408268]]},"geometry_name":"geom","properties":{"uid":24857,"id":0,"type_inf":"Fibre Operational","status":"Operational","type_":3}},{"type":"Feature","id":"trx_geocatalogue.fid-7c38bf73_19d20a9a0d0_-c3b","geometry":{"type":"LineString","coordinates":[[-6.18625655,53.29924489],[-6.11252707,53.20002217]]},"geometry_name":"geom","properties":{"uid":24858,"id":0,"type_inf":"Fibre Operational","status":"Operational","type_":3}},{"type":"Feature","id":"trx_geocatalogue.fid-7c38bf73_19d20a9a0d0_-c3a","geometry":{"type":"LineString","coordinates":[[-6.11252707,53.20002217],[-6.07564542,53.14053564]]},"geometry_name":"geom","properties":{"uid":24859,"id":0,"type_inf":"Fibre Operational","status":"Operational","type_":3}},{"type":"Feature","id":"trx_geocatalogue.fid-7c38bf73_19d20a9a0d0_-c39","geometry":{"type":"LineString","coordinates":[[-6.11252707,53.20002217],[-6.17082386,53.19050432]]},"geometry_name":"geom","properties":{"uid":24860,"id":0,"type_inf":"Fibre Operational","status":"Operational","type_":3}},{"type":"Feature","id":"trx_geocatalogue.fid-7c38bf73_19d20a9a0d0_-c38","geometry":{"type":"LineString","coordinates":[[-6.07564542,53.14053564],[-6.03961277,52.98210907]]},"geometry_name":"geom","properties":{"uid":24861,"id":0,"type_inf":"Fibre Operational","status":"Operational","type_":3}},{"type":"Feature","id":"trx_geocatalogue.fid-7c38bf73_19d20a9a0d0_-c37","geometry":{"type":"LineString","coordinates":[[-6.16011629,52.79432407],[-6.03961277,52.98210907]]},"geometry_name":"geom","properties":{"uid":24862,"id":0,"type_inf":"Fibre Operational","status":"Operational","type_":3}},{"type":"Feature","id":"trx_geocatalogue.fid-7c38bf73_19d20a9a0d0_-c36","geometry":{"type":"LineString","coordinates":[[-6.16011629,52.79432407],[-6.29455584,52.67535102]]},"geometry_name":"geom","properties":{"uid":24863,"id":0,"type_inf":"Fibre Operational","status":"Operational","type_":3}},{"type":"Feature","id":"trx_geocatalogue.fid-7c38bf73_19d20a9a0d0_-c35","geometry":{"type":"LineString","coordinates":[[-6.29455584,52.67535102],[-6.23709185,52.64370419]]},"geometry_name":"geom","properties":{"uid":24864,"id":0,"type_inf":"Fibre Operational","status":"Operational","type_":3}},{"type":"Feature","id":"trx_geocatalogue.fid-7c38bf73_19d20a9a0d0_-c34","geometry":{"type":"LineString","coordinates":[[-6.29455584,52.67535102],[-6.50394841,52.58612123]]},"geometry_name":"geom","properties":{"uid":24865,"id":0,"type_inf":"Fibre Operational","status":"Operational","type_":3}},{"type":"Feature","id":"trx_geocatalogue.fid-7c38bf73_19d20a9a0d0_-c33","geometry":{"type":"LineString","coordinates":[[-6.50394841,52.58612123],[-6.56819385,52.50165036]]},"geometry_name":"geom","properties":{"uid":24866,"id":0,"type_inf":"Fibre Operational","status":"Operational","type_":3}},{"type":"Feature","id":"trx_geocatalogue.fid-7c38bf73_19d20a9a0d0_-c32","geometry":{"type":"LineString","coordinates":[[-6.56819385,52.50165036],[-6.47063595,52.3315189]]},"geometry_name":"geom","properties":{"uid":24867,"id":0,"type_inf":"Fibre Operational","status":"Operational","type_":3}},{"type":"Feature","id":"trx_geocatalogue.fid-7c38bf73_19d20a9a0d0_-c31","geometry":{"type":"LineString","coordinates":[[-6.39839866,53.32418186],[-6.66370856,53.22186504]]},"geometry_name":"geom","properties":{"uid":24868,"id":0,"type_inf":"Fibre Operational","status":"Operational","type_":3}},{"type":"Feature","id":"trx_geocatalogue.fid-7c38bf73_19d20a9a0d0_-c30","geometry":{"type":"LineString","coordinates":[[-6.66370856,53.22186504],[-6.80052757,53.17784501]]},"geometry_name":"geom","properties":{"uid":24869,"id":0,"type_inf":"Fibre Operational","status":"Operational","type_":3}},{"type":"Feature","id":"trx_geocatalogue.fid-7c38bf73_19d20a9a0d0_-c2f","geometry":{"type":"LineString","coordinates":[[-6.80052757,53.17784501],[-6.91474169,53.15880932]]},"geometry_name":"geom","properties":{"uid":24870,"id":0,"type_inf":"Fibre Operational","status":"Operational","type_":3}},{"type":"Feature","id":"trx_geocatalogue.fid-7c38bf73_19d20a9a0d0_-c2e","geometry":{"type":"LineString","coordinates":[[-6.91474169,53.15880932],[-7.06583747,53.14096337]]},"geometry_name":"geom","properties":{"uid":24871,"id":0,"type_inf":"Fibre Operational","status":"Operational","type_":3}},{"type":"Feature","id":"trx_geocatalogue.fid-7c38bf73_19d20a9a0d0_-c2d","geometry":{"type":"LineString","coordinates":[[-7.06583747,53.14096337],[-7.30140411,53.03359019]]},"geometry_name":"geom","properties":{"uid":24872,"id":0,"type_inf":"Fibre Operational","status":"Operational","type_":3}},{"type":"Feature","id":"trx_geocatalogue.fid-7c38bf73_19d20a9a0d0_-c2c","geometry":{"type":"LineString","coordinates":[[-7.30140411,53.03359019],[-7.47034584,53.00384693]]},"geometry_name":"geom","properties":{"uid":24873,"id":0,"type_inf":"Fibre Operational","status":"Operational","type_":3}},{"type":"Feature","id":"trx_geocatalogue.fid-7c38bf73_19d20a9a0d0_-c2b","geometry":{"type":"LineString","coordinates":[[-7.47034584,53.00384693],[-7.62620053,52.9324631]]},"geometry_name":"geom","properties":{"uid":24874,"id":0,"type_inf":"Fibre Operational","status":"Operational","type_":3}},{"type":"Feature","id":"trx_geocatalogue.fid-7c38bf73_19d20a9a0d0_-c2a","geometry":{"type":"LineString","coordinates":[[-7.62620053,52.9324631],[-7.796332,52.95506797]]},"geometry_name":"geom","properties":{"uid":24875,"id":0,"type_inf":"Fibre Operational","status":"Operational","type_":3}},{"type":"Feature","id":"trx_geocatalogue.fid-7c38bf73_19d20a9a0d0_-c29","geometry":{"type":"LineString","coordinates":[[-7.796332,52.95506797],[-8.20143523,52.86613562]]},"geometry_name":"geom","properties":{"uid":24876,"id":0,"type_inf":"Fibre Operational","status":"Operational","type_":3}},{"type":"Feature","id":"trx_geocatalogue.fid-7c38bf73_19d20a9a0d0_-c28","geometry":{"type":"LineString","coordinates":[[-8.20143523,52.86613562],[-8.49232434,52.71444498]]},"geometry_name":"geom","properties":{"uid":24877,"id":0,"type_inf":"Fibre Operational","status":"Operational","type_":3}},{"type":"Feature","id":"trx_geocatalogue.fid-7c38bf73_19d20a9a0d0_-c27","geometry":{"type":"LineString","coordinates":[[-8.49232434,52.71444498],[-8.61010766,52.65555332]]},"geometry_name":"geom","properties":{"uid":24878,"id":0,"type_inf":"Fibre Operational","status":"Operational","type_":3}},{"type":"Feature","id":"trx_geocatalogue.fid-7c38bf73_19d20a9a0d0_-c26","geometry":{"type":"LineString","coordinates":[[-8.61010766,52.65555332],[-8.56695091,52.39734192]]},"geometry_name":"geom","properties":{"uid":24879,"id":0,"type_inf":"Fibre Operational","status":"Operational","type_":3}},{"type":"Feature","id":"trx_geocatalogue.fid-7c38bf73_19d20a9a0d0_-c25","geometry":{"type":"LineString","coordinates":[[-8.56695091,52.39734192],[-8.68473423,52.35451162]]},"geometry_name":"geom","properties":{"uid":24880,"id":0,"type_inf":"Fibre Operational","status":"Operational","type_":3}},{"type":"Feature","id":"trx_geocatalogue.fid-7c38bf73_19d20a9a0d0_-c24","geometry":{"type":"LineString","coordinates":[[-8.68473423,52.35451162],[-8.67581125,52.22780532]]},"geometry_name":"geom","properties":{"uid":24881,"id":0,"type_inf":"Fibre Operational","status":"Operational","type_":3}},{"type":"Feature","id":"trx_geocatalogue.fid-7c38bf73_19d20a9a0d0_-c23","geometry":{"type":"LineString","coordinates":[[-8.67581125,52.22780532],[-8.65151028,52.12969244]]},"geometry_name":"geom","properties":{"uid":24882,"id":0,"type_inf":"Fibre Operational","status":"Operational","type_":3}},{"type":"Feature","id":"trx_geocatalogue.fid-7c38bf73_19d20a9a0d0_-c22","geometry":{"type":"LineString","coordinates":[[-8.65151028,52.12969244],[-8.4766199,51.89662423]]},"geometry_name":"geom","properties":{"uid":24883,"id":0,"type_inf":"Fibre Operational","status":"Operational","type_":3}},{"type":"Feature","id":"trx_geocatalogue.fid-7c38bf73_19d20a9a0d0_-c21","geometry":{"type":"LineString","coordinates":[[-8.61010766,52.65555332],[-8.88284022,52.71633643]]},"geometry_name":"geom","properties":{"uid":24884,"id":0,"type_inf":"Fibre Operational","status":"Operational","type_":3}},{"type":"Feature","id":"trx_geocatalogue.fid-7c38bf73_19d20a9a0d0_-c20","geometry":{"type":"LineString","coordinates":[[-8.88284022,52.71633643],[-8.98396731,52.84125813]]},"geometry_name":"geom","properties":{"uid":24885,"id":0,"type_inf":"Fibre Operational","status":"Operational","type_":3}},{"type":"Feature","id":"trx_geocatalogue.fid-7c38bf73_19d20a9a0d0_-c1f","geometry":{"type":"LineString","coordinates":[[-8.98396731,52.84125813],[-8.81526353,53.062548]]},"geometry_name":"geom","properties":{"uid":24886,"id":0,"type_inf":"Fibre Operational","status":"Operational","type_":3}},{"type":"Feature","id":"trx_geocatalogue.fid-7c38bf73_19d20a9a0d0_-c1e","geometry":{"type":"LineString","coordinates":[[-8.81526353,53.062548],[-9.0546373,53.28193431]]},"geometry_name":"geom","properties":{"uid":24887,"id":0,"type_inf":"Fibre Operational","status":"Operational","type_":3}},{"type":"Feature","id":"trx_geocatalogue.fid-7c38bf73_19d20a9a0d0_-c1d","geometry":{"type":"LineString","coordinates":[[-7.30140411,53.03359019],[-7.34320997,52.91305837]]},"geometry_name":"geom","properties":{"uid":24888,"id":0,"type_inf":"Fibre Operational","status":"Operational","type_":3}},{"type":"Feature","id":"trx_geocatalogue.fid-7c38bf73_19d20a9a0d0_-c1c","geometry":{"type":"LineString","coordinates":[[-7.34320997,52.91305837],[-7.38960946,52.84524373]]},"geometry_name":"geom","properties":{"uid":24889,"id":0,"type_inf":"Fibre Operational","status":"Operational","type_":3}},{"type":"Feature","id":"trx_geocatalogue.fid-7c38bf73_19d20a9a0d0_-c1b","geometry":{"type":"LineString","coordinates":[[-7.38960946,52.84524373],[-7.25205095,52.65250819]]},"geometry_name":"geom","properties":{"uid":24890,"id":0,"type_inf":"Fibre Operational","status":"Operational","type_":3}},{"type":"Feature","id":"trx_geocatalogue.fid-7c38bf73_19d20a9a0d0_-c1a","geometry":{"type":"LineString","coordinates":[[-7.25205095,52.65250819],[-7.1449752,52.52163784]]},"geometry_name":"geom","properties":{"uid":24891,"id":0,"type_inf":"Fibre Operational","status":"Operational","type_":3}},{"type":"Feature","id":"trx_geocatalogue.fid-7c38bf73_19d20a9a0d0_-c19","geometry":{"type":"LineString","coordinates":[[-7.1449752,52.52163784],[-7.16639035,52.36221395]]},"geometry_name":"geom","properties":{"uid":24892,"id":0,"type_inf":"Fibre Operational","status":"Operational","type_":3}},{"type":"Feature","id":"trx_geocatalogue.fid-7c38bf73_19d20a9a0d0_-c18","geometry":{"type":"LineString","coordinates":[[-7.16639035,52.36221395],[-7.12356005,52.25275874]]},"geometry_name":"geom","properties":{"uid":24893,"id":0,"type_inf":"Fibre Operational","status":"Operational","type_":3}},{"type":"Feature","id":"trx_geocatalogue.fid-7c38bf73_19d20a9a0d0_-c17","geometry":{"type":"LineString","coordinates":[[-7.12356005,52.25275874],[-7.42513608,52.20494289]]},"geometry_name":"geom","properties":{"uid":24894,"id":0,"type_inf":"Fibre Operational","status":"Operational","type_":3}},{"type":"Feature","id":"trx_geocatalogue.fid-7c38bf73_19d20a9a0d0_-c16","geometry":{"type":"LineString","coordinates":[[-7.42513608,52.20494289],[-7.6113289,52.09548769]]},"geometry_name":"geom","properties":{"uid":24895,"id":0,"type_inf":"Fibre Operational","status":"Operational","type_":3}},{"type":"Feature","id":"trx_geocatalogue.fid-7c38bf73_19d20a9a0d0_-c15","geometry":{"type":"LineString","coordinates":[[-7.6113289,52.09548769],[-7.85772209,51.95087594]]},"geometry_name":"geom","properties":{"uid":24896,"id":0,"type_inf":"Fibre Operational","status":"Operational","type_":3}},{"type":"Feature","id":"trx_geocatalogue.fid-7c38bf73_19d20a9a0d0_-c14","geometry":{"type":"LineString","coordinates":[[-7.85772209,51.95087594],[-8.17538013,51.91518403]]},"geometry_name":"geom","properties":{"uid":24897,"id":0,"type_inf":"Fibre Operational","status":"Operational","type_":3}},{"type":"Feature","id":"trx_geocatalogue.fid-7c38bf73_19d20a9a0d0_-c13","geometry":{"type":"LineString","coordinates":[[-8.39593642,51.93469851],[-8.17538013,51.91518403]]},"geometry_name":"geom","properties":{"uid":24898,"id":0,"type_inf":"Fibre Operational","status":"Operational","type_":3}},{"type":"Feature","id":"trx_geocatalogue.fid-7c38bf73_19d20a9a0d0_-c12","geometry":{"type":"LineString","coordinates":[[-8.17538013,51.91518403],[-8.11968092,51.86337127]]},"geometry_name":"geom","properties":{"uid":24899,"id":0,"type_inf":"Fibre Operational","status":"Operational","type_":3}},{"type":"Feature","id":"trx_geocatalogue.fid-7c38bf73_19d20a9a0d0_-c11","geometry":{"type":"LineString","coordinates":[[-8.23151559,51.82292043],[-8.11968092,51.86337127]]},"geometry_name":"geom","properties":{"uid":24900,"id":0,"type_inf":"Fibre Operational","status":"Operational","type_":3}},{"type":"Feature","id":"trx_geocatalogue.fid-7c38bf73_19d20a9a0d0_-c10","geometry":{"type":"LineString","coordinates":[[-8.4766199,51.89662423],[-8.39688813,51.81280772]]},"geometry_name":"geom","properties":{"uid":24901,"id":0,"type_inf":"Fibre Operational","status":"Operational","type_":3}},{"type":"Feature","id":"trx_geocatalogue.fid-7c38bf73_19d20a9a0d0_-c0f","geometry":{"type":"LineString","coordinates":[[-8.4766199,51.89662423],[-8.73984777,51.74392232]]},"geometry_name":"geom","properties":{"uid":24902,"id":0,"type_inf":"Fibre Operational","status":"Operational","type_":3}},{"type":"Feature","id":"trx_geocatalogue.fid-7c38bf73_19d20a9a0d0_-c0e","geometry":{"type":"LineString","coordinates":[[-8.73984777,51.74392232],[-8.8930774,51.62409551]]},"geometry_name":"geom","properties":{"uid":24903,"id":0,"type_inf":"Fibre Operational","status":"Operational","type_":3}},{"type":"Feature","id":"trx_geocatalogue.fid-7c38bf73_19d20a9a0d0_-c0d","geometry":{"type":"LineString","coordinates":[[-8.8930774,51.62409551],[-9.03696584,51.57737966]]},"geometry_name":"geom","properties":{"uid":24904,"id":0,"type_inf":"Fibre Operational","status":"Operational","type_":3}},{"type":"Feature","id":"trx_geocatalogue.fid-7c38bf73_19d20a9a0d0_-c0c","geometry":{"type":"LineString","coordinates":[[-7.30140411,53.03359019],[-7.32519872,53.11925078]]},"geometry_name":"geom","properties":{"uid":24906,"id":0,"type_inf":"Fibre Operational","status":"Operational","type_":3}},{"type":"Feature","id":"trx_geocatalogue.fid-7c38bf73_19d20a9a0d0_-c0b","geometry":{"type":"LineString","coordinates":[[-7.32519872,53.11925078],[-7.49311602,53.26997752]]},"geometry_name":"geom","properties":{"uid":24907,"id":0,"type_inf":"Fibre Operational","status":"Operational","type_":3}},{"type":"Feature","id":"trx_geocatalogue.fid-7c38bf73_19d20a9a0d0_-c0a","geometry":{"type":"LineString","coordinates":[[-7.49311602,53.26997752],[-7.61089934,53.33422296]]},"geometry_name":"geom","properties":{"uid":24908,"id":0,"type_inf":"Fibre Operational","status":"Operational","type_":3}},{"type":"Feature","id":"trx_geocatalogue.fid-7c38bf73_19d20a9a0d0_-c09","geometry":{"type":"LineString","coordinates":[[-7.61089934,53.33422296],[-7.72154427,53.38419164]]},"geometry_name":"geom","properties":{"uid":24909,"id":0,"type_inf":"Fibre Operational","status":"Operational","type_":3}},{"type":"Feature","id":"trx_geocatalogue.fid-7c38bf73_19d20a9a0d0_-c08","geometry":{"type":"LineString","coordinates":[[-7.72154427,53.38419164],[-7.94295312,53.42660554]]},"geometry_name":"geom","properties":{"uid":24910,"id":0,"type_inf":"Fibre Operational","status":"Operational","type_":3}},{"type":"Feature","id":"trx_geocatalogue.fid-7c38bf73_19d20a9a0d0_-c07","geometry":{"type":"LineString","coordinates":[[-7.49311602,53.26997752],[-7.72332887,53.17360935]]},"geometry_name":"geom","properties":{"uid":24911,"id":0,"type_inf":"Fibre Operational","status":"Operational","type_":3}},{"type":"Feature","id":"trx_geocatalogue.fid-7c38bf73_19d20a9a0d0_-c06","geometry":{"type":"LineString","coordinates":[[-7.72332887,53.17360935],[-7.90892683,53.09508713]]},"geometry_name":"geom","properties":{"uid":24912,"id":0,"type_inf":"Fibre Operational","status":"Operational","type_":3}},{"type":"Feature","id":"trx_geocatalogue.fid-7c38bf73_19d20a9a0d0_-c05","geometry":{"type":"LineString","coordinates":[[-7.90892683,53.09508713],[-7.796332,52.95506797]]},"geometry_name":"geom","properties":{"uid":24913,"id":0,"type_inf":"Fibre Operational","status":"Operational","type_":3}},{"type":"Feature","id":"trx_geocatalogue.fid-7c38bf73_19d20a9a0d0_-c04","geometry":{"type":"LineString","coordinates":[[-7.90892683,53.09508713],[-8.22658487,53.09330254]]},"geometry_name":"geom","properties":{"uid":24914,"id":0,"type_inf":"Fibre Operational","status":"Operational","type_":3}},{"type":"Feature","id":"trx_geocatalogue.fid-7c38bf73_19d20a9a0d0_-c03","geometry":{"type":"LineString","coordinates":[[-8.00183512,53.10529879],[-7.98031066,53.18967071]]},"geometry_name":"geom","properties":{"uid":24915,"id":0,"type_inf":"Fibre Operational","status":"Operational","type_":3}},{"type":"Feature","id":"trx_geocatalogue.fid-7c38bf73_19d20a9a0d0_-c02","geometry":{"type":"LineString","coordinates":[[-8.20143523,52.86613562],[-8.1302167,52.99336517]]},"geometry_name":"geom","properties":{"uid":24916,"id":0,"type_inf":"Fibre Operational","status":"Operational","type_":3}},{"type":"Feature","id":"trx_geocatalogue.fid-7c38bf73_19d20a9a0d0_-c01","geometry":{"type":"LineString","coordinates":[[-7.12356005,52.25275874],[-7.25500462,52.28941376]]},"geometry_name":"geom","properties":{"uid":24917,"id":0,"type_inf":"Fibre Operational","status":"Operational","type_":3}},{"type":"Feature","id":"trx_geocatalogue.fid-7c38bf73_19d20a9a0d0_-c00","geometry":{"type":"LineString","coordinates":[[-7.25500462,52.28941376],[-7.40729012,52.34771055]]},"geometry_name":"geom","properties":{"uid":24918,"id":0,"type_inf":"Fibre Operational","status":"Operational","type_":3}},{"type":"Feature","id":"trx_geocatalogue.fid-7c38bf73_19d20a9a0d0_-bff","geometry":{"type":"LineString","coordinates":[[-7.40729012,52.34771055],[-7.69996383,52.35574123]]},"geometry_name":"geom","properties":{"uid":24919,"id":0,"type_inf":"Fibre Operational","status":"Operational","type_":3}},{"type":"Feature","id":"trx_geocatalogue.fid-7c38bf73_19d20a9a0d0_-bfe","geometry":{"type":"LineString","coordinates":[[-7.69996383,52.35574123],[-7.92303829,52.38072557]]},"geometry_name":"geom","properties":{"uid":24920,"id":0,"type_inf":"Fibre Operational","status":"Operational","type_":3}},{"type":"Feature","id":"trx_geocatalogue.fid-7c38bf73_19d20a9a0d0_-bfd","geometry":{"type":"LineString","coordinates":[[-7.92303829,52.38072557],[-8.16217413,52.47530915]]},"geometry_name":"geom","properties":{"uid":24921,"id":0,"type_inf":"Fibre Operational","status":"Operational","type_":3}},{"type":"Feature","id":"trx_geocatalogue.fid-7c38bf73_19d20a9a0d0_-bfc","geometry":{"type":"LineString","coordinates":[[-8.61010766,52.65555332],[-8.16217413,52.47530915]]},"geometry_name":"geom","properties":{"uid":24922,"id":0,"type_inf":"Fibre Operational","status":"Operational","type_":3}},{"type":"Feature","id":"trx_geocatalogue.fid-7c38bf73_19d20a9a0d0_-bfb","geometry":{"type":"LineString","coordinates":[[-7.69996383,52.35574123],[-7.69655993,52.46512483]]},"geometry_name":"geom","properties":{"uid":24923,"id":0,"type_inf":"Fibre Operational","status":"Operational","type_":3}},{"type":"Feature","id":"trx_geocatalogue.fid-7c38bf73_19d20a9a0d0_-bfa","geometry":{"type":"LineString","coordinates":[[-7.69655993,52.46512483],[-7.67871398,52.57041598]]},"geometry_name":"geom","properties":{"uid":24924,"id":0,"type_inf":"Fibre Operational","status":"Operational","type_":3}},{"type":"Feature","id":"trx_geocatalogue.fid-7c38bf73_19d20a9a0d0_-bf9","geometry":{"type":"LineString","coordinates":[[-7.67871398,52.57041598],[-7.81434325,52.68106092]]},"geometry_name":"geom","properties":{"uid":24925,"id":0,"type_inf":"Fibre Operational","status":"Operational","type_":3}},{"type":"Feature","id":"trx_geocatalogue.fid-7c38bf73_19d20a9a0d0_-bf8","geometry":{"type":"LineString","coordinates":[[-7.77519146,52.61275037],[-7.88572708,52.51687811]]},"geometry_name":"geom","properties":{"uid":24926,"id":0,"type_inf":"Fibre Operational","status":"Operational","type_":3}},{"type":"Feature","id":"trx_geocatalogue.fid-7c38bf73_19d20a9a0d0_-bf7","geometry":{"type":"LineString","coordinates":[[-7.81434325,52.68106092],[-7.94651265,52.75551803]]},"geometry_name":"geom","properties":{"uid":24927,"id":0,"type_inf":"Fibre Operational","status":"Operational","type_":3}},{"type":"Feature","id":"trx_geocatalogue.fid-7c38bf73_19d20a9a0d0_-bf6","geometry":{"type":"LineString","coordinates":[[-7.94651265,52.75551803],[-7.8357584,52.79349045]]},"geometry_name":"geom","properties":{"uid":24928,"id":0,"type_inf":"Fibre Operational","status":"Operational","type_":3}},{"type":"Feature","id":"trx_geocatalogue.fid-7c38bf73_19d20a9a0d0_-bf5","geometry":{"type":"LineString","coordinates":[[-7.8357584,52.79349045],[-7.796332,52.95506797]]},"geometry_name":"geom","properties":{"uid":24929,"id":0,"type_inf":"Fibre Operational","status":"Operational","type_":3}},{"type":"Feature","id":"trx_geocatalogue.fid-7c38bf73_19d20a9a0d0_-bf4","geometry":{"type":"LineString","coordinates":[[-7.38768022,52.54543245],[-7.25205095,52.65250819]]},"geometry_name":"geom","properties":{"uid":24930,"id":0,"type_inf":"Fibre Operational","status":"Operational","type_":3}},{"type":"Feature","id":"trx_geocatalogue.fid-7c38bf73_19d20a9a0d0_-bf3","geometry":{"type":"LineString","coordinates":[[-7.29709033,52.7012245],[-7.21114989,52.80241343]]},"geometry_name":"geom","properties":{"uid":24931,"id":0,"type_inf":"Fibre Operational","status":"Operational","type_":3}},{"type":"Feature","id":"trx_geocatalogue.fid-7c38bf73_19d20a9a0d0_-bf2","geometry":{"type":"LineString","coordinates":[[-7.25205095,52.65250819],[-6.9617567,52.70009741]]},"geometry_name":"geom","properties":{"uid":24932,"id":0,"type_inf":"Fibre Operational","status":"Operational","type_":3}},{"type":"Feature","id":"trx_geocatalogue.fid-7c38bf73_19d20a9a0d0_-bf1","geometry":{"type":"LineString","coordinates":[[-6.9617567,52.70009741],[-6.92130587,52.84048561]]},"geometry_name":"geom","properties":{"uid":24933,"id":0,"type_inf":"Fibre Operational","status":"Operational","type_":3}},{"type":"Feature","id":"trx_geocatalogue.fid-7c38bf73_19d20a9a0d0_-bf0","geometry":{"type":"LineString","coordinates":[[-6.80052757,53.17784501],[-6.75531781,53.12430714]]},"geometry_name":"geom","properties":{"uid":24934,"id":0,"type_inf":"Fibre Operational","status":"Operational","type_":3}},{"type":"Feature","id":"trx_geocatalogue.fid-7c38bf73_19d20a9a0d0_-bef","geometry":{"type":"LineString","coordinates":[[-6.92130587,52.84048561],[-6.70953384,52.93566405]]},"geometry_name":"geom","properties":{"uid":24935,"id":0,"type_inf":"Fibre Operational","status":"Operational","type_":3}},{"type":"Feature","id":"trx_geocatalogue.fid-7c38bf73_19d20a9a0d0_-bee","geometry":{"type":"LineString","coordinates":[[-6.77806345,52.84813855],[-6.73332845,52.80003477]]},"geometry_name":"geom","properties":{"uid":24936,"id":0,"type_inf":"Fibre Operational","status":"Operational","type_":3}},{"type":"Feature","id":"trx_geocatalogue.fid-7c38bf73_19d20a9a0d0_-bed","geometry":{"type":"LineString","coordinates":[[-6.55176555,52.54547923],[-6.64671607,52.65274614]]},"geometry_name":"geom","properties":{"uid":24937,"id":0,"type_inf":"Fibre Operational","status":"Operational","type_":3}},{"type":"Feature","id":"trx_geocatalogue.fid-7c38bf73_19d20a9a0d0_-bec","geometry":{"type":"LineString","coordinates":[[-6.16011629,52.79432407],[-6.3242991,52.85381059]]},"geometry_name":"geom","properties":{"uid":24938,"id":0,"type_inf":"Fibre Operational","status":"Operational","type_":3}},{"type":"Feature","id":"trx_geocatalogue.fid-7c38bf73_19d20a9a0d0_-beb","geometry":{"type":"LineString","coordinates":[[-6.3242991,52.85381059],[-6.46230784,52.79908299]]},"geometry_name":"geom","properties":{"uid":24939,"id":0,"type_inf":"Fibre Operational","status":"Operational","type_":3}},{"type":"Feature","id":"trx_geocatalogue.fid-7c38bf73_19d20a9a0d0_-bea","geometry":{"type":"LineString","coordinates":[[-6.22793093,52.92995334],[-6.03961277,52.98210907]]},"geometry_name":"geom","properties":{"uid":24940,"id":0,"type_inf":"Fibre Operational","status":"Operational","type_":3}},{"type":"Feature","id":"trx_geocatalogue.fid-7c38bf73_19d20a9a0d0_-be9","geometry":{"type":"LineString","coordinates":[[-7.30140411,53.03359019],[-7.14588925,53.01452662]]},"geometry_name":"geom","properties":{"uid":24941,"id":0,"type_inf":"Fibre Operational","status":"Operational","type_":3}},{"type":"Feature","id":"trx_geocatalogue.fid-7c38bf73_19d20a9a0d0_-be8","geometry":{"type":"LineString","coordinates":[[-6.92130587,52.84048561],[-6.98284214,52.99331434]]},"geometry_name":"geom","properties":{"uid":24942,"id":0,"type_inf":"Fibre Operational","status":"Operational","type_":3}},{"type":"Feature","id":"trx_geocatalogue.fid-7c38bf73_19d20a9a0d0_-be7","geometry":{"type":"LineString","coordinates":[[-7.14588925,53.01452662],[-6.98284214,52.99331434]]},"geometry_name":"geom","properties":{"uid":24943,"id":0,"type_inf":"Fibre Operational","status":"Operational","type_":3}},{"type":"Feature","id":"trx_geocatalogue.fid-7c38bf73_19d20a9a0d0_-be6","geometry":{"type":"LineString","coordinates":[[-6.92478329,52.90765375],[-6.85815838,52.91146088]]},"geometry_name":"geom","properties":{"uid":24944,"id":0,"type_inf":"Fibre Operational","status":"Operational","type_":3}},{"type":"Feature","id":"trx_geocatalogue.fid-7c38bf73_19d20a9a0d0_-be5","geometry":{"type":"LineString","coordinates":[[-8.65151028,52.12969244],[-8.9078087,52.18140583]]},"geometry_name":"geom","properties":{"uid":24945,"id":0,"type_inf":"Fibre Operational","status":"Operational","type_":3}},{"type":"Feature","id":"trx_geocatalogue.fid-7c38bf73_19d20a9a0d0_-be4","geometry":{"type":"LineString","coordinates":[[-9.52170964,52.06183792],[-8.9078087,52.18140583]]},"geometry_name":"geom","properties":{"uid":24946,"id":0,"type_inf":"Fibre Operational","status":"Operational","type_":3}},{"type":"Feature","id":"trx_geocatalogue.fid-7c38bf73_19d20a9a0d0_-be3","geometry":{"type":"LineString","coordinates":[[-6.47020024,53.2807544],[-6.4544958,53.23506875]]},"geometry_name":"geom","properties":{"uid":25074,"id":0,"type_inf":"Fibre Operational","status":"Operational","type_":3}},{"type":"Feature","id":"trx_geocatalogue.fid-7c38bf73_19d20a9a0d0_-be2","geometry":{"type":"LineString","coordinates":[[-9.11291823,52.60560424],[-8.97966842,52.60084532]]},"geometry_name":"geom","properties":{"uid":24955,"id":0,"type_inf":"Fibre Operational","status":"Operational","type_":3}},{"type":"Feature","id":"trx_geocatalogue.fid-7c38bf73_19d20a9a0d0_-be1","geometry":{"type":"LineString","coordinates":[[-8.97966842,52.60084532],[-8.61010766,52.65555332]]},"geometry_name":"geom","properties":{"uid":24956,"id":0,"type_inf":"Fibre Operational","status":"Operational","type_":3}},{"type":"Feature","id":"trx_geocatalogue.fid-7c38bf73_19d20a9a0d0_-be0","geometry":{"type":"LineString","coordinates":[[-8.97966842,52.60084532],[-8.93969347,52.522799]]},"geometry_name":"geom","properties":{"uid":24957,"id":0,"type_inf":"Fibre Operational","status":"Operational","type_":3}},{"type":"Feature","id":"trx_geocatalogue.fid-7c38bf73_19d20a9a0d0_-bdf","geometry":{"type":"LineString","coordinates":[[-8.93969347,52.522799],[-8.61010766,52.65555332]]},"geometry_name":"geom","properties":{"uid":24958,"id":0,"type_inf":"Fibre Operational","status":"Operational","type_":3}},{"type":"Feature","id":"trx_geocatalogue.fid-7c38bf73_19d20a9a0d0_-bde","geometry":{"type":"LineString","coordinates":[[-8.93969347,52.522799],[-9.05866652,52.45046339]]},"geometry_name":"geom","properties":{"uid":24959,"id":0,"type_inf":"Fibre Operational","status":"Operational","type_":3}},{"type":"Feature","id":"trx_geocatalogue.fid-7c38bf73_19d20a9a0d0_-bdd","geometry":{"type":"LineString","coordinates":[[-8.9078087,52.18140583],[-9.00417687,52.21531315]]},"geometry_name":"geom","properties":{"uid":24962,"id":0,"type_inf":"Fibre Operational","status":"Operational","type_":3}},{"type":"Feature","id":"trx_geocatalogue.fid-7c38bf73_19d20a9a0d0_-bdc","geometry":{"type":"LineString","coordinates":[[-8.4766199,51.89662423],[-8.58968666,51.88712599]]},"geometry_name":"geom","properties":{"uid":24963,"id":0,"type_inf":"Fibre Operational","status":"Operational","type_":3}},{"type":"Feature","id":"trx_geocatalogue.fid-7c38bf73_19d20a9a0d0_-bdb","geometry":{"type":"LineString","coordinates":[[-8.58968666,51.88712599],[-8.83048811,51.84108342]]},"geometry_name":"geom","properties":{"uid":24964,"id":0,"type_inf":"Fibre Operational","status":"Operational","type_":3}},{"type":"Feature","id":"trx_geocatalogue.fid-7c38bf73_19d20a9a0d0_-bda","geometry":{"type":"LineString","coordinates":[[-8.83048811,51.84108342],[-8.96141795,51.90068892]]},"geometry_name":"geom","properties":{"uid":24965,"id":0,"type_inf":"Fibre Operational","status":"Operational","type_":3}},{"type":"Feature","id":"trx_geocatalogue.fid-7c38bf73_19d20a9a0d0_-bd9","geometry":{"type":"LineString","coordinates":[[-8.96141795,51.90068892],[-8.4766199,51.89662423]]},"geometry_name":"geom","properties":{"uid":24966,"id":0,"type_inf":"Fibre Operational","status":"Operational","type_":3}},{"type":"Feature","id":"trx_geocatalogue.fid-7c38bf73_19d20a9a0d0_-bd8","geometry":{"type":"LineString","coordinates":[[-8.98396731,52.84125813],[-9.06427412,52.94119549]]},"geometry_name":"geom","properties":{"uid":24967,"id":0,"type_inf":"Fibre Operational","status":"Operational","type_":3}},{"type":"Feature","id":"trx_geocatalogue.fid-7c38bf73_19d20a9a0d0_-bd7","geometry":{"type":"LineString","coordinates":[[-6.59589392,53.38128893],[-6.6732264,53.39913489]]},"geometry_name":"geom","properties":{"uid":24971,"id":0,"type_inf":"Fibre Operational","status":"Operational","type_":3}},{"type":"Feature","id":"trx_geocatalogue.fid-7c38bf73_19d20a9a0d0_-bd6","geometry":{"type":"LineString","coordinates":[[-6.66370856,53.22186504],[-6.68393398,53.28967968]]},"geometry_name":"geom","properties":{"uid":24972,"id":0,"type_inf":"Fibre Operational","status":"Operational","type_":3}},{"type":"Feature","id":"trx_geocatalogue.fid-7c38bf73_19d20a9a0d0_-bd5","geometry":{"type":"LineString","coordinates":[[-6.68393398,53.28967968],[-6.55068416,53.33607917]]},"geometry_name":"geom","properties":{"uid":24973,"id":0,"type_inf":"Fibre Operational","status":"Operational","type_":3}},{"type":"Feature","id":"trx_geocatalogue.fid-7c38bf73_19d20a9a0d0_-bd4","geometry":{"type":"LineString","coordinates":[[-6.55068416,53.33607917],[-6.59589392,53.38128893]]},"geometry_name":"geom","properties":{"uid":24974,"id":0,"type_inf":"Fibre Operational","status":"Operational","type_":3}},{"type":"Feature","id":"trx_geocatalogue.fid-7c38bf73_19d20a9a0d0_-bd3","geometry":{"type":"LineString","coordinates":[[-6.59589392,53.38128893],[-6.26302798,53.34963078]]},"geometry_name":"geom","properties":{"uid":24975,"id":0,"type_inf":"Fibre Operational","status":"Operational","type_":3}},{"type":"Feature","id":"trx_geocatalogue.fid-7c38bf73_19d20a9a0d0_-bd2","geometry":{"type":"LineString","coordinates":[[-6.6732264,53.39913489],[-6.83978867,53.41341165]]},"geometry_name":"geom","properties":{"uid":24976,"id":0,"type_inf":"Fibre Operational","status":"Operational","type_":3}},{"type":"Feature","id":"trx_geocatalogue.fid-7c38bf73_19d20a9a0d0_-bd1","geometry":{"type":"LineString","coordinates":[[-6.83978867,53.41341165],[-7.10585874,53.45379088]]},"geometry_name":"geom","properties":{"uid":24977,"id":0,"type_inf":"Fibre Operational","status":"Operational","type_":3}},{"type":"Feature","id":"trx_geocatalogue.fid-7c38bf73_19d20a9a0d0_-bd0","geometry":{"type":"LineString","coordinates":[[-7.10585874,53.45379088],[-7.34142538,53.52339011]]},"geometry_name":"geom","properties":{"uid":24978,"id":0,"type_inf":"Fibre Operational","status":"Operational","type_":3}},{"type":"Feature","id":"trx_geocatalogue.fid-7c38bf73_19d20a9a0d0_-bcf","geometry":{"type":"LineString","coordinates":[[-7.34142538,53.52339011],[-7.61446853,53.69114211]]},"geometry_name":"geom","properties":{"uid":24979,"id":0,"type_inf":"Fibre Operational","status":"Operational","type_":3}},{"type":"Feature","id":"trx_geocatalogue.fid-7c38bf73_19d20a9a0d0_-bce","geometry":{"type":"LineString","coordinates":[[-7.61446853,53.69114211],[-7.7964973,53.72683403]]},"geometry_name":"geom","properties":{"uid":24980,"id":0,"type_inf":"Fibre Operational","status":"Operational","type_":3}},{"type":"Feature","id":"trx_geocatalogue.fid-7c38bf73_19d20a9a0d0_-bcd","geometry":{"type":"LineString","coordinates":[[-7.34142538,53.52339011],[-7.76615917,53.55908203]]},"geometry_name":"geom","properties":{"uid":24981,"id":0,"type_inf":"Fibre Operational","status":"Operational","type_":3}},{"type":"Feature","id":"trx_geocatalogue.fid-7c38bf73_19d20a9a0d0_-bcc","geometry":{"type":"LineString","coordinates":[[-7.94295312,53.42660554],[-7.76615917,53.55908203]]},"geometry_name":"geom","properties":{"uid":24982,"id":0,"type_inf":"Fibre Operational","status":"Operational","type_":3}},{"type":"Feature","id":"trx_geocatalogue.fid-7c38bf73_19d20a9a0d0_-bcb","geometry":{"type":"LineString","coordinates":[[-7.94295312,53.42660554],[-8.19267755,53.63225045]]},"geometry_name":"geom","properties":{"uid":24983,"id":0,"type_inf":"Fibre Operational","status":"Operational","type_":3}},{"type":"Feature","id":"trx_geocatalogue.fid-7c38bf73_19d20a9a0d0_-bca","geometry":{"type":"LineString","coordinates":[[-7.94295312,53.42660554],[-8.22753666,53.33047531]]},"geometry_name":"geom","properties":{"uid":24984,"id":0,"type_inf":"Fibre Operational","status":"Operational","type_":3}},{"type":"Feature","id":"trx_geocatalogue.fid-7c38bf73_19d20a9a0d0_-bc9","geometry":{"type":"LineString","coordinates":[[-9.0546373,53.28193431],[-8.75387343,53.29716286]]},"geometry_name":"geom","properties":{"uid":24985,"id":0,"type_inf":"Fibre Operational","status":"Operational","type_":3}},{"type":"Feature","id":"trx_geocatalogue.fid-7c38bf73_19d20a9a0d0_-bc8","geometry":{"type":"LineString","coordinates":[[-8.75387343,53.29716286],[-8.57398618,53.19627371]]},"geometry_name":"geom","properties":{"uid":24986,"id":0,"type_inf":"Fibre Operational","status":"Operational","type_":3}},{"type":"Feature","id":"trx_geocatalogue.fid-7c38bf73_19d20a9a0d0_-bc7","geometry":{"type":"LineString","coordinates":[[-8.57398618,53.19627371],[-8.22753666,53.33047531]]},"geometry_name":"geom","properties":{"uid":24987,"id":0,"type_inf":"Fibre Operational","status":"Operational","type_":3}},{"type":"Feature","id":"trx_geocatalogue.fid-7c38bf73_19d20a9a0d0_-bc6","geometry":{"type":"LineString","coordinates":[[-7.29709033,52.7012245],[-7.39796537,52.73060366]]},"geometry_name":"geom","properties":{"uid":24988,"id":0,"type_inf":"Fibre Operational","status":"Operational","type_":3}},{"type":"Feature","id":"trx_geocatalogue.fid-7c38bf73_19d20a9a0d0_-bc5","geometry":{"type":"LineString","coordinates":[[-7.58341656,52.7199651],[-7.39796537,52.73060366]]},"geometry_name":"geom","properties":{"uid":24989,"id":0,"type_inf":"Fibre Operational","status":"Operational","type_":3}},{"type":"Feature","id":"trx_geocatalogue.fid-7c38bf73_19d20a9a0d0_-bc4","geometry":{"type":"LineString","coordinates":[[-7.12356005,52.25275874],[-6.74764412,52.27147156]]},"geometry_name":"geom","properties":{"uid":24998,"id":0,"type_inf":"Fibre Operational","status":"Operational","type_":3}},{"type":"Feature","id":"trx_geocatalogue.fid-7c38bf73_19d20a9a0d0_-bc3","geometry":{"type":"LineString","coordinates":[[-6.85828906,52.24202573],[-6.83984824,52.19651854]]},"geometry_name":"geom","properties":{"uid":24999,"id":0,"type_inf":"Fibre Operational","status":"Operational","type_":3}},{"type":"Feature","id":"trx_geocatalogue.fid-7c38bf73_19d20a9a0d0_-bc2","geometry":{"type":"LineString","coordinates":[[-6.74764412,52.27147156],[-6.50850829,52.22090801]]},"geometry_name":"geom","properties":{"uid":25000,"id":0,"type_inf":"Fibre Operational","status":"Operational","type_":3}},{"type":"Feature","id":"trx_geocatalogue.fid-7c38bf73_19d20a9a0d0_-bc1","geometry":{"type":"LineString","coordinates":[[-6.50850829,52.22090801],[-6.45675501,52.26076399]]},"geometry_name":"geom","properties":{"uid":25001,"id":0,"type_inf":"Fibre Operational","status":"Operational","type_":3}},{"type":"Feature","id":"trx_geocatalogue.fid-7c38bf73_19d20a9a0d0_-bc0","geometry":{"type":"LineString","coordinates":[[-6.45675501,52.26076399],[-6.47063595,52.3315189]]},"geometry_name":"geom","properties":{"uid":25002,"id":0,"type_inf":"Fibre Operational","status":"Operational","type_":3}},{"type":"Feature","id":"trx_geocatalogue.fid-7c38bf73_19d20a9a0d0_-bbf","geometry":{"type":"LineString","coordinates":[[-6.45675501,52.26076399],[-6.3919147,52.26790237]]},"geometry_name":"geom","properties":{"uid":25003,"id":0,"type_inf":"Fibre Operational","status":"Operational","type_":3}},{"type":"Feature","id":"trx_geocatalogue.fid-7c38bf73_19d20a9a0d0_-bbe","geometry":{"type":"LineString","coordinates":[[-7.12356005,52.25275874],[-7.1645851,52.16330233]]},"geometry_name":"geom","properties":{"uid":25004,"id":0,"type_inf":"Fibre Operational","status":"Operational","type_":3}},{"type":"Feature","id":"trx_geocatalogue.fid-7c38bf73_19d20a9a0d0_-bbd","geometry":{"type":"LineString","coordinates":[[-7.12356005,52.25275874],[-6.94391075,52.39522897]]},"geometry_name":"geom","properties":{"uid":25005,"id":0,"type_inf":"Fibre Operational","status":"Operational","type_":3}},{"type":"Feature","id":"trx_geocatalogue.fid-7c38bf73_19d20a9a0d0_-bbc","geometry":{"type":"LineString","coordinates":[[-7.1449752,52.52163784],[-6.94391075,52.39522897]]},"geometry_name":"geom","properties":{"uid":25006,"id":0,"type_inf":"Fibre Operational","status":"Operational","type_":3}},{"type":"Feature","id":"trx_geocatalogue.fid-7c38bf73_19d20a9a0d0_-bbb","geometry":{"type":"LineString","coordinates":[[-9.257263,51.66028589],[-8.73984777,51.74392232]]},"geometry_name":"geom","properties":{"uid":25009,"id":0,"type_inf":"Fibre Operational","status":"Operational","type_":3}},{"type":"Feature","id":"trx_geocatalogue.fid-7c38bf73_19d20a9a0d0_-bba","geometry":{"type":"LineString","coordinates":[[-8.53738438,51.81338811],[-8.52537902,51.70834938]]},"geometry_name":"geom","properties":{"uid":25010,"id":0,"type_inf":"Fibre Operational","status":"Operational","type_":3}},{"type":"Feature","id":"trx_geocatalogue.fid-7c38bf73_19d20a9a0d0_-bb9","geometry":{"type":"LineString","coordinates":[[-8.73984777,51.74392232],[-8.52537902,51.70834938]]},"geometry_name":"geom","properties":{"uid":25011,"id":0,"type_inf":"Fibre Operational","status":"Operational","type_":3}},{"type":"Feature","id":"trx_geocatalogue.fid-7c38bf73_19d20a9a0d0_-bb8","geometry":{"type":"LineString","coordinates":[[-8.39688813,51.81280772],[-8.30759116,51.79456288]]},"geometry_name":"geom","properties":{"uid":25012,"id":0,"type_inf":"Fibre Operational","status":"Operational","type_":3}},{"type":"Feature","id":"trx_geocatalogue.fid-7c38bf73_19d20a9a0d0_-bb7","geometry":{"type":"LineString","coordinates":[[-6.22599355,53.45843083],[-6.26678694,53.51989023]]},"geometry_name":"geom","properties":{"uid":25013,"id":0,"type_inf":"Fibre Operational","status":"Operational","type_":3}},{"type":"Feature","id":"trx_geocatalogue.fid-7c38bf73_19d20a9a0d0_-bb6","geometry":{"type":"LineString","coordinates":[[-6.26678694,53.51989023],[-6.38314258,53.56676561]]},"geometry_name":"geom","properties":{"uid":25014,"id":0,"type_inf":"Fibre Operational","status":"Operational","type_":3}},{"type":"Feature","id":"trx_geocatalogue.fid-7c38bf73_19d20a9a0d0_-bb5","geometry":{"type":"LineString","coordinates":[[-6.38314258,53.56676561],[-6.39991778,53.51001546]]},"geometry_name":"geom","properties":{"uid":25015,"id":0,"type_inf":"Fibre Operational","status":"Operational","type_":3}},{"type":"Feature","id":"trx_geocatalogue.fid-7c38bf73_19d20a9a0d0_-bb4","geometry":{"type":"LineString","coordinates":[[-6.38758274,53.39554167],[-6.22599355,53.45843083]]},"geometry_name":"geom","properties":{"uid":25016,"id":0,"type_inf":"Fibre Operational","status":"Operational","type_":3}},{"type":"Feature","id":"trx_geocatalogue.fid-7c38bf73_19d20a9a0d0_-bb3","geometry":{"type":"LineString","coordinates":[[-6.39991778,53.51001546],[-6.26302798,53.34963078]]},"geometry_name":"geom","properties":{"uid":25017,"id":0,"type_inf":"Fibre Operational","status":"Operational","type_":3}},{"type":"Feature","id":"trx_geocatalogue.fid-7c38bf73_19d20a9a0d0_-bb2","geometry":{"type":"LineString","coordinates":[[-6.26678694,53.51989023],[-6.18469553,53.60632415]]},"geometry_name":"geom","properties":{"uid":25018,"id":0,"type_inf":"Fibre Operational","status":"Operational","type_":3}},{"type":"Feature","id":"trx_geocatalogue.fid-7c38bf73_19d20a9a0d0_-bb1","geometry":{"type":"LineString","coordinates":[[-6.18469553,53.60632415],[-6.11426349,53.57777062]]},"geometry_name":"geom","properties":{"uid":25019,"id":0,"type_inf":"Fibre Operational","status":"Operational","type_":3}},{"type":"Feature","id":"trx_geocatalogue.fid-7c38bf73_19d20a9a0d0_-bb0","geometry":{"type":"LineString","coordinates":[[-6.22599355,53.45843083],[-6.15185897,53.49026594]]},"geometry_name":"geom","properties":{"uid":25020,"id":0,"type_inf":"Fibre Operational","status":"Operational","type_":3}},{"type":"Feature","id":"trx_geocatalogue.fid-7c38bf73_19d20a9a0d0_-baf","geometry":{"type":"LineString","coordinates":[[-6.15185897,53.49026594],[-6.11426349,53.57777062]]},"geometry_name":"geom","properties":{"uid":25021,"id":0,"type_inf":"Fibre Operational","status":"Operational","type_":3}},{"type":"Feature","id":"trx_geocatalogue.fid-7c38bf73_19d20a9a0d0_-bae","geometry":{"type":"LineString","coordinates":[[-6.35316137,53.71657251],[-6.18469553,53.60632415]]},"geometry_name":"geom","properties":{"uid":25022,"id":0,"type_inf":"Fibre Operational","status":"Operational","type_":3}},{"type":"Feature","id":"trx_geocatalogue.fid-7c38bf73_19d20a9a0d0_-bad","geometry":{"type":"LineString","coordinates":[[-6.26678694,53.51989023],[-6.28915387,53.58651514]]},"geometry_name":"geom","properties":{"uid":25023,"id":0,"type_inf":"Fibre Operational","status":"Operational","type_":3}},{"type":"Feature","id":"trx_geocatalogue.fid-7c38bf73_19d20a9a0d0_-bac","geometry":{"type":"LineString","coordinates":[[-6.28915387,53.58651514],[-6.18469553,53.60632415]]},"geometry_name":"geom","properties":{"uid":25024,"id":0,"type_inf":"Fibre Operational","status":"Operational","type_":3}},{"type":"Feature","id":"trx_geocatalogue.fid-7c38bf73_19d20a9a0d0_-bab","geometry":{"type":"LineString","coordinates":[[-6.35316137,53.71657251],[-6.39480194,53.832135]]},"geometry_name":"geom","properties":{"uid":25025,"id":0,"type_inf":"Fibre Operational","status":"Operational","type_":3}},{"type":"Feature","id":"trx_geocatalogue.fid-7c38bf73_19d20a9a0d0_-baa","geometry":{"type":"LineString","coordinates":[[-6.39480194,53.832135],[-6.40550952,54.00274235]]},"geometry_name":"geom","properties":{"uid":25026,"id":0,"type_inf":"Fibre Operational","status":"Operational","type_":3}},{"type":"Feature","id":"trx_geocatalogue.fid-7c38bf73_19d20a9a0d0_-ba9","geometry":{"type":"LineString","coordinates":[[-6.48661902,53.77698164],[-6.35316137,53.71657251]]},"geometry_name":"geom","properties":{"uid":25027,"id":0,"type_inf":"Fibre Operational","status":"Operational","type_":3}},{"type":"Feature","id":"trx_geocatalogue.fid-7c38bf73_19d20a9a0d0_-ba8","geometry":{"type":"LineString","coordinates":[[-6.48661902,53.77698164],[-6.53971112,53.85854701]]},"geometry_name":"geom","properties":{"uid":25028,"id":0,"type_inf":"Fibre Operational","status":"Operational","type_":3}},{"type":"Feature","id":"trx_geocatalogue.fid-7c38bf73_19d20a9a0d0_-ba7","geometry":{"type":"LineString","coordinates":[[-6.35316137,53.71657251],[-6.24321999,53.79504572]]},"geometry_name":"geom","properties":{"uid":25029,"id":0,"type_inf":"Fibre Operational","status":"Operational","type_":3}},{"type":"Feature","id":"trx_geocatalogue.fid-7c38bf73_19d20a9a0d0_-ba6","geometry":{"type":"LineString","coordinates":[[-6.39480194,53.832135],[-6.30270652,53.85239073]]},"geometry_name":"geom","properties":{"uid":25030,"id":0,"type_inf":"Fibre Operational","status":"Operational","type_":3}},{"type":"Feature","id":"trx_geocatalogue.fid-7c38bf73_19d20a9a0d0_-ba5","geometry":{"type":"LineString","coordinates":[[-6.54279413,53.70748155],[-6.35316137,53.71657251]]},"geometry_name":"geom","properties":{"uid":25031,"id":0,"type_inf":"Fibre Operational","status":"Operational","type_":3}},{"type":"Feature","id":"trx_geocatalogue.fid-7c38bf73_19d20a9a0d0_-ba4","geometry":{"type":"LineString","coordinates":[[-6.41150737,53.65269446],[-6.35316137,53.71657251]]},"geometry_name":"geom","properties":{"uid":25032,"id":0,"type_inf":"Fibre Operational","status":"Operational","type_":3}},{"type":"Feature","id":"trx_geocatalogue.fid-7c38bf73_19d20a9a0d0_-ba3","geometry":{"type":"LineString","coordinates":[[-6.6854531,53.64968983],[-6.41150737,53.65269446]]},"geometry_name":"geom","properties":{"uid":25033,"id":0,"type_inf":"Fibre Operational","status":"Operational","type_":3}},{"type":"Feature","id":"trx_geocatalogue.fid-7c38bf73_19d20a9a0d0_-ba2","geometry":{"type":"LineString","coordinates":[[-6.6854531,53.64968983],[-6.55910372,53.50858779]]},"geometry_name":"geom","properties":{"uid":25034,"id":0,"type_inf":"Fibre Operational","status":"Operational","type_":3}},{"type":"Feature","id":"trx_geocatalogue.fid-7c38bf73_19d20a9a0d0_-ba1","geometry":{"type":"LineString","coordinates":[[-6.55910372,53.50858779],[-6.47510875,53.419358]]},"geometry_name":"geom","properties":{"uid":25035,"id":0,"type_inf":"Fibre Operational","status":"Operational","type_":3}},{"type":"Feature","id":"trx_geocatalogue.fid-7c38bf73_19d20a9a0d0_-ba0","geometry":{"type":"LineString","coordinates":[[-6.47510875,53.419358],[-6.38758274,53.39554167]]},"geometry_name":"geom","properties":{"uid":25036,"id":0,"type_inf":"Fibre Operational","status":"Operational","type_":3}},{"type":"Feature","id":"trx_geocatalogue.fid-7c38bf73_19d20a9a0d0_-b9f","geometry":{"type":"LineString","coordinates":[[-6.59589392,53.38128893],[-6.47510875,53.419358]]},"geometry_name":"geom","properties":{"uid":25037,"id":0,"type_inf":"Fibre Operational","status":"Operational","type_":3}},{"type":"Feature","id":"trx_geocatalogue.fid-7c38bf73_19d20a9a0d0_-b9e","geometry":{"type":"LineString","coordinates":[[-6.6854531,53.64968983],[-6.87961712,53.72107366]]},"geometry_name":"geom","properties":{"uid":25038,"id":0,"type_inf":"Fibre Operational","status":"Operational","type_":3}},{"type":"Feature","id":"trx_geocatalogue.fid-7c38bf73_19d20a9a0d0_-b9d","geometry":{"type":"LineString","coordinates":[[-6.87961712,53.72107366],[-7.0823472,53.834336]]},"geometry_name":"geom","properties":{"uid":25039,"id":0,"type_inf":"Fibre Operational","status":"Operational","type_":3}},{"type":"Feature","id":"trx_geocatalogue.fid-7c38bf73_19d20a9a0d0_-b9c","geometry":{"type":"LineString","coordinates":[[-7.0823472,53.834336],[-7.21274166,53.86288953]]},"geometry_name":"geom","properties":{"uid":25040,"id":0,"type_inf":"Fibre Operational","status":"Operational","type_":3}},{"type":"Feature","id":"trx_geocatalogue.fid-7c38bf73_19d20a9a0d0_-b9b","geometry":{"type":"LineString","coordinates":[[-7.16420066,53.76675931],[-7.0823472,53.834336]]},"geometry_name":"geom","properties":{"uid":25041,"id":0,"type_inf":"Fibre Operational","status":"Operational","type_":3}},{"type":"Feature","id":"trx_geocatalogue.fid-7c38bf73_19d20a9a0d0_-b9a","geometry":{"type":"LineString","coordinates":[[-7.21274166,53.86288953],[-7.36014927,53.98935788]]},"geometry_name":"geom","properties":{"uid":25042,"id":0,"type_inf":"Fibre Operational","status":"Operational","type_":3}},{"type":"Feature","id":"trx_geocatalogue.fid-7c38bf73_19d20a9a0d0_-b99","geometry":{"type":"LineString","coordinates":[[-7.36014927,53.98935788],[-7.44533398,54.10202536]]},"geometry_name":"geom","properties":{"uid":25043,"id":0,"type_inf":"Fibre Operational","status":"Operational","type_":3}},{"type":"Feature","id":"trx_geocatalogue.fid-7c38bf73_19d20a9a0d0_-b98","geometry":{"type":"LineString","coordinates":[[-7.36014927,53.98935788],[-7.23272913,54.17828709]]},"geometry_name":"geom","properties":{"uid":25044,"id":0,"type_inf":"Fibre Operational","status":"Operational","type_":3}},{"type":"Feature","id":"trx_geocatalogue.fid-7c38bf73_19d20a9a0d0_-b97","geometry":{"type":"LineString","coordinates":[[-7.23272913,54.17828709],[-6.9662295,54.24848119]]},"geometry_name":"geom","properties":{"uid":25045,"id":0,"type_inf":"Fibre Operational","status":"Operational","type_":3}},{"type":"Feature","id":"trx_geocatalogue.fid-7c38bf73_19d20a9a0d0_-b96","geometry":{"type":"LineString","coordinates":[[-7.09300627,53.60826147],[-6.91673671,53.62018451]]},"geometry_name":"geom","properties":{"uid":25053,"id":0,"type_inf":"Fibre Operational","status":"Operational","type_":3}},{"type":"Feature","id":"trx_geocatalogue.fid-7c38bf73_19d20a9a0d0_-b95","geometry":{"type":"LineString","coordinates":[[-7.34142538,53.52339011],[-7.09300627,53.60826147]]},"geometry_name":"geom","properties":{"uid":25054,"id":0,"type_inf":"Fibre Operational","status":"Operational","type_":3}},{"type":"Feature","id":"trx_geocatalogue.fid-7c38bf73_19d20a9a0d0_-b94","geometry":{"type":"LineString","coordinates":[[-6.64535901,53.61394568],[-6.79395653,53.5535596]]},"geometry_name":"geom","properties":{"uid":25055,"id":0,"type_inf":"Fibre Operational","status":"Operational","type_":3}},{"type":"Feature","id":"trx_geocatalogue.fid-7c38bf73_19d20a9a0d0_-b93","geometry":{"type":"LineString","coordinates":[[-7.34142538,53.52339011],[-7.30073321,53.67476741]]},"geometry_name":"geom","properties":{"uid":25056,"id":0,"type_inf":"Fibre Operational","status":"Operational","type_":3}},{"type":"Feature","id":"trx_geocatalogue.fid-7c38bf73_19d20a9a0d0_-b92","geometry":{"type":"LineString","coordinates":[[-7.30073321,53.67476741],[-7.49489723,53.77565655]]},"geometry_name":"geom","properties":{"uid":25057,"id":0,"type_inf":"Fibre Operational","status":"Operational","type_":3}},{"type":"Feature","id":"trx_geocatalogue.fid-7c38bf73_19d20a9a0d0_-b91","geometry":{"type":"LineString","coordinates":[[-7.49489723,53.77565655],[-7.36014927,53.98935788]]},"geometry_name":"geom","properties":{"uid":25058,"id":0,"type_inf":"Fibre Operational","status":"Operational","type_":3}},{"type":"Feature","id":"trx_geocatalogue.fid-7c38bf73_19d20a9a0d0_-b90","geometry":{"type":"LineString","coordinates":[[-9.0546373,53.28193431],[-8.85029771,53.51558147]]},"geometry_name":"geom","properties":{"uid":25068,"id":0,"type_inf":"Fibre Operational","status":"Operational","type_":3}},{"type":"Feature","id":"trx_geocatalogue.fid-7c38bf73_19d20a9a0d0_-b8f","geometry":{"type":"LineString","coordinates":[[-9.10014111,53.46204359],[-8.90840774,53.49033362]]},"geometry_name":"geom","properties":{"uid":25071,"id":0,"type_inf":"Fibre Operational","status":"Operational","type_":3}},{"type":"Feature","id":"trx_geocatalogue.fid-7c38bf73_19d20a9a0d0_-b8e","geometry":{"type":"LineString","coordinates":[[-9.12327307,53.58063416],[-8.85029771,53.51558147]]},"geometry_name":"geom","properties":{"uid":25072,"id":0,"type_inf":"Fibre Operational","status":"Operational","type_":3}},{"type":"Feature","id":"trx_geocatalogue.fid-7c38bf73_19d20a9a0d0_-b8d","geometry":{"type":"LineString","coordinates":[[-8.4766199,51.89662423],[-8.65151028,52.12969244]]},"geometry_name":"geom","properties":{"uid":25075,"id":0,"type_inf":"Fibre Operational","status":"Operational","type_":3}},{"type":"Feature","id":"trx_geocatalogue.fid-7c38bf73_19d20a9a0d0_-b8c","geometry":{"type":"LineString","coordinates":[[-8.68473423,52.35451162],[-8.61010766,52.65555332]]},"geometry_name":"geom","properties":{"uid":25076,"id":0,"type_inf":"Fibre Operational","status":"Operational","type_":3}},{"type":"Feature","id":"trx_geocatalogue.fid-7c38bf73_19d20a9a0d0_-b8b","geometry":{"type":"LineString","coordinates":[[-8.65151028,52.12969244],[-8.68473423,52.35451162]]},"geometry_name":"geom","properties":{"uid":25077,"id":0,"type_inf":"Fibre Operational","status":"Operational","type_":3}},{"type":"Feature","id":"trx_geocatalogue.fid-7c38bf73_19d20a9a0d0_-b8a","geometry":{"type":"LineString","coordinates":[[-8.61010766,52.65555332],[-8.88284022,52.71633643]]},"geometry_name":"geom","properties":{"uid":25078,"id":0,"type_inf":"Fibre Operational","status":"Operational","type_":3}},{"type":"Feature","id":"trx_geocatalogue.fid-7c38bf73_19d20a9a0d0_-b89","geometry":{"type":"LineString","coordinates":[[-8.98396731,52.84125813],[-8.88284022,52.71633643]]},"geometry_name":"geom","properties":{"uid":25079,"id":0,"type_inf":"Fibre Operational","status":"Operational","type_":3}},{"type":"Feature","id":"trx_geocatalogue.fid-7c38bf73_19d20a9a0d0_-b88","geometry":{"type":"LineString","coordinates":[[-8.98396731,52.84125813],[-9.0546373,53.28193431]]},"geometry_name":"geom","properties":{"uid":25080,"id":0,"type_inf":"Fibre Operational","status":"Operational","type_":3}},{"type":"Feature","id":"trx_geocatalogue.fid-7c38bf73_19d20a9a0d0_-b87","geometry":{"type":"LineString","coordinates":[[-7.94295312,53.42660554],[-7.34142538,53.52339011]]},"geometry_name":"geom","properties":{"uid":25081,"id":0,"type_inf":"Fibre Operational","status":"Operational","type_":3}},{"type":"Feature","id":"trx_geocatalogue.fid-7c38bf73_19d20a9a0d0_-b86","geometry":{"type":"LineString","coordinates":[[-9.0546373,53.28193431],[-7.94295312,53.42660554]]},"geometry_name":"geom","properties":{"uid":25082,"id":0,"type_inf":"Fibre Operational","status":"Operational","type_":3}},{"type":"Feature","id":"trx_geocatalogue.fid-7c38bf73_19d20a9a0d0_-b85","geometry":{"type":"LineString","coordinates":[[-7.34142538,53.52339011],[-6.26302798,53.34963078]]},"geometry_name":"geom","properties":{"uid":25083,"id":0,"type_inf":"Fibre Operational","status":"Operational","type_":3}},{"type":"Feature","id":"trx_geocatalogue.fid-7c38bf73_19d20a9a0d0_-b84","geometry":{"type":"LineString","coordinates":[[-8.19267755,53.63225045],[-8.47996323,53.76368145]]},"geometry_name":"geom","properties":{"uid":25084,"id":0,"type_inf":"Fibre Operational","status":"Operational","type_":3}},{"type":"Feature","id":"trx_geocatalogue.fid-7c38bf73_19d20a9a0d0_-b83","geometry":{"type":"LineString","coordinates":[[-8.47996323,53.76368145],[-8.76106792,53.76185568]]},"geometry_name":"geom","properties":{"uid":25085,"id":0,"type_inf":"Fibre Operational","status":"Operational","type_":3}},{"type":"Feature","id":"trx_geocatalogue.fid-7c38bf73_19d20a9a0d0_-b82","geometry":{"type":"LineString","coordinates":[[-8.76106792,53.76185568],[-8.99484996,53.71545619]]},"geometry_name":"geom","properties":{"uid":25086,"id":0,"type_inf":"Fibre Operational","status":"Operational","type_":3}},{"type":"Feature","id":"trx_geocatalogue.fid-7c38bf73_19d20a9a0d0_-b81","geometry":{"type":"LineString","coordinates":[[-8.99484996,53.71545619],[-9.13093882,53.8038109]]},"geometry_name":"geom","properties":{"uid":25087,"id":0,"type_inf":"Fibre Operational","status":"Operational","type_":3}},{"type":"Feature","id":"trx_geocatalogue.fid-7c38bf73_19d20a9a0d0_-b80","geometry":{"type":"LineString","coordinates":[[-9.14878478,53.89589604],[-8.93952749,53.93853066]]},"geometry_name":"geom","properties":{"uid":25095,"id":0,"type_inf":"Fibre Operational","status":"Operational","type_":3}},{"type":"Feature","id":"trx_geocatalogue.fid-7c38bf73_19d20a9a0d0_-b7f","geometry":{"type":"LineString","coordinates":[[-8.7923256,53.9544289],[-8.93952749,53.93853066]]},"geometry_name":"geom","properties":{"uid":25096,"id":0,"type_inf":"Fibre Operational","status":"Operational","type_":3}},{"type":"Feature","id":"trx_geocatalogue.fid-7c38bf73_19d20a9a0d0_-b7e","geometry":{"type":"LineString","coordinates":[[-8.99484996,53.71545619],[-8.92703532,53.7939784]]},"geometry_name":"geom","properties":{"uid":25097,"id":0,"type_inf":"Fibre Operational","status":"Operational","type_":3}},{"type":"Feature","id":"trx_geocatalogue.fid-7c38bf73_19d20a9a0d0_-b7d","geometry":{"type":"LineString","coordinates":[[-8.92703532,53.7939784],[-8.85849841,53.86912522]]},"geometry_name":"geom","properties":{"uid":25098,"id":0,"type_inf":"Fibre Operational","status":"Operational","type_":3}},{"type":"Feature","id":"trx_geocatalogue.fid-7c38bf73_19d20a9a0d0_-b7c","geometry":{"type":"LineString","coordinates":[[-8.85849841,53.86912522],[-8.7923256,53.9544289]]},"geometry_name":"geom","properties":{"uid":25099,"id":0,"type_inf":"Fibre Operational","status":"Operational","type_":3}},{"type":"Feature","id":"trx_geocatalogue.fid-7c38bf73_19d20a9a0d0_-b7b","geometry":{"type":"LineString","coordinates":[[-8.93952749,53.93853066],[-9.11523438,53.98155664]]},"geometry_name":"geom","properties":{"uid":25100,"id":0,"type_inf":"Fibre Operational","status":"Operational","type_":3}},{"type":"Feature","id":"trx_geocatalogue.fid-7c38bf73_19d20a9a0d0_-b7a","geometry":{"type":"LineString","coordinates":[[-9.09203463,54.21284025],[-8.95854687,54.28529483]]},"geometry_name":"geom","properties":{"uid":25105,"id":0,"type_inf":"Fibre Operational","status":"Operational","type_":3}},{"type":"Feature","id":"trx_geocatalogue.fid-7c38bf73_19d20a9a0d0_-b79","geometry":{"type":"LineString","coordinates":[[-8.95854687,54.28529483],[-8.87788314,54.249246]]},"geometry_name":"geom","properties":{"uid":25106,"id":0,"type_inf":"Fibre Operational","status":"Operational","type_":3}},{"type":"Feature","id":"trx_geocatalogue.fid-7c38bf73_19d20a9a0d0_-b78","geometry":{"type":"LineString","coordinates":[[-8.46568646,54.26515285],[-8.49423999,54.18127685]]},"geometry_name":"geom","properties":{"uid":25107,"id":0,"type_inf":"Fibre Operational","status":"Operational","type_":3}},{"type":"Feature","id":"trx_geocatalogue.fid-7c38bf73_19d20a9a0d0_-b77","geometry":{"type":"LineString","coordinates":[[-8.87788314,54.249246],[-8.46568646,54.26515285]]},"geometry_name":"geom","properties":{"uid":25108,"id":0,"type_inf":"Fibre Operational","status":"Operational","type_":3}},{"type":"Feature","id":"trx_geocatalogue.fid-7c38bf73_19d20a9a0d0_-b76","geometry":{"type":"LineString","coordinates":[[-8.59667579,54.27300508],[-8.46568646,54.26515285]]},"geometry_name":"geom","properties":{"uid":25109,"id":0,"type_inf":"Fibre Operational","status":"Operational","type_":3}},{"type":"Feature","id":"trx_geocatalogue.fid-7c38bf73_19d20a9a0d0_-b75","geometry":{"type":"LineString","coordinates":[[-8.73159123,54.05100136],[-8.51922433,54.08847788]]},"geometry_name":"geom","properties":{"uid":25110,"id":0,"type_inf":"Fibre Operational","status":"Operational","type_":3}},{"type":"Feature","id":"trx_geocatalogue.fid-7c38bf73_19d20a9a0d0_-b74","geometry":{"type":"LineString","coordinates":[[-8.51922433,54.08847788],[-8.49423999,54.18127685]]},"geometry_name":"geom","properties":{"uid":25111,"id":0,"type_inf":"Fibre Operational","status":"Operational","type_":3}},{"type":"Feature","id":"trx_geocatalogue.fid-7c38bf73_19d20a9a0d0_-b73","geometry":{"type":"LineString","coordinates":[[-8.51922433,54.08847788],[-8.29614986,53.97069456]]},"geometry_name":"geom","properties":{"uid":25112,"id":0,"type_inf":"Fibre Operational","status":"Operational","type_":3}},{"type":"Feature","id":"trx_geocatalogue.fid-7c38bf73_19d20a9a0d0_-b72","geometry":{"type":"LineString","coordinates":[[-8.29614986,53.97069456],[-8.08556756,53.94035643]]},"geometry_name":"geom","properties":{"uid":25113,"id":0,"type_inf":"Fibre Operational","status":"Operational","type_":3}},{"type":"Feature","id":"trx_geocatalogue.fid-7c38bf73_19d20a9a0d0_-b71","geometry":{"type":"LineString","coordinates":[[-8.08556756,53.94035643],[-7.7964973,53.72683403]]},"geometry_name":"geom","properties":{"uid":25114,"id":0,"type_inf":"Fibre Operational","status":"Operational","type_":3}},{"type":"Feature","id":"trx_geocatalogue.fid-7c38bf73_19d20a9a0d0_-b70","geometry":{"type":"LineString","coordinates":[[-8.08556756,53.94035643],[-8.0574826,54.04053564]]},"geometry_name":"geom","properties":{"uid":25115,"id":0,"type_inf":"Fibre Operational","status":"Operational","type_":3}},{"type":"Feature","id":"trx_geocatalogue.fid-7c38bf73_19d20a9a0d0_-b6f","geometry":{"type":"LineString","coordinates":[[-8.0574826,54.04053564],[-7.82370056,54.04945862]]},"geometry_name":"geom","properties":{"uid":25116,"id":0,"type_inf":"Fibre Operational","status":"Operational","type_":3}},{"type":"Feature","id":"trx_geocatalogue.fid-7c38bf73_19d20a9a0d0_-b6e","geometry":{"type":"LineString","coordinates":[[-7.95040686,53.89955258],[-7.8624931,53.91894128]]},"geometry_name":"geom","properties":{"uid":25117,"id":0,"type_inf":"Fibre Operational","status":"Operational","type_":3}},{"type":"Feature","id":"trx_geocatalogue.fid-7c38bf73_19d20a9a0d0_-b6d","geometry":{"type":"LineString","coordinates":[[-8.08556756,53.94035643],[-8.18907412,53.84398826]]},"geometry_name":"geom","properties":{"uid":25118,"id":0,"type_inf":"Fibre Operational","status":"Operational","type_":3}},{"type":"Feature","id":"trx_geocatalogue.fid-7c38bf73_19d20a9a0d0_-b6c","geometry":{"type":"LineString","coordinates":[[-8.18907412,53.84398826],[-8.10162893,53.76903524]]},"geometry_name":"geom","properties":{"uid":25119,"id":0,"type_inf":"Fibre Operational","status":"Operational","type_":3}},{"type":"Feature","id":"trx_geocatalogue.fid-7c38bf73_19d20a9a0d0_-b6b","geometry":{"type":"LineString","coordinates":[[-7.99455318,53.66909787],[-7.7964973,53.72683403]]},"geometry_name":"geom","properties":{"uid":25120,"id":0,"type_inf":"Fibre Operational","status":"Operational","type_":3}},{"type":"Feature","id":"trx_geocatalogue.fid-7c38bf73_19d20a9a0d0_-b6a","geometry":{"type":"LineString","coordinates":[[-8.46568646,54.26515285],[-8.17479735,54.30155861]]},"geometry_name":"geom","properties":{"uid":25121,"id":0,"type_inf":"Fibre Operational","status":"Operational","type_":3}},{"type":"Feature","id":"trx_geocatalogue.fid-7c38bf73_19d20a9a0d0_-b69","geometry":{"type":"LineString","coordinates":[[-8.17479735,54.30155861],[-7.89248351,54.28989462]]},"geometry_name":"geom","properties":{"uid":25122,"id":0,"type_inf":"Fibre Operational","status":"Operational","type_":3}},{"type":"Feature","id":"trx_geocatalogue.fid-7c38bf73_19d20a9a0d0_-b68","geometry":{"type":"LineString","coordinates":[[-7.98766195,54.28757464],[-8.03810652,54.3548539]]},"geometry_name":"geom","properties":{"uid":25123,"id":0,"type_inf":"Fibre Operational","status":"Operational","type_":3}},{"type":"Feature","id":"trx_geocatalogue.fid-7c38bf73_19d20a9a0d0_-b67","geometry":{"type":"LineString","coordinates":[[-8.1123457,54.38519203],[-8.03810652,54.3548539]]},"geometry_name":"geom","properties":{"uid":25124,"id":0,"type_inf":"Fibre Operational","status":"Operational","type_":3}},{"type":"Feature","id":"trx_geocatalogue.fid-7c38bf73_19d20a9a0d0_-b66","geometry":{"type":"LineString","coordinates":[[-8.46568646,54.26515285],[-8.45081483,54.43718789]]},"geometry_name":"geom","properties":{"uid":25125,"id":0,"type_inf":"Fibre Operational","status":"Operational","type_":3}},{"type":"Feature","id":"trx_geocatalogue.fid-7c38bf73_19d20a9a0d0_-b65","geometry":{"type":"LineString","coordinates":[[-8.45081483,54.43718789],[-8.28068337,54.47050034]]},"geometry_name":"geom","properties":{"uid":25126,"id":0,"type_inf":"Fibre Operational","status":"Operational","type_":3}},{"type":"Feature","id":"trx_geocatalogue.fid-7c38bf73_19d20a9a0d0_-b64","geometry":{"type":"LineString","coordinates":[[-8.28068337,54.47050034],[-8.18788439,54.50143333]]},"geometry_name":"geom","properties":{"uid":25127,"id":0,"type_inf":"Fibre Operational","status":"Operational","type_":3}},{"type":"Feature","id":"trx_geocatalogue.fid-7c38bf73_19d20a9a0d0_-b63","geometry":{"type":"LineString","coordinates":[[-8.18788439,54.50143333],[-8.10341352,54.65728803]]},"geometry_name":"geom","properties":{"uid":25128,"id":0,"type_inf":"Fibre Operational","status":"Operational","type_":3}},{"type":"Feature","id":"trx_geocatalogue.fid-7c38bf73_19d20a9a0d0_-b62","geometry":{"type":"LineString","coordinates":[[-8.10341352,54.65728803],[-7.76981309,54.80612331]]},"geometry_name":"geom","properties":{"uid":25129,"id":0,"type_inf":"Fibre Operational","status":"Operational","type_":3}},{"type":"Feature","id":"trx_geocatalogue.fid-7c38bf73_19d20a9a0d0_-b61","geometry":{"type":"LineString","coordinates":[[-7.76981309,54.80612331],[-7.71460959,54.95650525]]},"geometry_name":"geom","properties":{"uid":25130,"id":0,"type_inf":"Fibre Operational","status":"Operational","type_":3}},{"type":"Feature","id":"trx_geocatalogue.fid-7c38bf73_19d20a9a0d0_-b60","geometry":{"type":"LineString","coordinates":[[-7.76981309,54.80612331],[-7.58865679,54.80154285]]},"geometry_name":"geom","properties":{"uid":25131,"id":0,"type_inf":"Fibre Operational","status":"Operational","type_":3}},{"type":"Feature","id":"trx_geocatalogue.fid-7c38bf73_19d20a9a0d0_-b5f","geometry":{"type":"LineString","coordinates":[[-7.58865679,54.80154285],[-7.48568562,54.8335466]]},"geometry_name":"geom","properties":{"uid":25132,"id":0,"type_inf":"Fibre Operational","status":"Operational","type_":3}},{"type":"Feature","id":"trx_geocatalogue.fid-7c38bf73_19d20a9a0d0_-b5e","geometry":{"type":"LineString","coordinates":[[-7.71460959,54.95650525],[-7.52334059,54.99653968]]},"geometry_name":"geom","properties":{"uid":25133,"id":0,"type_inf":"Fibre Operational","status":"Operational","type_":3}},{"type":"Feature","id":"trx_geocatalogue.fid-7c38bf73_19d20a9a0d0_-b5d","geometry":{"type":"LineString","coordinates":[[-7.6307428,54.94264026],[-7.48568562,54.8335466]]},"geometry_name":"geom","properties":{"uid":25134,"id":0,"type_inf":"Fibre Operational","status":"Operational","type_":3}},{"type":"Feature","id":"trx_geocatalogue.fid-7c38bf73_19d20a9a0d0_-b5c","geometry":{"type":"LineString","coordinates":[[-7.59182941,54.87179644],[-7.56173843,54.90456888]]},"geometry_name":"geom","properties":{"uid":25135,"id":0,"type_inf":"Fibre Operational","status":"Operational","type_":3}},{"type":"Feature","id":"trx_geocatalogue.fid-7c38bf73_19d20a9a0d0_-b5b","geometry":{"type":"LineString","coordinates":[[-7.52334059,54.99653968],[-7.39770505,55.05269496]]},"geometry_name":"geom","properties":{"uid":25136,"id":0,"type_inf":"Fibre Operational","status":"Operational","type_":3}},{"type":"Feature","id":"trx_geocatalogue.fid-7c38bf73_19d20a9a0d0_-b5a","geometry":{"type":"LineString","coordinates":[[-7.39770505,55.05269496],[-7.47042931,55.09070289]]},"geometry_name":"geom","properties":{"uid":25137,"id":0,"type_inf":"Fibre Operational","status":"Operational","type_":3}},{"type":"Feature","id":"trx_geocatalogue.fid-7c38bf73_19d20a9a0d0_-b59","geometry":{"type":"LineString","coordinates":[[-7.47042931,55.09070289],[-7.45100497,55.13645199]]},"geometry_name":"geom","properties":{"uid":25138,"id":0,"type_inf":"Fibre Operational","status":"Operational","type_":3}},{"type":"Feature","id":"trx_geocatalogue.fid-7c38bf73_19d20a9a0d0_-b58","geometry":{"type":"LineString","coordinates":[[-7.39770505,55.05269496],[-7.20639638,55.12693414]]},"geometry_name":"geom","properties":{"uid":25139,"id":0,"type_inf":"Fibre Operational","status":"Operational","type_":3}},{"type":"Feature","id":"trx_geocatalogue.fid-7c38bf73_19d20a9a0d0_-b57","geometry":{"type":"LineString","coordinates":[[-7.20639638,55.12693414],[-7.04684955,55.19403098]]},"geometry_name":"geom","properties":{"uid":25140,"id":0,"type_inf":"Fibre Operational","status":"Operational","type_":3}},{"type":"Feature","id":"trx_geocatalogue.fid-7c38bf73_19d20a9a0d0_-b56","geometry":{"type":"LineString","coordinates":[[-7.04684955,55.19403098],[-6.98825533,55.20860518]]},"geometry_name":"geom","properties":{"uid":25141,"id":0,"type_inf":"Fibre Operational","status":"Operational","type_":3}},{"type":"Feature","id":"trx_geocatalogue.fid-7c38bf73_19d20a9a0d0_-b55","geometry":{"type":"LineString","coordinates":[[-7.20639638,55.12693414],[-7.25969631,55.25352147]]},"geometry_name":"geom","properties":{"uid":25142,"id":0,"type_inf":"Fibre Operational","status":"Operational","type_":3}},{"type":"Feature","id":"trx_geocatalogue.fid-7c38bf73_19d20a9a0d0_-b54","geometry":{"type":"LineString","coordinates":[[-7.41340552,55.26267843],[-7.25969631,55.25352147]]},"geometry_name":"geom","properties":{"uid":25143,"id":0,"type_inf":"Fibre Operational","status":"Operational","type_":3}},{"type":"Feature","id":"trx_geocatalogue.fid-7c38bf73_19d20a9a0d0_-b53","geometry":{"type":"LineString","coordinates":[[-7.25969631,55.25352147],[-7.26058464,55.29985751]]},"geometry_name":"geom","properties":{"uid":25144,"id":0,"type_inf":"Fibre Operational","status":"Operational","type_":3}},{"type":"Feature","id":"trx_geocatalogue.fid-7c38bf73_19d20a9a0d0_-b52","geometry":{"type":"LineString","coordinates":[[-7.23051745,55.28409291],[-7.16659593,55.2870679]]},"geometry_name":"geom","properties":{"uid":25145,"id":0,"type_inf":"Fibre Operational","status":"Operational","type_":3}},{"type":"Feature","id":"trx_geocatalogue.fid-7c38bf73_19d20a9a0d0_-b51","geometry":{"type":"LineString","coordinates":[[-7.26058464,55.29985751],[-7.33524023,55.36172349]]},"geometry_name":"geom","properties":{"uid":25146,"id":0,"type_inf":"Fibre Operational","status":"Operational","type_":3}},{"type":"Feature","id":"trx_geocatalogue.fid-7c38bf73_19d20a9a0d0_-b50","geometry":{"type":"LineString","coordinates":[[-7.71460959,54.95650525],[-7.78118691,55.02955074]]},"geometry_name":"geom","properties":{"uid":25147,"id":0,"type_inf":"Fibre Operational","status":"Operational","type_":3}},{"type":"Feature","id":"trx_geocatalogue.fid-7c38bf73_19d20a9a0d0_-b4f","geometry":{"type":"LineString","coordinates":[[-7.78118691,55.02955074],[-7.70123702,55.08808548]]},"geometry_name":"geom","properties":{"uid":25148,"id":0,"type_inf":"Fibre Operational","status":"Operational","type_":3}},{"type":"Feature","id":"trx_geocatalogue.fid-7c38bf73_19d20a9a0d0_-b4e","geometry":{"type":"LineString","coordinates":[[-7.74141748,55.04579485],[-7.64698531,55.03597528]]},"geometry_name":"geom","properties":{"uid":25149,"id":0,"type_inf":"Fibre Operational","status":"Operational","type_":3}},{"type":"Feature","id":"trx_geocatalogue.fid-7c38bf73_19d20a9a0d0_-b4d","geometry":{"type":"LineString","coordinates":[[-7.70123702,55.08808548],[-7.66566408,55.1369834]]},"geometry_name":"geom","properties":{"uid":25150,"id":0,"type_inf":"Fibre Operational","status":"Operational","type_":3}},{"type":"Feature","id":"trx_geocatalogue.fid-7c38bf73_19d20a9a0d0_-b4c","geometry":{"type":"LineString","coordinates":[[-7.66566408,55.1369834],[-7.69996468,55.22320698]]},"geometry_name":"geom","properties":{"uid":25151,"id":0,"type_inf":"Fibre Operational","status":"Operational","type_":3}},{"type":"Feature","id":"trx_geocatalogue.fid-7c38bf73_19d20a9a0d0_-b4b","geometry":{"type":"LineString","coordinates":[[-7.78118691,55.02955074],[-7.90659707,55.12105672]]},"geometry_name":"geom","properties":{"uid":25152,"id":0,"type_inf":"Fibre Operational","status":"Operational","type_":3}},{"type":"Feature","id":"trx_geocatalogue.fid-7c38bf73_19d20a9a0d0_-b4a","geometry":{"type":"LineString","coordinates":[[-7.90659707,55.12105672],[-7.96798717,55.17816378]]},"geometry_name":"geom","properties":{"uid":25153,"id":0,"type_inf":"Fibre Operational","status":"Operational","type_":3}},{"type":"Feature","id":"trx_geocatalogue.fid-7c38bf73_19d20a9a0d0_-b49","geometry":{"type":"LineString","coordinates":[[-8.11646553,55.13390581],[-7.96798717,55.17816378]]},"geometry_name":"geom","properties":{"uid":25154,"id":0,"type_inf":"Fibre Operational","status":"Operational","type_":3}},{"type":"Feature","id":"trx_geocatalogue.fid-7c38bf73_19d20a9a0d0_-b48","geometry":{"type":"LineString","coordinates":[[-8.11646553,55.13390581],[-8.28873851,55.08298534]]},"geometry_name":"geom","properties":{"uid":25155,"id":0,"type_inf":"Fibre Operational","status":"Operational","type_":3}},{"type":"Feature","id":"trx_geocatalogue.fid-7c38bf73_19d20a9a0d0_-b47","geometry":{"type":"LineString","coordinates":[[-8.28873851,55.08298534],[-8.31848177,55.02016757]]},"geometry_name":"geom","properties":{"uid":25156,"id":0,"type_inf":"Fibre Operational","status":"Operational","type_":3}},{"type":"Feature","id":"trx_geocatalogue.fid-7c38bf73_19d20a9a0d0_-b46","geometry":{"type":"LineString","coordinates":[[-8.42282114,54.98185825],[-8.31848177,55.02016757]]},"geometry_name":"geom","properties":{"uid":25157,"id":0,"type_inf":"Fibre Operational","status":"Operational","type_":3}},{"type":"Feature","id":"trx_geocatalogue.fid-7c38bf73_19d20a9a0d0_-b45","geometry":{"type":"LineString","coordinates":[[-8.42282114,54.98185825],[-8.3532219,54.95152012]]},"geometry_name":"geom","properties":{"uid":25158,"id":0,"type_inf":"Fibre Operational","status":"Operational","type_":3}},{"type":"Feature","id":"trx_geocatalogue.fid-7c38bf73_19d20a9a0d0_-b44","geometry":{"type":"LineString","coordinates":[[-8.3532219,54.95152012],[-8.31839254,54.85262972]]},"geometry_name":"geom","properties":{"uid":25159,"id":0,"type_inf":"Fibre Operational","status":"Operational","type_":3}},{"type":"Feature","id":"trx_geocatalogue.fid-7c38bf73_19d20a9a0d0_-b43","geometry":{"type":"LineString","coordinates":[[-8.31129839,54.92444234],[-8.20631993,54.90640554]]},"geometry_name":"geom","properties":{"uid":25160,"id":0,"type_inf":"Fibre Operational","status":"Operational","type_":3}},{"type":"Feature","id":"trx_geocatalogue.fid-7c38bf73_19d20a9a0d0_-b42","geometry":{"type":"LineString","coordinates":[[-8.31839254,54.85262972],[-8.28663202,54.79053785]]},"geometry_name":"geom","properties":{"uid":25161,"id":0,"type_inf":"Fibre Operational","status":"Operational","type_":3}},{"type":"Feature","id":"trx_geocatalogue.fid-7c38bf73_19d20a9a0d0_-b41","geometry":{"type":"LineString","coordinates":[[-8.45428951,54.83368326],[-8.36697777,54.82950184]]},"geometry_name":"geom","properties":{"uid":25162,"id":0,"type_inf":"Fibre Operational","status":"Operational","type_":3}},{"type":"Feature","id":"trx_geocatalogue.fid-7c38bf73_19d20a9a0d0_-b40","geometry":{"type":"LineString","coordinates":[[-8.28663202,54.79053785],[-8.41036399,54.76317404]]},"geometry_name":"geom","properties":{"uid":25163,"id":0,"type_inf":"Fibre Operational","status":"Operational","type_":3}},{"type":"Feature","id":"trx_geocatalogue.fid-7c38bf73_19d20a9a0d0_-b3f","geometry":{"type":"LineString","coordinates":[[-8.41036399,54.76317404],[-8.44427131,54.64777018]]},"geometry_name":"geom","properties":{"uid":25164,"id":0,"type_inf":"Fibre Operational","status":"Operational","type_":3}},{"type":"Feature","id":"trx_geocatalogue.fid-7c38bf73_19d20a9a0d0_-b3e","geometry":{"type":"LineString","coordinates":[[-8.44427131,54.64777018],[-8.59195124,54.6322718]]},"geometry_name":"geom","properties":{"uid":25165,"id":0,"type_inf":"Fibre Operational","status":"Operational","type_":3}},{"type":"Feature","id":"trx_geocatalogue.fid-7c38bf73_19d20a9a0d0_-b3d","geometry":{"type":"LineString","coordinates":[[-8.59195124,54.6322718],[-8.63418668,54.65725614]]},"geometry_name":"geom","properties":{"uid":25166,"id":0,"type_inf":"Fibre Operational","status":"Operational","type_":3}},{"type":"Feature","id":"trx_geocatalogue.fid-7c38bf73_19d20a9a0d0_-b3c","geometry":{"type":"LineString","coordinates":[[-8.71508835,54.70038387],[-8.63418668,54.65725614]]},"geometry_name":"geom","properties":{"uid":25167,"id":0,"type_inf":"Fibre Operational","status":"Operational","type_":3}},{"type":"Feature","id":"trx_geocatalogue.fid-7c38bf73_19d20a9a0d0_-b3b","geometry":{"type":"LineString","coordinates":[[-8.44427131,54.64777018],[-8.2372582,54.65133938]]},"geometry_name":"geom","properties":{"uid":25168,"id":0,"type_inf":"Fibre Operational","status":"Operational","type_":3}},{"type":"Feature","id":"trx_geocatalogue.fid-7c38bf73_19d20a9a0d0_-b3a","geometry":{"type":"LineString","coordinates":[[-8.2372582,54.65133938],[-8.10341352,54.65728803]]},"geometry_name":"geom","properties":{"uid":25169,"id":0,"type_inf":"Fibre Operational","status":"Operational","type_":3}},{"type":"Feature","id":"trx_geocatalogue.fid-7c38bf73_19d20a9a0d0_-b39","geometry":{"type":"LineString","coordinates":[[-6.9662295,54.24848119],[-6.90436352,54.12712868]]},"geometry_name":"geom","properties":{"uid":25046,"id":0,"type_inf":"Fibre Operational","status":"Operational","type_":3}},{"type":"Feature","id":"trx_geocatalogue.fid-7c38bf73_19d20a9a0d0_-b38","geometry":{"type":"LineString","coordinates":[[-6.90436352,54.12712868],[-6.73780125,54.11999029]]},"geometry_name":"geom","properties":{"uid":25047,"id":0,"type_inf":"Fibre Operational","status":"Operational","type_":3}},{"type":"Feature","id":"trx_geocatalogue.fid-7c38bf73_19d20a9a0d0_-b37","geometry":{"type":"LineString","coordinates":[[-6.73780125,54.11999029],[-6.71959837,53.97490266]]},"geometry_name":"geom","properties":{"uid":25048,"id":0,"type_inf":"Fibre Operational","status":"Operational","type_":3}},{"type":"Feature","id":"trx_geocatalogue.fid-7c38bf73_19d20a9a0d0_-b36","geometry":{"type":"LineString","coordinates":[[-6.71959837,53.97490266],[-6.40550952,54.00274235]]},"geometry_name":"geom","properties":{"uid":25049,"id":0,"type_inf":"Fibre Operational","status":"Operational","type_":3}},{"type":"Feature","id":"trx_geocatalogue.fid-7c38bf73_19d20a9a0d0_-b35","geometry":{"type":"LineString","coordinates":[[-6.40550952,54.00274235],[-6.36436132,54.10413845]]},"geometry_name":"geom","properties":{"uid":25050,"id":0,"type_inf":"Fibre Operational","status":"Operational","type_":3}},{"type":"Feature","id":"trx_geocatalogue.fid-7c38bf73_19d20a9a0d0_-b34","geometry":{"type":"LineString","coordinates":[[-6.97556187,54.3914401],[-6.9662295,54.24848119]]},"geometry_name":"geom","properties":{"uid":25051,"id":0,"type_inf":"Fibre Operational","status":"Operational","type_":3}},{"type":"Feature","id":"trx_geocatalogue.fid-7c38bf73_19d20a9a0d0_-b33","geometry":{"type":"LineString","coordinates":[[-6.91673671,53.62018451],[-6.6854531,53.64968983]]},"geometry_name":"geom","properties":{"uid":25052,"id":0,"type_inf":"Fibre Operational","status":"Operational","type_":3}},{"type":"Feature","id":"trx_geocatalogue.fid-7c38bf73_19d20a9a0d0_-b32","geometry":{"type":"LineString","coordinates":[[2.35840768,48.86714512],[1.09802749,49.43024842]]},"geometry_name":"geom","properties":{"uid":25428,"id":0,"type_inf":"Fibre Operational","status":"Operational","type_":3}},{"type":"Feature","id":"trx_geocatalogue.fid-7c38bf73_19d20a9a0d0_-b31","geometry":{"type":"LineString","coordinates":[[1.14323725,49.01860167],[1.19289486,49.23043555]]},"geometry_name":"geom","properties":{"uid":25429,"id":0,"type_inf":"Fibre Operational","status":"Operational","type_":3}},{"type":"Feature","id":"trx_geocatalogue.fid-7c38bf73_19d20a9a0d0_-b30","geometry":{"type":"LineString","coordinates":[[1.09802749,49.43024842],[1.08279894,49.91803793]]},"geometry_name":"geom","properties":{"uid":25430,"id":0,"type_inf":"Fibre Operational","status":"Operational","type_":3}},{"type":"Feature","id":"trx_geocatalogue.fid-7c38bf73_19d20a9a0d0_-b2f","geometry":{"type":"LineString","coordinates":[[1.08279894,49.91803793],[0.11768956,49.49687333]]},"geometry_name":"geom","properties":{"uid":25431,"id":0,"type_inf":"Fibre Operational","status":"Operational","type_":3}},{"type":"Feature","id":"trx_geocatalogue.fid-7c38bf73_19d20a9a0d0_-b2e","geometry":{"type":"LineString","coordinates":[[-0.35106426,49.18992286],[1.09802749,49.43024842]]},"geometry_name":"geom","properties":{"uid":25432,"id":0,"type_inf":"Fibre Operational","status":"Operational","type_":3}},{"type":"Feature","id":"trx_geocatalogue.fid-7c38bf73_19d20a9a0d0_-b2d","geometry":{"type":"LineString","coordinates":[[0.11768956,49.49687333],[1.09802749,49.43024842]]},"geometry_name":"geom","properties":{"uid":25433,"id":0,"type_inf":"Fibre Operational","status":"Operational","type_":3}},{"type":"Feature","id":"trx_geocatalogue.fid-7c38bf73_19d20a9a0d0_-b2c","geometry":{"type":"LineString","coordinates":[[1.08279894,49.91803793],[1.83278474,50.1055356]]},"geometry_name":"geom","properties":{"uid":25434,"id":0,"type_inf":"Fibre Operational","status":"Operational","type_":3}},{"type":"Feature","id":"trx_geocatalogue.fid-7c38bf73_19d20a9a0d0_-b2b","geometry":{"type":"LineString","coordinates":[[1.83278474,50.1055356],[2.29292491,49.89264522]]},"geometry_name":"geom","properties":{"uid":25435,"id":0,"type_inf":"Fibre Operational","status":"Operational","type_":3}},{"type":"Feature","id":"trx_geocatalogue.fid-7c38bf73_19d20a9a0d0_-b2a","geometry":{"type":"LineString","coordinates":[[1.83278474,50.1055356],[1.61080134,50.71706093]]},"geometry_name":"geom","properties":{"uid":25436,"id":0,"type_inf":"Fibre Operational","status":"Operational","type_":3}},{"type":"Feature","id":"trx_geocatalogue.fid-7c38bf73_19d20a9a0d0_-b29","geometry":{"type":"LineString","coordinates":[[1.61080134,50.71706093],[1.87404519,50.94937787]]},"geometry_name":"geom","properties":{"uid":25437,"id":0,"type_inf":"Fibre Operational","status":"Operational","type_":3}},{"type":"Feature","id":"trx_geocatalogue.fid-7c38bf73_19d20a9a0d0_-b28","geometry":{"type":"LineString","coordinates":[[1.87404519,50.94937787],[2.36007596,51.0280005]]},"geometry_name":"geom","properties":{"uid":25438,"id":0,"type_inf":"Fibre Operational","status":"Operational","type_":3}},{"type":"Feature","id":"trx_geocatalogue.fid-7c38bf73_19d20a9a0d0_-b27","geometry":{"type":"LineString","coordinates":[[1.87404519,50.94937787],[2.64061176,50.52818736]]},"geometry_name":"geom","properties":{"uid":25439,"id":0,"type_inf":"Fibre Operational","status":"Operational","type_":3}},{"type":"Feature","id":"trx_geocatalogue.fid-7c38bf73_19d20a9a0d0_-b26","geometry":{"type":"LineString","coordinates":[[-0.35106426,49.18992286],[-0.70686251,49.27469852]]},"geometry_name":"geom","properties":{"uid":25547,"id":0,"type_inf":"Fibre Operational","status":"Operational","type_":3}},{"type":"Feature","id":"trx_geocatalogue.fid-7c38bf73_19d20a9a0d0_-b25","geometry":{"type":"LineString","coordinates":[[-0.70686251,49.27469852],[-1.10132559,49.10258418]]},"geometry_name":"geom","properties":{"uid":25548,"id":0,"type_inf":"Fibre Operational","status":"Operational","type_":3}},{"type":"Feature","id":"trx_geocatalogue.fid-7c38bf73_19d20a9a0d0_-b24","geometry":{"type":"LineString","coordinates":[[-1.10132559,49.10258418],[-1.62450958,49.63558344]]},"geometry_name":"geom","properties":{"uid":25549,"id":0,"type_inf":"Fibre Operational","status":"Operational","type_":3}},{"type":"Feature","id":"trx_geocatalogue.fid-7c38bf73_19d20a9a0d0_-b23","geometry":{"type":"LineString","coordinates":[[-0.95432645,48.97488644],[-1.10132559,49.10258418]]},"geometry_name":"geom","properties":{"uid":25551,"id":0,"type_inf":"Fibre Operational","status":"Operational","type_":3}},{"type":"Feature","id":"trx_geocatalogue.fid-7c38bf73_19d20a9a0d0_-b22","geometry":{"type":"LineString","coordinates":[[-0.95432645,48.97488644],[-0.35106426,49.18992286]]},"geometry_name":"geom","properties":{"uid":25552,"id":0,"type_inf":"Fibre Operational","status":"Operational","type_":3}},{"type":"Feature","id":"trx_geocatalogue.fid-7c38bf73_19d20a9a0d0_-b21","geometry":{"type":"LineString","coordinates":[[-1.10132559,49.10258418],[-1.62450958,49.63558344]]},"geometry_name":"geom","properties":{"uid":25553,"id":0,"type_inf":"Fibre Operational","status":"Operational","type_":3}},{"type":"Feature","id":"trx_geocatalogue.fid-7c38bf73_19d20a9a0d0_-b20","geometry":{"type":"LineString","coordinates":[[1.87404519,50.94937787],[2.12966028,50.98136957]]},"geometry_name":"geom","properties":{"uid":25672,"id":0,"type_inf":"Fibre Operational","status":"Operational","type_":3}},{"type":"Feature","id":"trx_geocatalogue.fid-7c38bf73_19d20a9a0d0_-b1f","geometry":{"type":"LineString","coordinates":[[1.58745258,48.96174649],[1.46713855,49.08630796]]},"geometry_name":"geom","properties":{"uid":25722,"id":0,"type_inf":"Fibre Operational","status":"Operational","type_":3}},{"type":"Feature","id":"trx_geocatalogue.fid-7c38bf73_19d20a9a0d0_-b1e","geometry":{"type":"LineString","coordinates":[[1.46713855,49.08630796],[0.40594617,49.14158306]]},"geometry_name":"geom","properties":{"uid":25723,"id":0,"type_inf":"Fibre Operational","status":"Operational","type_":3}},{"type":"Feature","id":"trx_geocatalogue.fid-7c38bf73_19d20a9a0d0_-b1d","geometry":{"type":"LineString","coordinates":[[0.40594617,49.14158306],[-0.35106426,49.18992286]]},"geometry_name":"geom","properties":{"uid":25724,"id":0,"type_inf":"Fibre Operational","status":"Operational","type_":3}},{"type":"Feature","id":"trx_geocatalogue.fid-7c38bf73_19d20a9a0d0_-b1c","geometry":{"type":"LineString","coordinates":[[-0.35106426,49.18992286],[-0.76159983,48.85464385]]},"geometry_name":"geom","properties":{"uid":25725,"id":0,"type_inf":"Fibre Operational","status":"Operational","type_":3}},{"type":"Feature","id":"trx_geocatalogue.fid-7c38bf73_19d20a9a0d0_-b1b","geometry":{"type":"LineString","coordinates":[[2.29292491,49.89264522],[1.83278474,50.1055356]]},"geometry_name":"geom","properties":{"uid":26404,"id":0,"type_inf":"Fibre Operational","status":"Operational","type_":3}},{"type":"Feature","id":"trx_geocatalogue.fid-7c38bf73_19d20a9a0d0_-b1a","geometry":{"type":"LineString","coordinates":[[1.83278474,50.1055356],[1.58513537,50.40825589]]},"geometry_name":"geom","properties":{"uid":26405,"id":0,"type_inf":"Fibre Operational","status":"Operational","type_":3}},{"type":"Feature","id":"trx_geocatalogue.fid-7c38bf73_19d20a9a0d0_-b19","geometry":{"type":"LineString","coordinates":[[1.58513537,50.40825589],[1.61080134,50.71706093]]},"geometry_name":"geom","properties":{"uid":26406,"id":0,"type_inf":"Fibre Operational","status":"Operational","type_":3}},{"type":"Feature","id":"trx_geocatalogue.fid-7c38bf73_19d20a9a0d0_-b18","geometry":{"type":"LineString","coordinates":[[1.61080134,50.71706093],[2.23611376,50.73326569]]},"geometry_name":"geom","properties":{"uid":26407,"id":0,"type_inf":"Fibre Operational","status":"Operational","type_":3}},{"type":"Feature","id":"trx_geocatalogue.fid-7c38bf73_19d20a9a0d0_-b17","geometry":{"type":"LineString","coordinates":[[1.87404519,50.94937787],[2.23611376,50.73326569]]},"geometry_name":"geom","properties":{"uid":26409,"id":0,"type_inf":"Fibre Operational","status":"Operational","type_":3}},{"type":"Feature","id":"trx_geocatalogue.fid-7c38bf73_19d20a9a0d0_-b16","geometry":{"type":"LineString","coordinates":[[0.11768956,49.49687333],[2.29292491,49.89264522]]},"geometry_name":"geom","properties":{"uid":26411,"id":0,"type_inf":"Fibre Operational","status":"Operational","type_":3}},{"type":"Feature","id":"trx_geocatalogue.fid-7c38bf73_19d20a9a0d0_-b15","geometry":{"type":"LineString","coordinates":[[0.11768956,49.49687333],[0.09529932,49.35808077]]},"geometry_name":"geom","properties":{"uid":26412,"id":0,"type_inf":"Fibre Operational","status":"Operational","type_":3}},{"type":"Feature","id":"trx_geocatalogue.fid-7c38bf73_19d20a9a0d0_-b14","geometry":{"type":"LineString","coordinates":[[-0.35106426,49.18992286],[0.09529932,49.35808077]]},"geometry_name":"geom","properties":{"uid":26413,"id":0,"type_inf":"Fibre Operational","status":"Operational","type_":3}},{"type":"Feature","id":"trx_geocatalogue.fid-7c38bf73_19d20a9a0d0_-b13","geometry":{"type":"LineString","coordinates":[[-0.35106426,49.18992286],[0.09144666,48.43623595]]},"geometry_name":"geom","properties":{"uid":26414,"id":0,"type_inf":"Fibre Operational","status":"Operational","type_":3}},{"type":"Feature","id":"trx_geocatalogue.fid-7c38bf73_19d20a9a0d0_-b12","geometry":{"type":"LineString","coordinates":[[1.19289486,49.23043555],[0.58218632,49.10889773]]},"geometry_name":"geom","properties":{"uid":26415,"id":0,"type_inf":"Fibre Operational","status":"Operational","type_":3}},{"type":"Feature","id":"trx_geocatalogue.fid-7c38bf73_19d20a9a0d0_-b11","geometry":{"type":"LineString","coordinates":[[0.1633519,48.61648209],[0.58218632,49.10889773]]},"geometry_name":"geom","properties":{"uid":26416,"id":0,"type_inf":"Fibre Operational","status":"Operational","type_":3}},{"type":"Feature","id":"trx_geocatalogue.fid-7c38bf73_19d20a9a0d0_-b10","geometry":{"type":"LineString","coordinates":[[-0.1078704,51.50274018],[-0.10241251,51.37389138]]},"geometry_name":"geom","properties":{"uid":26726,"id":0,"type_inf":"Fibre Operational","status":"Operational","type_":3}},{"type":"Feature","id":"trx_geocatalogue.fid-7c38bf73_19d20a9a0d0_-b0f","geometry":{"type":"LineString","coordinates":[[-0.10241251,51.37389138],[-0.1717738,51.23909491]]},"geometry_name":"geom","properties":{"uid":26727,"id":0,"type_inf":"Fibre Operational","status":"Operational","type_":3}},{"type":"Feature","id":"trx_geocatalogue.fid-7c38bf73_19d20a9a0d0_-b0e","geometry":{"type":"LineString","coordinates":[[-0.1717738,51.23909491],[-0.14213464,50.84220181]]},"geometry_name":"geom","properties":{"uid":26728,"id":0,"type_inf":"Fibre Operational","status":"Operational","type_":3}},{"type":"Feature","id":"trx_geocatalogue.fid-7c38bf73_19d20a9a0d0_-b0d","geometry":{"type":"LineString","coordinates":[[-0.14213464,50.84220181],[0.23904014,50.82387897]]},"geometry_name":"geom","properties":{"uid":26729,"id":0,"type_inf":"Fibre Operational","status":"Operational","type_":3}},{"type":"Feature","id":"trx_geocatalogue.fid-7c38bf73_19d20a9a0d0_-b0c","geometry":{"type":"LineString","coordinates":[[0.23904014,50.82387897],[0.68352346,51.06848756]]},"geometry_name":"geom","properties":{"uid":26730,"id":0,"type_inf":"Fibre Operational","status":"Operational","type_":3}},{"type":"Feature","id":"trx_geocatalogue.fid-7c38bf73_19d20a9a0d0_-b0b","geometry":{"type":"LineString","coordinates":[[0.23904014,50.82387897],[0.2780633,50.77248261]]},"geometry_name":"geom","properties":{"uid":26731,"id":0,"type_inf":"Fibre Operational","status":"Operational","type_":3}},{"type":"Feature","id":"trx_geocatalogue.fid-7c38bf73_19d20a9a0d0_-b0a","geometry":{"type":"LineString","coordinates":[[0.68352346,51.06848756],[1.16798172,51.08847503]]},"geometry_name":"geom","properties":{"uid":26732,"id":0,"type_inf":"Fibre Operational","status":"Operational","type_":3}},{"type":"Feature","id":"trx_geocatalogue.fid-7c38bf73_19d20a9a0d0_-b09","geometry":{"type":"LineString","coordinates":[[1.16798172,51.08847503],[1.31756,51.125559]]},"geometry_name":"geom","properties":{"uid":26733,"id":0,"type_inf":"Fibre Operational","status":"Operational","type_":3}},{"type":"Feature","id":"trx_geocatalogue.fid-7c38bf73_19d20a9a0d0_-b08","geometry":{"type":"LineString","coordinates":[[1.31756,51.125559],[1.383085,51.38352819]]},"geometry_name":"geom","properties":{"uid":26734,"id":0,"type_inf":"Fibre Operational","status":"Operational","type_":3}},{"type":"Feature","id":"trx_geocatalogue.fid-7c38bf73_19d20a9a0d0_-b07","geometry":{"type":"LineString","coordinates":[[0.87817824,51.15057995],[1.16798172,51.08847503]]},"geometry_name":"geom","properties":{"uid":26735,"id":0,"type_inf":"Fibre Operational","status":"Operational","type_":3}},{"type":"Feature","id":"trx_geocatalogue.fid-7c38bf73_19d20a9a0d0_-b06","geometry":{"type":"LineString","coordinates":[[0.87817824,51.15057995],[0.52411444,51.27621549]]},"geometry_name":"geom","properties":{"uid":26736,"id":0,"type_inf":"Fibre Operational","status":"Operational","type_":3}},{"type":"Feature","id":"trx_geocatalogue.fid-7c38bf73_19d20a9a0d0_-b05","geometry":{"type":"LineString","coordinates":[[0.52411444,51.27621549],[-0.19997127,51.08777414]]},"geometry_name":"geom","properties":{"uid":26737,"id":0,"type_inf":"Fibre Operational","status":"Operational","type_":3}},{"type":"Feature","id":"trx_geocatalogue.fid-7c38bf73_19d20a9a0d0_-b04","geometry":{"type":"LineString","coordinates":[[-0.1717738,51.23909491],[-0.32596287,51.2333842]]},"geometry_name":"geom","properties":{"uid":26738,"id":0,"type_inf":"Fibre Operational","status":"Operational","type_":3}},{"type":"Feature","id":"trx_geocatalogue.fid-7c38bf73_19d20a9a0d0_-b03","geometry":{"type":"LineString","coordinates":[[-0.32596287,51.2333842],[-0.19997127,51.08777414]]},"geometry_name":"geom","properties":{"uid":26739,"id":0,"type_inf":"Fibre Operational","status":"Operational","type_":3}},{"type":"Feature","id":"trx_geocatalogue.fid-7c38bf73_19d20a9a0d0_-b02","geometry":{"type":"LineString","coordinates":[[-0.19997127,51.08777414],[-0.1618999,50.89979672]]},"geometry_name":"geom","properties":{"uid":26740,"id":0,"type_inf":"Fibre Operational","status":"Operational","type_":3}},{"type":"Feature","id":"trx_geocatalogue.fid-7c38bf73_19d20a9a0d0_-b01","geometry":{"type":"LineString","coordinates":[[-0.28039706,50.8460209],[-0.14213464,50.84220181]]},"geometry_name":"geom","properties":{"uid":26741,"id":0,"type_inf":"Fibre Operational","status":"Operational","type_":3}},{"type":"Feature","id":"trx_geocatalogue.fid-7c38bf73_19d20a9a0d0_-b00","geometry":{"type":"LineString","coordinates":[[-0.77532494,50.83174414],[-0.28039706,50.8460209]]},"geometry_name":"geom","properties":{"uid":26742,"id":0,"type_inf":"Fibre Operational","status":"Operational","type_":3}},{"type":"Feature","id":"trx_geocatalogue.fid-7c38bf73_19d20a9a0d0_-aff","geometry":{"type":"LineString","coordinates":[[-0.32596287,51.2333842],[-0.57900368,51.23671644]]},"geometry_name":"geom","properties":{"uid":26743,"id":0,"type_inf":"Fibre Operational","status":"Operational","type_":3}},{"type":"Feature","id":"trx_geocatalogue.fid-7c38bf73_19d20a9a0d0_-afe","geometry":{"type":"LineString","coordinates":[[-0.57900368,51.23671644],[-0.80547866,51.20925752]]},"geometry_name":"geom","properties":{"uid":26744,"id":0,"type_inf":"Fibre Operational","status":"Operational","type_":3}},{"type":"Feature","id":"trx_geocatalogue.fid-7c38bf73_19d20a9a0d0_-afd","geometry":{"type":"LineString","coordinates":[[-0.1078704,51.50274018],[-0.33893093,51.74437346]]},"geometry_name":"geom","properties":{"uid":26745,"id":0,"type_inf":"Fibre Operational","status":"Operational","type_":3}},{"type":"Feature","id":"trx_geocatalogue.fid-7c38bf73_19d20a9a0d0_-afc","geometry":{"type":"LineString","coordinates":[[-0.33893093,51.74437346],[-0.41983261,51.88238219]]},"geometry_name":"geom","properties":{"uid":26746,"id":0,"type_inf":"Fibre Operational","status":"Operational","type_":3}},{"type":"Feature","id":"trx_geocatalogue.fid-7c38bf73_19d20a9a0d0_-afb","geometry":{"type":"LineString","coordinates":[[-0.41983261,51.88238219],[-0.47099102,52.13579479]]},"geometry_name":"geom","properties":{"uid":26747,"id":0,"type_inf":"Fibre Operational","status":"Operational","type_":3}},{"type":"Feature","id":"trx_geocatalogue.fid-7c38bf73_19d20a9a0d0_-afa","geometry":{"type":"LineString","coordinates":[[-0.41983261,51.88238219],[-0.27538445,51.95007885]]},"geometry_name":"geom","properties":{"uid":26748,"id":0,"type_inf":"Fibre Operational","status":"Operational","type_":3}},{"type":"Feature","id":"trx_geocatalogue.fid-7c38bf73_19d20a9a0d0_-af9","geometry":{"type":"LineString","coordinates":[[-0.20410559,51.89988418],[-0.27538445,51.95007885]]},"geometry_name":"geom","properties":{"uid":26749,"id":0,"type_inf":"Fibre Operational","status":"Operational","type_":3}},{"type":"Feature","id":"trx_geocatalogue.fid-7c38bf73_19d20a9a0d0_-af8","geometry":{"type":"LineString","coordinates":[[-0.1078704,51.50274018],[-0.08194915,51.65038475]]},"geometry_name":"geom","properties":{"uid":26750,"id":0,"type_inf":"Fibre Operational","status":"Operational","type_":3}},{"type":"Feature","id":"trx_geocatalogue.fid-7c38bf73_19d20a9a0d0_-af7","geometry":{"type":"LineString","coordinates":[[-0.08194915,51.65038475],[-0.20410559,51.89988418]]},"geometry_name":"geom","properties":{"uid":26751,"id":0,"type_inf":"Fibre Operational","status":"Operational","type_":3}},{"type":"Feature","id":"trx_geocatalogue.fid-7c38bf73_19d20a9a0d0_-af6","geometry":{"type":"LineString","coordinates":[[0.52411444,51.27621549],[0.54527678,51.38840609]]},"geometry_name":"geom","properties":{"uid":26752,"id":0,"type_inf":"Fibre Operational","status":"Operational","type_":3}},{"type":"Feature","id":"trx_geocatalogue.fid-7c38bf73_19d20a9a0d0_-af5","geometry":{"type":"LineString","coordinates":[[-0.1078704,51.50274018],[0.23584442,51.44428205]]},"geometry_name":"geom","properties":{"uid":26753,"id":0,"type_inf":"Fibre Operational","status":"Operational","type_":3}},{"type":"Feature","id":"trx_geocatalogue.fid-7c38bf73_19d20a9a0d0_-af4","geometry":{"type":"LineString","coordinates":[[0.23584442,51.44428205],[0.54527678,51.38840609]]},"geometry_name":"geom","properties":{"uid":26754,"id":0,"type_inf":"Fibre Operational","status":"Operational","type_":3}},{"type":"Feature","id":"trx_geocatalogue.fid-7c38bf73_19d20a9a0d0_-af3","geometry":{"type":"LineString","coordinates":[[-0.33893093,51.74437346],[-0.48764725,51.74794265]]},"geometry_name":"geom","properties":{"uid":26755,"id":0,"type_inf":"Fibre Operational","status":"Operational","type_":3}},{"type":"Feature","id":"trx_geocatalogue.fid-7c38bf73_19d20a9a0d0_-af2","geometry":{"type":"LineString","coordinates":[[-0.77556203,52.03942662],[-0.41983261,51.88238219]]},"geometry_name":"geom","properties":{"uid":26756,"id":0,"type_inf":"Fibre Operational","status":"Operational","type_":3}},{"type":"Feature","id":"trx_geocatalogue.fid-7c38bf73_19d20a9a0d0_-af1","geometry":{"type":"LineString","coordinates":[[-0.48764725,51.74794265],[-0.77556203,52.03942662]]},"geometry_name":"geom","properties":{"uid":26757,"id":0,"type_inf":"Fibre Operational","status":"Operational","type_":3}},{"type":"Feature","id":"trx_geocatalogue.fid-7c38bf73_19d20a9a0d0_-af0","geometry":{"type":"LineString","coordinates":[[-0.67166967,51.79994682],[-0.73142303,51.52177488]]},"geometry_name":"geom","properties":{"uid":26758,"id":0,"type_inf":"Fibre Operational","status":"Operational","type_":3}},{"type":"Feature","id":"trx_geocatalogue.fid-7c38bf73_19d20a9a0d0_-aef","geometry":{"type":"LineString","coordinates":[[-0.73142303,51.52177488],[-0.62701909,51.48051608]]},"geometry_name":"geom","properties":{"uid":26759,"id":0,"type_inf":"Fibre Operational","status":"Operational","type_":3}},{"type":"Feature","id":"trx_geocatalogue.fid-7c38bf73_19d20a9a0d0_-aee","geometry":{"type":"LineString","coordinates":[[-0.1078704,51.50274018],[-0.22552074,51.41090494]]},"geometry_name":"geom","properties":{"uid":26760,"id":0,"type_inf":"Fibre Operational","status":"Operational","type_":3}},{"type":"Feature","id":"trx_geocatalogue.fid-7c38bf73_19d20a9a0d0_-aed","geometry":{"type":"LineString","coordinates":[[-0.57900368,51.23671644],[-0.5753015,51.31810597]]},"geometry_name":"geom","properties":{"uid":26761,"id":0,"type_inf":"Fibre Operational","status":"Operational","type_":3}},{"type":"Feature","id":"trx_geocatalogue.fid-7c38bf73_19d20a9a0d0_-aec","geometry":{"type":"LineString","coordinates":[[-0.5753015,51.31810597],[-0.22552074,51.41090494]]},"geometry_name":"geom","properties":{"uid":26762,"id":0,"type_inf":"Fibre Operational","status":"Operational","type_":3}},{"type":"Feature","id":"trx_geocatalogue.fid-7c38bf73_19d20a9a0d0_-aeb","geometry":{"type":"LineString","coordinates":[[-0.22552074,51.41090494],[-0.10241251,51.37389138]]},"geometry_name":"geom","properties":{"uid":26763,"id":0,"type_inf":"Fibre Operational","status":"Operational","type_":3}},{"type":"Feature","id":"trx_geocatalogue.fid-7c38bf73_19d20a9a0d0_-aea","geometry":{"type":"LineString","coordinates":[[-0.08194915,51.65038475],[0.46651662,51.73342794]]},"geometry_name":"geom","properties":{"uid":26764,"id":0,"type_inf":"Fibre Operational","status":"Operational","type_":3}},{"type":"Feature","id":"trx_geocatalogue.fid-7c38bf73_19d20a9a0d0_-ae9","geometry":{"type":"LineString","coordinates":[[0.46651662,51.73342794],[0.90552717,51.89308977]]},"geometry_name":"geom","properties":{"uid":26765,"id":0,"type_inf":"Fibre Operational","status":"Operational","type_":3}},{"type":"Feature","id":"trx_geocatalogue.fid-7c38bf73_19d20a9a0d0_-ae8","geometry":{"type":"LineString","coordinates":[[0.23584442,51.44428205],[0.46651662,51.73342794]]},"geometry_name":"geom","properties":{"uid":26766,"id":0,"type_inf":"Fibre Operational","status":"Operational","type_":3}},{"type":"Feature","id":"trx_geocatalogue.fid-7c38bf73_19d20a9a0d0_-ae7","geometry":{"type":"LineString","coordinates":[[0.90552717,51.89308977],[1.14755306,52.06702936]]},"geometry_name":"geom","properties":{"uid":26767,"id":0,"type_inf":"Fibre Operational","status":"Operational","type_":3}},{"type":"Feature","id":"trx_geocatalogue.fid-7c38bf73_19d20a9a0d0_-ae6","geometry":{"type":"LineString","coordinates":[[1.14755306,52.06702936],[0.71754975,52.24762946]]},"geometry_name":"geom","properties":{"uid":26768,"id":0,"type_inf":"Fibre Operational","status":"Operational","type_":3}},{"type":"Feature","id":"trx_geocatalogue.fid-7c38bf73_19d20a9a0d0_-ae5","geometry":{"type":"LineString","coordinates":[[0.71754975,52.24762946],[0.13197927,52.19944636]]},"geometry_name":"geom","properties":{"uid":26769,"id":0,"type_inf":"Fibre Operational","status":"Operational","type_":3}},{"type":"Feature","id":"trx_geocatalogue.fid-7c38bf73_19d20a9a0d0_-ae4","geometry":{"type":"LineString","coordinates":[[-0.47099102,52.13579479],[0.13197927,52.19944636]]},"geometry_name":"geom","properties":{"uid":26770,"id":0,"type_inf":"Fibre Operational","status":"Operational","type_":3}},{"type":"Feature","id":"trx_geocatalogue.fid-7c38bf73_19d20a9a0d0_-ae3","geometry":{"type":"LineString","coordinates":[[-0.28165222,52.22153972],[-0.18307624,52.33210032]]},"geometry_name":"geom","properties":{"uid":26771,"id":0,"type_inf":"Fibre Operational","status":"Operational","type_":3}},{"type":"Feature","id":"trx_geocatalogue.fid-7c38bf73_19d20a9a0d0_-ae2","geometry":{"type":"LineString","coordinates":[[1.14755306,52.06702936],[1.590606,52.157846]]},"geometry_name":"geom","properties":{"uid":26772,"id":0,"type_inf":"Fibre Operational","status":"Operational","type_":3}},{"type":"Feature","id":"trx_geocatalogue.fid-7c38bf73_19d20a9a0d0_-ae1","geometry":{"type":"LineString","coordinates":[[1.590606,52.157846],[1.7293698,52.46882931]]},"geometry_name":"geom","properties":{"uid":26773,"id":0,"type_inf":"Fibre Operational","status":"Operational","type_":3}},{"type":"Feature","id":"trx_geocatalogue.fid-7c38bf73_19d20a9a0d0_-ae0","geometry":{"type":"LineString","coordinates":[[1.7293698,52.46882931],[1.7216823,52.59978969]]},"geometry_name":"geom","properties":{"uid":26774,"id":0,"type_inf":"Fibre Operational","status":"Operational","type_":3}},{"type":"Feature","id":"trx_geocatalogue.fid-7c38bf73_19d20a9a0d0_-adf","geometry":{"type":"LineString","coordinates":[[1.28675153,52.63096162],[1.7293698,52.46882931]]},"geometry_name":"geom","properties":{"uid":26775,"id":0,"type_inf":"Fibre Operational","status":"Operational","type_":3}},{"type":"Feature","id":"trx_geocatalogue.fid-7c38bf73_19d20a9a0d0_-ade","geometry":{"type":"LineString","coordinates":[[0.84335694,52.83258531],[1.28675153,52.63096162]]},"geometry_name":"geom","properties":{"uid":26776,"id":0,"type_inf":"Fibre Operational","status":"Operational","type_":3}},{"type":"Feature","id":"trx_geocatalogue.fid-7c38bf73_19d20a9a0d0_-add","geometry":{"type":"LineString","coordinates":[[0.40821982,52.74493681],[0.84335694,52.83258531]]},"geometry_name":"geom","properties":{"uid":26777,"id":0,"type_inf":"Fibre Operational","status":"Operational","type_":3}},{"type":"Feature","id":"trx_geocatalogue.fid-7c38bf73_19d20a9a0d0_-adc","geometry":{"type":"LineString","coordinates":[[0.16194561,52.6628454],[0.40821982,52.74493681]]},"geometry_name":"geom","properties":{"uid":26778,"id":0,"type_inf":"Fibre Operational","status":"Operational","type_":3}},{"type":"Feature","id":"trx_geocatalogue.fid-7c38bf73_19d20a9a0d0_-adb","geometry":{"type":"LineString","coordinates":[[-0.18307624,52.33210032],[-0.24621623,52.57385455]]},"geometry_name":"geom","properties":{"uid":26779,"id":0,"type_inf":"Fibre Operational","status":"Operational","type_":3}},{"type":"Feature","id":"trx_geocatalogue.fid-7c38bf73_19d20a9a0d0_-ada","geometry":{"type":"LineString","coordinates":[[-0.18307624,52.33210032],[0.13197927,52.19944636]]},"geometry_name":"geom","properties":{"uid":26780,"id":0,"type_inf":"Fibre Operational","status":"Operational","type_":3}},{"type":"Feature","id":"trx_geocatalogue.fid-7c38bf73_19d20a9a0d0_-ad9","geometry":{"type":"LineString","coordinates":[[-0.24621623,52.57385455],[0.16194561,52.6628454]]},"geometry_name":"geom","properties":{"uid":26781,"id":0,"type_inf":"Fibre Operational","status":"Operational","type_":3}},{"type":"Feature","id":"trx_geocatalogue.fid-7c38bf73_19d20a9a0d0_-ad8","geometry":{"type":"LineString","coordinates":[[-0.04884576,51.81600818],[0.13197927,52.19944636]]},"geometry_name":"geom","properties":{"uid":26782,"id":0,"type_inf":"Fibre Operational","status":"Operational","type_":3}},{"type":"Feature","id":"trx_geocatalogue.fid-7c38bf73_19d20a9a0d0_-ad7","geometry":{"type":"LineString","coordinates":[[-1.98217183,50.72453746],[-1.87807041,50.72632206]]},"geometry_name":"geom","properties":{"uid":26783,"id":0,"type_inf":"Fibre Operational","status":"Operational","type_":3}},{"type":"Feature","id":"trx_geocatalogue.fid-7c38bf73_19d20a9a0d0_-ad6","geometry":{"type":"LineString","coordinates":[[-1.87807041,50.72632206],[-1.41419449,50.91655996]]},"geometry_name":"geom","properties":{"uid":26784,"id":0,"type_inf":"Fibre Operational","status":"Operational","type_":3}},{"type":"Feature","id":"trx_geocatalogue.fid-7c38bf73_19d20a9a0d0_-ad5","geometry":{"type":"LineString","coordinates":[[-1.41419449,50.91655996],[-1.07678692,50.80793757]]},"geometry_name":"geom","properties":{"uid":26785,"id":0,"type_inf":"Fibre Operational","status":"Operational","type_":3}},{"type":"Feature","id":"trx_geocatalogue.fid-7c38bf73_19d20a9a0d0_-ad4","geometry":{"type":"LineString","coordinates":[[-1.07678692,50.80793757],[-0.77532494,50.83174414]]},"geometry_name":"geom","properties":{"uid":26786,"id":0,"type_inf":"Fibre Operational","status":"Operational","type_":3}},{"type":"Feature","id":"trx_geocatalogue.fid-7c38bf73_19d20a9a0d0_-ad3","geometry":{"type":"LineString","coordinates":[[-1.41419449,50.91655996],[-1.31665146,51.06503734]]},"geometry_name":"geom","properties":{"uid":26787,"id":0,"type_inf":"Fibre Operational","status":"Operational","type_":3}},{"type":"Feature","id":"trx_geocatalogue.fid-7c38bf73_19d20a9a0d0_-ad2","geometry":{"type":"LineString","coordinates":[[-1.31665146,51.06503734],[-1.0900078,51.26610179]]},"geometry_name":"geom","properties":{"uid":26788,"id":0,"type_inf":"Fibre Operational","status":"Operational","type_":3}},{"type":"Feature","id":"trx_geocatalogue.fid-7c38bf73_19d20a9a0d0_-ad1","geometry":{"type":"LineString","coordinates":[[-1.0900078,51.26610179],[-0.5753015,51.31810597]]},"geometry_name":"geom","properties":{"uid":26789,"id":0,"type_inf":"Fibre Operational","status":"Operational","type_":3}},{"type":"Feature","id":"trx_geocatalogue.fid-7c38bf73_19d20a9a0d0_-ad0","geometry":{"type":"LineString","coordinates":[[-1.47988249,51.21018446],[-1.0900078,51.26610179]]},"geometry_name":"geom","properties":{"uid":26790,"id":0,"type_inf":"Fibre Operational","status":"Operational","type_":3}},{"type":"Feature","id":"trx_geocatalogue.fid-7c38bf73_19d20a9a0d0_-acf","geometry":{"type":"LineString","coordinates":[[-1.79896821,51.07312751],[-1.47988249,51.21018446]]},"geometry_name":"geom","properties":{"uid":26791,"id":0,"type_inf":"Fibre Operational","status":"Operational","type_":3}},{"type":"Feature","id":"trx_geocatalogue.fid-7c38bf73_19d20a9a0d0_-ace","geometry":{"type":"LineString","coordinates":[[-1.79896821,51.07312751],[-2.21013907,51.31726021]]},"geometry_name":"geom","properties":{"uid":26792,"id":0,"type_inf":"Fibre Operational","status":"Operational","type_":3}},{"type":"Feature","id":"trx_geocatalogue.fid-7c38bf73_19d20a9a0d0_-acd","geometry":{"type":"LineString","coordinates":[[-0.73142303,51.52177488],[-0.98160848,51.45705453]]},"geometry_name":"geom","properties":{"uid":26793,"id":0,"type_inf":"Fibre Operational","status":"Operational","type_":3}},{"type":"Feature","id":"trx_geocatalogue.fid-7c38bf73_19d20a9a0d0_-acc","geometry":{"type":"LineString","coordinates":[[-1.31843606,51.4029208],[-0.98160848,51.45705453]]},"geometry_name":"geom","properties":{"uid":26794,"id":0,"type_inf":"Fibre Operational","status":"Operational","type_":3}},{"type":"Feature","id":"trx_geocatalogue.fid-7c38bf73_19d20a9a0d0_-acb","geometry":{"type":"LineString","coordinates":[[-1.31843606,51.4029208],[-2.58610878,51.45726273]]},"geometry_name":"geom","properties":{"uid":26795,"id":0,"type_inf":"Fibre Operational","status":"Operational","type_":3}},{"type":"Feature","id":"trx_geocatalogue.fid-7c38bf73_19d20a9a0d0_-aca","geometry":{"type":"LineString","coordinates":[[-2.21013907,51.31726021],[-2.35861744,51.38221949]]},"geometry_name":"geom","properties":{"uid":26796,"id":0,"type_inf":"Fibre Operational","status":"Operational","type_":3}},{"type":"Feature","id":"trx_geocatalogue.fid-7c38bf73_19d20a9a0d0_-ac9","geometry":{"type":"LineString","coordinates":[[-2.35861744,51.38221949],[-2.58610878,51.45726273]]},"geometry_name":"geom","properties":{"uid":26797,"id":0,"type_inf":"Fibre Operational","status":"Operational","type_":3}},{"type":"Feature","id":"trx_geocatalogue.fid-7c38bf73_19d20a9a0d0_-ac8","geometry":{"type":"LineString","coordinates":[[-0.98160848,51.45705453],[-1.24669531,51.61231337]]},"geometry_name":"geom","properties":{"uid":26798,"id":0,"type_inf":"Fibre Operational","status":"Operational","type_":3}},{"type":"Feature","id":"trx_geocatalogue.fid-7c38bf73_19d20a9a0d0_-ac7","geometry":{"type":"LineString","coordinates":[[-1.7901642,51.56174982],[-1.24669531,51.61231337]]},"geometry_name":"geom","properties":{"uid":26799,"id":0,"type_inf":"Fibre Operational","status":"Operational","type_":3}},{"type":"Feature","id":"trx_geocatalogue.fid-7c38bf73_19d20a9a0d0_-ac6","geometry":{"type":"LineString","coordinates":[[-1.24669531,51.61231337],[-1.25762596,51.76162554]]},"geometry_name":"geom","properties":{"uid":26800,"id":0,"type_inf":"Fibre Operational","status":"Operational","type_":3}},{"type":"Feature","id":"trx_geocatalogue.fid-7c38bf73_19d20a9a0d0_-ac5","geometry":{"type":"LineString","coordinates":[[-2.58610878,51.45726273],[-2.99775553,51.58813309]]},"geometry_name":"geom","properties":{"uid":26801,"id":0,"type_inf":"Fibre Operational","status":"Operational","type_":3}},{"type":"Feature","id":"trx_geocatalogue.fid-7c38bf73_19d20a9a0d0_-ac4","geometry":{"type":"LineString","coordinates":[[-2.56705513,51.53912215],[-2.24560791,51.86462646]]},"geometry_name":"geom","properties":{"uid":26802,"id":0,"type_inf":"Fibre Operational","status":"Operational","type_":3}},{"type":"Feature","id":"trx_geocatalogue.fid-7c38bf73_19d20a9a0d0_-ac3","geometry":{"type":"LineString","coordinates":[[-2.58610878,51.45726273],[-1.7901642,51.56174982]]},"geometry_name":"geom","properties":{"uid":26803,"id":0,"type_inf":"Fibre Operational","status":"Operational","type_":3}},{"type":"Feature","id":"trx_geocatalogue.fid-7c38bf73_19d20a9a0d0_-ac2","geometry":{"type":"LineString","coordinates":[[-0.62701909,51.48051608],[-0.51052216,51.43412177]]},"geometry_name":"geom","properties":{"uid":26804,"id":0,"type_inf":"Fibre Operational","status":"Operational","type_":3}},{"type":"Feature","id":"trx_geocatalogue.fid-7c38bf73_19d20a9a0d0_-ac1","geometry":{"type":"LineString","coordinates":[[-0.62701909,51.48051608],[-0.59626964,51.51035347]]},"geometry_name":"geom","properties":{"uid":26805,"id":0,"type_inf":"Fibre Operational","status":"Operational","type_":3}},{"type":"Feature","id":"trx_geocatalogue.fid-7c38bf73_19d20a9a0d0_-ac0","geometry":{"type":"LineString","coordinates":[[-0.51052216,51.43412177],[-0.32226962,51.48491808]]},"geometry_name":"geom","properties":{"uid":26806,"id":0,"type_inf":"Fibre Operational","status":"Operational","type_":3}},{"type":"Feature","id":"trx_geocatalogue.fid-7c38bf73_19d20a9a0d0_-abf","geometry":{"type":"LineString","coordinates":[[-0.32226962,51.48491808],[-0.27372862,51.50883166]]},"geometry_name":"geom","properties":{"uid":26807,"id":0,"type_inf":"Fibre Operational","status":"Operational","type_":3}},{"type":"Feature","id":"trx_geocatalogue.fid-7c38bf73_19d20a9a0d0_-abe","geometry":{"type":"LineString","coordinates":[[-0.27372862,51.50883166],[-0.1078704,51.50274018]]},"geometry_name":"geom","properties":{"uid":26808,"id":0,"type_inf":"Fibre Operational","status":"Operational","type_":3}},{"type":"Feature","id":"trx_geocatalogue.fid-7c38bf73_19d20a9a0d0_-abd","geometry":{"type":"LineString","coordinates":[[-1.0900078,51.26610179],[-0.98160848,51.45705453]]},"geometry_name":"geom","properties":{"uid":26809,"id":0,"type_inf":"Fibre Operational","status":"Operational","type_":3}},{"type":"Feature","id":"trx_geocatalogue.fid-7c38bf73_19d20a9a0d0_-abc","geometry":{"type":"LineString","coordinates":[[-1.31665146,51.06503734],[-0.80547866,51.20925752]]},"geometry_name":"geom","properties":{"uid":26810,"id":0,"type_inf":"Fibre Operational","status":"Operational","type_":3}},{"type":"Feature","id":"trx_geocatalogue.fid-7c38bf73_19d20a9a0d0_-abb","geometry":{"type":"LineString","coordinates":[[-0.73249465,51.22578288],[-0.76854262,51.24480562]]},"geometry_name":"geom","properties":{"uid":26811,"id":0,"type_inf":"Fibre Operational","status":"Operational","type_":3}},{"type":"Feature","id":"trx_geocatalogue.fid-7c38bf73_19d20a9a0d0_-aba","geometry":{"type":"LineString","coordinates":[[-0.92951997,51.45838709],[-0.74889719,51.41196374]]},"geometry_name":"geom","properties":{"uid":26812,"id":0,"type_inf":"Fibre Operational","status":"Operational","type_":3}},{"type":"Feature","id":"trx_geocatalogue.fid-7c38bf73_19d20a9a0d0_-ab9","geometry":{"type":"LineString","coordinates":[[-0.74889719,51.41196374],[-0.51052216,51.43412177]]},"geometry_name":"geom","properties":{"uid":26813,"id":0,"type_inf":"Fibre Operational","status":"Operational","type_":3}},{"type":"Feature","id":"trx_geocatalogue.fid-7c38bf73_19d20a9a0d0_-ab8","geometry":{"type":"LineString","coordinates":[[-2.24560791,51.86462646],[-2.09187477,51.89918224]]},"geometry_name":"geom","properties":{"uid":26814,"id":0,"type_inf":"Fibre Operational","status":"Operational","type_":3}},{"type":"Feature","id":"trx_geocatalogue.fid-7c38bf73_19d20a9a0d0_-ab7","geometry":{"type":"LineString","coordinates":[[-2.09187477,51.89918224],[-1.94744657,52.09534395]]},"geometry_name":"geom","properties":{"uid":26815,"id":0,"type_inf":"Fibre Operational","status":"Operational","type_":3}},{"type":"Feature","id":"trx_geocatalogue.fid-7c38bf73_19d20a9a0d0_-ab6","geometry":{"type":"LineString","coordinates":[[-1.25762596,51.76162554],[-1.33711483,52.06560069]]},"geometry_name":"geom","properties":{"uid":26816,"id":0,"type_inf":"Fibre Operational","status":"Operational","type_":3}},{"type":"Feature","id":"trx_geocatalogue.fid-7c38bf73_19d20a9a0d0_-ab5","geometry":{"type":"LineString","coordinates":[[-0.77556203,52.03942662],[-0.90048373,52.23573215]]},"geometry_name":"geom","properties":{"uid":26817,"id":0,"type_inf":"Fibre Operational","status":"Operational","type_":3}},{"type":"Feature","id":"trx_geocatalogue.fid-7c38bf73_19d20a9a0d0_-ab4","geometry":{"type":"LineString","coordinates":[[-0.90048373,52.23573215],[-1.16579363,52.25952676]]},"geometry_name":"geom","properties":{"uid":26818,"id":0,"type_inf":"Fibre Operational","status":"Operational","type_":3}},{"type":"Feature","id":"trx_geocatalogue.fid-7c38bf73_19d20a9a0d0_-ab3","geometry":{"type":"LineString","coordinates":[[-1.16579363,52.25952676],[-1.50257164,52.40431796]]},"geometry_name":"geom","properties":{"uid":26819,"id":0,"type_inf":"Fibre Operational","status":"Operational","type_":3}},{"type":"Feature","id":"trx_geocatalogue.fid-7c38bf73_19d20a9a0d0_-ab2","geometry":{"type":"LineString","coordinates":[[-0.90048373,52.23573215],[-1.13672951,52.63274621]]},"geometry_name":"geom","properties":{"uid":26820,"id":0,"type_inf":"Fibre Operational","status":"Operational","type_":3}},{"type":"Feature","id":"trx_geocatalogue.fid-7c38bf73_19d20a9a0d0_-ab1","geometry":{"type":"LineString","coordinates":[[-1.50257164,52.40431796],[-1.46679545,52.52126747]]},"geometry_name":"geom","properties":{"uid":26821,"id":0,"type_inf":"Fibre Operational","status":"Operational","type_":3}},{"type":"Feature","id":"trx_geocatalogue.fid-7c38bf73_19d20a9a0d0_-ab0","geometry":{"type":"LineString","coordinates":[[-1.46679545,52.52126747],[-1.13672951,52.63274621]]},"geometry_name":"geom","properties":{"uid":26822,"id":0,"type_inf":"Fibre Operational","status":"Operational","type_":3}},{"type":"Feature","id":"trx_geocatalogue.fid-7c38bf73_19d20a9a0d0_-aaf","geometry":{"type":"LineString","coordinates":[[-3.17859457,51.47867788],[-2.99775553,51.58813309]]},"geometry_name":"geom","properties":{"uid":26823,"id":0,"type_inf":"Fibre Operational","status":"Operational","type_":3}},{"type":"Feature","id":"trx_geocatalogue.fid-7c38bf73_19d20a9a0d0_-aae","geometry":{"type":"LineString","coordinates":[[-2.99775553,51.58813309],[-3.0135352,51.65880909]]},"geometry_name":"geom","properties":{"uid":26824,"id":0,"type_inf":"Fibre Operational","status":"Operational","type_":3}},{"type":"Feature","id":"trx_geocatalogue.fid-7c38bf73_19d20a9a0d0_-aad","geometry":{"type":"LineString","coordinates":[[-3.17859457,51.47867788],[-3.94835021,51.62977366]]},"geometry_name":"geom","properties":{"uid":26825,"id":0,"type_inf":"Fibre Operational","status":"Operational","type_":3}},{"type":"Feature","id":"trx_geocatalogue.fid-7c38bf73_19d20a9a0d0_-aac","geometry":{"type":"LineString","coordinates":[[-2.99775553,51.58813309],[-2.51545452,51.61116038]]},"geometry_name":"geom","properties":{"uid":26826,"id":0,"type_inf":"Fibre Operational","status":"Operational","type_":3}},{"type":"Feature","id":"trx_geocatalogue.fid-7c38bf73_19d20a9a0d0_-aab","geometry":{"type":"LineString","coordinates":[[-2.58610878,51.45726273],[-3.10007236,51.02063164]]},"geometry_name":"geom","properties":{"uid":26827,"id":0,"type_inf":"Fibre Operational","status":"Operational","type_":3}},{"type":"Feature","id":"trx_geocatalogue.fid-7c38bf73_19d20a9a0d0_-aaa","geometry":{"type":"LineString","coordinates":[[-3.10007236,51.02063164],[-3.49254958,50.90918264]]},"geometry_name":"geom","properties":{"uid":26828,"id":0,"type_inf":"Fibre Operational","status":"Operational","type_":3}},{"type":"Feature","id":"trx_geocatalogue.fid-7c38bf73_19d20a9a0d0_-aa9","geometry":{"type":"LineString","coordinates":[[-3.35525416,50.91610249],[-3.5308589,50.7222046]]},"geometry_name":"geom","properties":{"uid":26829,"id":0,"type_inf":"Fibre Operational","status":"Operational","type_":3}},{"type":"Feature","id":"trx_geocatalogue.fid-7c38bf73_19d20a9a0d0_-aa8","geometry":{"type":"LineString","coordinates":[[-3.5308589,50.7222046],[-3.1873837,50.79853771]]},"geometry_name":"geom","properties":{"uid":26830,"id":0,"type_inf":"Fibre Operational","status":"Operational","type_":3}},{"type":"Feature","id":"trx_geocatalogue.fid-7c38bf73_19d20a9a0d0_-aa7","geometry":{"type":"LineString","coordinates":[[-3.1873837,50.79853771],[-2.19479103,51.26017255]]},"geometry_name":"geom","properties":{"uid":26831,"id":0,"type_inf":"Fibre Operational","status":"Operational","type_":3}},{"type":"Feature","id":"trx_geocatalogue.fid-7c38bf73_19d20a9a0d0_-aa6","geometry":{"type":"LineString","coordinates":[[-3.5308589,50.7222046],[-4.15541288,50.38731529]]},"geometry_name":"geom","properties":{"uid":26832,"id":0,"type_inf":"Fibre Operational","status":"Operational","type_":3}},{"type":"Feature","id":"trx_geocatalogue.fid-7c38bf73_19d20a9a0d0_-aa5","geometry":{"type":"LineString","coordinates":[[-4.00151629,50.73571994],[-3.5308589,50.7222046]]},"geometry_name":"geom","properties":{"uid":26833,"id":0,"type_inf":"Fibre Operational","status":"Operational","type_":3}},{"type":"Feature","id":"trx_geocatalogue.fid-7c38bf73_19d20a9a0d0_-aa4","geometry":{"type":"LineString","coordinates":[[-4.35724571,50.63268927],[-4.00151629,50.73571994]]},"geometry_name":"geom","properties":{"uid":26834,"id":0,"type_inf":"Fibre Operational","status":"Operational","type_":3}},{"type":"Feature","id":"trx_geocatalogue.fid-7c38bf73_19d20a9a0d0_-aa3","geometry":{"type":"LineString","coordinates":[[-3.15823479,51.02270234],[-4.0467181,51.07200923]]},"geometry_name":"geom","properties":{"uid":26835,"id":0,"type_inf":"Fibre Operational","status":"Operational","type_":3}},{"type":"Feature","id":"trx_geocatalogue.fid-7c38bf73_19d20a9a0d0_-aa2","geometry":{"type":"LineString","coordinates":[[-4.0467181,51.07200923],[-4.20685582,51.01650831]]},"geometry_name":"geom","properties":{"uid":26836,"id":0,"type_inf":"Fibre Operational","status":"Operational","type_":3}},{"type":"Feature","id":"trx_geocatalogue.fid-7c38bf73_19d20a9a0d0_-aa1","geometry":{"type":"LineString","coordinates":[[-4.20685582,51.01650831],[-4.35247883,50.80901931]]},"geometry_name":"geom","properties":{"uid":26837,"id":0,"type_inf":"Fibre Operational","status":"Operational","type_":3}},{"type":"Feature","id":"trx_geocatalogue.fid-7c38bf73_19d20a9a0d0_-aa0","geometry":{"type":"LineString","coordinates":[[-4.544401,50.82811],[-4.35247883,50.80901931]]},"geometry_name":"geom","properties":{"uid":26838,"id":0,"type_inf":"Fibre Operational","status":"Operational","type_":3}},{"type":"Feature","id":"trx_geocatalogue.fid-7c38bf73_19d20a9a0d0_-a9f","geometry":{"type":"LineString","coordinates":[[-4.35247883,50.80901931],[-4.00151629,50.73571994]]},"geometry_name":"geom","properties":{"uid":26839,"id":0,"type_inf":"Fibre Operational","status":"Operational","type_":3}},{"type":"Feature","id":"trx_geocatalogue.fid-7c38bf73_19d20a9a0d0_-a9e","geometry":{"type":"LineString","coordinates":[[-4.544401,50.82811],[-4.67507531,50.62134489]]},"geometry_name":"geom","properties":{"uid":26840,"id":0,"type_inf":"Fibre Operational","status":"Operational","type_":3}},{"type":"Feature","id":"trx_geocatalogue.fid-7c38bf73_19d20a9a0d0_-a9d","geometry":{"type":"LineString","coordinates":[[-4.67507531,50.62134489],[-4.93162472,50.39289303]]},"geometry_name":"geom","properties":{"uid":26841,"id":0,"type_inf":"Fibre Operational","status":"Operational","type_":3}},{"type":"Feature","id":"trx_geocatalogue.fid-7c38bf73_19d20a9a0d0_-a9c","geometry":{"type":"LineString","coordinates":[[-4.93162472,50.39289303],[-4.35724571,50.63268927]]},"geometry_name":"geom","properties":{"uid":26842,"id":0,"type_inf":"Fibre Operational","status":"Operational","type_":3}},{"type":"Feature","id":"trx_geocatalogue.fid-7c38bf73_19d20a9a0d0_-a9b","geometry":{"type":"LineString","coordinates":[[-4.93162472,50.39289303],[-5.02533197,50.34532742]]},"geometry_name":"geom","properties":{"uid":26843,"id":0,"type_inf":"Fibre Operational","status":"Operational","type_":3}},{"type":"Feature","id":"trx_geocatalogue.fid-7c38bf73_19d20a9a0d0_-a9a","geometry":{"type":"LineString","coordinates":[[-5.02533197,50.34532742],[-5.22711026,50.2425347]]},"geometry_name":"geom","properties":{"uid":26844,"id":0,"type_inf":"Fibre Operational","status":"Operational","type_":3}},{"type":"Feature","id":"trx_geocatalogue.fid-7c38bf73_19d20a9a0d0_-a99","geometry":{"type":"LineString","coordinates":[[-2.02387189,55.7672102],[-1.71422473,55.18786369]]},"geometry_name":"geom","properties":{"uid":26859,"id":0,"type_inf":"Fibre Operational","status":"Operational","type_":3}},{"type":"Feature","id":"trx_geocatalogue.fid-7c38bf73_19d20a9a0d0_-a98","geometry":{"type":"LineString","coordinates":[[-1.58406818,54.9813932],[-1.57034662,54.7725955]]},"geometry_name":"geom","properties":{"uid":26860,"id":0,"type_inf":"Fibre Operational","status":"Operational","type_":3}},{"type":"Feature","id":"trx_geocatalogue.fid-7c38bf73_19d20a9a0d0_-a97","geometry":{"type":"LineString","coordinates":[[-3.18509792,55.95482885],[-3.4330847,56.0650452]]},"geometry_name":"geom","properties":{"uid":26861,"id":0,"type_inf":"Fibre Operational","status":"Operational","type_":3}},{"type":"Feature","id":"trx_geocatalogue.fid-7c38bf73_19d20a9a0d0_-a96","geometry":{"type":"LineString","coordinates":[[-3.45004106,56.39993332],[-2.97314342,56.48471513]]},"geometry_name":"geom","properties":{"uid":26866,"id":0,"type_inf":"Fibre Operational","status":"Operational","type_":3}},{"type":"Feature","id":"trx_geocatalogue.fid-7c38bf73_19d20a9a0d0_-a95","geometry":{"type":"LineString","coordinates":[[-3.45004106,56.39993332],[-3.9502537,56.12439246]]},"geometry_name":"geom","properties":{"uid":26867,"id":0,"type_inf":"Fibre Operational","status":"Operational","type_":3}},{"type":"Feature","id":"trx_geocatalogue.fid-7c38bf73_19d20a9a0d0_-a94","geometry":{"type":"LineString","coordinates":[[-4.24275092,55.86368842],[-3.9502537,56.12439246]]},"geometry_name":"geom","properties":{"uid":26868,"id":0,"type_inf":"Fibre Operational","status":"Operational","type_":3}},{"type":"Feature","id":"trx_geocatalogue.fid-7c38bf73_19d20a9a0d0_-a93","geometry":{"type":"LineString","coordinates":[[-4.41070197,55.88063613],[-4.24275092,55.86368842]]},"geometry_name":"geom","properties":{"uid":26869,"id":0,"type_inf":"Fibre Operational","status":"Operational","type_":3}},{"type":"Feature","id":"trx_geocatalogue.fid-7c38bf73_19d20a9a0d0_-a92","geometry":{"type":"LineString","coordinates":[[-4.56165514,55.9546099],[-4.41070197,55.88063613]]},"geometry_name":"geom","properties":{"uid":26870,"id":0,"type_inf":"Fibre Operational","status":"Operational","type_":3}},{"type":"Feature","id":"trx_geocatalogue.fid-7c38bf73_19d20a9a0d0_-a91","geometry":{"type":"LineString","coordinates":[[-4.41070197,55.88063613],[-4.7834673,55.63788335]]},"geometry_name":"geom","properties":{"uid":26871,"id":0,"type_inf":"Fibre Operational","status":"Operational","type_":3}},{"type":"Feature","id":"trx_geocatalogue.fid-7c38bf73_19d20a9a0d0_-a90","geometry":{"type":"LineString","coordinates":[[-4.24275092,55.86368842],[-3.9925035,55.79601182]]},"geometry_name":"geom","properties":{"uid":26872,"id":0,"type_inf":"Fibre Operational","status":"Operational","type_":3}},{"type":"Feature","id":"trx_geocatalogue.fid-7c38bf73_19d20a9a0d0_-a8f","geometry":{"type":"LineString","coordinates":[[-3.9925035,55.79601182],[-3.50709346,55.88167242]]},"geometry_name":"geom","properties":{"uid":26873,"id":0,"type_inf":"Fibre Operational","status":"Operational","type_":3}},{"type":"Feature","id":"trx_geocatalogue.fid-7c38bf73_19d20a9a0d0_-a8e","geometry":{"type":"LineString","coordinates":[[-3.50709346,55.88167242],[-3.18509792,55.95482885]]},"geometry_name":"geom","properties":{"uid":26874,"id":0,"type_inf":"Fibre Operational","status":"Operational","type_":3}},{"type":"Feature","id":"trx_geocatalogue.fid-7c38bf73_19d20a9a0d0_-a8d","geometry":{"type":"LineString","coordinates":[[-3.9925035,55.79601182],[-3.78039,55.67869425]]},"geometry_name":"geom","properties":{"uid":26875,"id":0,"type_inf":"Fibre Operational","status":"Operational","type_":3}},{"type":"Feature","id":"trx_geocatalogue.fid-7c38bf73_19d20a9a0d0_-a8c","geometry":{"type":"LineString","coordinates":[[-6.9437475,55.048695],[-7.2978113,54.99539507]]},"geometry_name":"geom","properties":{"uid":26891,"id":0,"type_inf":"Fibre Operational","status":"Operational","type_":3}},{"type":"Feature","id":"trx_geocatalogue.fid-7c38bf73_19d20a9a0d0_-a8b","geometry":{"type":"LineString","coordinates":[[-3.78039,55.67869425],[-2.93687108,54.89466185]]},"geometry_name":"geom","properties":{"uid":26876,"id":0,"type_inf":"Fibre Operational","status":"Operational","type_":3}},{"type":"Feature","id":"trx_geocatalogue.fid-7c38bf73_19d20a9a0d0_-a8a","geometry":{"type":"LineString","coordinates":[[-4.24275092,55.86368842],[-4.30109716,55.79138872]]},"geometry_name":"geom","properties":{"uid":26877,"id":0,"type_inf":"Fibre Operational","status":"Operational","type_":3}},{"type":"Feature","id":"trx_geocatalogue.fid-7c38bf73_19d20a9a0d0_-a89","geometry":{"type":"LineString","coordinates":[[-4.30109716,55.79138872],[-4.17024924,55.75746455]]},"geometry_name":"geom","properties":{"uid":26878,"id":0,"type_inf":"Fibre Operational","status":"Operational","type_":3}},{"type":"Feature","id":"trx_geocatalogue.fid-7c38bf73_19d20a9a0d0_-a88","geometry":{"type":"LineString","coordinates":[[-4.17024924,55.75746455],[-4.06674269,55.6782285]]},"geometry_name":"geom","properties":{"uid":26879,"id":0,"type_inf":"Fibre Operational","status":"Operational","type_":3}},{"type":"Feature","id":"trx_geocatalogue.fid-7c38bf73_19d20a9a0d0_-a87","geometry":{"type":"LineString","coordinates":[[-4.06674269,55.6782285],[-3.96751916,55.72962486]]},"geometry_name":"geom","properties":{"uid":26880,"id":0,"type_inf":"Fibre Operational","status":"Operational","type_":3}},{"type":"Feature","id":"trx_geocatalogue.fid-7c38bf73_19d20a9a0d0_-a86","geometry":{"type":"LineString","coordinates":[[-3.96751916,55.72962486],[-3.84366822,55.73366994]]},"geometry_name":"geom","properties":{"uid":26881,"id":0,"type_inf":"Fibre Operational","status":"Operational","type_":3}},{"type":"Feature","id":"trx_geocatalogue.fid-7c38bf73_19d20a9a0d0_-a85","geometry":{"type":"LineString","coordinates":[[-4.49113387,55.60146814],[-4.30109716,55.79138872]]},"geometry_name":"geom","properties":{"uid":26882,"id":0,"type_inf":"Fibre Operational","status":"Operational","type_":3}},{"type":"Feature","id":"trx_geocatalogue.fid-7c38bf73_19d20a9a0d0_-a84","geometry":{"type":"LineString","coordinates":[[-4.49113387,55.60146814],[-4.26647464,55.45194176]]},"geometry_name":"geom","properties":{"uid":26883,"id":0,"type_inf":"Fibre Operational","status":"Operational","type_":3}},{"type":"Feature","id":"trx_geocatalogue.fid-7c38bf73_19d20a9a0d0_-a83","geometry":{"type":"LineString","coordinates":[[-4.26647464,55.45194176],[-3.6040327,55.07360746]]},"geometry_name":"geom","properties":{"uid":26884,"id":0,"type_inf":"Fibre Operational","status":"Operational","type_":3}},{"type":"Feature","id":"trx_geocatalogue.fid-7c38bf73_19d20a9a0d0_-a82","geometry":{"type":"LineString","coordinates":[[-3.6040327,55.07360746],[-3.05844608,55.01209839]]},"geometry_name":"geom","properties":{"uid":26885,"id":0,"type_inf":"Fibre Operational","status":"Operational","type_":3}},{"type":"Feature","id":"trx_geocatalogue.fid-7c38bf73_19d20a9a0d0_-a81","geometry":{"type":"LineString","coordinates":[[-6.217536,54.71509457],[-5.94210058,54.5907551]]},"geometry_name":"geom","properties":{"uid":26886,"id":0,"type_inf":"Fibre Operational","status":"Operational","type_":3}},{"type":"Feature","id":"trx_geocatalogue.fid-7c38bf73_19d20a9a0d0_-a80","geometry":{"type":"LineString","coordinates":[[-6.217536,54.71509457],[-6.2758328,54.86738007]]},"geometry_name":"geom","properties":{"uid":26887,"id":0,"type_inf":"Fibre Operational","status":"Operational","type_":3}},{"type":"Feature","id":"trx_geocatalogue.fid-7c38bf73_19d20a9a0d0_-a7f","geometry":{"type":"LineString","coordinates":[[-6.2758328,54.86738007],[-6.50878203,55.07248961]]},"geometry_name":"geom","properties":{"uid":26888,"id":0,"type_inf":"Fibre Operational","status":"Operational","type_":3}},{"type":"Feature","id":"trx_geocatalogue.fid-7c38bf73_19d20a9a0d0_-a7e","geometry":{"type":"LineString","coordinates":[[-6.50878203,55.07248961],[-6.66582645,55.13721095]]},"geometry_name":"geom","properties":{"uid":26889,"id":0,"type_inf":"Fibre Operational","status":"Operational","type_":3}},{"type":"Feature","id":"trx_geocatalogue.fid-7c38bf73_19d20a9a0d0_-a7d","geometry":{"type":"LineString","coordinates":[[-6.66582645,55.13721095],[-6.9437475,55.048695]]},"geometry_name":"geom","properties":{"uid":26890,"id":0,"type_inf":"Fibre Operational","status":"Operational","type_":3}},{"type":"Feature","id":"trx_geocatalogue.fid-7c38bf73_19d20a9a0d0_-a7c","geometry":{"type":"LineString","coordinates":[[-7.46984633,54.82252723],[-7.2978113,54.99539507]]},"geometry_name":"geom","properties":{"uid":26892,"id":0,"type_inf":"Fibre Operational","status":"Operational","type_":3}},{"type":"Feature","id":"trx_geocatalogue.fid-7c38bf73_19d20a9a0d0_-a7b","geometry":{"type":"LineString","coordinates":[[-7.46984633,54.82252723],[-7.30328406,54.5988579]]},"geometry_name":"geom","properties":{"uid":26893,"id":0,"type_inf":"Fibre Operational","status":"Operational","type_":3}},{"type":"Feature","id":"trx_geocatalogue.fid-7c38bf73_19d20a9a0d0_-a7a","geometry":{"type":"LineString","coordinates":[[-7.30328406,54.5988579],[-6.78158723,54.50248973]]},"geometry_name":"geom","properties":{"uid":26894,"id":0,"type_inf":"Fibre Operational","status":"Operational","type_":3}},{"type":"Feature","id":"trx_geocatalogue.fid-7c38bf73_19d20a9a0d0_-a79","geometry":{"type":"LineString","coordinates":[[-6.78158723,54.50248973],[-6.65666553,54.34663503]]},"geometry_name":"geom","properties":{"uid":26895,"id":0,"type_inf":"Fibre Operational","status":"Operational","type_":3}},{"type":"Feature","id":"trx_geocatalogue.fid-7c38bf73_19d20a9a0d0_-a78","geometry":{"type":"LineString","coordinates":[[-6.65666553,54.34663503],[-6.34317154,54.17888303]]},"geometry_name":"geom","properties":{"uid":26896,"id":0,"type_inf":"Fibre Operational","status":"Operational","type_":3}},{"type":"Feature","id":"trx_geocatalogue.fid-7c38bf73_19d20a9a0d0_-a77","geometry":{"type":"LineString","coordinates":[[-6.65666553,54.34663503],[-6.44429864,54.42396751]]},"geometry_name":"geom","properties":{"uid":26897,"id":0,"type_inf":"Fibre Operational","status":"Operational","type_":3}},{"type":"Feature","id":"trx_geocatalogue.fid-7c38bf73_19d20a9a0d0_-a76","geometry":{"type":"LineString","coordinates":[[-6.44429864,54.42396751],[-6.33222602,54.45989737]]},"geometry_name":"geom","properties":{"uid":26898,"id":0,"type_inf":"Fibre Operational","status":"Operational","type_":3}},{"type":"Feature","id":"trx_geocatalogue.fid-7c38bf73_19d20a9a0d0_-a75","geometry":{"type":"LineString","coordinates":[[-6.33222602,54.45989737],[-6.04752351,54.51260243]]},"geometry_name":"geom","properties":{"uid":26899,"id":0,"type_inf":"Fibre Operational","status":"Operational","type_":3}},{"type":"Feature","id":"trx_geocatalogue.fid-7c38bf73_19d20a9a0d0_-a74","geometry":{"type":"LineString","coordinates":[[-6.04752351,54.51260243],[-5.94210058,54.5907551]]},"geometry_name":"geom","properties":{"uid":26900,"id":0,"type_inf":"Fibre Operational","status":"Operational","type_":3}},{"type":"Feature","id":"trx_geocatalogue.fid-7c38bf73_19d20a9a0d0_-a73","geometry":{"type":"LineString","coordinates":[[-6.34317154,54.17888303],[-6.36436132,54.10413845]]},"geometry_name":"geom","properties":{"uid":26901,"id":0,"type_inf":"Fibre Operational","status":"Operational","type_":3}},{"type":"Feature","id":"trx_geocatalogue.fid-7c38bf73_19d20a9a0d0_-a72","geometry":{"type":"LineString","coordinates":[[-6.26302798,53.34963078],[-6.15368173,53.44408268]]},"geometry_name":"geom","properties":{"uid":26902,"id":0,"type_inf":"Fibre Operational","status":"Operational","type_":3}},{"type":"Feature","id":"trx_geocatalogue.fid-7c38bf73_19d20a9a0d0_-a71","geometry":{"type":"LineString","coordinates":[[-6.36436132,54.10413845],[-6.26302798,53.34963078]]},"geometry_name":"geom","properties":{"uid":26903,"id":0,"type_inf":"Fibre Operational","status":"Operational","type_":3}},{"type":"Feature","id":"trx_geocatalogue.fid-7c38bf73_19d20a9a0d0_-a70","geometry":{"type":"LineString","coordinates":[[-1.23904633,54.55606454],[-1.38379688,54.90774888]]},"geometry_name":"geom","properties":{"uid":26904,"id":0,"type_inf":"Fibre Operational","status":"Operational","type_":3}},{"type":"Feature","id":"trx_geocatalogue.fid-7c38bf73_19d20a9a0d0_-a6f","geometry":{"type":"LineString","coordinates":[[-1.29782842,54.58548577],[-1.22365915,54.68360365]]},"geometry_name":"geom","properties":{"uid":26905,"id":0,"type_inf":"Fibre Operational","status":"Operational","type_":3}},{"type":"Feature","id":"trx_geocatalogue.fid-7c38bf73_19d20a9a0d0_-a6e","geometry":{"type":"LineString","coordinates":[[-1.22365915,54.68360365],[-1.36301954,54.77840842]]},"geometry_name":"geom","properties":{"uid":26906,"id":0,"type_inf":"Fibre Operational","status":"Operational","type_":3}},{"type":"Feature","id":"trx_geocatalogue.fid-7c38bf73_19d20a9a0d0_-a6d","geometry":{"type":"LineString","coordinates":[[-1.57034662,54.7725955],[-1.29782842,54.58548577]]},"geometry_name":"geom","properties":{"uid":26907,"id":0,"type_inf":"Fibre Operational","status":"Operational","type_":3}},{"type":"Feature","id":"trx_geocatalogue.fid-7c38bf73_19d20a9a0d0_-a6c","geometry":{"type":"LineString","coordinates":[[-1.23904633,54.55606454],[-1.07196851,54.60508144]]},"geometry_name":"geom","properties":{"uid":26908,"id":0,"type_inf":"Fibre Operational","status":"Operational","type_":3}},{"type":"Feature","id":"trx_geocatalogue.fid-7c38bf73_19d20a9a0d0_-a6b","geometry":{"type":"LineString","coordinates":[[-1.07196851,54.60508144],[-0.61154281,54.46945216]]},"geometry_name":"geom","properties":{"uid":26909,"id":0,"type_inf":"Fibre Operational","status":"Operational","type_":3}},{"type":"Feature","id":"trx_geocatalogue.fid-7c38bf73_19d20a9a0d0_-a6a","geometry":{"type":"LineString","coordinates":[[-0.61154281,54.46945216],[-0.43300392,54.27350355]]},"geometry_name":"geom","properties":{"uid":26910,"id":0,"type_inf":"Fibre Operational","status":"Operational","type_":3}},{"type":"Feature","id":"trx_geocatalogue.fid-7c38bf73_19d20a9a0d0_-a69","geometry":{"type":"LineString","coordinates":[[-1.07843271,53.95525064],[-0.43300392,54.27350355]]},"geometry_name":"geom","properties":{"uid":26911,"id":0,"type_inf":"Fibre Operational","status":"Operational","type_":3}},{"type":"Feature","id":"trx_geocatalogue.fid-7c38bf73_19d20a9a0d0_-a68","geometry":{"type":"LineString","coordinates":[[-1.23904633,54.55606454],[-1.07843271,53.95525064]]},"geometry_name":"geom","properties":{"uid":26912,"id":0,"type_inf":"Fibre Operational","status":"Operational","type_":3}},{"type":"Feature","id":"trx_geocatalogue.fid-7c38bf73_19d20a9a0d0_-a67","geometry":{"type":"LineString","coordinates":[[-1.07843271,53.95525064],[-1.38427277,53.92336586]]},"geometry_name":"geom","properties":{"uid":26913,"id":0,"type_inf":"Fibre Operational","status":"Operational","type_":3}},{"type":"Feature","id":"trx_geocatalogue.fid-7c38bf73_19d20a9a0d0_-a66","geometry":{"type":"LineString","coordinates":[[-1.38427277,53.92336586],[-1.54897113,53.79630265]]},"geometry_name":"geom","properties":{"uid":26914,"id":0,"type_inf":"Fibre Operational","status":"Operational","type_":3}},{"type":"Feature","id":"trx_geocatalogue.fid-7c38bf73_19d20a9a0d0_-a65","geometry":{"type":"LineString","coordinates":[[-1.54897113,53.79630265],[-1.4984869,53.67530705]]},"geometry_name":"geom","properties":{"uid":26915,"id":0,"type_inf":"Fibre Operational","status":"Operational","type_":3}},{"type":"Feature","id":"trx_geocatalogue.fid-7c38bf73_19d20a9a0d0_-a64","geometry":{"type":"LineString","coordinates":[[-1.54897113,53.79630265],[-1.7929452,53.64318433]]},"geometry_name":"geom","properties":{"uid":26916,"id":0,"type_inf":"Fibre Operational","status":"Operational","type_":3}},{"type":"Feature","id":"trx_geocatalogue.fid-7c38bf73_19d20a9a0d0_-a63","geometry":{"type":"LineString","coordinates":[[-1.58406818,54.9813932],[-1.38379688,54.90774888]]},"geometry_name":"geom","properties":{"uid":26917,"id":0,"type_inf":"Fibre Operational","status":"Operational","type_":3}},{"type":"Feature","id":"trx_geocatalogue.fid-7c38bf73_19d20a9a0d0_-a62","geometry":{"type":"LineString","coordinates":[[-2.93687108,54.89466185],[-2.75715799,54.65647943]]},"geometry_name":"geom","properties":{"uid":26918,"id":0,"type_inf":"Fibre Operational","status":"Operational","type_":3}},{"type":"Feature","id":"trx_geocatalogue.fid-7c38bf73_19d20a9a0d0_-a61","geometry":{"type":"LineString","coordinates":[[-2.73931203,54.31919083],[-2.75715799,54.65647943]]},"geometry_name":"geom","properties":{"uid":26919,"id":0,"type_inf":"Fibre Operational","status":"Operational","type_":3}},{"type":"Feature","id":"trx_geocatalogue.fid-7c38bf73_19d20a9a0d0_-a60","geometry":{"type":"LineString","coordinates":[[-2.79648288,54.04757373],[-2.73931203,54.31919083]]},"geometry_name":"geom","properties":{"uid":26920,"id":0,"type_inf":"Fibre Operational","status":"Operational","type_":3}},{"type":"Feature","id":"trx_geocatalogue.fid-7c38bf73_19d20a9a0d0_-a5f","geometry":{"type":"LineString","coordinates":[[-2.79648288,54.04757373],[-2.69825079,53.76061073]]},"geometry_name":"geom","properties":{"uid":26921,"id":0,"type_inf":"Fibre Operational","status":"Operational","type_":3}},{"type":"Feature","id":"trx_geocatalogue.fid-7c38bf73_19d20a9a0d0_-a5e","geometry":{"type":"LineString","coordinates":[[-2.96445844,53.73747865],[-2.69825079,53.76061073]]},"geometry_name":"geom","properties":{"uid":26922,"id":0,"type_inf":"Fibre Operational","status":"Operational","type_":3}},{"type":"Feature","id":"trx_geocatalogue.fid-7c38bf73_19d20a9a0d0_-a5d","geometry":{"type":"LineString","coordinates":[[-2.69825079,53.76061073],[-2.48591678,53.74363043]]},"geometry_name":"geom","properties":{"uid":26923,"id":0,"type_inf":"Fibre Operational","status":"Operational","type_":3}},{"type":"Feature","id":"trx_geocatalogue.fid-7c38bf73_19d20a9a0d0_-a5c","geometry":{"type":"LineString","coordinates":[[-2.48591678,53.74363043],[-1.77802713,53.83167049]]},"geometry_name":"geom","properties":{"uid":26924,"id":0,"type_inf":"Fibre Operational","status":"Operational","type_":3}},{"type":"Feature","id":"trx_geocatalogue.fid-7c38bf73_19d20a9a0d0_-a5b","geometry":{"type":"LineString","coordinates":[[-1.77802713,53.83167049],[-1.74884585,53.79392318]]},"geometry_name":"geom","properties":{"uid":26925,"id":0,"type_inf":"Fibre Operational","status":"Operational","type_":3}},{"type":"Feature","id":"trx_geocatalogue.fid-7c38bf73_19d20a9a0d0_-a5a","geometry":{"type":"LineString","coordinates":[[-1.77802713,53.83167049],[-1.54897113,53.79630265]]},"geometry_name":"geom","properties":{"uid":26926,"id":0,"type_inf":"Fibre Operational","status":"Operational","type_":3}},{"type":"Feature","id":"trx_geocatalogue.fid-7c38bf73_19d20a9a0d0_-a59","geometry":{"type":"LineString","coordinates":[[-2.11827271,53.53753789],[-1.7929452,53.64318433]]},"geometry_name":"geom","properties":{"uid":26927,"id":0,"type_inf":"Fibre Operational","status":"Operational","type_":3}},{"type":"Feature","id":"trx_geocatalogue.fid-7c38bf73_19d20a9a0d0_-a58","geometry":{"type":"LineString","coordinates":[[-1.47996676,53.38465589],[-1.4984869,53.67530705]]},"geometry_name":"geom","properties":{"uid":26928,"id":0,"type_inf":"Fibre Operational","status":"Operational","type_":3}},{"type":"Feature","id":"trx_geocatalogue.fid-7c38bf73_19d20a9a0d0_-a57","geometry":{"type":"LineString","coordinates":[[-2.23663536,53.47745487],[-2.11827271,53.53753789]]},"geometry_name":"geom","properties":{"uid":26929,"id":0,"type_inf":"Fibre Operational","status":"Operational","type_":3}},{"type":"Feature","id":"trx_geocatalogue.fid-7c38bf73_19d20a9a0d0_-a56","geometry":{"type":"LineString","coordinates":[[-2.41689507,53.58512711],[-2.48591678,53.74363043]]},"geometry_name":"geom","properties":{"uid":26930,"id":0,"type_inf":"Fibre Operational","status":"Operational","type_":3}},{"type":"Feature","id":"trx_geocatalogue.fid-7c38bf73_19d20a9a0d0_-a55","geometry":{"type":"LineString","coordinates":[[-2.41689507,53.58512711],[-2.28721444,53.59226549]]},"geometry_name":"geom","properties":{"uid":26931,"id":0,"type_inf":"Fibre Operational","status":"Operational","type_":3}},{"type":"Feature","id":"trx_geocatalogue.fid-7c38bf73_19d20a9a0d0_-a54","geometry":{"type":"LineString","coordinates":[[-2.28721444,53.59226549],[-2.11827271,53.53753789]]},"geometry_name":"geom","properties":{"uid":26932,"id":0,"type_inf":"Fibre Operational","status":"Operational","type_":3}},{"type":"Feature","id":"trx_geocatalogue.fid-7c38bf73_19d20a9a0d0_-a53","geometry":{"type":"LineString","coordinates":[[-1.47996676,53.38465589],[-1.42329097,53.23435228]]},"geometry_name":"geom","properties":{"uid":26933,"id":0,"type_inf":"Fibre Operational","status":"Operational","type_":3}},{"type":"Feature","id":"trx_geocatalogue.fid-7c38bf73_19d20a9a0d0_-a52","geometry":{"type":"LineString","coordinates":[[-1.42329097,53.23435228],[-1.19791636,53.14349653]]},"geometry_name":"geom","properties":{"uid":26934,"id":0,"type_inf":"Fibre Operational","status":"Operational","type_":3}},{"type":"Feature","id":"trx_geocatalogue.fid-7c38bf73_19d20a9a0d0_-a51","geometry":{"type":"LineString","coordinates":[[-1.19791636,53.14349653],[-1.19205198,52.95218885]]},"geometry_name":"geom","properties":{"uid":26935,"id":0,"type_inf":"Fibre Operational","status":"Operational","type_":3}},{"type":"Feature","id":"trx_geocatalogue.fid-7c38bf73_19d20a9a0d0_-a50","geometry":{"type":"LineString","coordinates":[[-1.13672951,52.63274621],[-1.22129523,52.77160179]]},"geometry_name":"geom","properties":{"uid":26936,"id":0,"type_inf":"Fibre Operational","status":"Operational","type_":3}},{"type":"Feature","id":"trx_geocatalogue.fid-7c38bf73_19d20a9a0d0_-a4f","geometry":{"type":"LineString","coordinates":[[-1.63454745,52.80918226],[-1.13672951,52.63274621]]},"geometry_name":"geom","properties":{"uid":26937,"id":0,"type_inf":"Fibre Operational","status":"Operational","type_":3}},{"type":"Feature","id":"trx_geocatalogue.fid-7c38bf73_19d20a9a0d0_-a4e","geometry":{"type":"LineString","coordinates":[[-1.22129523,52.77160179],[-1.19205198,52.95218885]]},"geometry_name":"geom","properties":{"uid":26938,"id":0,"type_inf":"Fibre Operational","status":"Operational","type_":3}},{"type":"Feature","id":"trx_geocatalogue.fid-7c38bf73_19d20a9a0d0_-a4d","geometry":{"type":"LineString","coordinates":[[-1.13672951,52.63274621],[-0.96336166,52.96100688]]},"geometry_name":"geom","properties":{"uid":26939,"id":0,"type_inf":"Fibre Operational","status":"Operational","type_":3}},{"type":"Feature","id":"trx_geocatalogue.fid-7c38bf73_19d20a9a0d0_-a4c","geometry":{"type":"LineString","coordinates":[[-1.19205198,52.95218885],[-0.96336166,52.96100688]]},"geometry_name":"geom","properties":{"uid":26940,"id":0,"type_inf":"Fibre Operational","status":"Operational","type_":3}},{"type":"Feature","id":"trx_geocatalogue.fid-7c38bf73_19d20a9a0d0_-a4b","geometry":{"type":"LineString","coordinates":[[-1.46679545,52.52126747],[-1.5525162,52.57172706]]},"geometry_name":"geom","properties":{"uid":26941,"id":0,"type_inf":"Fibre Operational","status":"Operational","type_":3}},{"type":"Feature","id":"trx_geocatalogue.fid-7c38bf73_19d20a9a0d0_-a4a","geometry":{"type":"LineString","coordinates":[[-1.68927505,52.63310214],[-1.5525162,52.57172706]]},"geometry_name":"geom","properties":{"uid":26942,"id":0,"type_inf":"Fibre Operational","status":"Operational","type_":3}},{"type":"Feature","id":"trx_geocatalogue.fid-7c38bf73_19d20a9a0d0_-a49","geometry":{"type":"LineString","coordinates":[[-1.82847352,52.68188109],[-1.63454745,52.80918226]]},"geometry_name":"geom","properties":{"uid":26943,"id":0,"type_inf":"Fibre Operational","status":"Operational","type_":3}},{"type":"Feature","id":"trx_geocatalogue.fid-7c38bf73_19d20a9a0d0_-a48","geometry":{"type":"LineString","coordinates":[[-1.82847352,52.68188109],[-1.68927505,52.63310214]]},"geometry_name":"geom","properties":{"uid":26944,"id":0,"type_inf":"Fibre Operational","status":"Operational","type_":3}},{"type":"Feature","id":"trx_geocatalogue.fid-7c38bf73_19d20a9a0d0_-a47","geometry":{"type":"LineString","coordinates":[[-0.24621623,52.57385455],[-0.48937302,52.64025554]]},"geometry_name":"geom","properties":{"uid":26945,"id":0,"type_inf":"Fibre Operational","status":"Operational","type_":3}},{"type":"Feature","id":"trx_geocatalogue.fid-7c38bf73_19d20a9a0d0_-a46","geometry":{"type":"LineString","coordinates":[[-0.48937302,52.64025554],[-1.13672951,52.63274621]]},"geometry_name":"geom","properties":{"uid":26946,"id":0,"type_inf":"Fibre Operational","status":"Operational","type_":3}},{"type":"Feature","id":"trx_geocatalogue.fid-7c38bf73_19d20a9a0d0_-a45","geometry":{"type":"LineString","coordinates":[[-0.96336166,52.96100688],[-0.6435416,52.91613903]]},"geometry_name":"geom","properties":{"uid":26947,"id":0,"type_inf":"Fibre Operational","status":"Operational","type_":3}},{"type":"Feature","id":"trx_geocatalogue.fid-7c38bf73_19d20a9a0d0_-a44","geometry":{"type":"LineString","coordinates":[[-0.96336166,52.96100688],[-0.53999539,53.22677766]]},"geometry_name":"geom","properties":{"uid":26948,"id":0,"type_inf":"Fibre Operational","status":"Operational","type_":3}},{"type":"Feature","id":"trx_geocatalogue.fid-7c38bf73_19d20a9a0d0_-a43","geometry":{"type":"LineString","coordinates":[[-0.53999539,53.22677766],[-0.77954829,53.3903013]]},"geometry_name":"geom","properties":{"uid":26949,"id":0,"type_inf":"Fibre Operational","status":"Operational","type_":3}},{"type":"Feature","id":"trx_geocatalogue.fid-7c38bf73_19d20a9a0d0_-a42","geometry":{"type":"LineString","coordinates":[[-0.53999539,53.22677766],[-0.00324914,53.37245535]]},"geometry_name":"geom","properties":{"uid":26950,"id":0,"type_inf":"Fibre Operational","status":"Operational","type_":3}},{"type":"Feature","id":"trx_geocatalogue.fid-7c38bf73_19d20a9a0d0_-a41","geometry":{"type":"LineString","coordinates":[[-0.00324914,53.37245535],[-0.07778509,53.56704059]]},"geometry_name":"geom","properties":{"uid":26951,"id":0,"type_inf":"Fibre Operational","status":"Operational","type_":3}},{"type":"Feature","id":"trx_geocatalogue.fid-7c38bf73_19d20a9a0d0_-a40","geometry":{"type":"LineString","coordinates":[[-0.07778509,53.56704059],[-0.2727231,53.61516037]]},"geometry_name":"geom","properties":{"uid":26952,"id":0,"type_inf":"Fibre Operational","status":"Operational","type_":3}},{"type":"Feature","id":"trx_geocatalogue.fid-7c38bf73_19d20a9a0d0_-a3f","geometry":{"type":"LineString","coordinates":[[-0.2727231,53.61516037],[-0.45296727,53.6847596]]},"geometry_name":"geom","properties":{"uid":26953,"id":0,"type_inf":"Fibre Operational","status":"Operational","type_":3}},{"type":"Feature","id":"trx_geocatalogue.fid-7c38bf73_19d20a9a0d0_-a3e","geometry":{"type":"LineString","coordinates":[[-0.45296727,53.6847596],[-0.50115135,53.55448411]]},"geometry_name":"geom","properties":{"uid":26954,"id":0,"type_inf":"Fibre Operational","status":"Operational","type_":3}},{"type":"Feature","id":"trx_geocatalogue.fid-7c38bf73_19d20a9a0d0_-a3d","geometry":{"type":"LineString","coordinates":[[-0.50115135,53.55448411],[-0.66176497,53.59017603]]},"geometry_name":"geom","properties":{"uid":26955,"id":0,"type_inf":"Fibre Operational","status":"Operational","type_":3}},{"type":"Feature","id":"trx_geocatalogue.fid-7c38bf73_19d20a9a0d0_-a3c","geometry":{"type":"LineString","coordinates":[[-0.77954829,53.3903013],[-0.66176497,53.59017603]]},"geometry_name":"geom","properties":{"uid":26956,"id":0,"type_inf":"Fibre Operational","status":"Operational","type_":3}},{"type":"Feature","id":"trx_geocatalogue.fid-7c38bf73_19d20a9a0d0_-a3b","geometry":{"type":"LineString","coordinates":[[-1.42329097,53.23435228],[-0.77954829,53.3903013]]},"geometry_name":"geom","properties":{"uid":26957,"id":0,"type_inf":"Fibre Operational","status":"Operational","type_":3}},{"type":"Feature","id":"trx_geocatalogue.fid-7c38bf73_19d20a9a0d0_-a3a","geometry":{"type":"LineString","coordinates":[[-2.23663536,53.47745487],[-2.28969566,53.48783987]]},"geometry_name":"geom","properties":{"uid":26958,"id":0,"type_inf":"Fibre Operational","status":"Operational","type_":3}},{"type":"Feature","id":"trx_geocatalogue.fid-7c38bf73_19d20a9a0d0_-a39","geometry":{"type":"LineString","coordinates":[[-2.23663536,53.47745487],[-2.16905699,53.40866331]]},"geometry_name":"geom","properties":{"uid":26959,"id":0,"type_inf":"Fibre Operational","status":"Operational","type_":3}},{"type":"Feature","id":"trx_geocatalogue.fid-7c38bf73_19d20a9a0d0_-a38","geometry":{"type":"LineString","coordinates":[[-2.16905699,53.40866331],[-2.21664621,53.32776163]]},"geometry_name":"geom","properties":{"uid":26960,"id":0,"type_inf":"Fibre Operational","status":"Operational","type_":3}},{"type":"Feature","id":"trx_geocatalogue.fid-7c38bf73_19d20a9a0d0_-a37","geometry":{"type":"LineString","coordinates":[[-2.21664621,53.32776163],[-2.12146777,53.25994699]]},"geometry_name":"geom","properties":{"uid":26961,"id":0,"type_inf":"Fibre Operational","status":"Operational","type_":3}},{"type":"Feature","id":"trx_geocatalogue.fid-7c38bf73_19d20a9a0d0_-a36","geometry":{"type":"LineString","coordinates":[[-2.12146777,53.25994699],[-2.02747906,53.10528203]]},"geometry_name":"geom","properties":{"uid":26962,"id":0,"type_inf":"Fibre Operational","status":"Operational","type_":3}},{"type":"Feature","id":"trx_geocatalogue.fid-7c38bf73_19d20a9a0d0_-a35","geometry":{"type":"LineString","coordinates":[[-2.02747906,53.10528203],[-2.11400884,52.80561306]]},"geometry_name":"geom","properties":{"uid":26963,"id":0,"type_inf":"Fibre Operational","status":"Operational","type_":3}},{"type":"Feature","id":"trx_geocatalogue.fid-7c38bf73_19d20a9a0d0_-a34","geometry":{"type":"LineString","coordinates":[[-2.11400884,52.80561306],[-2.18250262,53.01286511]]},"geometry_name":"geom","properties":{"uid":26964,"id":0,"type_inf":"Fibre Operational","status":"Operational","type_":3}},{"type":"Feature","id":"trx_geocatalogue.fid-7c38bf73_19d20a9a0d0_-a33","geometry":{"type":"LineString","coordinates":[[-2.18250262,53.01286511],[-2.37408211,53.30461987]]},"geometry_name":"geom","properties":{"uid":26965,"id":0,"type_inf":"Fibre Operational","status":"Operational","type_":3}},{"type":"Feature","id":"trx_geocatalogue.fid-7c38bf73_19d20a9a0d0_-a32","geometry":{"type":"LineString","coordinates":[[-2.37408211,53.30461987],[-2.28969566,53.48783987]]},"geometry_name":"geom","properties":{"uid":26966,"id":0,"type_inf":"Fibre Operational","status":"Operational","type_":3}},{"type":"Feature","id":"trx_geocatalogue.fid-7c38bf73_19d20a9a0d0_-a31","geometry":{"type":"LineString","coordinates":[[-2.37408211,53.30461987],[-2.60069289,53.38941481]]},"geometry_name":"geom","properties":{"uid":26967,"id":0,"type_inf":"Fibre Operational","status":"Operational","type_":3}},{"type":"Feature","id":"trx_geocatalogue.fid-7c38bf73_19d20a9a0d0_-a30","geometry":{"type":"LineString","coordinates":[[-2.60069289,53.38941481],[-2.7167245,53.29986095]]},"geometry_name":"geom","properties":{"uid":26968,"id":0,"type_inf":"Fibre Operational","status":"Operational","type_":3}},{"type":"Feature","id":"trx_geocatalogue.fid-7c38bf73_19d20a9a0d0_-a2f","geometry":{"type":"LineString","coordinates":[[-2.7167245,53.29986095],[-3.02224729,53.39408761]]},"geometry_name":"geom","properties":{"uid":26969,"id":0,"type_inf":"Fibre Operational","status":"Operational","type_":3}},{"type":"Feature","id":"trx_geocatalogue.fid-7c38bf73_19d20a9a0d0_-a2e","geometry":{"type":"LineString","coordinates":[[-3.02224729,53.39408761],[-2.97843233,53.40904537]]},"geometry_name":"geom","properties":{"uid":26970,"id":0,"type_inf":"Fibre Operational","status":"Operational","type_":3}},{"type":"Feature","id":"trx_geocatalogue.fid-7c38bf73_19d20a9a0d0_-a2d","geometry":{"type":"LineString","coordinates":[[-2.97843233,53.40904537],[-2.60069289,53.38941481]]},"geometry_name":"geom","properties":{"uid":26971,"id":0,"type_inf":"Fibre Operational","status":"Operational","type_":3}},{"type":"Feature","id":"trx_geocatalogue.fid-7c38bf73_19d20a9a0d0_-a2c","geometry":{"type":"LineString","coordinates":[[-2.0474126,52.84861405],[-1.82847352,52.68188109]]},"geometry_name":"geom","properties":{"uid":26972,"id":0,"type_inf":"Fibre Operational","status":"Operational","type_":3}},{"type":"Feature","id":"trx_geocatalogue.fid-7c38bf73_19d20a9a0d0_-a2b","geometry":{"type":"LineString","coordinates":[[-2.60069289,53.38941481],[-2.62638939,53.54143723]]},"geometry_name":"geom","properties":{"uid":26973,"id":0,"type_inf":"Fibre Operational","status":"Operational","type_":3}},{"type":"Feature","id":"trx_geocatalogue.fid-7c38bf73_19d20a9a0d0_-a2a","geometry":{"type":"LineString","coordinates":[[-2.62638939,53.54143723],[-2.69825079,53.76061073]]},"geometry_name":"geom","properties":{"uid":26974,"id":0,"type_inf":"Fibre Operational","status":"Operational","type_":3}},{"type":"Feature","id":"trx_geocatalogue.fid-7c38bf73_19d20a9a0d0_-a29","geometry":{"type":"LineString","coordinates":[[-1.94744657,52.09534395],[-1.93715472,52.292244]]},"geometry_name":"geom","properties":{"uid":26975,"id":0,"type_inf":"Fibre Operational","status":"Operational","type_":3}},{"type":"Feature","id":"trx_geocatalogue.fid-7c38bf73_19d20a9a0d0_-a28","geometry":{"type":"LineString","coordinates":[[-1.93715472,52.292244],[-2.13845712,52.45214378]]},"geometry_name":"geom","properties":{"uid":26976,"id":0,"type_inf":"Fibre Operational","status":"Operational","type_":3}},{"type":"Feature","id":"trx_geocatalogue.fid-7c38bf73_19d20a9a0d0_-a27","geometry":{"type":"LineString","coordinates":[[-2.13845712,52.45214378],[-2.12004177,52.58813132]]},"geometry_name":"geom","properties":{"uid":26977,"id":0,"type_inf":"Fibre Operational","status":"Operational","type_":3}},{"type":"Feature","id":"trx_geocatalogue.fid-7c38bf73_19d20a9a0d0_-a26","geometry":{"type":"LineString","coordinates":[[-2.13845712,52.45214378],[-1.8987519,52.48284017]]},"geometry_name":"geom","properties":{"uid":26978,"id":0,"type_inf":"Fibre Operational","status":"Operational","type_":3}},{"type":"Feature","id":"trx_geocatalogue.fid-7c38bf73_19d20a9a0d0_-a25","geometry":{"type":"LineString","coordinates":[[-2.12004177,52.58813132],[-2.44713339,52.68069136]]},"geometry_name":"geom","properties":{"uid":26979,"id":0,"type_inf":"Fibre Operational","status":"Operational","type_":3}},{"type":"Feature","id":"trx_geocatalogue.fid-7c38bf73_19d20a9a0d0_-a24","geometry":{"type":"LineString","coordinates":[[-2.12004177,52.58813132],[-2.03280905,52.68628274]]},"geometry_name":"geom","properties":{"uid":26980,"id":0,"type_inf":"Fibre Operational","status":"Operational","type_":3}},{"type":"Feature","id":"trx_geocatalogue.fid-7c38bf73_19d20a9a0d0_-a23","geometry":{"type":"LineString","coordinates":[[-2.11400884,52.80561306],[-2.03280905,52.68628274]]},"geometry_name":"geom","properties":{"uid":26981,"id":0,"type_inf":"Fibre Operational","status":"Operational","type_":3}},{"type":"Feature","id":"trx_geocatalogue.fid-7c38bf73_19d20a9a0d0_-a22","geometry":{"type":"LineString","coordinates":[[-1.93715472,52.292244],[-1.77297191,52.41074115]]},"geometry_name":"geom","properties":{"uid":26982,"id":0,"type_inf":"Fibre Operational","status":"Operational","type_":3}},{"type":"Feature","id":"trx_geocatalogue.fid-7c38bf73_19d20a9a0d0_-a21","geometry":{"type":"LineString","coordinates":[[-1.77297191,52.41074115],[-1.8987519,52.48284017]]},"geometry_name":"geom","properties":{"uid":26983,"id":0,"type_inf":"Fibre Operational","status":"Operational","type_":3}},{"type":"Feature","id":"trx_geocatalogue.fid-7c38bf73_19d20a9a0d0_-a20","geometry":{"type":"LineString","coordinates":[[-1.77297191,52.41074115],[-1.50257164,52.40431796]]},"geometry_name":"geom","properties":{"uid":26984,"id":0,"type_inf":"Fibre Operational","status":"Operational","type_":3}},{"type":"Feature","id":"trx_geocatalogue.fid-7c38bf73_19d20a9a0d0_-a1f","geometry":{"type":"LineString","coordinates":[[-1.8987519,52.48284017],[-1.68927505,52.63310214]]},"geometry_name":"geom","properties":{"uid":26985,"id":0,"type_inf":"Fibre Operational","status":"Operational","type_":3}},{"type":"Feature","id":"trx_geocatalogue.fid-7c38bf73_19d20a9a0d0_-a1e","geometry":{"type":"LineString","coordinates":[[-1.8987519,52.48284017],[-1.82847352,52.68188109]]},"geometry_name":"geom","properties":{"uid":26986,"id":0,"type_inf":"Fibre Operational","status":"Operational","type_":3}},{"type":"Feature","id":"trx_geocatalogue.fid-7c38bf73_19d20a9a0d0_-a1d","geometry":{"type":"LineString","coordinates":[[-0.93946913,53.31223385],[-1.13970384,53.52028517]]},"geometry_name":"geom","properties":{"uid":26987,"id":0,"type_inf":"Fibre Operational","status":"Operational","type_":3}},{"type":"Feature","id":"trx_geocatalogue.fid-7c38bf73_19d20a9a0d0_-a1c","geometry":{"type":"LineString","coordinates":[[-0.96336166,52.96100688],[-0.93946913,53.31223385]]},"geometry_name":"geom","properties":{"uid":26988,"id":0,"type_inf":"Fibre Operational","status":"Operational","type_":3}},{"type":"Feature","id":"trx_geocatalogue.fid-7c38bf73_19d20a9a0d0_-a1b","geometry":{"type":"LineString","coordinates":[[-1.2568598,52.93221568],[-1.47401811,52.91471234]]},"geometry_name":"geom","properties":{"uid":26989,"id":0,"type_inf":"Fibre Operational","status":"Operational","type_":3}},{"type":"Feature","id":"trx_geocatalogue.fid-7c38bf73_19d20a9a0d0_-a1a","geometry":{"type":"LineString","coordinates":[[-1.25676545,52.93218915],[-1.42329097,53.23435228]]},"geometry_name":"geom","properties":{"uid":26990,"id":0,"type_inf":"Fibre Operational","status":"Operational","type_":3}},{"type":"Feature","id":"trx_geocatalogue.fid-7c38bf73_19d20a9a0d0_-a19","geometry":{"type":"LineString","coordinates":[[-1.47996676,53.38465589],[-1.7929452,53.64318433]]},"geometry_name":"geom","properties":{"uid":26991,"id":0,"type_inf":"Fibre Operational","status":"Operational","type_":3}},{"type":"Feature","id":"trx_geocatalogue.fid-7c38bf73_19d20a9a0d0_-a18","geometry":{"type":"LineString","coordinates":[[-1.7929452,53.64318433],[-1.74884585,53.79392318]]},"geometry_name":"geom","properties":{"uid":26992,"id":0,"type_inf":"Fibre Operational","status":"Operational","type_":3}},{"type":"Feature","id":"trx_geocatalogue.fid-7c38bf73_19d20a9a0d0_-a17","geometry":{"type":"LineString","coordinates":[[-1.38427277,53.92336586],[-1.52704043,53.98761131]]},"geometry_name":"geom","properties":{"uid":26993,"id":0,"type_inf":"Fibre Operational","status":"Operational","type_":3}},{"type":"Feature","id":"trx_geocatalogue.fid-7c38bf73_19d20a9a0d0_-a16","geometry":{"type":"LineString","coordinates":[[-1.52704043,53.98761131],[-1.07843271,53.95525064]]},"geometry_name":"geom","properties":{"uid":26994,"id":0,"type_inf":"Fibre Operational","status":"Operational","type_":3}},{"type":"Feature","id":"trx_geocatalogue.fid-7c38bf73_19d20a9a0d0_-a15","geometry":{"type":"LineString","coordinates":[[-1.33711483,52.06560069],[-1.5813785,52.28245216]]},"geometry_name":"geom","properties":{"uid":26995,"id":0,"type_inf":"Fibre Operational","status":"Operational","type_":3}},{"type":"Feature","id":"trx_geocatalogue.fid-7c38bf73_19d20a9a0d0_-a14","geometry":{"type":"LineString","coordinates":[[-1.5813785,52.28245216],[-1.50257164,52.40431796]]},"geometry_name":"geom","properties":{"uid":26996,"id":0,"type_inf":"Fibre Operational","status":"Operational","type_":3}},{"type":"Feature","id":"trx_geocatalogue.fid-7c38bf73_19d20a9a0d0_-a13","geometry":{"type":"LineString","coordinates":[[-1.77297191,52.41074115],[-1.5813785,52.28245216]]},"geometry_name":"geom","properties":{"uid":26997,"id":0,"type_inf":"Fibre Operational","status":"Operational","type_":3}},{"type":"Feature","id":"trx_geocatalogue.fid-7c38bf73_19d20a9a0d0_-a12","geometry":{"type":"LineString","coordinates":[[-1.5813785,52.28245216],[-1.70474155,52.19290186]]},"geometry_name":"geom","properties":{"uid":26998,"id":0,"type_inf":"Fibre Operational","status":"Operational","type_":3}},{"type":"Feature","id":"trx_geocatalogue.fid-7c38bf73_19d20a9a0d0_-a11","geometry":{"type":"LineString","coordinates":[[-3.65154923,50.78771442],[-3.49254958,50.90918264]]},"geometry_name":"geom","properties":{"uid":26999,"id":0,"type_inf":"Fibre Operational","status":"Operational","type_":3}},{"type":"Feature","id":"trx_geocatalogue.fid-7c38bf73_19d20a9a0d0_-a10","geometry":{"type":"LineString","coordinates":[[-3.79626862,50.72670936],[-3.65154923,50.78771442]]},"geometry_name":"geom","properties":{"uid":27000,"id":0,"type_inf":"Fibre Operational","status":"Operational","type_":3}},{"type":"Feature","id":"trx_geocatalogue.fid-7c38bf73_19d20a9a0d0_-a0f","geometry":{"type":"LineString","coordinates":[[-2.97358862,51.23114312],[-2.58610878,51.45726273]]},"geometry_name":"geom","properties":{"uid":27001,"id":0,"type_inf":"Fibre Operational","status":"Operational","type_":3}},{"type":"Feature","id":"trx_geocatalogue.fid-7c38bf73_19d20a9a0d0_-a0e","geometry":{"type":"LineString","coordinates":[[-0.51052216,51.43412177],[-0.1078704,51.50274018]]},"geometry_name":"geom","properties":{"uid":27002,"id":0,"type_inf":"Fibre Operational","status":"Operational","type_":3}},{"type":"Feature","id":"trx_geocatalogue.fid-7c38bf73_19d20a9a0d0_-a0d","geometry":{"type":"LineString","coordinates":[[-0.26849975,51.63409839],[-0.40079692,51.65871286]]},"geometry_name":"geom","properties":{"uid":27003,"id":0,"type_inf":"Fibre Operational","status":"Operational","type_":3}},{"type":"Feature","id":"trx_geocatalogue.fid-7c38bf73_19d20a9a0d0_-a0c","geometry":{"type":"LineString","coordinates":[[-0.48764725,51.74794265],[-0.40079692,51.65871286]]},"geometry_name":"geom","properties":{"uid":27004,"id":0,"type_inf":"Fibre Operational","status":"Operational","type_":3}},{"type":"Feature","id":"trx_geocatalogue.fid-7c38bf73_19d20a9a0d0_-a0b","geometry":{"type":"LineString","coordinates":[[-0.08194915,51.65038475],[-0.33893093,51.74437346]]},"geometry_name":"geom","properties":{"uid":27005,"id":0,"type_inf":"Fibre Operational","status":"Operational","type_":3}},{"type":"Feature","id":"trx_geocatalogue.fid-7c38bf73_19d20a9a0d0_-a0a","geometry":{"type":"LineString","coordinates":[[-0.04884576,51.81600818],[0.16709136,51.8697012]]},"geometry_name":"geom","properties":{"uid":27006,"id":0,"type_inf":"Fibre Operational","status":"Operational","type_":3}},{"type":"Feature","id":"trx_geocatalogue.fid-7c38bf73_19d20a9a0d0_-a09","geometry":{"type":"LineString","coordinates":[[0.16709136,51.8697012],[0.13197927,52.19944636]]},"geometry_name":"geom","properties":{"uid":27007,"id":0,"type_inf":"Fibre Operational","status":"Operational","type_":3}},{"type":"Feature","id":"trx_geocatalogue.fid-7c38bf73_19d20a9a0d0_-a08","geometry":{"type":"LineString","coordinates":[[-0.90048373,52.23573215],[-0.47099102,52.13579479]]},"geometry_name":"geom","properties":{"uid":27008,"id":0,"type_inf":"Fibre Operational","status":"Operational","type_":3}},{"type":"Feature","id":"trx_geocatalogue.fid-7c38bf73_19d20a9a0d0_-a07","geometry":{"type":"LineString","coordinates":[[-0.10241251,51.37389138],[-0.0224922,51.45912521]]},"geometry_name":"geom","properties":{"uid":27009,"id":0,"type_inf":"Fibre Operational","status":"Operational","type_":3}},{"type":"Feature","id":"trx_geocatalogue.fid-7c38bf73_19d20a9a0d0_-a06","geometry":{"type":"LineString","coordinates":[[-0.1078704,51.50274018],[-0.0224922,51.45912521]]},"geometry_name":"geom","properties":{"uid":27010,"id":0,"type_inf":"Fibre Operational","status":"Operational","type_":3}},{"type":"Feature","id":"trx_geocatalogue.fid-7c38bf73_19d20a9a0d0_-a05","geometry":{"type":"LineString","coordinates":[[-0.08194915,51.65038475],[0.48929314,51.56671205]]},"geometry_name":"geom","properties":{"uid":27011,"id":0,"type_inf":"Fibre Operational","status":"Operational","type_":3}},{"type":"Feature","id":"trx_geocatalogue.fid-7c38bf73_19d20a9a0d0_-a04","geometry":{"type":"LineString","coordinates":[[0.53056843,51.60798734],[0.59259847,51.58404691]]},"geometry_name":"geom","properties":{"uid":27012,"id":0,"type_inf":"Fibre Operational","status":"Operational","type_":3}},{"type":"Feature","id":"trx_geocatalogue.fid-7c38bf73_19d20a9a0d0_-a03","geometry":{"type":"LineString","coordinates":[[0.48929314,51.56671205],[0.59259847,51.58404691]]},"geometry_name":"geom","properties":{"uid":27013,"id":0,"type_inf":"Fibre Operational","status":"Operational","type_":3}},{"type":"Feature","id":"trx_geocatalogue.fid-7c38bf73_19d20a9a0d0_-a02","geometry":{"type":"LineString","coordinates":[[1.28675153,52.63096162],[1.7216823,52.59978969]]},"geometry_name":"geom","properties":{"uid":27014,"id":0,"type_inf":"Fibre Operational","status":"Operational","type_":3}},{"type":"Feature","id":"trx_geocatalogue.fid-7c38bf73_19d20a9a0d0_-a01","geometry":{"type":"LineString","coordinates":[[1.28675153,52.63096162],[1.693536,52.715231]]},"geometry_name":"geom","properties":{"uid":27015,"id":0,"type_inf":"Fibre Operational","status":"Operational","type_":3}},{"type":"Feature","id":"trx_geocatalogue.fid-7c38bf73_19d20a9a0d0_-a00","geometry":{"type":"LineString","coordinates":[[1.7216823,52.59978969],[1.693536,52.715231]]},"geometry_name":"geom","properties":{"uid":27016,"id":0,"type_inf":"Fibre Operational","status":"Operational","type_":3}},{"type":"Feature","id":"trx_geocatalogue.fid-7c38bf73_19d20a9a0d0_-9ff","geometry":{"type":"LineString","coordinates":[[-2.60069289,53.38941481],[-2.28969566,53.48783987]]},"geometry_name":"geom","properties":{"uid":27017,"id":0,"type_inf":"Fibre Operational","status":"Operational","type_":3}},{"type":"Feature","id":"trx_geocatalogue.fid-7c38bf73_19d20a9a0d0_-9fe","geometry":{"type":"LineString","coordinates":[[-2.97843233,53.40904537],[-2.98901601,53.44552589]]},"geometry_name":"geom","properties":{"uid":27018,"id":0,"type_inf":"Fibre Operational","status":"Operational","type_":3}},{"type":"Feature","id":"trx_geocatalogue.fid-7c38bf73_19d20a9a0d0_-9fd","geometry":{"type":"LineString","coordinates":[[-2.98901601,53.44552589],[-2.89954827,53.48359726]]},"geometry_name":"geom","properties":{"uid":27019,"id":0,"type_inf":"Fibre Operational","status":"Operational","type_":3}},{"type":"Feature","id":"trx_geocatalogue.fid-7c38bf73_19d20a9a0d0_-9fc","geometry":{"type":"LineString","coordinates":[[-2.89954827,53.48359726],[-2.73869671,53.45409195]]},"geometry_name":"geom","properties":{"uid":27020,"id":0,"type_inf":"Fibre Operational","status":"Operational","type_":3}},{"type":"Feature","id":"trx_geocatalogue.fid-7c38bf73_19d20a9a0d0_-9fb","geometry":{"type":"LineString","coordinates":[[-2.73869671,53.45409195],[-3.006364,53.647933]]},"geometry_name":"geom","properties":{"uid":27021,"id":0,"type_inf":"Fibre Operational","status":"Operational","type_":3}},{"type":"Feature","id":"trx_geocatalogue.fid-7c38bf73_19d20a9a0d0_-9fa","geometry":{"type":"LineString","coordinates":[[-3.006364,53.647933],[-2.69825079,53.76061073]]},"geometry_name":"geom","properties":{"uid":27022,"id":0,"type_inf":"Fibre Operational","status":"Operational","type_":3}},{"type":"Feature","id":"trx_geocatalogue.fid-7c38bf73_19d20a9a0d0_-9f9","geometry":{"type":"LineString","coordinates":[[-2.73869671,53.45409195],[-2.65208433,53.48359726]]},"geometry_name":"geom","properties":{"uid":27023,"id":0,"type_inf":"Fibre Operational","status":"Operational","type_":3}},{"type":"Feature","id":"trx_geocatalogue.fid-7c38bf73_19d20a9a0d0_-9f8","geometry":{"type":"LineString","coordinates":[[-1.49367827,52.47310824],[-1.73780023,52.52967135]]},"geometry_name":"geom","properties":{"uid":27024,"id":0,"type_inf":"Fibre Operational","status":"Operational","type_":3}},{"type":"Feature","id":"trx_geocatalogue.fid-7c38bf73_19d20a9a0d0_-9f7","geometry":{"type":"LineString","coordinates":[[-2.01128927,52.32094124],[-1.98240882,52.41069829]]},"geometry_name":"geom","properties":{"uid":27025,"id":0,"type_inf":"Fibre Operational","status":"Operational","type_":3}},{"type":"Feature","id":"trx_geocatalogue.fid-7c38bf73_19d20a9a0d0_-9f6","geometry":{"type":"LineString","coordinates":[[-1.98240882,52.41069829],[-1.8987519,52.48284017]]},"geometry_name":"geom","properties":{"uid":27026,"id":0,"type_inf":"Fibre Operational","status":"Operational","type_":3}},{"type":"Feature","id":"trx_geocatalogue.fid-7c38bf73_19d20a9a0d0_-9f5","geometry":{"type":"LineString","coordinates":[[-1.98621596,52.58487484],[-2.03280905,52.68628274]]},"geometry_name":"geom","properties":{"uid":27027,"id":0,"type_inf":"Fibre Operational","status":"Operational","type_":3}},{"type":"Feature","id":"trx_geocatalogue.fid-7c38bf73_19d20a9a0d0_-9f4","geometry":{"type":"LineString","coordinates":[[-1.98621596,52.58487484],[-1.82847352,52.68188109]]},"geometry_name":"geom","properties":{"uid":27028,"id":0,"type_inf":"Fibre Operational","status":"Operational","type_":3}},{"type":"Feature","id":"trx_geocatalogue.fid-7c38bf73_19d20a9a0d0_-9f3","geometry":{"type":"LineString","coordinates":[[-2.12004177,52.58813132],[-1.98621596,52.58487484]]},"geometry_name":"geom","properties":{"uid":27029,"id":0,"type_inf":"Fibre Operational","status":"Operational","type_":3}},{"type":"Feature","id":"trx_geocatalogue.fid-7c38bf73_19d20a9a0d0_-9f2","geometry":{"type":"LineString","coordinates":[[-1.98621596,52.58487484],[-1.8987519,52.48284017]]},"geometry_name":"geom","properties":{"uid":27030,"id":0,"type_inf":"Fibre Operational","status":"Operational","type_":3}},{"type":"Feature","id":"trx_geocatalogue.fid-7c38bf73_19d20a9a0d0_-9f1","geometry":{"type":"LineString","coordinates":[[-5.22711026,50.2425347],[-5.10705753,50.16549838]]},"geometry_name":"geom","properties":{"uid":27031,"id":0,"type_inf":"Fibre Operational","status":"Operational","type_":3}},{"type":"Feature","id":"trx_geocatalogue.fid-7c38bf73_19d20a9a0d0_-9f0","geometry":{"type":"LineString","coordinates":[[-1.58406818,54.9813932],[-1.47106265,55.01277721]]},"geometry_name":"geom","properties":{"uid":27032,"id":0,"type_inf":"Fibre Operational","status":"Operational","type_":3}},{"type":"Feature","id":"trx_geocatalogue.fid-7c38bf73_19d20a9a0d0_-9ef","geometry":{"type":"LineString","coordinates":[[-1.63737313,55.08128105],[-1.47106265,55.01277721]]},"geometry_name":"geom","properties":{"uid":27033,"id":0,"type_inf":"Fibre Operational","status":"Operational","type_":3}},{"type":"Feature","id":"trx_geocatalogue.fid-7c38bf73_19d20a9a0d0_-9ee","geometry":{"type":"LineString","coordinates":[[-1.55791298,54.89499389],[-1.46385531,54.90484909]]},"geometry_name":"geom","properties":{"uid":27034,"id":0,"type_inf":"Fibre Operational","status":"Operational","type_":3}},{"type":"Feature","id":"trx_geocatalogue.fid-7c38bf73_19d20a9a0d0_-9ed","geometry":{"type":"LineString","coordinates":[[-2.5016752,53.06697297],[-2.23663536,53.47745487]]},"geometry_name":"geom","properties":{"uid":27035,"id":0,"type_inf":"Fibre Operational","status":"Operational","type_":3}},{"type":"Feature","id":"trx_geocatalogue.fid-7c38bf73_19d20a9a0d0_-9ec","geometry":{"type":"LineString","coordinates":[[-2.5016752,53.06697297],[-2.99967191,53.04618027]]},"geometry_name":"geom","properties":{"uid":27036,"id":0,"type_inf":"Fibre Operational","status":"Operational","type_":3}},{"type":"Feature","id":"trx_geocatalogue.fid-7c38bf73_19d20a9a0d0_-9eb","geometry":{"type":"LineString","coordinates":[[-2.99967191,53.04618027],[-3.027556,53.20173]]},"geometry_name":"geom","properties":{"uid":27037,"id":0,"type_inf":"Fibre Operational","status":"Operational","type_":3}},{"type":"Feature","id":"trx_geocatalogue.fid-7c38bf73_19d20a9a0d0_-9ea","geometry":{"type":"LineString","coordinates":[[-3.13863243,53.16896046],[-3.027556,53.20173]]},"geometry_name":"geom","properties":{"uid":27038,"id":0,"type_inf":"Fibre Operational","status":"Operational","type_":3}},{"type":"Feature","id":"trx_geocatalogue.fid-7c38bf73_19d20a9a0d0_-9e9","geometry":{"type":"LineString","coordinates":[[-3.13863243,53.16896046],[-3.44933055,53.26140252]]},"geometry_name":"geom","properties":{"uid":27039,"id":0,"type_inf":"Fibre Operational","status":"Operational","type_":3}},{"type":"Feature","id":"trx_geocatalogue.fid-7c38bf73_19d20a9a0d0_-9e8","geometry":{"type":"LineString","coordinates":[[-3.44933055,53.26140252],[-3.58139064,53.2840074]]},"geometry_name":"geom","properties":{"uid":27040,"id":0,"type_inf":"Fibre Operational","status":"Operational","type_":3}},{"type":"Feature","id":"trx_geocatalogue.fid-7c38bf73_19d20a9a0d0_-9e7","geometry":{"type":"LineString","coordinates":[[-3.58139064,53.2840074],[-3.83169407,53.28040648]]},"geometry_name":"geom","properties":{"uid":27041,"id":0,"type_inf":"Fibre Operational","status":"Operational","type_":3}},{"type":"Feature","id":"trx_geocatalogue.fid-7c38bf73_19d20a9a0d0_-9e6","geometry":{"type":"LineString","coordinates":[[-4.13937425,53.21976195],[-3.83169407,53.28040648]]},"geometry_name":"geom","properties":{"uid":27042,"id":0,"type_inf":"Fibre Operational","status":"Operational","type_":3}},{"type":"Feature","id":"trx_geocatalogue.fid-7c38bf73_19d20a9a0d0_-9e5","geometry":{"type":"LineString","coordinates":[[-4.13937425,53.21976195],[-4.27143433,53.13767055]]},"geometry_name":"geom","properties":{"uid":27043,"id":0,"type_inf":"Fibre Operational","status":"Operational","type_":3}},{"type":"Feature","id":"trx_geocatalogue.fid-7c38bf73_19d20a9a0d0_-9e4","geometry":{"type":"LineString","coordinates":[[-4.13937425,53.21976195],[-4.32731665,53.24364795]]},"geometry_name":"geom","properties":{"uid":27044,"id":0,"type_inf":"Fibre Operational","status":"Operational","type_":3}},{"type":"Feature","id":"trx_geocatalogue.fid-7c38bf73_19d20a9a0d0_-9e3","geometry":{"type":"LineString","coordinates":[[-4.32731665,53.24364795],[-4.630391,53.306336]]},"geometry_name":"geom","properties":{"uid":27045,"id":0,"type_inf":"Fibre Operational","status":"Operational","type_":3}},{"type":"Feature","id":"trx_geocatalogue.fid-7c38bf73_19d20a9a0d0_-9e1","geometry":{"type":"LineString","coordinates":[[-5.27374769,50.10071883],[-5.05364755,50.25895298]]},"geometry_name":"geom","properties":{"uid":26845,"id":0,"type_inf":"Fibre Operational","status":"Operational","type_":3}},{"type":"Feature","id":"trx_geocatalogue.fid-7c38bf73_19d20a9a0d0_-9e0","geometry":{"type":"LineString","coordinates":[[-5.5478616,50.12356165],[-5.27374769,50.10071883]]},"geometry_name":"geom","properties":{"uid":26846,"id":0,"type_inf":"Fibre Operational","status":"Operational","type_":3}},{"type":"Feature","id":"trx_geocatalogue.fid-7c38bf73_19d20a9a0d0_-9df","geometry":{"type":"LineString","coordinates":[[-5.5478616,50.12356165],[-5.22711026,50.2425347]]},"geometry_name":"geom","properties":{"uid":26847,"id":0,"type_inf":"Fibre Operational","status":"Operational","type_":3}},{"type":"Feature","id":"trx_geocatalogue.fid-7c38bf73_19d20a9a0d0_-9de","geometry":{"type":"LineString","coordinates":[[-5.5478616,50.12356165],[-5.654507,50.043052]]},"geometry_name":"geom","properties":{"uid":26848,"id":0,"type_inf":"Fibre Operational","status":"Operational","type_":3}},{"type":"Feature","id":"trx_geocatalogue.fid-7c38bf73_19d20a9a0d0_-9dd","geometry":{"type":"LineString","coordinates":[[-5.6776612,50.12546522],[-5.5478616,50.12356165]]},"geometry_name":"geom","properties":{"uid":26849,"id":0,"type_inf":"Fibre Operational","status":"Operational","type_":3}},{"type":"Feature","id":"trx_geocatalogue.fid-7c38bf73_19d20a9a0d0_-9dc","geometry":{"type":"LineString","coordinates":[[-5.654507,50.043052],[-5.6776612,50.12546522]]},"geometry_name":"geom","properties":{"uid":26850,"id":0,"type_inf":"Fibre Operational","status":"Operational","type_":3}},{"type":"Feature","id":"trx_geocatalogue.fid-7c38bf73_19d20a9a0d0_-9db","geometry":{"type":"LineString","coordinates":[[-5.00812418,50.30378416],[-5.05364755,50.25895298]]},"geometry_name":"geom","properties":{"uid":26851,"id":0,"type_inf":"Fibre Operational","status":"Operational","type_":3}},{"type":"Feature","id":"trx_geocatalogue.fid-7c38bf73_19d20a9a0d0_-9da","geometry":{"type":"LineString","coordinates":[[-5.00812418,50.30378416],[-4.93162472,50.39289303]]},"geometry_name":"geom","properties":{"uid":26852,"id":0,"type_inf":"Fibre Operational","status":"Operational","type_":3}},{"type":"Feature","id":"trx_geocatalogue.fid-7c38bf73_19d20a9a0d0_-9d9","geometry":{"type":"LineString","coordinates":[[-4.93162472,50.39289303],[-4.15541288,50.38731529]]},"geometry_name":"geom","properties":{"uid":26853,"id":0,"type_inf":"Fibre Operational","status":"Operational","type_":3}},{"type":"Feature","id":"trx_geocatalogue.fid-7c38bf73_19d20a9a0d0_-9d8","geometry":{"type":"LineString","coordinates":[[-3.18509792,55.95482885],[-2.73533073,55.71486205]]},"geometry_name":"geom","properties":{"uid":26854,"id":0,"type_inf":"Fibre Operational","status":"Operational","type_":3}},{"type":"Feature","id":"trx_geocatalogue.fid-7c38bf73_19d20a9a0d0_-9d7","geometry":{"type":"LineString","coordinates":[[-2.73533073,55.71486205],[-2.25943853,55.64347822]]},"geometry_name":"geom","properties":{"uid":26855,"id":0,"type_inf":"Fibre Operational","status":"Operational","type_":3}},{"type":"Feature","id":"trx_geocatalogue.fid-7c38bf73_19d20a9a0d0_-9d6","geometry":{"type":"LineString","coordinates":[[-2.25943853,55.64347822],[-2.01165735,55.54954176]]},"geometry_name":"geom","properties":{"uid":26856,"id":0,"type_inf":"Fibre Operational","status":"Operational","type_":3}},{"type":"Feature","id":"trx_geocatalogue.fid-7c38bf73_19d20a9a0d0_-9d5","geometry":{"type":"LineString","coordinates":[[-2.01165735,55.54954176],[-1.58406818,54.9813932]]},"geometry_name":"geom","properties":{"uid":26857,"id":0,"type_inf":"Fibre Operational","status":"Operational","type_":3}},{"type":"Feature","id":"trx_geocatalogue.fid-7c38bf73_19d20a9a0d0_-9d4","geometry":{"type":"LineString","coordinates":[[-2.25943853,55.64347822],[-2.02387189,55.7672102]]},"geometry_name":"geom","properties":{"uid":26858,"id":0,"type_inf":"Fibre Operational","status":"Operational","type_":3}},{"type":"Feature","id":"trx_geocatalogue.fid-7c38bf73_19d20a9a0d0_-9d3","geometry":{"type":"LineString","coordinates":[[0.09529932,49.35808077],[1.19289486,49.23043555]]},"geometry_name":"geom","properties":{"uid":28051,"id":0,"type_inf":"Fibre Operational","status":"Operational","type_":3}},{"type":"Feature","id":"trx_geocatalogue.fid-7c38bf73_19d20a9a0d0_-9d2","geometry":{"type":"LineString","coordinates":[[1.19289486,49.23043555],[2.35840768,48.86714512]]},"geometry_name":"geom","properties":{"uid":28052,"id":0,"type_inf":"Fibre Operational","status":"Operational","type_":3}},{"type":"Feature","id":"trx_geocatalogue.fid-7c38bf73_19d20a9a0d0_-9d1","geometry":{"type":"LineString","coordinates":[[1.83278474,50.1055356],[1.6290807,50.18634477]]},"geometry_name":"geom","properties":{"uid":28085,"id":0,"type_inf":"Fibre Operational","status":"Operational","type_":3}},{"type":"Feature","id":"trx_geocatalogue.fid-7c38bf73_19d20a9a0d0_-9d0","geometry":{"type":"LineString","coordinates":[[1.6290807,50.18634477],[1.493433,50.179176]]},"geometry_name":"geom","properties":{"uid":28086,"id":0,"type_inf":"Fibre Operational","status":"Operational","type_":3}},{"type":"Feature","id":"trx_geocatalogue.fid-7c38bf73_19d20a9a0d0_-9cf","geometry":{"type":"LineString","coordinates":[[1.83278474,50.1055356],[2.29292491,49.89264522]]},"geometry_name":"geom","properties":{"uid":28087,"id":0,"type_inf":"Fibre Operational","status":"Operational","type_":3}},{"type":"Feature","id":"trx_geocatalogue.fid-7c38bf73_19d20a9a0d0_-9ce","geometry":{"type":"LineString","coordinates":[[1.83278474,50.1055356],[2.29292491,49.89264522]]},"geometry_name":"geom","properties":{"uid":28292,"id":0,"type_inf":"Fibre Operational","status":"Operational","type_":3}},{"type":"Feature","id":"trx_geocatalogue.fid-7c38bf73_19d20a9a0d0_-9cd","geometry":{"type":"LineString","coordinates":[[1.87404519,50.94937787],[2.23611376,50.73326569]]},"geometry_name":"geom","properties":{"uid":28302,"id":0,"type_inf":"Fibre Operational","status":"Operational","type_":3}},{"type":"Feature","id":"trx_geocatalogue.fid-7c38bf73_19d20a9a0d0_-9cc","geometry":{"type":"LineString","coordinates":[[0.1774395,51.39551501],[0.10070188,51.42621006]]},"geometry_name":"geom","properties":{"uid":28522,"id":0,"type_inf":"Fibre Operational","status":"Operational","type_":3}},{"type":"Feature","id":"trx_geocatalogue.fid-7c38bf73_19d20a9a0d0_-9cb","geometry":{"type":"LineString","coordinates":[[0.366676,50.81932],[0.2478126,50.86798106]]},"geometry_name":"geom","properties":{"uid":28500,"id":0,"type_inf":"Fibre Operational","status":"Operational","type_":3}},{"type":"Feature","id":"trx_geocatalogue.fid-7c38bf73_19d20a9a0d0_-9ca","geometry":{"type":"LineString","coordinates":[[0.23904014,50.82387897],[0.2478126,50.86798106]]},"geometry_name":"geom","properties":{"uid":28501,"id":0,"type_inf":"Fibre Operational","status":"Operational","type_":3}},{"type":"Feature","id":"trx_geocatalogue.fid-7c38bf73_19d20a9a0d0_-9c9","geometry":{"type":"LineString","coordinates":[[0.01536995,50.867674],[0.23904014,50.82387897]]},"geometry_name":"geom","properties":{"uid":28502,"id":0,"type_inf":"Fibre Operational","status":"Operational","type_":3}},{"type":"Feature","id":"trx_geocatalogue.fid-7c38bf73_19d20a9a0d0_-9c8","geometry":{"type":"LineString","coordinates":[[-0.14213464,50.84220181],[-0.10625296,51.0024245]]},"geometry_name":"geom","properties":{"uid":28503,"id":0,"type_inf":"Fibre Operational","status":"Operational","type_":3}},{"type":"Feature","id":"trx_geocatalogue.fid-7c38bf73_19d20a9a0d0_-9c7","geometry":{"type":"LineString","coordinates":[[-0.14213464,50.84220181],[0.01536995,50.867674]]},"geometry_name":"geom","properties":{"uid":28504,"id":0,"type_inf":"Fibre Operational","status":"Operational","type_":3}},{"type":"Feature","id":"trx_geocatalogue.fid-7c38bf73_19d20a9a0d0_-9c6","geometry":{"type":"LineString","coordinates":[[-0.10625296,51.0024245],[-0.17994399,51.11088695]]},"geometry_name":"geom","properties":{"uid":28505,"id":0,"type_inf":"Fibre Operational","status":"Operational","type_":3}},{"type":"Feature","id":"trx_geocatalogue.fid-7c38bf73_19d20a9a0d0_-9c5","geometry":{"type":"LineString","coordinates":[[-0.32596287,51.2333842],[-0.17994399,51.11088695]]},"geometry_name":"geom","properties":{"uid":28506,"id":0,"type_inf":"Fibre Operational","status":"Operational","type_":3}},{"type":"Feature","id":"trx_geocatalogue.fid-7c38bf73_19d20a9a0d0_-9c4","geometry":{"type":"LineString","coordinates":[[-0.57900368,51.23671644],[-0.32596287,51.2333842]]},"geometry_name":"geom","properties":{"uid":28507,"id":0,"type_inf":"Fibre Operational","status":"Operational","type_":3}},{"type":"Feature","id":"trx_geocatalogue.fid-7c38bf73_19d20a9a0d0_-9c3","geometry":{"type":"LineString","coordinates":[[-0.57900368,51.23671644],[-0.6772238,51.34891077]]},"geometry_name":"geom","properties":{"uid":28508,"id":0,"type_inf":"Fibre Operational","status":"Operational","type_":3}},{"type":"Feature","id":"trx_geocatalogue.fid-7c38bf73_19d20a9a0d0_-9c2","geometry":{"type":"LineString","coordinates":[[-0.6772238,51.34891077],[-0.66596045,51.40788821]]},"geometry_name":"geom","properties":{"uid":28509,"id":0,"type_inf":"Fibre Operational","status":"Operational","type_":3}},{"type":"Feature","id":"trx_geocatalogue.fid-7c38bf73_19d20a9a0d0_-9c1","geometry":{"type":"LineString","coordinates":[[-0.59626964,51.51035347],[-0.51052216,51.43412177]]},"geometry_name":"geom","properties":{"uid":28510,"id":0,"type_inf":"Fibre Operational","status":"Operational","type_":3}},{"type":"Feature","id":"trx_geocatalogue.fid-7c38bf73_19d20a9a0d0_-9c0","geometry":{"type":"LineString","coordinates":[[-0.66596045,51.40788821],[-0.51052216,51.43412177]]},"geometry_name":"geom","properties":{"uid":28511,"id":0,"type_inf":"Fibre Operational","status":"Operational","type_":3}},{"type":"Feature","id":"trx_geocatalogue.fid-7c38bf73_19d20a9a0d0_-9bf","geometry":{"type":"LineString","coordinates":[[-0.73142303,51.52177488],[-0.59626964,51.51035347]]},"geometry_name":"geom","properties":{"uid":28512,"id":0,"type_inf":"Fibre Operational","status":"Operational","type_":3}},{"type":"Feature","id":"trx_geocatalogue.fid-7c38bf73_19d20a9a0d0_-9be","geometry":{"type":"LineString","coordinates":[[-0.98160848,51.45705453],[-0.73142303,51.52177488]]},"geometry_name":"geom","properties":{"uid":28513,"id":0,"type_inf":"Fibre Operational","status":"Operational","type_":3}},{"type":"Feature","id":"trx_geocatalogue.fid-7c38bf73_19d20a9a0d0_-9bd","geometry":{"type":"LineString","coordinates":[[-0.98160848,51.45705453],[-1.31843606,51.4029208]]},"geometry_name":"geom","properties":{"uid":28514,"id":0,"type_inf":"Fibre Operational","status":"Operational","type_":3}},{"type":"Feature","id":"trx_geocatalogue.fid-7c38bf73_19d20a9a0d0_-9bc","geometry":{"type":"LineString","coordinates":[[-1.7901642,51.56174982],[-1.51486737,51.42804896]]},"geometry_name":"geom","properties":{"uid":28515,"id":0,"type_inf":"Fibre Operational","status":"Operational","type_":3}},{"type":"Feature","id":"trx_geocatalogue.fid-7c38bf73_19d20a9a0d0_-9bb","geometry":{"type":"LineString","coordinates":[[-1.51486737,51.42804896],[-1.31843606,51.4029208]]},"geometry_name":"geom","properties":{"uid":28516,"id":0,"type_inf":"Fibre Operational","status":"Operational","type_":3}},{"type":"Feature","id":"trx_geocatalogue.fid-7c38bf73_19d20a9a0d0_-9ba","geometry":{"type":"LineString","coordinates":[[-1.7901642,51.56174982],[-2.0991351,51.59178504]]},"geometry_name":"geom","properties":{"uid":28517,"id":0,"type_inf":"Fibre Operational","status":"Operational","type_":3}},{"type":"Feature","id":"trx_geocatalogue.fid-7c38bf73_19d20a9a0d0_-9b9","geometry":{"type":"LineString","coordinates":[[0.68352346,51.06848756],[1.16798172,51.08847503]]},"geometry_name":"geom","properties":{"uid":28518,"id":0,"type_inf":"Fibre Operational","status":"Operational","type_":3}},{"type":"Feature","id":"trx_geocatalogue.fid-7c38bf73_19d20a9a0d0_-9b8","geometry":{"type":"LineString","coordinates":[[0.52411444,51.27621549],[0.68352346,51.06848756]]},"geometry_name":"geom","properties":{"uid":28519,"id":0,"type_inf":"Fibre Operational","status":"Operational","type_":3}},{"type":"Feature","id":"trx_geocatalogue.fid-7c38bf73_19d20a9a0d0_-9b7","geometry":{"type":"LineString","coordinates":[[0.42225778,51.29716671],[0.52411444,51.27621549]]},"geometry_name":"geom","properties":{"uid":28520,"id":0,"type_inf":"Fibre Operational","status":"Operational","type_":3}},{"type":"Feature","id":"trx_geocatalogue.fid-7c38bf73_19d20a9a0d0_-9b6","geometry":{"type":"LineString","coordinates":[[0.42225778,51.29716671],[0.1774395,51.39551501]]},"geometry_name":"geom","properties":{"uid":28521,"id":0,"type_inf":"Fibre Operational","status":"Operational","type_":3}},{"type":"Feature","id":"trx_geocatalogue.fid-7c38bf73_19d20a9a0d0_-9b5","geometry":{"type":"LineString","coordinates":[[0.10070188,51.42621006],[-0.1078704,51.50274018]]},"geometry_name":"geom","properties":{"uid":28523,"id":0,"type_inf":"Fibre Operational","status":"Operational","type_":3}},{"type":"Feature","id":"trx_geocatalogue.fid-7c38bf73_19d20a9a0d0_-9b4","geometry":{"type":"LineString","coordinates":[[1.56671309,52.47090723],[1.72936687,52.46884168]]},"geometry_name":"geom","properties":{"uid":28524,"id":0,"type_inf":"Fibre Operational","status":"Operational","type_":3}},{"type":"Feature","id":"trx_geocatalogue.fid-7c38bf73_19d20a9a0d0_-9b3","geometry":{"type":"LineString","coordinates":[[1.43438978,52.45806333],[1.56671309,52.47090723]]},"geometry_name":"geom","properties":{"uid":28525,"id":0,"type_inf":"Fibre Operational","status":"Operational","type_":3}},{"type":"Feature","id":"trx_geocatalogue.fid-7c38bf73_19d20a9a0d0_-9b2","geometry":{"type":"LineString","coordinates":[[1.43438978,52.45806333],[1.29281185,52.3985768]]},"geometry_name":"geom","properties":{"uid":28526,"id":0,"type_inf":"Fibre Operational","status":"Operational","type_":3}},{"type":"Feature","id":"trx_geocatalogue.fid-7c38bf73_19d20a9a0d0_-9b1","geometry":{"type":"LineString","coordinates":[[1.29281185,52.3985768],[1.13860048,52.36716301]]},"geometry_name":"geom","properties":{"uid":28527,"id":0,"type_inf":"Fibre Operational","status":"Operational","type_":3}},{"type":"Feature","id":"trx_geocatalogue.fid-7c38bf73_19d20a9a0d0_-9b0","geometry":{"type":"LineString","coordinates":[[1.13860048,52.36716301],[0.71754975,52.24762946]]},"geometry_name":"geom","properties":{"uid":28528,"id":0,"type_inf":"Fibre Operational","status":"Operational","type_":3}},{"type":"Feature","id":"trx_geocatalogue.fid-7c38bf73_19d20a9a0d0_-9af","geometry":{"type":"LineString","coordinates":[[0.71754975,52.24762946],[0.43650332,52.08419052]]},"geometry_name":"geom","properties":{"uid":28529,"id":0,"type_inf":"Fibre Operational","status":"Operational","type_":3}},{"type":"Feature","id":"trx_geocatalogue.fid-7c38bf73_19d20a9a0d0_-9ae","geometry":{"type":"LineString","coordinates":[[0.3615503,51.87122876],[0.43650332,52.08419052]]},"geometry_name":"geom","properties":{"uid":28530,"id":0,"type_inf":"Fibre Operational","status":"Operational","type_":3}},{"type":"Feature","id":"trx_geocatalogue.fid-7c38bf73_19d20a9a0d0_-9ad","geometry":{"type":"LineString","coordinates":[[0.3615503,51.87122876],[0.24563634,51.71709399]]},"geometry_name":"geom","properties":{"uid":28531,"id":0,"type_inf":"Fibre Operational","status":"Operational","type_":3}},{"type":"Feature","id":"trx_geocatalogue.fid-7c38bf73_19d20a9a0d0_-9ac","geometry":{"type":"LineString","coordinates":[[0.24563634,51.71709399],[0.30095845,51.62433803]]},"geometry_name":"geom","properties":{"uid":28532,"id":0,"type_inf":"Fibre Operational","status":"Operational","type_":3}},{"type":"Feature","id":"trx_geocatalogue.fid-7c38bf73_19d20a9a0d0_-9ab","geometry":{"type":"LineString","coordinates":[[0.30095845,51.62433803],[0.16429549,51.5721496]]},"geometry_name":"geom","properties":{"uid":28533,"id":0,"type_inf":"Fibre Operational","status":"Operational","type_":3}},{"type":"Feature","id":"trx_geocatalogue.fid-7c38bf73_19d20a9a0d0_-9aa","geometry":{"type":"LineString","coordinates":[[0.16429549,51.5721496],[0.07618338,51.54559639]]},"geometry_name":"geom","properties":{"uid":28534,"id":0,"type_inf":"Fibre Operational","status":"Operational","type_":3}},{"type":"Feature","id":"trx_geocatalogue.fid-7c38bf73_19d20a9a0d0_-9a9","geometry":{"type":"LineString","coordinates":[[-0.1078704,51.50274018],[0.07618338,51.54559639]]},"geometry_name":"geom","properties":{"uid":28535,"id":0,"type_inf":"Fibre Operational","status":"Operational","type_":3}},{"type":"Feature","id":"trx_geocatalogue.fid-7c38bf73_19d20a9a0d0_-9a8","geometry":{"type":"LineString","coordinates":[[-0.1078704,51.50274018],[-0.40079692,51.65871286]]},"geometry_name":"geom","properties":{"uid":28536,"id":0,"type_inf":"Fibre Operational","status":"Operational","type_":3}},{"type":"Feature","id":"trx_geocatalogue.fid-7c38bf73_19d20a9a0d0_-9a7","geometry":{"type":"LineString","coordinates":[[-0.48764725,51.74794265],[-0.40079692,51.65871286]]},"geometry_name":"geom","properties":{"uid":28537,"id":0,"type_inf":"Fibre Operational","status":"Operational","type_":3}},{"type":"Feature","id":"trx_geocatalogue.fid-7c38bf73_19d20a9a0d0_-9a6","geometry":{"type":"LineString","coordinates":[[-0.68594644,51.91951473],[-0.48764725,51.74794265]]},"geometry_name":"geom","properties":{"uid":28538,"id":0,"type_inf":"Fibre Operational","status":"Operational","type_":3}},{"type":"Feature","id":"trx_geocatalogue.fid-7c38bf73_19d20a9a0d0_-9a5","geometry":{"type":"LineString","coordinates":[[-1.13672951,52.63274621],[-0.92145508,52.47811029]]},"geometry_name":"geom","properties":{"uid":28539,"id":0,"type_inf":"Fibre Operational","status":"Operational","type_":3}},{"type":"Feature","id":"trx_geocatalogue.fid-7c38bf73_19d20a9a0d0_-9a4","geometry":{"type":"LineString","coordinates":[[-0.90048373,52.23573215],[-0.92145508,52.47811029]]},"geometry_name":"geom","properties":{"uid":28540,"id":0,"type_inf":"Fibre Operational","status":"Operational","type_":3}},{"type":"Feature","id":"trx_geocatalogue.fid-7c38bf73_19d20a9a0d0_-9a3","geometry":{"type":"LineString","coordinates":[[-0.90048373,52.23573215],[-0.77556203,52.03942662]]},"geometry_name":"geom","properties":{"uid":28541,"id":0,"type_inf":"Fibre Operational","status":"Operational","type_":3}},{"type":"Feature","id":"trx_geocatalogue.fid-7c38bf73_19d20a9a0d0_-9a2","geometry":{"type":"LineString","coordinates":[[-1.13672951,52.63274621],[-1.22129523,52.77160179]]},"geometry_name":"geom","properties":{"uid":28542,"id":0,"type_inf":"Fibre Operational","status":"Operational","type_":3}},{"type":"Feature","id":"trx_geocatalogue.fid-7c38bf73_19d20a9a0d0_-9a1","geometry":{"type":"LineString","coordinates":[[-1.22129523,52.77160179],[-1.19205198,52.95218885]]},"geometry_name":"geom","properties":{"uid":28543,"id":0,"type_inf":"Fibre Operational","status":"Operational","type_":3}},{"type":"Feature","id":"trx_geocatalogue.fid-7c38bf73_19d20a9a0d0_-9a0","geometry":{"type":"LineString","coordinates":[[-1.19205198,52.95218885],[-1.13970384,53.52028517]]},"geometry_name":"geom","properties":{"uid":28544,"id":0,"type_inf":"Fibre Operational","status":"Operational","type_":3}},{"type":"Feature","id":"trx_geocatalogue.fid-7c38bf73_19d20a9a0d0_-99f","geometry":{"type":"LineString","coordinates":[[-1.13970384,53.52028517],[-1.74884585,53.79392318]]},"geometry_name":"geom","properties":{"uid":28545,"id":0,"type_inf":"Fibre Operational","status":"Operational","type_":3}},{"type":"Feature","id":"trx_geocatalogue.fid-7c38bf73_19d20a9a0d0_-99e","geometry":{"type":"LineString","coordinates":[[-1.74884585,53.79392318],[-1.7929452,53.64318433]]},"geometry_name":"geom","properties":{"uid":28546,"id":0,"type_inf":"Fibre Operational","status":"Operational","type_":3}},{"type":"Feature","id":"trx_geocatalogue.fid-7c38bf73_19d20a9a0d0_-99d","geometry":{"type":"LineString","coordinates":[[-2.11827271,53.53753789],[-1.7929452,53.64318433]]},"geometry_name":"geom","properties":{"uid":28547,"id":0,"type_inf":"Fibre Operational","status":"Operational","type_":3}},{"type":"Feature","id":"trx_geocatalogue.fid-7c38bf73_19d20a9a0d0_-99c","geometry":{"type":"LineString","coordinates":[[-2.23663536,53.47745487],[-2.11827271,53.53753789]]},"geometry_name":"geom","properties":{"uid":28548,"id":0,"type_inf":"Fibre Operational","status":"Operational","type_":3}},{"type":"Feature","id":"trx_geocatalogue.fid-7c38bf73_19d20a9a0d0_-99b","geometry":{"type":"LineString","coordinates":[[-2.7167245,53.29986095],[-2.37408211,53.30461987]]},"geometry_name":"geom","properties":{"uid":28549,"id":0,"type_inf":"Fibre Operational","status":"Operational","type_":3}},{"type":"Feature","id":"trx_geocatalogue.fid-7c38bf73_19d20a9a0d0_-99a","geometry":{"type":"LineString","coordinates":[[-2.90000255,53.27985911],[-2.7167245,53.29986095]]},"geometry_name":"geom","properties":{"uid":28550,"id":0,"type_inf":"Fibre Operational","status":"Operational","type_":3}},{"type":"Feature","id":"trx_geocatalogue.fid-7c38bf73_19d20a9a0d0_-999","geometry":{"type":"LineString","coordinates":[[-3.027556,53.20173],[-2.90000255,53.27985911]]},"geometry_name":"geom","properties":{"uid":28551,"id":0,"type_inf":"Fibre Operational","status":"Operational","type_":3}},{"type":"Feature","id":"trx_geocatalogue.fid-7c38bf73_19d20a9a0d0_-998","geometry":{"type":"LineString","coordinates":[[-3.13863243,53.16896046],[-3.027556,53.20173]]},"geometry_name":"geom","properties":{"uid":28552,"id":0,"type_inf":"Fibre Operational","status":"Operational","type_":3}},{"type":"Feature","id":"trx_geocatalogue.fid-7c38bf73_19d20a9a0d0_-997","geometry":{"type":"LineString","coordinates":[[-3.40115088,53.33501368],[-3.027556,53.20173]]},"geometry_name":"geom","properties":{"uid":28553,"id":0,"type_inf":"Fibre Operational","status":"Operational","type_":3}},{"type":"Feature","id":"trx_geocatalogue.fid-7c38bf73_19d20a9a0d0_-996","geometry":{"type":"LineString","coordinates":[[-4.630391,53.306336],[-4.56530217,53.28266554]]},"geometry_name":"geom","properties":{"uid":28554,"id":0,"type_inf":"Fibre Operational","status":"Operational","type_":3}},{"type":"Feature","id":"trx_geocatalogue.fid-7c38bf73_19d20a9a0d0_-995","geometry":{"type":"LineString","coordinates":[[-4.56530217,53.28266554],[-4.32731665,53.24364795]]},"geometry_name":"geom","properties":{"uid":28555,"id":0,"type_inf":"Fibre Operational","status":"Operational","type_":3}},{"type":"Feature","id":"trx_geocatalogue.fid-7c38bf73_19d20a9a0d0_-994","geometry":{"type":"LineString","coordinates":[[-4.32731665,53.24364795],[-4.13937425,53.21976195]]},"geometry_name":"geom","properties":{"uid":28556,"id":0,"type_inf":"Fibre Operational","status":"Operational","type_":3}},{"type":"Feature","id":"trx_geocatalogue.fid-7c38bf73_19d20a9a0d0_-993","geometry":{"type":"LineString","coordinates":[[-4.13937425,53.21976195],[-3.83169407,53.28040648]]},"geometry_name":"geom","properties":{"uid":28557,"id":0,"type_inf":"Fibre Operational","status":"Operational","type_":3}},{"type":"Feature","id":"trx_geocatalogue.fid-7c38bf73_19d20a9a0d0_-992","geometry":{"type":"LineString","coordinates":[[-3.58139064,53.2840074],[-3.44933055,53.26140252]]},"geometry_name":"geom","properties":{"uid":28558,"id":0,"type_inf":"Fibre Operational","status":"Operational","type_":3}},{"type":"Feature","id":"trx_geocatalogue.fid-7c38bf73_19d20a9a0d0_-991","geometry":{"type":"LineString","coordinates":[[-3.44933055,53.26140252],[-3.13863243,53.16896046]]},"geometry_name":"geom","properties":{"uid":28559,"id":0,"type_inf":"Fibre Operational","status":"Operational","type_":3}},{"type":"Feature","id":"trx_geocatalogue.fid-7c38bf73_19d20a9a0d0_-990","geometry":{"type":"LineString","coordinates":[[-3.70869621,53.29039879],[-3.58139064,53.2840074]]},"geometry_name":"geom","properties":{"uid":28560,"id":0,"type_inf":"Fibre Operational","status":"Operational","type_":3}},{"type":"Feature","id":"trx_geocatalogue.fid-7c38bf73_19d20a9a0d0_-98f","geometry":{"type":"LineString","coordinates":[[-3.83169407,53.28040648],[-3.70869621,53.29039879]]},"geometry_name":"geom","properties":{"uid":28561,"id":0,"type_inf":"Fibre Operational","status":"Operational","type_":3}},{"type":"Feature","id":"trx_geocatalogue.fid-7c38bf73_19d20a9a0d0_-98e","geometry":{"type":"LineString","coordinates":[[-2.37408211,53.30461987],[-2.32352369,53.4418739]]},"geometry_name":"geom","properties":{"uid":28562,"id":0,"type_inf":"Fibre Operational","status":"Operational","type_":3}},{"type":"Feature","id":"trx_geocatalogue.fid-7c38bf73_19d20a9a0d0_-98d","geometry":{"type":"LineString","coordinates":[[-2.32352369,53.4418739],[-2.23663536,53.47745487]]},"geometry_name":"geom","properties":{"uid":28563,"id":0,"type_inf":"Fibre Operational","status":"Operational","type_":3}},{"type":"Feature","id":"trx_geocatalogue.fid-7c38bf73_19d20a9a0d0_-98c","geometry":{"type":"LineString","coordinates":[[-2.37408211,53.30461987],[-2.18250262,53.01286511]]},"geometry_name":"geom","properties":{"uid":28564,"id":0,"type_inf":"Fibre Operational","status":"Operational","type_":3}},{"type":"Feature","id":"trx_geocatalogue.fid-7c38bf73_19d20a9a0d0_-98b","geometry":{"type":"LineString","coordinates":[[-2.18250262,53.01286511],[-2.15359049,52.90302784]]},"geometry_name":"geom","properties":{"uid":28565,"id":0,"type_inf":"Fibre Operational","status":"Operational","type_":3}},{"type":"Feature","id":"trx_geocatalogue.fid-7c38bf73_19d20a9a0d0_-98a","geometry":{"type":"LineString","coordinates":[[-2.15359049,52.90302784],[-2.11400884,52.80561306]]},"geometry_name":"geom","properties":{"uid":28566,"id":0,"type_inf":"Fibre Operational","status":"Operational","type_":3}},{"type":"Feature","id":"trx_geocatalogue.fid-7c38bf73_19d20a9a0d0_-989","geometry":{"type":"LineString","coordinates":[[-2.11400884,52.80561306],[-2.03280905,52.68628274]]},"geometry_name":"geom","properties":{"uid":28567,"id":0,"type_inf":"Fibre Operational","status":"Operational","type_":3}},{"type":"Feature","id":"trx_geocatalogue.fid-7c38bf73_19d20a9a0d0_-988","geometry":{"type":"LineString","coordinates":[[-2.12004177,52.58813132],[-2.03280905,52.68628274]]},"geometry_name":"geom","properties":{"uid":28568,"id":0,"type_inf":"Fibre Operational","status":"Operational","type_":3}},{"type":"Feature","id":"trx_geocatalogue.fid-7c38bf73_19d20a9a0d0_-987","geometry":{"type":"LineString","coordinates":[[-2.21554501,52.19014159],[-1.93715472,52.292244]]},"geometry_name":"geom","properties":{"uid":28569,"id":0,"type_inf":"Fibre Operational","status":"Operational","type_":3}},{"type":"Feature","id":"trx_geocatalogue.fid-7c38bf73_19d20a9a0d0_-986","geometry":{"type":"LineString","coordinates":[[-1.93715472,52.292244],[-1.77297191,52.41074115]]},"geometry_name":"geom","properties":{"uid":28570,"id":0,"type_inf":"Fibre Operational","status":"Operational","type_":3}},{"type":"Feature","id":"trx_geocatalogue.fid-7c38bf73_19d20a9a0d0_-985","geometry":{"type":"LineString","coordinates":[[-2.90000255,53.27985911],[-2.60069289,53.38941481]]},"geometry_name":"geom","properties":{"uid":28578,"id":0,"type_inf":"Fibre Operational","status":"Operational","type_":3}},{"type":"Feature","id":"trx_geocatalogue.fid-7c38bf73_19d20a9a0d0_-984","geometry":{"type":"LineString","coordinates":[[1.09802749,49.43024842],[2.35840768,48.86714512]]},"geometry_name":"geom","properties":{"uid":28669,"id":0,"type_inf":"Fibre Operational","status":"Operational","type_":3}},{"type":"Feature","id":"trx_geocatalogue.fid-7c38bf73_19d20a9a0d0_-983","geometry":{"type":"LineString","coordinates":[[-0.35106426,49.18992286],[1.09802749,49.43024842]]},"geometry_name":"geom","properties":{"uid":28670,"id":0,"type_inf":"Fibre Operational","status":"Operational","type_":3}},{"type":"Feature","id":"trx_geocatalogue.fid-7c38bf73_19d20a9a0d0_-982","geometry":{"type":"LineString","coordinates":[[0.11768956,49.49687333],[0.36538787,49.43074274]]},"geometry_name":"geom","properties":{"uid":28671,"id":0,"type_inf":"Fibre Operational","status":"Operational","type_":3}},{"type":"Feature","id":"trx_geocatalogue.fid-7c38bf73_19d20a9a0d0_-981","geometry":{"type":"LineString","coordinates":[[0.41567751,49.3237838],[0.36538787,49.43074274]]},"geometry_name":"geom","properties":{"uid":28672,"id":0,"type_inf":"Fibre Operational","status":"Operational","type_":3}},{"type":"Feature","id":"trx_geocatalogue.fid-7c38bf73_19d20a9a0d0_-980","geometry":{"type":"LineString","coordinates":[[-1.35169644,48.68935112],[-0.70573933,49.1017438]]},"geometry_name":"geom","properties":{"uid":28747,"id":0,"type_inf":"Fibre Operational","status":"Operational","type_":3}},{"type":"Feature","id":"trx_geocatalogue.fid-7c38bf73_19d20a9a0d0_-97f","geometry":{"type":"LineString","coordinates":[[-0.70573933,49.1017438],[-0.35106426,49.18992286]]},"geometry_name":"geom","properties":{"uid":28748,"id":0,"type_inf":"Fibre Operational","status":"Operational","type_":3}},{"type":"Feature","id":"trx_geocatalogue.fid-7c38bf73_19d20a9a0d0_-97e","geometry":{"type":"LineString","coordinates":[[-1.41181384,48.82391459],[-1.10132559,49.10258418]]},"geometry_name":"geom","properties":{"uid":28750,"id":0,"type_inf":"Fibre Operational","status":"Operational","type_":3}},{"type":"Feature","id":"trx_geocatalogue.fid-7c38bf73_19d20a9a0d0_-97d","geometry":{"type":"LineString","coordinates":[[-1.62450958,49.63558344],[-1.28911184,49.51405335]]},"geometry_name":"geom","properties":{"uid":28751,"id":0,"type_inf":"Fibre Operational","status":"Operational","type_":3}},{"type":"Feature","id":"trx_geocatalogue.fid-7c38bf73_19d20a9a0d0_-97c","geometry":{"type":"LineString","coordinates":[[-1.28911184,49.51405335],[-1.10132559,49.10258418]]},"geometry_name":"geom","properties":{"uid":28752,"id":0,"type_inf":"Fibre Operational","status":"Operational","type_":3}},{"type":"Feature","id":"trx_geocatalogue.fid-7c38bf73_19d20a9a0d0_-97b","geometry":{"type":"LineString","coordinates":[[-1.8987519,52.48284017],[-1.77297191,52.41074115]]},"geometry_name":"geom","properties":{"uid":28571,"id":0,"type_inf":"Fibre Operational","status":"Operational","type_":3}},{"type":"Feature","id":"trx_geocatalogue.fid-7c38bf73_19d20a9a0d0_-97a","geometry":{"type":"LineString","coordinates":[[-2.12004177,52.58813132],[-1.8987519,52.48284017]]},"geometry_name":"geom","properties":{"uid":28572,"id":0,"type_inf":"Fibre Operational","status":"Operational","type_":3}},{"type":"Feature","id":"trx_geocatalogue.fid-7c38bf73_19d20a9a0d0_-979","geometry":{"type":"LineString","coordinates":[[-2.24560791,51.86462646],[-2.0991351,51.59178504]]},"geometry_name":"geom","properties":{"uid":28573,"id":0,"type_inf":"Fibre Operational","status":"Operational","type_":3}},{"type":"Feature","id":"trx_geocatalogue.fid-7c38bf73_19d20a9a0d0_-978","geometry":{"type":"LineString","coordinates":[[-2.24560791,51.86462646],[-2.09187477,51.89918224]]},"geometry_name":"geom","properties":{"uid":28574,"id":0,"type_inf":"Fibre Operational","status":"Operational","type_":3}},{"type":"Feature","id":"trx_geocatalogue.fid-7c38bf73_19d20a9a0d0_-977","geometry":{"type":"LineString","coordinates":[[-2.21554501,52.19014159],[-2.11446706,51.99501369]]},"geometry_name":"geom","properties":{"uid":28575,"id":0,"type_inf":"Fibre Operational","status":"Operational","type_":3}},{"type":"Feature","id":"trx_geocatalogue.fid-7c38bf73_19d20a9a0d0_-976","geometry":{"type":"LineString","coordinates":[[-2.11446706,51.99501369],[-2.09187477,51.89918224]]},"geometry_name":"geom","properties":{"uid":28576,"id":0,"type_inf":"Fibre Operational","status":"Operational","type_":3}},{"type":"Feature","id":"trx_geocatalogue.fid-7c38bf73_19d20a9a0d0_-975","geometry":{"type":"LineString","coordinates":[[-0.68594644,51.91951473],[-0.77556203,52.03942662]]},"geometry_name":"geom","properties":{"uid":28577,"id":0,"type_inf":"Fibre Operational","status":"Operational","type_":3}},{"type":"Feature","id":"trx_geocatalogue.fid-7c38bf73_19d20a9a0d0_-974","geometry":{"type":"LineString","coordinates":[[-3.18509792,55.95482885],[-2.73533073,55.71486205]]},"geometry_name":"geom","properties":{"uid":29352,"id":0,"type_inf":"Fibre Operational","status":"Operational","type_":3}},{"type":"Feature","id":"trx_geocatalogue.fid-7c38bf73_19d20a9a0d0_-973","geometry":{"type":"LineString","coordinates":[[-2.73533073,55.71486205],[-2.25943853,55.64347822]]},"geometry_name":"geom","properties":{"uid":29353,"id":0,"type_inf":"Fibre Operational","status":"Operational","type_":3}},{"type":"Feature","id":"trx_geocatalogue.fid-7c38bf73_19d20a9a0d0_-972","geometry":{"type":"LineString","coordinates":[[-2.25943853,55.64347822],[-2.01165735,55.54954176]]},"geometry_name":"geom","properties":{"uid":29354,"id":0,"type_inf":"Fibre Operational","status":"Operational","type_":3}},{"type":"Feature","id":"trx_geocatalogue.fid-7c38bf73_19d20a9a0d0_-971","geometry":{"type":"LineString","coordinates":[[-1.76708526,54.95836495],[-2.01165735,55.54954176]]},"geometry_name":"geom","properties":{"uid":29355,"id":0,"type_inf":"Fibre Operational","status":"Operational","type_":3}},{"type":"Feature","id":"trx_geocatalogue.fid-7c38bf73_19d20a9a0d0_-970","geometry":{"type":"LineString","coordinates":[[-1.76708526,54.95836495],[-1.70178405,54.87012305]]},"geometry_name":"geom","properties":{"uid":29356,"id":0,"type_inf":"Fibre Operational","status":"Operational","type_":3}},{"type":"Feature","id":"trx_geocatalogue.fid-7c38bf73_19d20a9a0d0_-96f","geometry":{"type":"LineString","coordinates":[[-3.48081465,55.92788837],[-3.18509792,55.95482885]]},"geometry_name":"geom","properties":{"uid":29357,"id":0,"type_inf":"Fibre Operational","status":"Operational","type_":3}},{"type":"Feature","id":"trx_geocatalogue.fid-7c38bf73_19d20a9a0d0_-96e","geometry":{"type":"LineString","coordinates":[[-3.48081465,55.92788837],[-3.70461103,55.9101914]]},"geometry_name":"geom","properties":{"uid":29358,"id":0,"type_inf":"Fibre Operational","status":"Operational","type_":3}},{"type":"Feature","id":"trx_geocatalogue.fid-7c38bf73_19d20a9a0d0_-96d","geometry":{"type":"LineString","coordinates":[[-3.70461103,55.9101914],[-3.97892824,55.87306587]]},"geometry_name":"geom","properties":{"uid":29359,"id":0,"type_inf":"Fibre Operational","status":"Operational","type_":3}},{"type":"Feature","id":"trx_geocatalogue.fid-7c38bf73_19d20a9a0d0_-96c","geometry":{"type":"LineString","coordinates":[[-4.04888879,55.86871493],[-3.97892824,55.87306587]]},"geometry_name":"geom","properties":{"uid":29360,"id":0,"type_inf":"Fibre Operational","status":"Operational","type_":3}},{"type":"Feature","id":"trx_geocatalogue.fid-7c38bf73_19d20a9a0d0_-96b","geometry":{"type":"LineString","coordinates":[[-4.04888879,55.86871493],[-4.24275092,55.86368842]]},"geometry_name":"geom","properties":{"uid":29361,"id":0,"type_inf":"Fibre Operational","status":"Operational","type_":3}},{"type":"Feature","id":"trx_geocatalogue.fid-7c38bf73_19d20a9a0d0_-96a","geometry":{"type":"LineString","coordinates":[[-3.97892824,55.87306587],[-3.96751916,55.72962486]]},"geometry_name":"geom","properties":{"uid":29362,"id":0,"type_inf":"Fibre Operational","status":"Operational","type_":3}},{"type":"Feature","id":"trx_geocatalogue.fid-7c38bf73_19d20a9a0d0_-969","geometry":{"type":"LineString","coordinates":[[-3.96751916,55.72962486],[-3.87661141,55.63749923]]},"geometry_name":"geom","properties":{"uid":29363,"id":0,"type_inf":"Fibre Operational","status":"Operational","type_":3}},{"type":"Feature","id":"trx_geocatalogue.fid-7c38bf73_19d20a9a0d0_-968","geometry":{"type":"LineString","coordinates":[[-3.45641094,55.31904886],[-2.93687108,54.89466185]]},"geometry_name":"geom","properties":{"uid":29364,"id":0,"type_inf":"Fibre Operational","status":"Operational","type_":3}},{"type":"Feature","id":"trx_geocatalogue.fid-7c38bf73_19d20a9a0d0_-967","geometry":{"type":"LineString","coordinates":[[-3.87661141,55.63749923],[-3.45641094,55.31904886]]},"geometry_name":"geom","properties":{"uid":29365,"id":0,"type_inf":"Fibre Operational","status":"Operational","type_":3}},{"type":"Feature","id":"trx_geocatalogue.fid-7c38bf73_19d20a9a0d0_-966","geometry":{"type":"LineString","coordinates":[[-2.93687108,54.89466185],[-2.75715799,54.65647943]]},"geometry_name":"geom","properties":{"uid":29366,"id":0,"type_inf":"Fibre Operational","status":"Operational","type_":3}},{"type":"Feature","id":"trx_geocatalogue.fid-7c38bf73_19d20a9a0d0_-965","geometry":{"type":"LineString","coordinates":[[-2.73931203,54.31919083],[-2.75715799,54.65647943]]},"geometry_name":"geom","properties":{"uid":29367,"id":0,"type_inf":"Fibre Operational","status":"Operational","type_":3}},{"type":"Feature","id":"trx_geocatalogue.fid-7c38bf73_19d20a9a0d0_-964","geometry":{"type":"LineString","coordinates":[[-2.79648288,54.04757373],[-2.69825079,53.76061073]]},"geometry_name":"geom","properties":{"uid":29368,"id":0,"type_inf":"Fibre Operational","status":"Operational","type_":3}},{"type":"Feature","id":"trx_geocatalogue.fid-7c38bf73_19d20a9a0d0_-963","geometry":{"type":"LineString","coordinates":[[-2.73931203,54.31919083],[-2.79648288,54.04757373]]},"geometry_name":"geom","properties":{"uid":29369,"id":0,"type_inf":"Fibre Operational","status":"Operational","type_":3}},{"type":"Feature","id":"trx_geocatalogue.fid-7c38bf73_19d20a9a0d0_-962","geometry":{"type":"LineString","coordinates":[[-0.77556203,52.03942662],[-0.41983261,51.88238219]]},"geometry_name":"geom","properties":{"uid":29370,"id":0,"type_inf":"Fibre Operational","status":"Operational","type_":3}},{"type":"Feature","id":"trx_geocatalogue.fid-7c38bf73_19d20a9a0d0_-961","geometry":{"type":"LineString","coordinates":[[-0.41983261,51.88238219],[-0.27538445,51.95007885]]},"geometry_name":"geom","properties":{"uid":29371,"id":0,"type_inf":"Fibre Operational","status":"Operational","type_":3}},{"type":"Feature","id":"trx_geocatalogue.fid-7c38bf73_19d20a9a0d0_-960","geometry":{"type":"LineString","coordinates":[[-0.27538445,51.95007885],[-0.20410559,51.89988418]]},"geometry_name":"geom","properties":{"uid":29372,"id":0,"type_inf":"Fibre Operational","status":"Operational","type_":3}},{"type":"Feature","id":"trx_geocatalogue.fid-7c38bf73_19d20a9a0d0_-95f","geometry":{"type":"LineString","coordinates":[[-0.20410559,51.89988418],[-0.04884576,51.81600818]]},"geometry_name":"geom","properties":{"uid":29373,"id":0,"type_inf":"Fibre Operational","status":"Operational","type_":3}},{"type":"Feature","id":"trx_geocatalogue.fid-7c38bf73_19d20a9a0d0_-95e","geometry":{"type":"LineString","coordinates":[[-0.04884576,51.81600818],[0.09639699,51.7685868]]},"geometry_name":"geom","properties":{"uid":29374,"id":0,"type_inf":"Fibre Operational","status":"Operational","type_":3}},{"type":"Feature","id":"trx_geocatalogue.fid-7c38bf73_19d20a9a0d0_-95d","geometry":{"type":"LineString","coordinates":[[-0.48764725,51.74794265],[-0.33893093,51.74437346]]},"geometry_name":"geom","properties":{"uid":29375,"id":0,"type_inf":"Fibre Operational","status":"Operational","type_":3}},{"type":"Feature","id":"trx_geocatalogue.fid-7c38bf73_19d20a9a0d0_-95c","geometry":{"type":"LineString","coordinates":[[-0.33893093,51.74437346],[-0.21275514,51.80673998]]},"geometry_name":"geom","properties":{"uid":29376,"id":0,"type_inf":"Fibre Operational","status":"Operational","type_":3}},{"type":"Feature","id":"trx_geocatalogue.fid-7c38bf73_19d20a9a0d0_-95b","geometry":{"type":"LineString","coordinates":[[-0.68594644,51.91951473],[-0.48764725,51.74794265]]},"geometry_name":"geom","properties":{"uid":29377,"id":0,"type_inf":"Fibre Operational","status":"Operational","type_":3}},{"type":"Feature","id":"trx_geocatalogue.fid-7c38bf73_19d20a9a0d0_-95a","geometry":{"type":"LineString","coordinates":[[-0.77556203,52.03942662],[-0.68594644,51.91951473]]},"geometry_name":"geom","properties":{"uid":29378,"id":0,"type_inf":"Fibre Operational","status":"Operational","type_":3}},{"type":"Feature","id":"trx_geocatalogue.fid-7c38bf73_19d20a9a0d0_-959","geometry":{"type":"LineString","coordinates":[[-1.70178405,54.87012305],[-1.55971821,54.5327759]]},"geometry_name":"geom","properties":{"uid":29394,"id":0,"type_inf":"Fibre Operational","status":"Operational","type_":3}},{"type":"Feature","id":"trx_geocatalogue.fid-7c38bf73_19d20a9a0d0_-958","geometry":{"type":"LineString","coordinates":[[-0.92145508,52.47811029],[-0.77556203,52.03942662]]},"geometry_name":"geom","properties":{"uid":29379,"id":0,"type_inf":"Fibre Operational","status":"Operational","type_":3}},{"type":"Feature","id":"trx_geocatalogue.fid-7c38bf73_19d20a9a0d0_-957","geometry":{"type":"LineString","coordinates":[[-0.90048373,52.23573215],[-0.81338492,52.28519527]]},"geometry_name":"geom","properties":{"uid":29380,"id":0,"type_inf":"Fibre Operational","status":"Operational","type_":3}},{"type":"Feature","id":"trx_geocatalogue.fid-7c38bf73_19d20a9a0d0_-956","geometry":{"type":"LineString","coordinates":[[-1.13970384,53.52028517],[-1.19205198,52.95218885]]},"geometry_name":"geom","properties":{"uid":29381,"id":0,"type_inf":"Fibre Operational","status":"Operational","type_":3}},{"type":"Feature","id":"trx_geocatalogue.fid-7c38bf73_19d20a9a0d0_-955","geometry":{"type":"LineString","coordinates":[[-1.13672951,52.63274621],[-0.92145508,52.47811029]]},"geometry_name":"geom","properties":{"uid":29382,"id":0,"type_inf":"Fibre Operational","status":"Operational","type_":3}},{"type":"Feature","id":"trx_geocatalogue.fid-7c38bf73_19d20a9a0d0_-954","geometry":{"type":"LineString","coordinates":[[-1.13672951,52.63274621],[-1.22129523,52.77160179]]},"geometry_name":"geom","properties":{"uid":29383,"id":0,"type_inf":"Fibre Operational","status":"Operational","type_":3}},{"type":"Feature","id":"trx_geocatalogue.fid-7c38bf73_19d20a9a0d0_-953","geometry":{"type":"LineString","coordinates":[[-1.22129523,52.77160179],[-1.19205198,52.95218885]]},"geometry_name":"geom","properties":{"uid":29384,"id":0,"type_inf":"Fibre Operational","status":"Operational","type_":3}},{"type":"Feature","id":"trx_geocatalogue.fid-7c38bf73_19d20a9a0d0_-952","geometry":{"type":"LineString","coordinates":[[-1.47996676,53.38465589],[-1.36042801,53.42766599]]},"geometry_name":"geom","properties":{"uid":29385,"id":0,"type_inf":"Fibre Operational","status":"Operational","type_":3}},{"type":"Feature","id":"trx_geocatalogue.fid-7c38bf73_19d20a9a0d0_-951","geometry":{"type":"LineString","coordinates":[[-1.36042801,53.42766599],[-1.30451068,53.49191144]]},"geometry_name":"geom","properties":{"uid":29386,"id":0,"type_inf":"Fibre Operational","status":"Operational","type_":3}},{"type":"Feature","id":"trx_geocatalogue.fid-7c38bf73_19d20a9a0d0_-950","geometry":{"type":"LineString","coordinates":[[-1.30451068,53.49191144],[-1.13970384,53.52028517]]},"geometry_name":"geom","properties":{"uid":29387,"id":0,"type_inf":"Fibre Operational","status":"Operational","type_":3}},{"type":"Feature","id":"trx_geocatalogue.fid-7c38bf73_19d20a9a0d0_-94f","geometry":{"type":"LineString","coordinates":[[-1.4984869,53.67530705],[-1.13970384,53.52028517]]},"geometry_name":"geom","properties":{"uid":29388,"id":0,"type_inf":"Fibre Operational","status":"Operational","type_":3}},{"type":"Feature","id":"trx_geocatalogue.fid-7c38bf73_19d20a9a0d0_-94e","geometry":{"type":"LineString","coordinates":[[-1.74884585,53.79392318],[-1.4984869,53.67530705]]},"geometry_name":"geom","properties":{"uid":29389,"id":0,"type_inf":"Fibre Operational","status":"Operational","type_":3}},{"type":"Feature","id":"trx_geocatalogue.fid-7c38bf73_19d20a9a0d0_-94d","geometry":{"type":"LineString","coordinates":[[-2.11827271,53.53753789],[-1.7929452,53.64318433]]},"geometry_name":"geom","properties":{"uid":29390,"id":0,"type_inf":"Fibre Operational","status":"Operational","type_":3}},{"type":"Feature","id":"trx_geocatalogue.fid-7c38bf73_19d20a9a0d0_-94c","geometry":{"type":"LineString","coordinates":[[-1.7929452,53.64318433],[-1.84768607,53.71915323]]},"geometry_name":"geom","properties":{"uid":29391,"id":0,"type_inf":"Fibre Operational","status":"Operational","type_":3}},{"type":"Feature","id":"trx_geocatalogue.fid-7c38bf73_19d20a9a0d0_-94b","geometry":{"type":"LineString","coordinates":[[-2.11827271,53.53753789],[-1.74884585,53.79392318]]},"geometry_name":"geom","properties":{"uid":29392,"id":0,"type_inf":"Fibre Operational","status":"Operational","type_":3}},{"type":"Feature","id":"trx_geocatalogue.fid-7c38bf73_19d20a9a0d0_-94a","geometry":{"type":"LineString","coordinates":[[-2.23663536,53.47745487],[-2.11827271,53.53753789]]},"geometry_name":"geom","properties":{"uid":29393,"id":0,"type_inf":"Fibre Operational","status":"Operational","type_":3}},{"type":"Feature","id":"trx_geocatalogue.fid-7c38bf73_19d20a9a0d0_-949","geometry":{"type":"LineString","coordinates":[[-1.55971821,54.5327759],[-1.45084753,54.33840469]]},"geometry_name":"geom","properties":{"uid":29395,"id":0,"type_inf":"Fibre Operational","status":"Operational","type_":3}},{"type":"Feature","id":"trx_geocatalogue.fid-7c38bf73_19d20a9a0d0_-948","geometry":{"type":"LineString","coordinates":[[-1.74884585,53.79392318],[-1.52461082,54.1361505]]},"geometry_name":"geom","properties":{"uid":29396,"id":0,"type_inf":"Fibre Operational","status":"Operational","type_":3}},{"type":"Feature","id":"trx_geocatalogue.fid-7c38bf73_19d20a9a0d0_-947","geometry":{"type":"LineString","coordinates":[[-1.52461082,54.1361505],[-1.45084753,54.33840469]]},"geometry_name":"geom","properties":{"uid":29397,"id":0,"type_inf":"Fibre Operational","status":"Operational","type_":3}},{"type":"Feature","id":"trx_geocatalogue.fid-7c38bf73_19d20a9a0d0_-946","geometry":{"type":"LineString","coordinates":[[-2.69825079,53.76061073],[-2.39204191,53.7831296]]},"geometry_name":"geom","properties":{"uid":29398,"id":0,"type_inf":"Fibre Operational","status":"Operational","type_":3}},{"type":"Feature","id":"trx_geocatalogue.fid-7c38bf73_19d20a9a0d0_-945","geometry":{"type":"LineString","coordinates":[[-2.23663536,53.47745487],[-2.30864323,53.65133532]]},"geometry_name":"geom","properties":{"uid":29399,"id":0,"type_inf":"Fibre Operational","status":"Operational","type_":3}},{"type":"Feature","id":"trx_geocatalogue.fid-7c38bf73_19d20a9a0d0_-944","geometry":{"type":"LineString","coordinates":[[-2.30864323,53.65133532],[-2.39204191,53.7831296]]},"geometry_name":"geom","properties":{"uid":29400,"id":0,"type_inf":"Fibre Operational","status":"Operational","type_":3}},{"type":"Feature","id":"trx_geocatalogue.fid-7c38bf73_19d20a9a0d0_-943","geometry":{"type":"LineString","coordinates":[[-2.7167245,53.29986095],[-2.74008013,53.33826013]]},"geometry_name":"geom","properties":{"uid":29401,"id":0,"type_inf":"Fibre Operational","status":"Operational","type_":3}},{"type":"Feature","id":"trx_geocatalogue.fid-7c38bf73_19d20a9a0d0_-942","geometry":{"type":"LineString","coordinates":[[-2.74008013,53.33826013],[-2.75440638,53.38143872]]},"geometry_name":"geom","properties":{"uid":29402,"id":0,"type_inf":"Fibre Operational","status":"Operational","type_":3}},{"type":"Feature","id":"trx_geocatalogue.fid-7c38bf73_19d20a9a0d0_-941","geometry":{"type":"LineString","coordinates":[[-2.75440638,53.38143872],[-2.60069289,53.38941481]]},"geometry_name":"geom","properties":{"uid":29403,"id":0,"type_inf":"Fibre Operational","status":"Operational","type_":3}},{"type":"Feature","id":"trx_geocatalogue.fid-7c38bf73_19d20a9a0d0_-940","geometry":{"type":"LineString","coordinates":[[-2.60069289,53.38941481],[-2.23663536,53.47745487]]},"geometry_name":"geom","properties":{"uid":29404,"id":0,"type_inf":"Fibre Operational","status":"Operational","type_":3}},{"type":"Feature","id":"trx_geocatalogue.fid-7c38bf73_19d20a9a0d0_-93f","geometry":{"type":"LineString","coordinates":[[-3.027556,53.20173],[-2.7167245,53.29986095]]},"geometry_name":"geom","properties":{"uid":29405,"id":0,"type_inf":"Fibre Operational","status":"Operational","type_":3}},{"type":"Feature","id":"trx_geocatalogue.fid-7c38bf73_19d20a9a0d0_-93e","geometry":{"type":"LineString","coordinates":[[-3.40115088,53.33501368],[-3.027556,53.20173]]},"geometry_name":"geom","properties":{"uid":29406,"id":0,"type_inf":"Fibre Operational","status":"Operational","type_":3}},{"type":"Feature","id":"trx_geocatalogue.fid-7c38bf73_19d20a9a0d0_-93d","geometry":{"type":"LineString","coordinates":[[1.56671309,52.47090723],[1.72935418,52.46889524]]},"geometry_name":"geom","properties":{"uid":29407,"id":0,"type_inf":"Fibre Operational","status":"Operational","type_":3}},{"type":"Feature","id":"trx_geocatalogue.fid-7c38bf73_19d20a9a0d0_-93c","geometry":{"type":"LineString","coordinates":[[1.43438978,52.45806333],[1.56671309,52.47090723]]},"geometry_name":"geom","properties":{"uid":29408,"id":0,"type_inf":"Fibre Operational","status":"Operational","type_":3}},{"type":"Feature","id":"trx_geocatalogue.fid-7c38bf73_19d20a9a0d0_-93b","geometry":{"type":"LineString","coordinates":[[1.29281185,52.3985768],[1.43438978,52.45806333]]},"geometry_name":"geom","properties":{"uid":29409,"id":0,"type_inf":"Fibre Operational","status":"Operational","type_":3}},{"type":"Feature","id":"trx_geocatalogue.fid-7c38bf73_19d20a9a0d0_-93a","geometry":{"type":"LineString","coordinates":[[1.13860048,52.36716301],[1.29281185,52.3985768]]},"geometry_name":"geom","properties":{"uid":29410,"id":0,"type_inf":"Fibre Operational","status":"Operational","type_":3}},{"type":"Feature","id":"trx_geocatalogue.fid-7c38bf73_19d20a9a0d0_-939","geometry":{"type":"LineString","coordinates":[[1.13860048,52.36716301],[0.71754975,52.24762946]]},"geometry_name":"geom","properties":{"uid":29411,"id":0,"type_inf":"Fibre Operational","status":"Operational","type_":3}},{"type":"Feature","id":"trx_geocatalogue.fid-7c38bf73_19d20a9a0d0_-938","geometry":{"type":"LineString","coordinates":[[0.43650332,52.08419052],[0.71754975,52.24762946]]},"geometry_name":"geom","properties":{"uid":29412,"id":0,"type_inf":"Fibre Operational","status":"Operational","type_":3}},{"type":"Feature","id":"trx_geocatalogue.fid-7c38bf73_19d20a9a0d0_-937","geometry":{"type":"LineString","coordinates":[[0.24563634,51.71709399],[0.30095845,51.62433803]]},"geometry_name":"geom","properties":{"uid":29413,"id":0,"type_inf":"Fibre Operational","status":"Operational","type_":3}},{"type":"Feature","id":"trx_geocatalogue.fid-7c38bf73_19d20a9a0d0_-936","geometry":{"type":"LineString","coordinates":[[-0.1078704,51.50274018],[0.16429549,51.5721496]]},"geometry_name":"geom","properties":{"uid":29414,"id":0,"type_inf":"Fibre Operational","status":"Operational","type_":3}},{"type":"Feature","id":"trx_geocatalogue.fid-7c38bf73_19d20a9a0d0_-935","geometry":{"type":"LineString","coordinates":[[0.16429549,51.5721496],[0.30095845,51.62433803]]},"geometry_name":"geom","properties":{"uid":29415,"id":0,"type_inf":"Fibre Operational","status":"Operational","type_":3}},{"type":"Feature","id":"trx_geocatalogue.fid-7c38bf73_19d20a9a0d0_-934","geometry":{"type":"LineString","coordinates":[[0.24563634,51.71709399],[0.3615503,51.87122876]]},"geometry_name":"geom","properties":{"uid":29416,"id":0,"type_inf":"Fibre Operational","status":"Operational","type_":3}},{"type":"Feature","id":"trx_geocatalogue.fid-7c38bf73_19d20a9a0d0_-933","geometry":{"type":"LineString","coordinates":[[0.3615503,51.87122876],[0.43650332,52.08419052]]},"geometry_name":"geom","properties":{"uid":29417,"id":0,"type_inf":"Fibre Operational","status":"Operational","type_":3}},{"type":"Feature","id":"trx_geocatalogue.fid-7c38bf73_19d20a9a0d0_-932","geometry":{"type":"LineString","coordinates":[[-1.8987519,52.48284017],[-1.49367827,52.47310824]]},"geometry_name":"geom","properties":{"uid":29418,"id":0,"type_inf":"Fibre Operational","status":"Operational","type_":3}},{"type":"Feature","id":"trx_geocatalogue.fid-7c38bf73_19d20a9a0d0_-931","geometry":{"type":"LineString","coordinates":[[-1.49367827,52.47310824],[-1.09658285,52.55577993]]},"geometry_name":"geom","properties":{"uid":29419,"id":0,"type_inf":"Fibre Operational","status":"Operational","type_":3}},{"type":"Feature","id":"trx_geocatalogue.fid-7c38bf73_19d20a9a0d0_-930","geometry":{"type":"LineString","coordinates":[[-1.93715472,52.292244],[-1.8987519,52.48284017]]},"geometry_name":"geom","properties":{"uid":29420,"id":0,"type_inf":"Fibre Operational","status":"Operational","type_":3}},{"type":"Feature","id":"trx_geocatalogue.fid-7c38bf73_19d20a9a0d0_-92f","geometry":{"type":"LineString","coordinates":[[-2.03280905,52.68628274],[-1.8987519,52.48284017]]},"geometry_name":"geom","properties":{"uid":29421,"id":0,"type_inf":"Fibre Operational","status":"Operational","type_":3}},{"type":"Feature","id":"trx_geocatalogue.fid-7c38bf73_19d20a9a0d0_-92e","geometry":{"type":"LineString","coordinates":[[-2.11400884,52.80561306],[-2.03280905,52.68628274]]},"geometry_name":"geom","properties":{"uid":29422,"id":0,"type_inf":"Fibre Operational","status":"Operational","type_":3}},{"type":"Feature","id":"trx_geocatalogue.fid-7c38bf73_19d20a9a0d0_-92d","geometry":{"type":"LineString","coordinates":[[-2.15359049,52.90302784],[-2.11400884,52.80561306]]},"geometry_name":"geom","properties":{"uid":29423,"id":0,"type_inf":"Fibre Operational","status":"Operational","type_":3}},{"type":"Feature","id":"trx_geocatalogue.fid-7c38bf73_19d20a9a0d0_-92c","geometry":{"type":"LineString","coordinates":[[-2.18250262,53.01286511],[-2.15359049,52.90302784]]},"geometry_name":"geom","properties":{"uid":29424,"id":0,"type_inf":"Fibre Operational","status":"Operational","type_":3}},{"type":"Feature","id":"trx_geocatalogue.fid-7c38bf73_19d20a9a0d0_-92b","geometry":{"type":"LineString","coordinates":[[-2.37408211,53.30461987],[-2.18250262,53.01286511]]},"geometry_name":"geom","properties":{"uid":29425,"id":0,"type_inf":"Fibre Operational","status":"Operational","type_":3}},{"type":"Feature","id":"trx_geocatalogue.fid-7c38bf73_19d20a9a0d0_-92a","geometry":{"type":"LineString","coordinates":[[-2.37408211,53.30461987],[-2.23663536,53.47745487]]},"geometry_name":"geom","properties":{"uid":29426,"id":0,"type_inf":"Fibre Operational","status":"Operational","type_":3}},{"type":"Feature","id":"trx_geocatalogue.fid-7c38bf73_19d20a9a0d0_-929","geometry":{"type":"LineString","coordinates":[[-2.99967191,53.04618027],[-2.68727316,52.95989723]]},"geometry_name":"geom","properties":{"uid":29427,"id":0,"type_inf":"Fibre Operational","status":"Operational","type_":3}},{"type":"Feature","id":"trx_geocatalogue.fid-7c38bf73_19d20a9a0d0_-928","geometry":{"type":"LineString","coordinates":[[-2.68727316,52.95989723],[-2.5016752,53.06697297]]},"geometry_name":"geom","properties":{"uid":29428,"id":0,"type_inf":"Fibre Operational","status":"Operational","type_":3}},{"type":"Feature","id":"trx_geocatalogue.fid-7c38bf73_19d20a9a0d0_-927","geometry":{"type":"LineString","coordinates":[[-2.5016752,53.06697297],[-2.32015276,53.15287125]]},"geometry_name":"geom","properties":{"uid":29429,"id":0,"type_inf":"Fibre Operational","status":"Operational","type_":3}},{"type":"Feature","id":"trx_geocatalogue.fid-7c38bf73_19d20a9a0d0_-926","geometry":{"type":"LineString","coordinates":[[-2.21554501,52.19014159],[-1.93715472,52.292244]]},"geometry_name":"geom","properties":{"uid":29430,"id":0,"type_inf":"Fibre Operational","status":"Operational","type_":3}},{"type":"Feature","id":"trx_geocatalogue.fid-7c38bf73_19d20a9a0d0_-925","geometry":{"type":"LineString","coordinates":[[-2.21554501,52.19014159],[-2.11446706,51.99501369]]},"geometry_name":"geom","properties":{"uid":29431,"id":0,"type_inf":"Fibre Operational","status":"Operational","type_":3}},{"type":"Feature","id":"trx_geocatalogue.fid-7c38bf73_19d20a9a0d0_-924","geometry":{"type":"LineString","coordinates":[[-2.11446706,51.99501369],[-2.09187477,51.89918224]]},"geometry_name":"geom","properties":{"uid":29432,"id":0,"type_inf":"Fibre Operational","status":"Operational","type_":3}},{"type":"Feature","id":"trx_geocatalogue.fid-7c38bf73_19d20a9a0d0_-923","geometry":{"type":"LineString","coordinates":[[-2.0991351,51.59178504],[-1.7901642,51.56174982]]},"geometry_name":"geom","properties":{"uid":29433,"id":0,"type_inf":"Fibre Operational","status":"Operational","type_":3}},{"type":"Feature","id":"trx_geocatalogue.fid-7c38bf73_19d20a9a0d0_-922","geometry":{"type":"LineString","coordinates":[[-2.11525174,51.4622173],[-1.72188048,51.42447977]]},"geometry_name":"geom","properties":{"uid":29434,"id":0,"type_inf":"Fibre Operational","status":"Operational","type_":3}},{"type":"Feature","id":"trx_geocatalogue.fid-7c38bf73_19d20a9a0d0_-921","geometry":{"type":"LineString","coordinates":[[-2.38741572,51.5347083],[-2.0991351,51.59178504]]},"geometry_name":"geom","properties":{"uid":29435,"id":0,"type_inf":"Fibre Operational","status":"Operational","type_":3}},{"type":"Feature","id":"trx_geocatalogue.fid-7c38bf73_19d20a9a0d0_-920","geometry":{"type":"LineString","coordinates":[[-2.58610878,51.45726273],[-2.24560791,51.86462646]]},"geometry_name":"geom","properties":{"uid":29436,"id":0,"type_inf":"Fibre Operational","status":"Operational","type_":3}},{"type":"Feature","id":"trx_geocatalogue.fid-7c38bf73_19d20a9a0d0_-91f","geometry":{"type":"LineString","coordinates":[[-2.38741572,51.5347083],[-2.42864685,51.56424686]]},"geometry_name":"geom","properties":{"uid":29437,"id":0,"type_inf":"Fibre Operational","status":"Operational","type_":3}},{"type":"Feature","id":"trx_geocatalogue.fid-7c38bf73_19d20a9a0d0_-91e","geometry":{"type":"LineString","coordinates":[[-2.24233171,51.44079341],[-2.58610878,51.45726273]]},"geometry_name":"geom","properties":{"uid":29438,"id":0,"type_inf":"Fibre Operational","status":"Operational","type_":3}},{"type":"Feature","id":"trx_geocatalogue.fid-7c38bf73_19d20a9a0d0_-91d","geometry":{"type":"LineString","coordinates":[[-2.42864685,51.56424686],[-2.40080124,51.46037239]]},"geometry_name":"geom","properties":{"uid":29439,"id":0,"type_inf":"Fibre Operational","status":"Operational","type_":3}},{"type":"Feature","id":"trx_geocatalogue.fid-7c38bf73_19d20a9a0d0_-91c","geometry":{"type":"LineString","coordinates":[[-1.93715472,52.292244],[-1.77297191,52.41074115]]},"geometry_name":"geom","properties":{"uid":29440,"id":0,"type_inf":"Fibre Operational","status":"Operational","type_":3}},{"type":"Feature","id":"trx_geocatalogue.fid-7c38bf73_19d20a9a0d0_-91b","geometry":{"type":"LineString","coordinates":[[-1.77297191,52.41074115],[-1.73273084,52.4843155]]},"geometry_name":"geom","properties":{"uid":29441,"id":0,"type_inf":"Fibre Operational","status":"Operational","type_":3}},{"type":"Feature","id":"trx_geocatalogue.fid-7c38bf73_19d20a9a0d0_-91a","geometry":{"type":"LineString","coordinates":[[-2.24560791,51.86462646],[-2.09187477,51.89918224]]},"geometry_name":"geom","properties":{"uid":29442,"id":0,"type_inf":"Fibre Operational","status":"Operational","type_":3}},{"type":"Feature","id":"trx_geocatalogue.fid-7c38bf73_19d20a9a0d0_-919","geometry":{"type":"LineString","coordinates":[[-0.14213464,50.84220181],[0.01536995,50.867674]]},"geometry_name":"geom","properties":{"uid":29443,"id":0,"type_inf":"Fibre Operational","status":"Operational","type_":3}},{"type":"Feature","id":"trx_geocatalogue.fid-7c38bf73_19d20a9a0d0_-918","geometry":{"type":"LineString","coordinates":[[0.01536995,50.867674],[0.23904014,50.82387897]]},"geometry_name":"geom","properties":{"uid":29444,"id":0,"type_inf":"Fibre Operational","status":"Operational","type_":3}},{"type":"Feature","id":"trx_geocatalogue.fid-7c38bf73_19d20a9a0d0_-917","geometry":{"type":"LineString","coordinates":[[0.23904014,50.82387897],[0.366676,50.81932]]},"geometry_name":"geom","properties":{"uid":29445,"id":0,"type_inf":"Fibre Operational","status":"Operational","type_":3}},{"type":"Feature","id":"trx_geocatalogue.fid-7c38bf73_19d20a9a0d0_-916","geometry":{"type":"LineString","coordinates":[[1.16798172,51.08847503],[1.31756,51.125559]]},"geometry_name":"geom","properties":{"uid":29288,"id":0,"type_inf":"Fibre Operational","status":"Operational","type_":3}},{"type":"Feature","id":"trx_geocatalogue.fid-7c38bf73_19d20a9a0d0_-915","geometry":{"type":"LineString","coordinates":[[0.68352346,51.06848756],[1.16798172,51.08847503]]},"geometry_name":"geom","properties":{"uid":29289,"id":0,"type_inf":"Fibre Operational","status":"Operational","type_":3}},{"type":"Feature","id":"trx_geocatalogue.fid-7c38bf73_19d20a9a0d0_-914","geometry":{"type":"LineString","coordinates":[[0.18433338,51.28769132],[0.26283389,51.13179417]]},"geometry_name":"geom","properties":{"uid":29290,"id":0,"type_inf":"Fibre Operational","status":"Operational","type_":3}},{"type":"Feature","id":"trx_geocatalogue.fid-7c38bf73_19d20a9a0d0_-913","geometry":{"type":"LineString","coordinates":[[0.26283389,51.13179417],[0.35906297,51.18613101]]},"geometry_name":"geom","properties":{"uid":29291,"id":0,"type_inf":"Fibre Operational","status":"Operational","type_":3}},{"type":"Feature","id":"trx_geocatalogue.fid-7c38bf73_19d20a9a0d0_-912","geometry":{"type":"LineString","coordinates":[[0.35906297,51.18613101],[0.52411444,51.27621549]]},"geometry_name":"geom","properties":{"uid":29292,"id":0,"type_inf":"Fibre Operational","status":"Operational","type_":3}},{"type":"Feature","id":"trx_geocatalogue.fid-7c38bf73_19d20a9a0d0_-911","geometry":{"type":"LineString","coordinates":[[0.43798757,51.2480237],[0.42225778,51.29716671]]},"geometry_name":"geom","properties":{"uid":29293,"id":0,"type_inf":"Fibre Operational","status":"Operational","type_":3}},{"type":"Feature","id":"trx_geocatalogue.fid-7c38bf73_19d20a9a0d0_-910","geometry":{"type":"LineString","coordinates":[[0.68352346,51.06848756],[0.52411444,51.27621549]]},"geometry_name":"geom","properties":{"uid":29294,"id":0,"type_inf":"Fibre Operational","status":"Operational","type_":3}},{"type":"Feature","id":"trx_geocatalogue.fid-7c38bf73_19d20a9a0d0_-90f","geometry":{"type":"LineString","coordinates":[[0.1774395,51.39551501],[0.42225778,51.29716671]]},"geometry_name":"geom","properties":{"uid":29295,"id":0,"type_inf":"Fibre Operational","status":"Operational","type_":3}},{"type":"Feature","id":"trx_geocatalogue.fid-7c38bf73_19d20a9a0d0_-90e","geometry":{"type":"LineString","coordinates":[[0.10070188,51.42621006],[0.1774395,51.39551501]]},"geometry_name":"geom","properties":{"uid":29296,"id":0,"type_inf":"Fibre Operational","status":"Operational","type_":3}},{"type":"Feature","id":"trx_geocatalogue.fid-7c38bf73_19d20a9a0d0_-90d","geometry":{"type":"LineString","coordinates":[[-0.0224922,51.45912521],[0.10070188,51.42621006]]},"geometry_name":"geom","properties":{"uid":29297,"id":0,"type_inf":"Fibre Operational","status":"Operational","type_":3}},{"type":"Feature","id":"trx_geocatalogue.fid-7c38bf73_19d20a9a0d0_-90c","geometry":{"type":"LineString","coordinates":[[-0.1717738,51.23909491],[-0.10241251,51.37389138]]},"geometry_name":"geom","properties":{"uid":29298,"id":0,"type_inf":"Fibre Operational","status":"Operational","type_":3}},{"type":"Feature","id":"trx_geocatalogue.fid-7c38bf73_19d20a9a0d0_-90b","geometry":{"type":"LineString","coordinates":[[-0.57900368,51.23671644],[-0.32596287,51.2333842]]},"geometry_name":"geom","properties":{"uid":29299,"id":0,"type_inf":"Fibre Operational","status":"Operational","type_":3}},{"type":"Feature","id":"trx_geocatalogue.fid-7c38bf73_19d20a9a0d0_-90a","geometry":{"type":"LineString","coordinates":[[-0.32596287,51.2333842],[-0.17994399,51.11088695]]},"geometry_name":"geom","properties":{"uid":29300,"id":0,"type_inf":"Fibre Operational","status":"Operational","type_":3}},{"type":"Feature","id":"trx_geocatalogue.fid-7c38bf73_19d20a9a0d0_-909","geometry":{"type":"LineString","coordinates":[[-0.17994399,51.11088695],[-0.10625296,51.0024245]]},"geometry_name":"geom","properties":{"uid":29301,"id":0,"type_inf":"Fibre Operational","status":"Operational","type_":3}},{"type":"Feature","id":"trx_geocatalogue.fid-7c38bf73_19d20a9a0d0_-908","geometry":{"type":"LineString","coordinates":[[-0.12025933,50.95690379],[-0.10625296,51.0024245]]},"geometry_name":"geom","properties":{"uid":29302,"id":0,"type_inf":"Fibre Operational","status":"Operational","type_":3}},{"type":"Feature","id":"trx_geocatalogue.fid-7c38bf73_19d20a9a0d0_-907","geometry":{"type":"LineString","coordinates":[[-0.12025933,50.95690379],[-0.14213464,50.84220181]]},"geometry_name":"geom","properties":{"uid":29303,"id":0,"type_inf":"Fibre Operational","status":"Operational","type_":3}},{"type":"Feature","id":"trx_geocatalogue.fid-7c38bf73_19d20a9a0d0_-906","geometry":{"type":"LineString","coordinates":[[-0.59626964,51.51035347],[-0.64841964,51.6094628]]},"geometry_name":"geom","properties":{"uid":29304,"id":0,"type_inf":"Fibre Operational","status":"Operational","type_":3}},{"type":"Feature","id":"trx_geocatalogue.fid-7c38bf73_19d20a9a0d0_-905","geometry":{"type":"LineString","coordinates":[[-0.64841964,51.6094628],[-0.54907715,51.58804765]]},"geometry_name":"geom","properties":{"uid":29305,"id":0,"type_inf":"Fibre Operational","status":"Operational","type_":3}},{"type":"Feature","id":"trx_geocatalogue.fid-7c38bf73_19d20a9a0d0_-904","geometry":{"type":"LineString","coordinates":[[-0.54907715,51.58804765],[-0.48764725,51.74794265]]},"geometry_name":"geom","properties":{"uid":29306,"id":0,"type_inf":"Fibre Operational","status":"Operational","type_":3}},{"type":"Feature","id":"trx_geocatalogue.fid-7c38bf73_19d20a9a0d0_-903","geometry":{"type":"LineString","coordinates":[[-0.48764725,51.74794265],[-0.40079692,51.65871286]]},"geometry_name":"geom","properties":{"uid":29307,"id":0,"type_inf":"Fibre Operational","status":"Operational","type_":3}},{"type":"Feature","id":"trx_geocatalogue.fid-7c38bf73_19d20a9a0d0_-902","geometry":{"type":"LineString","coordinates":[[-0.54907715,51.58804765],[-0.42950923,51.57555548]]},"geometry_name":"geom","properties":{"uid":29308,"id":0,"type_inf":"Fibre Operational","status":"Operational","type_":3}},{"type":"Feature","id":"trx_geocatalogue.fid-7c38bf73_19d20a9a0d0_-901","geometry":{"type":"LineString","coordinates":[[-0.42950923,51.57555548],[-0.2909364,51.55037492]]},"geometry_name":"geom","properties":{"uid":29309,"id":0,"type_inf":"Fibre Operational","status":"Operational","type_":3}},{"type":"Feature","id":"trx_geocatalogue.fid-7c38bf73_19d20a9a0d0_-900","geometry":{"type":"LineString","coordinates":[[-0.2909364,51.55037492],[-0.1078704,51.50274018]]},"geometry_name":"geom","properties":{"uid":29310,"id":0,"type_inf":"Fibre Operational","status":"Operational","type_":3}},{"type":"Feature","id":"trx_geocatalogue.fid-7c38bf73_19d20a9a0d0_-8ff","geometry":{"type":"LineString","coordinates":[[-0.40079692,51.65871286],[-0.1078704,51.50274018]]},"geometry_name":"geom","properties":{"uid":29311,"id":0,"type_inf":"Fibre Operational","status":"Operational","type_":3}},{"type":"Feature","id":"trx_geocatalogue.fid-7c38bf73_19d20a9a0d0_-8fe","geometry":{"type":"LineString","coordinates":[[-0.64841964,51.6094628],[-0.76840782,51.62058042]]},"geometry_name":"geom","properties":{"uid":29312,"id":0,"type_inf":"Fibre Operational","status":"Operational","type_":3}},{"type":"Feature","id":"trx_geocatalogue.fid-7c38bf73_19d20a9a0d0_-8fd","geometry":{"type":"LineString","coordinates":[[-0.98160848,51.45705453],[-0.73142303,51.52177488]]},"geometry_name":"geom","properties":{"uid":29313,"id":0,"type_inf":"Fibre Operational","status":"Operational","type_":3}},{"type":"Feature","id":"trx_geocatalogue.fid-7c38bf73_19d20a9a0d0_-8fc","geometry":{"type":"LineString","coordinates":[[-0.73142303,51.52177488],[-0.64841964,51.6094628]]},"geometry_name":"geom","properties":{"uid":29314,"id":0,"type_inf":"Fibre Operational","status":"Operational","type_":3}},{"type":"Feature","id":"trx_geocatalogue.fid-7c38bf73_19d20a9a0d0_-8fb","geometry":{"type":"LineString","coordinates":[[-0.76840782,51.62058042],[-0.77903984,51.56616913]]},"geometry_name":"geom","properties":{"uid":29315,"id":0,"type_inf":"Fibre Operational","status":"Operational","type_":3}},{"type":"Feature","id":"trx_geocatalogue.fid-7c38bf73_19d20a9a0d0_-8fa","geometry":{"type":"LineString","coordinates":[[-0.77903984,51.56616913],[-0.73142303,51.52177488]]},"geometry_name":"geom","properties":{"uid":29316,"id":0,"type_inf":"Fibre Operational","status":"Operational","type_":3}},{"type":"Feature","id":"trx_geocatalogue.fid-7c38bf73_19d20a9a0d0_-8f9","geometry":{"type":"LineString","coordinates":[[-0.73142303,51.52177488],[-0.6772238,51.34891077]]},"geometry_name":"geom","properties":{"uid":29317,"id":0,"type_inf":"Fibre Operational","status":"Operational","type_":3}},{"type":"Feature","id":"trx_geocatalogue.fid-7c38bf73_19d20a9a0d0_-8f8","geometry":{"type":"LineString","coordinates":[[-0.76894919,51.33834493],[-0.6772238,51.34891077]]},"geometry_name":"geom","properties":{"uid":29318,"id":0,"type_inf":"Fibre Operational","status":"Operational","type_":3}},{"type":"Feature","id":"trx_geocatalogue.fid-7c38bf73_19d20a9a0d0_-8f7","geometry":{"type":"LineString","coordinates":[[-0.76678466,51.29343096],[-0.76894919,51.33834493]]},"geometry_name":"geom","properties":{"uid":29319,"id":0,"type_inf":"Fibre Operational","status":"Operational","type_":3}},{"type":"Feature","id":"trx_geocatalogue.fid-7c38bf73_19d20a9a0d0_-8f6","geometry":{"type":"LineString","coordinates":[[-0.57900368,51.23671644],[-0.76691888,51.28971856]]},"geometry_name":"geom","properties":{"uid":29320,"id":0,"type_inf":"Fibre Operational","status":"Operational","type_":3}},{"type":"Feature","id":"trx_geocatalogue.fid-7c38bf73_19d20a9a0d0_-8f5","geometry":{"type":"LineString","coordinates":[[-0.76854262,51.24480562],[-0.76678466,51.29343096]]},"geometry_name":"geom","properties":{"uid":29321,"id":0,"type_inf":"Fibre Operational","status":"Operational","type_":3}},{"type":"Feature","id":"trx_geocatalogue.fid-7c38bf73_19d20a9a0d0_-8f4","geometry":{"type":"LineString","coordinates":[[-1.0900078,51.26610179],[-0.76854262,51.24480562]]},"geometry_name":"geom","properties":{"uid":29322,"id":0,"type_inf":"Fibre Operational","status":"Operational","type_":3}},{"type":"Feature","id":"trx_geocatalogue.fid-7c38bf73_19d20a9a0d0_-8f3","geometry":{"type":"LineString","coordinates":[[-1.51522756,51.42797066],[-1.31843606,51.4029208]]},"geometry_name":"geom","properties":{"uid":29323,"id":0,"type_inf":"Fibre Operational","status":"Operational","type_":3}},{"type":"Feature","id":"trx_geocatalogue.fid-7c38bf73_19d20a9a0d0_-8f2","geometry":{"type":"LineString","coordinates":[[-1.31843606,51.4029208],[-0.98160848,51.45705453]]},"geometry_name":"geom","properties":{"uid":29324,"id":0,"type_inf":"Fibre Operational","status":"Operational","type_":3}},{"type":"Feature","id":"trx_geocatalogue.fid-7c38bf73_19d20a9a0d0_-8f1","geometry":{"type":"LineString","coordinates":[[-1.7901642,51.56174982],[-1.51522756,51.42797066]]},"geometry_name":"geom","properties":{"uid":29325,"id":0,"type_inf":"Fibre Operational","status":"Operational","type_":3}},{"type":"Feature","id":"trx_geocatalogue.fid-7c38bf73_19d20a9a0d0_-8f0","geometry":{"type":"LineString","coordinates":[[-1.72188048,51.42447977],[-1.51522756,51.42797066]]},"geometry_name":"geom","properties":{"uid":29326,"id":0,"type_inf":"Fibre Operational","status":"Operational","type_":3}},{"type":"Feature","id":"trx_geocatalogue.fid-7c38bf73_19d20a9a0d0_-8ef","geometry":{"type":"LineString","coordinates":[[-4.15541288,50.38731529],[-3.90870936,50.384345]]},"geometry_name":"geom","properties":{"uid":30969,"id":0,"type_inf":"Fibre Operational","status":"Operational","type_":3}},{"type":"Feature","id":"trx_geocatalogue.fid-7c38bf73_19d20a9a0d0_-8ee","geometry":{"type":"LineString","coordinates":[[-3.80533807,50.42547422],[-3.76952327,50.48399636]]},"geometry_name":"geom","properties":{"uid":30970,"id":0,"type_inf":"Fibre Operational","status":"Operational","type_":3}},{"type":"Feature","id":"trx_geocatalogue.fid-7c38bf73_19d20a9a0d0_-8ed","geometry":{"type":"LineString","coordinates":[[-3.90870936,50.384345],[-3.80533807,50.42547422]]},"geometry_name":"geom","properties":{"uid":30971,"id":0,"type_inf":"Fibre Operational","status":"Operational","type_":3}},{"type":"Feature","id":"trx_geocatalogue.fid-7c38bf73_19d20a9a0d0_-8ec","geometry":{"type":"LineString","coordinates":[[-3.76952327,50.48399636],[-3.73954206,50.52325747]]},"geometry_name":"geom","properties":{"uid":30972,"id":0,"type_inf":"Fibre Operational","status":"Operational","type_":3}},{"type":"Feature","id":"trx_geocatalogue.fid-7c38bf73_19d20a9a0d0_-8eb","geometry":{"type":"LineString","coordinates":[[-3.73954206,50.52325747],[-3.59464562,50.61696089]]},"geometry_name":"geom","properties":{"uid":30973,"id":0,"type_inf":"Fibre Operational","status":"Operational","type_":3}},{"type":"Feature","id":"trx_geocatalogue.fid-7c38bf73_19d20a9a0d0_-8ea","geometry":{"type":"LineString","coordinates":[[-3.59464562,50.61696089],[-3.5308589,50.7222046]]},"geometry_name":"geom","properties":{"uid":30974,"id":0,"type_inf":"Fibre Operational","status":"Operational","type_":3}},{"type":"Feature","id":"trx_geocatalogue.fid-7c38bf73_19d20a9a0d0_-8e9","geometry":{"type":"LineString","coordinates":[[-3.5308589,50.7222046],[-3.1873837,50.79853771]]},"geometry_name":"geom","properties":{"uid":30975,"id":0,"type_inf":"Fibre Operational","status":"Operational","type_":3}},{"type":"Feature","id":"trx_geocatalogue.fid-7c38bf73_19d20a9a0d0_-8e8","geometry":{"type":"LineString","coordinates":[[-3.1873837,50.79853771],[-2.95722053,50.88892642]]},"geometry_name":"geom","properties":{"uid":30976,"id":0,"type_inf":"Fibre Operational","status":"Operational","type_":3}},{"type":"Feature","id":"trx_geocatalogue.fid-7c38bf73_19d20a9a0d0_-8e7","geometry":{"type":"LineString","coordinates":[[-2.95722053,50.88892642],[-2.81178527,50.87803111]]},"geometry_name":"geom","properties":{"uid":30977,"id":0,"type_inf":"Fibre Operational","status":"Operational","type_":3}},{"type":"Feature","id":"trx_geocatalogue.fid-7c38bf73_19d20a9a0d0_-8e6","geometry":{"type":"LineString","coordinates":[[-3.5308589,50.7222046],[-3.38475948,50.85518829]]},"geometry_name":"geom","properties":{"uid":30978,"id":0,"type_inf":"Fibre Operational","status":"Operational","type_":3}},{"type":"Feature","id":"trx_geocatalogue.fid-7c38bf73_19d20a9a0d0_-8e5","geometry":{"type":"LineString","coordinates":[[-3.38475948,50.85518829],[-3.10007236,51.02063164]]},"geometry_name":"geom","properties":{"uid":30979,"id":0,"type_inf":"Fibre Operational","status":"Operational","type_":3}},{"type":"Feature","id":"trx_geocatalogue.fid-7c38bf73_19d20a9a0d0_-8e4","geometry":{"type":"LineString","coordinates":[[-3.10007236,51.02063164],[-2.99547966,51.12644684]]},"geometry_name":"geom","properties":{"uid":30980,"id":0,"type_inf":"Fibre Operational","status":"Operational","type_":3}},{"type":"Feature","id":"trx_geocatalogue.fid-7c38bf73_19d20a9a0d0_-8e3","geometry":{"type":"LineString","coordinates":[[-2.99547966,51.12644684],[-2.74424604,51.12307398]]},"geometry_name":"geom","properties":{"uid":30981,"id":0,"type_inf":"Fibre Operational","status":"Operational","type_":3}},{"type":"Feature","id":"trx_geocatalogue.fid-7c38bf73_19d20a9a0d0_-8e2","geometry":{"type":"LineString","coordinates":[[-2.74424604,51.12307398],[-2.71426483,51.15234135]]},"geometry_name":"geom","properties":{"uid":30982,"id":0,"type_inf":"Fibre Operational","status":"Operational","type_":3}},{"type":"Feature","id":"trx_geocatalogue.fid-7c38bf73_19d20a9a0d0_-8e1","geometry":{"type":"LineString","coordinates":[[-2.71426483,51.15234135],[-2.64930555,51.21230377]]},"geometry_name":"geom","properties":{"uid":30983,"id":0,"type_inf":"Fibre Operational","status":"Operational","type_":3}},{"type":"Feature","id":"trx_geocatalogue.fid-7c38bf73_19d20a9a0d0_-8e0","geometry":{"type":"LineString","coordinates":[[-2.64930555,51.21230377],[-2.35861744,51.38221949]]},"geometry_name":"geom","properties":{"uid":30984,"id":0,"type_inf":"Fibre Operational","status":"Operational","type_":3}},{"type":"Feature","id":"trx_geocatalogue.fid-7c38bf73_19d20a9a0d0_-8df","geometry":{"type":"LineString","coordinates":[[-2.81178527,50.87803111],[-2.59097623,50.77881158]]},"geometry_name":"geom","properties":{"uid":30985,"id":0,"type_inf":"Fibre Operational","status":"Operational","type_":3}},{"type":"Feature","id":"trx_geocatalogue.fid-7c38bf73_19d20a9a0d0_-8de","geometry":{"type":"LineString","coordinates":[[-2.59097623,50.77881158],[-2.44416535,50.70906237]]},"geometry_name":"geom","properties":{"uid":30986,"id":0,"type_inf":"Fibre Operational","status":"Operational","type_":3}},{"type":"Feature","id":"trx_geocatalogue.fid-7c38bf73_19d20a9a0d0_-8dd","geometry":{"type":"LineString","coordinates":[[-2.44416535,50.70906237],[-2.12151044,50.68050884]]},"geometry_name":"geom","properties":{"uid":30987,"id":0,"type_inf":"Fibre Operational","status":"Operational","type_":3}},{"type":"Feature","id":"trx_geocatalogue.fid-7c38bf73_19d20a9a0d0_-8dc","geometry":{"type":"LineString","coordinates":[[-2.12151044,50.68050884],[-1.98217183,50.72453746]]},"geometry_name":"geom","properties":{"uid":30988,"id":0,"type_inf":"Fibre Operational","status":"Operational","type_":3}},{"type":"Feature","id":"trx_geocatalogue.fid-7c38bf73_19d20a9a0d0_-8db","geometry":{"type":"LineString","coordinates":[[-1.98217183,50.72453746],[-1.87807041,50.72632206]]},"geometry_name":"geom","properties":{"uid":30989,"id":0,"type_inf":"Fibre Operational","status":"Operational","type_":3}},{"type":"Feature","id":"trx_geocatalogue.fid-7c38bf73_19d20a9a0d0_-8da","geometry":{"type":"LineString","coordinates":[[-1.87807041,50.72632206],[-1.79932956,50.73312593]]},"geometry_name":"geom","properties":{"uid":30990,"id":0,"type_inf":"Fibre Operational","status":"Operational","type_":3}},{"type":"Feature","id":"trx_geocatalogue.fid-7c38bf73_19d20a9a0d0_-8d9","geometry":{"type":"LineString","coordinates":[[-1.79932956,50.73312593],[-1.57518433,50.86946904]]},"geometry_name":"geom","properties":{"uid":30991,"id":0,"type_inf":"Fibre Operational","status":"Operational","type_":3}},{"type":"Feature","id":"trx_geocatalogue.fid-7c38bf73_19d20a9a0d0_-8d8","geometry":{"type":"LineString","coordinates":[[-1.41419449,50.91655996],[-1.57518433,50.86946904]]},"geometry_name":"geom","properties":{"uid":30992,"id":0,"type_inf":"Fibre Operational","status":"Operational","type_":3}},{"type":"Feature","id":"trx_geocatalogue.fid-7c38bf73_19d20a9a0d0_-8d7","geometry":{"type":"LineString","coordinates":[[-1.41419449,50.91655996],[-1.18794926,50.869411]]},"geometry_name":"geom","properties":{"uid":30993,"id":0,"type_inf":"Fibre Operational","status":"Operational","type_":3}},{"type":"Feature","id":"trx_geocatalogue.fid-7c38bf73_19d20a9a0d0_-8d6","geometry":{"type":"LineString","coordinates":[[-1.18794926,50.869411],[-1.07678692,50.80793757]]},"geometry_name":"geom","properties":{"uid":30994,"id":0,"type_inf":"Fibre Operational","status":"Operational","type_":3}},{"type":"Feature","id":"trx_geocatalogue.fid-7c38bf73_19d20a9a0d0_-8d5","geometry":{"type":"LineString","coordinates":[[-1.07678692,50.80793757],[-0.77532494,50.83174414]]},"geometry_name":"geom","properties":{"uid":30995,"id":0,"type_inf":"Fibre Operational","status":"Operational","type_":3}},{"type":"Feature","id":"trx_geocatalogue.fid-7c38bf73_19d20a9a0d0_-8d4","geometry":{"type":"LineString","coordinates":[[-0.77532494,50.83174414],[-0.67110812,50.79984006]]},"geometry_name":"geom","properties":{"uid":30996,"id":0,"type_inf":"Fibre Operational","status":"Operational","type_":3}},{"type":"Feature","id":"trx_geocatalogue.fid-7c38bf73_19d20a9a0d0_-8d3","geometry":{"type":"LineString","coordinates":[[-0.67110812,50.79984006],[-0.54533335,50.82038553]]},"geometry_name":"geom","properties":{"uid":30997,"id":0,"type_inf":"Fibre Operational","status":"Operational","type_":3}},{"type":"Feature","id":"trx_geocatalogue.fid-7c38bf73_19d20a9a0d0_-8d2","geometry":{"type":"LineString","coordinates":[[-0.54533335,50.82038553],[-0.37985853,50.82888878]]},"geometry_name":"geom","properties":{"uid":30998,"id":0,"type_inf":"Fibre Operational","status":"Operational","type_":3}},{"type":"Feature","id":"trx_geocatalogue.fid-7c38bf73_19d20a9a0d0_-8d1","geometry":{"type":"LineString","coordinates":[[-0.37985853,50.82888878],[-0.28039706,50.8460209]]},"geometry_name":"geom","properties":{"uid":30999,"id":0,"type_inf":"Fibre Operational","status":"Operational","type_":3}},{"type":"Feature","id":"trx_geocatalogue.fid-7c38bf73_19d20a9a0d0_-8d0","geometry":{"type":"LineString","coordinates":[[-0.28039706,50.8460209],[-0.14213464,50.84220181]]},"geometry_name":"geom","properties":{"uid":31000,"id":0,"type_inf":"Fibre Operational","status":"Operational","type_":3}},{"type":"Feature","id":"trx_geocatalogue.fid-7c38bf73_19d20a9a0d0_-8cf","geometry":{"type":"LineString","coordinates":[[-0.14213464,50.84220181],[-0.34117488,51.02692459]]},"geometry_name":"geom","properties":{"uid":31001,"id":0,"type_inf":"Fibre Operational","status":"Operational","type_":3}},{"type":"Feature","id":"trx_geocatalogue.fid-7c38bf73_19d20a9a0d0_-8ce","geometry":{"type":"LineString","coordinates":[[-0.34117488,51.02692459],[-0.35830699,51.07261024]]},"geometry_name":"geom","properties":{"uid":31002,"id":0,"type_inf":"Fibre Operational","status":"Operational","type_":3}},{"type":"Feature","id":"trx_geocatalogue.fid-7c38bf73_19d20a9a0d0_-8cd","geometry":{"type":"LineString","coordinates":[[-0.57900368,51.23671644],[-0.35830699,51.07261024]]},"geometry_name":"geom","properties":{"uid":31003,"id":0,"type_inf":"Fibre Operational","status":"Operational","type_":3}},{"type":"Feature","id":"trx_geocatalogue.fid-7c38bf73_19d20a9a0d0_-8cc","geometry":{"type":"LineString","coordinates":[[0.366676,50.81932],[0.48471506,50.91637417]]},"geometry_name":"geom","properties":{"uid":31004,"id":0,"type_inf":"Fibre Operational","status":"Operational","type_":3}},{"type":"Feature","id":"trx_geocatalogue.fid-7c38bf73_19d20a9a0d0_-8cb","geometry":{"type":"LineString","coordinates":[[0.48471506,50.91637417],[0.51041324,51.04703037]]},"geometry_name":"geom","properties":{"uid":31005,"id":0,"type_inf":"Fibre Operational","status":"Operational","type_":3}},{"type":"Feature","id":"trx_geocatalogue.fid-7c38bf73_19d20a9a0d0_-8ca","geometry":{"type":"LineString","coordinates":[[0.51041324,51.04703037],[0.54610516,51.10839667]]},"geometry_name":"geom","properties":{"uid":31006,"id":0,"type_inf":"Fibre Operational","status":"Operational","type_":3}},{"type":"Feature","id":"trx_geocatalogue.fid-7c38bf73_19d20a9a0d0_-8c9","geometry":{"type":"LineString","coordinates":[[0.68352346,51.06848756],[0.54610516,51.10839667]]},"geometry_name":"geom","properties":{"uid":31007,"id":0,"type_inf":"Fibre Operational","status":"Operational","type_":3}},{"type":"Feature","id":"trx_geocatalogue.fid-7c38bf73_19d20a9a0d0_-8c8","geometry":{"type":"LineString","coordinates":[[0.54610516,51.10839667],[0.52411444,51.27621549]]},"geometry_name":"geom","properties":{"uid":31008,"id":0,"type_inf":"Fibre Operational","status":"Operational","type_":3}},{"type":"Feature","id":"trx_geocatalogue.fid-7c38bf73_19d20a9a0d0_-8c7","geometry":{"type":"LineString","coordinates":[[0.68352346,51.06848756],[0.84310339,51.06176944]]},"geometry_name":"geom","properties":{"uid":31009,"id":0,"type_inf":"Fibre Operational","status":"Operational","type_":3}},{"type":"Feature","id":"trx_geocatalogue.fid-7c38bf73_19d20a9a0d0_-8c6","geometry":{"type":"LineString","coordinates":[[0.84310339,51.06176944],[1.082108,51.07352443]]},"geometry_name":"geom","properties":{"uid":31010,"id":0,"type_inf":"Fibre Operational","status":"Operational","type_":3}},{"type":"Feature","id":"trx_geocatalogue.fid-7c38bf73_19d20a9a0d0_-8c5","geometry":{"type":"LineString","coordinates":[[1.082108,51.07352443],[1.16798172,51.08847503]]},"geometry_name":"geom","properties":{"uid":31011,"id":0,"type_inf":"Fibre Operational","status":"Operational","type_":3}},{"type":"Feature","id":"trx_geocatalogue.fid-7c38bf73_19d20a9a0d0_-8c4","geometry":{"type":"LineString","coordinates":[[0.52411444,51.27621549],[0.87696048,51.22155987]]},"geometry_name":"geom","properties":{"uid":31012,"id":0,"type_inf":"Fibre Operational","status":"Operational","type_":3}},{"type":"Feature","id":"trx_geocatalogue.fid-7c38bf73_19d20a9a0d0_-8c3","geometry":{"type":"LineString","coordinates":[[0.87696048,51.22155987],[0.87817824,51.15057995]]},"geometry_name":"geom","properties":{"uid":31013,"id":0,"type_inf":"Fibre Operational","status":"Operational","type_":3}},{"type":"Feature","id":"trx_geocatalogue.fid-7c38bf73_19d20a9a0d0_-8c2","geometry":{"type":"LineString","coordinates":[[0.87817824,51.15057995],[1.082108,51.07352443]]},"geometry_name":"geom","properties":{"uid":31014,"id":0,"type_inf":"Fibre Operational","status":"Operational","type_":3}},{"type":"Feature","id":"trx_geocatalogue.fid-7c38bf73_19d20a9a0d0_-8c1","geometry":{"type":"LineString","coordinates":[[0.47116808,51.37892119],[0.54527678,51.38840609]]},"geometry_name":"geom","properties":{"uid":31015,"id":0,"type_inf":"Fibre Operational","status":"Operational","type_":3}},{"type":"Feature","id":"trx_geocatalogue.fid-7c38bf73_19d20a9a0d0_-8c0","geometry":{"type":"LineString","coordinates":[[0.47116808,51.37892119],[0.3729055,51.43467842]]},"geometry_name":"geom","properties":{"uid":31016,"id":0,"type_inf":"Fibre Operational","status":"Operational","type_":3}},{"type":"Feature","id":"trx_geocatalogue.fid-7c38bf73_19d20a9a0d0_-8bf","geometry":{"type":"LineString","coordinates":[[0.23584442,51.44428205],[0.3729055,51.43467842]]},"geometry_name":"geom","properties":{"uid":31017,"id":0,"type_inf":"Fibre Operational","status":"Operational","type_":3}},{"type":"Feature","id":"trx_geocatalogue.fid-7c38bf73_19d20a9a0d0_-8be","geometry":{"type":"LineString","coordinates":[[-0.1717738,51.23909491],[0.27235174,51.18890123]]},"geometry_name":"geom","properties":{"uid":31018,"id":0,"type_inf":"Fibre Operational","status":"Operational","type_":3}},{"type":"Feature","id":"trx_geocatalogue.fid-7c38bf73_19d20a9a0d0_-8bd","geometry":{"type":"LineString","coordinates":[[0.35906297,51.18613101],[0.52411444,51.27621549]]},"geometry_name":"geom","properties":{"uid":31019,"id":0,"type_inf":"Fibre Operational","status":"Operational","type_":3}},{"type":"Feature","id":"trx_geocatalogue.fid-7c38bf73_19d20a9a0d0_-8bc","geometry":{"type":"LineString","coordinates":[[0.27235174,51.18890123],[0.35906297,51.18613101]]},"geometry_name":"geom","properties":{"uid":31020,"id":0,"type_inf":"Fibre Operational","status":"Operational","type_":3}},{"type":"Feature","id":"trx_geocatalogue.fid-7c38bf73_19d20a9a0d0_-8bb","geometry":{"type":"LineString","coordinates":[[0.23584442,51.44428205],[0.18246304,51.48090786]]},"geometry_name":"geom","properties":{"uid":31021,"id":0,"type_inf":"Fibre Operational","status":"Operational","type_":3}},{"type":"Feature","id":"trx_geocatalogue.fid-7c38bf73_19d20a9a0d0_-8ba","geometry":{"type":"LineString","coordinates":[[0.18246304,51.48090786],[-0.1078704,51.50274018]]},"geometry_name":"geom","properties":{"uid":31022,"id":0,"type_inf":"Fibre Operational","status":"Operational","type_":3}},{"type":"Feature","id":"trx_geocatalogue.fid-7c38bf73_19d20a9a0d0_-8b9","geometry":{"type":"LineString","coordinates":[[0.52411444,51.27621549],[0.54527678,51.38840609]]},"geometry_name":"geom","properties":{"uid":31023,"id":0,"type_inf":"Fibre Operational","status":"Operational","type_":3}},{"type":"Feature","id":"trx_geocatalogue.fid-7c38bf73_19d20a9a0d0_-8b8","geometry":{"type":"LineString","coordinates":[[-1.41419449,50.91655996],[-1.33285868,50.96983464]]},"geometry_name":"geom","properties":{"uid":31024,"id":0,"type_inf":"Fibre Operational","status":"Operational","type_":3}},{"type":"Feature","id":"trx_geocatalogue.fid-7c38bf73_19d20a9a0d0_-8b7","geometry":{"type":"LineString","coordinates":[[-1.33285868,50.96983464],[-1.31665146,51.06503734]]},"geometry_name":"geom","properties":{"uid":31025,"id":0,"type_inf":"Fibre Operational","status":"Operational","type_":3}},{"type":"Feature","id":"trx_geocatalogue.fid-7c38bf73_19d20a9a0d0_-8b6","geometry":{"type":"LineString","coordinates":[[-1.79896821,51.07312751],[-1.47988249,51.21018446]]},"geometry_name":"geom","properties":{"uid":31026,"id":0,"type_inf":"Fibre Operational","status":"Operational","type_":3}},{"type":"Feature","id":"trx_geocatalogue.fid-7c38bf73_19d20a9a0d0_-8b5","geometry":{"type":"LineString","coordinates":[[-1.79896821,51.07312751],[-2.19003211,51.20068602]]},"geometry_name":"geom","properties":{"uid":31027,"id":0,"type_inf":"Fibre Operational","status":"Operational","type_":3}},{"type":"Feature","id":"trx_geocatalogue.fid-7c38bf73_19d20a9a0d0_-8b4","geometry":{"type":"LineString","coordinates":[[-1.31665146,51.06503734],[-1.0900078,51.26610179]]},"geometry_name":"geom","properties":{"uid":31028,"id":0,"type_inf":"Fibre Operational","status":"Operational","type_":3}},{"type":"Feature","id":"trx_geocatalogue.fid-7c38bf73_19d20a9a0d0_-8b3","geometry":{"type":"LineString","coordinates":[[-1.47988249,51.21018446],[-1.2981234,51.19564999]]},"geometry_name":"geom","properties":{"uid":31029,"id":0,"type_inf":"Fibre Operational","status":"Operational","type_":3}},{"type":"Feature","id":"trx_geocatalogue.fid-7c38bf73_19d20a9a0d0_-8b2","geometry":{"type":"LineString","coordinates":[[-1.0900078,51.26610179],[-0.98160848,51.45705453]]},"geometry_name":"geom","properties":{"uid":31030,"id":0,"type_inf":"Fibre Operational","status":"Operational","type_":3}},{"type":"Feature","id":"trx_geocatalogue.fid-7c38bf73_19d20a9a0d0_-8b1","geometry":{"type":"LineString","coordinates":[[-0.98160848,51.45705453],[-1.31843606,51.4029208]]},"geometry_name":"geom","properties":{"uid":31031,"id":0,"type_inf":"Fibre Operational","status":"Operational","type_":3}},{"type":"Feature","id":"trx_geocatalogue.fid-7c38bf73_19d20a9a0d0_-8b0","geometry":{"type":"LineString","coordinates":[[-1.31843606,51.4029208],[-1.51522756,51.42797066]]},"geometry_name":"geom","properties":{"uid":31032,"id":0,"type_inf":"Fibre Operational","status":"Operational","type_":3}},{"type":"Feature","id":"trx_geocatalogue.fid-7c38bf73_19d20a9a0d0_-8af","geometry":{"type":"LineString","coordinates":[[-1.51522756,51.42797066],[-1.72188048,51.42447977]]},"geometry_name":"geom","properties":{"uid":31033,"id":0,"type_inf":"Fibre Operational","status":"Operational","type_":3}},{"type":"Feature","id":"trx_geocatalogue.fid-7c38bf73_19d20a9a0d0_-8ae","geometry":{"type":"LineString","coordinates":[[-1.72188048,51.42447977],[-2.00046823,51.43523831]]},"geometry_name":"geom","properties":{"uid":31034,"id":0,"type_inf":"Fibre Operational","status":"Operational","type_":3}},{"type":"Feature","id":"trx_geocatalogue.fid-7c38bf73_19d20a9a0d0_-8ad","geometry":{"type":"LineString","coordinates":[[-2.00046823,51.43523831],[-2.11525174,51.4622173]]},"geometry_name":"geom","properties":{"uid":31035,"id":0,"type_inf":"Fibre Operational","status":"Operational","type_":3}},{"type":"Feature","id":"trx_geocatalogue.fid-7c38bf73_19d20a9a0d0_-8ac","geometry":{"type":"LineString","coordinates":[[-2.24233171,51.44079341],[-2.11525174,51.4622173]]},"geometry_name":"geom","properties":{"uid":31036,"id":0,"type_inf":"Fibre Operational","status":"Operational","type_":3}},{"type":"Feature","id":"trx_geocatalogue.fid-7c38bf73_19d20a9a0d0_-8ab","geometry":{"type":"LineString","coordinates":[[0.366676,50.81932],[0.23904014,50.82387897]]},"geometry_name":"geom","properties":{"uid":31037,"id":0,"type_inf":"Fibre Operational","status":"Operational","type_":3}},{"type":"Feature","id":"trx_geocatalogue.fid-7c38bf73_19d20a9a0d0_-8aa","geometry":{"type":"LineString","coordinates":[[0.23904014,50.82387897],[0.01536995,50.867674]]},"geometry_name":"geom","properties":{"uid":31038,"id":0,"type_inf":"Fibre Operational","status":"Operational","type_":3}},{"type":"Feature","id":"trx_geocatalogue.fid-7c38bf73_19d20a9a0d0_-8a9","geometry":{"type":"LineString","coordinates":[[-0.14213464,50.84220181],[0.01536995,50.867674]]},"geometry_name":"geom","properties":{"uid":31039,"id":0,"type_inf":"Fibre Operational","status":"Operational","type_":3}},{"type":"Feature","id":"trx_geocatalogue.fid-7c38bf73_19d20a9a0d0_-8a8","geometry":{"type":"LineString","coordinates":[[-0.1717738,51.23909491],[-0.32596287,51.2333842]]},"geometry_name":"geom","properties":{"uid":31040,"id":0,"type_inf":"Fibre Operational","status":"Operational","type_":3}},{"type":"Feature","id":"trx_geocatalogue.fid-7c38bf73_19d20a9a0d0_-8a7","geometry":{"type":"LineString","coordinates":[[-0.5753015,51.31810597],[-0.32596287,51.2333842]]},"geometry_name":"geom","properties":{"uid":31041,"id":0,"type_inf":"Fibre Operational","status":"Operational","type_":3}},{"type":"Feature","id":"trx_geocatalogue.fid-7c38bf73_19d20a9a0d0_-8a6","geometry":{"type":"LineString","coordinates":[[-1.0900078,51.26610179],[-0.76691888,51.28971856]]},"geometry_name":"geom","properties":{"uid":31042,"id":0,"type_inf":"Fibre Operational","status":"Operational","type_":3}},{"type":"Feature","id":"trx_geocatalogue.fid-7c38bf73_19d20a9a0d0_-8a5","geometry":{"type":"LineString","coordinates":[[-0.74889719,51.41196374],[-0.98160848,51.45705453]]},"geometry_name":"geom","properties":{"uid":31043,"id":0,"type_inf":"Fibre Operational","status":"Operational","type_":3}},{"type":"Feature","id":"trx_geocatalogue.fid-7c38bf73_19d20a9a0d0_-8a4","geometry":{"type":"LineString","coordinates":[[-0.74889719,51.41196374],[-0.62701909,51.48051608]]},"geometry_name":"geom","properties":{"uid":31044,"id":0,"type_inf":"Fibre Operational","status":"Operational","type_":3}},{"type":"Feature","id":"trx_geocatalogue.fid-7c38bf73_19d20a9a0d0_-8a3","geometry":{"type":"LineString","coordinates":[[-0.81770935,51.81930642],[-0.69313135,51.70089888]]},"geometry_name":"geom","properties":{"uid":31045,"id":0,"type_inf":"Fibre Operational","status":"Operational","type_":3}},{"type":"Feature","id":"trx_geocatalogue.fid-7c38bf73_19d20a9a0d0_-8a2","geometry":{"type":"LineString","coordinates":[[-0.76840782,51.62058042],[-0.69313135,51.70089888]]},"geometry_name":"geom","properties":{"uid":31046,"id":0,"type_inf":"Fibre Operational","status":"Operational","type_":3}},{"type":"Feature","id":"trx_geocatalogue.fid-7c38bf73_19d20a9a0d0_-8a1","geometry":{"type":"LineString","coordinates":[[-0.69313135,51.70089888],[-0.59829316,51.67617013]]},"geometry_name":"geom","properties":{"uid":31047,"id":0,"type_inf":"Fibre Operational","status":"Operational","type_":3}},{"type":"Feature","id":"trx_geocatalogue.fid-7c38bf73_19d20a9a0d0_-8a0","geometry":{"type":"LineString","coordinates":[[-0.59829316,51.67617013],[-0.40079692,51.65871286]]},"geometry_name":"geom","properties":{"uid":31048,"id":0,"type_inf":"Fibre Operational","status":"Operational","type_":3}},{"type":"Feature","id":"trx_geocatalogue.fid-7c38bf73_19d20a9a0d0_-89f","geometry":{"type":"LineString","coordinates":[[1.613257,52.180932],[1.58481803,52.2041988]]},"geometry_name":"geom","properties":{"uid":31049,"id":0,"type_inf":"Fibre Operational","status":"Operational","type_":3}},{"type":"Feature","id":"trx_geocatalogue.fid-7c38bf73_19d20a9a0d0_-89e","geometry":{"type":"LineString","coordinates":[[1.620288,52.207212],[1.58481803,52.2041988]]},"geometry_name":"geom","properties":{"uid":31050,"id":0,"type_inf":"Fibre Operational","status":"Operational","type_":3}},{"type":"Feature","id":"trx_geocatalogue.fid-7c38bf73_19d20a9a0d0_-89d","geometry":{"type":"LineString","coordinates":[[1.58481803,52.2041988],[1.32115271,52.11493987]]},"geometry_name":"geom","properties":{"uid":31051,"id":0,"type_inf":"Fibre Operational","status":"Operational","type_":3}},{"type":"Feature","id":"trx_geocatalogue.fid-7c38bf73_19d20a9a0d0_-89c","geometry":{"type":"LineString","coordinates":[[1.27165992,52.06735065],[1.32115271,52.11493987]]},"geometry_name":"geom","properties":{"uid":31052,"id":0,"type_inf":"Fibre Operational","status":"Operational","type_":3}},{"type":"Feature","id":"trx_geocatalogue.fid-7c38bf73_19d20a9a0d0_-89b","geometry":{"type":"LineString","coordinates":[[1.14755306,52.06702936],[1.27165992,52.06735065]]},"geometry_name":"geom","properties":{"uid":31053,"id":0,"type_inf":"Fibre Operational","status":"Operational","type_":3}},{"type":"Feature","id":"trx_geocatalogue.fid-7c38bf73_19d20a9a0d0_-89a","geometry":{"type":"LineString","coordinates":[[1.14755306,52.06702936],[1.02665147,51.95279775]]},"geometry_name":"geom","properties":{"uid":31054,"id":0,"type_inf":"Fibre Operational","status":"Operational","type_":3}},{"type":"Feature","id":"trx_geocatalogue.fid-7c38bf73_19d20a9a0d0_-899","geometry":{"type":"LineString","coordinates":[[1.02665147,51.95279775],[0.90552717,51.89308977]]},"geometry_name":"geom","properties":{"uid":31055,"id":0,"type_inf":"Fibre Operational","status":"Operational","type_":3}},{"type":"Feature","id":"trx_geocatalogue.fid-7c38bf73_19d20a9a0d0_-898","geometry":{"type":"LineString","coordinates":[[0.53056843,51.60798734],[0.65117216,51.74598277]]},"geometry_name":"geom","properties":{"uid":31056,"id":0,"type_inf":"Fibre Operational","status":"Operational","type_":3}},{"type":"Feature","id":"trx_geocatalogue.fid-7c38bf73_19d20a9a0d0_-897","geometry":{"type":"LineString","coordinates":[[0.65117216,51.74598277],[0.90552717,51.89308977]]},"geometry_name":"geom","properties":{"uid":31057,"id":0,"type_inf":"Fibre Operational","status":"Operational","type_":3}},{"type":"Feature","id":"trx_geocatalogue.fid-7c38bf73_19d20a9a0d0_-896","geometry":{"type":"LineString","coordinates":[[-0.24621623,52.57385455],[0.13197927,52.19944636]]},"geometry_name":"geom","properties":{"uid":31058,"id":0,"type_inf":"Fibre Operational","status":"Operational","type_":3}},{"type":"Feature","id":"trx_geocatalogue.fid-7c38bf73_19d20a9a0d0_-895","geometry":{"type":"LineString","coordinates":[[0.13197927,52.19944636],[-0.04884576,51.81600818]]},"geometry_name":"geom","properties":{"uid":31059,"id":0,"type_inf":"Fibre Operational","status":"Operational","type_":3}},{"type":"Feature","id":"trx_geocatalogue.fid-7c38bf73_19d20a9a0d0_-894","geometry":{"type":"LineString","coordinates":[[-1.52200057,52.29146598],[-1.16579363,52.25952676]]},"geometry_name":"geom","properties":{"uid":31060,"id":0,"type_inf":"Fibre Operational","status":"Operational","type_":3}},{"type":"Feature","id":"trx_geocatalogue.fid-7c38bf73_19d20a9a0d0_-893","geometry":{"type":"LineString","coordinates":[[-1.5813785,52.28245216],[-1.52200057,52.29146598]]},"geometry_name":"geom","properties":{"uid":31061,"id":0,"type_inf":"Fibre Operational","status":"Operational","type_":3}},{"type":"Feature","id":"trx_geocatalogue.fid-7c38bf73_19d20a9a0d0_-892","geometry":{"type":"LineString","coordinates":[[-1.16579363,52.25952676],[-0.90048373,52.23573215]]},"geometry_name":"geom","properties":{"uid":31062,"id":0,"type_inf":"Fibre Operational","status":"Operational","type_":3}},{"type":"Feature","id":"trx_geocatalogue.fid-7c38bf73_19d20a9a0d0_-891","geometry":{"type":"LineString","coordinates":[[-1.50257164,52.40431796],[-1.25989909,52.37213771]]},"geometry_name":"geom","properties":{"uid":31063,"id":0,"type_inf":"Fibre Operational","status":"Operational","type_":3}},{"type":"Feature","id":"trx_geocatalogue.fid-7c38bf73_19d20a9a0d0_-890","geometry":{"type":"LineString","coordinates":[[-1.77297191,52.41074115],[-1.58673668,52.3569737]]},"geometry_name":"geom","properties":{"uid":31064,"id":0,"type_inf":"Fibre Operational","status":"Operational","type_":3}},{"type":"Feature","id":"trx_geocatalogue.fid-7c38bf73_19d20a9a0d0_-88f","geometry":{"type":"LineString","coordinates":[[-1.58673668,52.3569737],[-1.50257164,52.40431796]]},"geometry_name":"geom","properties":{"uid":31065,"id":0,"type_inf":"Fibre Operational","status":"Operational","type_":3}},{"type":"Feature","id":"trx_geocatalogue.fid-7c38bf73_19d20a9a0d0_-88e","geometry":{"type":"LineString","coordinates":[[-1.5813785,52.28245216],[-1.58673668,52.3569737]]},"geometry_name":"geom","properties":{"uid":31066,"id":0,"type_inf":"Fibre Operational","status":"Operational","type_":3}},{"type":"Feature","id":"trx_geocatalogue.fid-7c38bf73_19d20a9a0d0_-88d","geometry":{"type":"LineString","coordinates":[[-1.82847352,52.68188109],[-1.63454745,52.80918226]]},"geometry_name":"geom","properties":{"uid":31067,"id":0,"type_inf":"Fibre Operational","status":"Operational","type_":3}},{"type":"Feature","id":"trx_geocatalogue.fid-7c38bf73_19d20a9a0d0_-88c","geometry":{"type":"LineString","coordinates":[[-1.82847352,52.68188109],[-1.96571828,52.76106743]]},"geometry_name":"geom","properties":{"uid":31068,"id":0,"type_inf":"Fibre Operational","status":"Operational","type_":3}},{"type":"Feature","id":"trx_geocatalogue.fid-7c38bf73_19d20a9a0d0_-88b","geometry":{"type":"LineString","coordinates":[[-1.96571828,52.76106743],[-2.11400884,52.80561306]]},"geometry_name":"geom","properties":{"uid":31069,"id":0,"type_inf":"Fibre Operational","status":"Operational","type_":3}},{"type":"Feature","id":"trx_geocatalogue.fid-7c38bf73_19d20a9a0d0_-88a","geometry":{"type":"LineString","coordinates":[[-2.11400884,52.80561306],[-2.15359049,52.90302784]]},"geometry_name":"geom","properties":{"uid":31070,"id":0,"type_inf":"Fibre Operational","status":"Operational","type_":3}},{"type":"Feature","id":"trx_geocatalogue.fid-7c38bf73_19d20a9a0d0_-889","geometry":{"type":"LineString","coordinates":[[-2.15359049,52.90302784],[-2.18250262,53.01286511]]},"geometry_name":"geom","properties":{"uid":31071,"id":0,"type_inf":"Fibre Operational","status":"Operational","type_":3}},{"type":"Feature","id":"trx_geocatalogue.fid-7c38bf73_19d20a9a0d0_-888","geometry":{"type":"LineString","coordinates":[[-1.8987519,52.48284017],[-1.76987682,52.56716906]]},"geometry_name":"geom","properties":{"uid":31072,"id":0,"type_inf":"Fibre Operational","status":"Operational","type_":3}},{"type":"Feature","id":"trx_geocatalogue.fid-7c38bf73_19d20a9a0d0_-887","geometry":{"type":"LineString","coordinates":[[-1.76987682,52.56716906],[-1.68927505,52.63310214]]},"geometry_name":"geom","properties":{"uid":31073,"id":0,"type_inf":"Fibre Operational","status":"Operational","type_":3}},{"type":"Feature","id":"trx_geocatalogue.fid-7c38bf73_19d20a9a0d0_-886","geometry":{"type":"LineString","coordinates":[[-1.82847352,52.68188109],[-1.68927505,52.63310214]]},"geometry_name":"geom","properties":{"uid":31074,"id":0,"type_inf":"Fibre Operational","status":"Operational","type_":3}},{"type":"Feature","id":"trx_geocatalogue.fid-7c38bf73_19d20a9a0d0_-885","geometry":{"type":"LineString","coordinates":[[-0.90048373,52.23573215],[-0.77556203,52.03942662]]},"geometry_name":"geom","properties":{"uid":31075,"id":0,"type_inf":"Fibre Operational","status":"Operational","type_":3}},{"type":"Feature","id":"trx_geocatalogue.fid-7c38bf73_19d20a9a0d0_-884","geometry":{"type":"LineString","coordinates":[[-0.41983261,51.88238219],[-0.77556203,52.03942662]]},"geometry_name":"geom","properties":{"uid":31076,"id":0,"type_inf":"Fibre Operational","status":"Operational","type_":3}},{"type":"Feature","id":"trx_geocatalogue.fid-7c38bf73_19d20a9a0d0_-883","geometry":{"type":"LineString","coordinates":[[-0.41983261,51.88238219],[-0.27538445,51.95007885]]},"geometry_name":"geom","properties":{"uid":31077,"id":0,"type_inf":"Fibre Operational","status":"Operational","type_":3}},{"type":"Feature","id":"trx_geocatalogue.fid-7c38bf73_19d20a9a0d0_-882","geometry":{"type":"LineString","coordinates":[[-0.27538445,51.95007885],[-0.20410559,51.89988418]]},"geometry_name":"geom","properties":{"uid":31078,"id":0,"type_inf":"Fibre Operational","status":"Operational","type_":3}},{"type":"Feature","id":"trx_geocatalogue.fid-7c38bf73_19d20a9a0d0_-881","geometry":{"type":"LineString","coordinates":[[-0.20410559,51.89988418],[-0.04884576,51.81600818]]},"geometry_name":"geom","properties":{"uid":31079,"id":0,"type_inf":"Fibre Operational","status":"Operational","type_":3}},{"type":"Feature","id":"trx_geocatalogue.fid-7c38bf73_19d20a9a0d0_-880","geometry":{"type":"LineString","coordinates":[[-0.24621623,52.57385455],[-0.41190048,52.58473093]]},"geometry_name":"geom","properties":{"uid":31080,"id":0,"type_inf":"Fibre Operational","status":"Operational","type_":3}},{"type":"Feature","id":"trx_geocatalogue.fid-7c38bf73_19d20a9a0d0_-87f","geometry":{"type":"LineString","coordinates":[[-0.41190048,52.58473093],[-0.72351199,52.5936181]]},"geometry_name":"geom","properties":{"uid":31081,"id":0,"type_inf":"Fibre Operational","status":"Operational","type_":3}},{"type":"Feature","id":"trx_geocatalogue.fid-7c38bf73_19d20a9a0d0_-87e","geometry":{"type":"LineString","coordinates":[[-0.72351199,52.5936181],[-1.13672951,52.63274621]]},"geometry_name":"geom","properties":{"uid":31082,"id":0,"type_inf":"Fibre Operational","status":"Operational","type_":3}},{"type":"Feature","id":"trx_geocatalogue.fid-7c38bf73_19d20a9a0d0_-87d","geometry":{"type":"LineString","coordinates":[[-1.13672951,52.63274621],[-1.22129523,52.77160179]]},"geometry_name":"geom","properties":{"uid":31083,"id":0,"type_inf":"Fibre Operational","status":"Operational","type_":3}},{"type":"Feature","id":"trx_geocatalogue.fid-7c38bf73_19d20a9a0d0_-87c","geometry":{"type":"LineString","coordinates":[[-1.22129523,52.77160179],[-1.19205198,52.95218885]]},"geometry_name":"geom","properties":{"uid":31084,"id":0,"type_inf":"Fibre Operational","status":"Operational","type_":3}},{"type":"Feature","id":"trx_geocatalogue.fid-7c38bf73_19d20a9a0d0_-87b","geometry":{"type":"LineString","coordinates":[[-1.63454745,52.80918226],[-1.19205198,52.95218885]]},"geometry_name":"geom","properties":{"uid":31085,"id":0,"type_inf":"Fibre Operational","status":"Operational","type_":3}},{"type":"Feature","id":"trx_geocatalogue.fid-7c38bf73_19d20a9a0d0_-87a","geometry":{"type":"LineString","coordinates":[[-1.25121119,52.88684116],[-1.30550602,52.97802553]]},"geometry_name":"geom","properties":{"uid":31086,"id":0,"type_inf":"Fibre Operational","status":"Operational","type_":3}},{"type":"Feature","id":"trx_geocatalogue.fid-7c38bf73_19d20a9a0d0_-879","geometry":{"type":"LineString","coordinates":[[-1.30550602,52.97802553],[-1.36688397,53.09021572]]},"geometry_name":"geom","properties":{"uid":31087,"id":0,"type_inf":"Fibre Operational","status":"Operational","type_":3}},{"type":"Feature","id":"trx_geocatalogue.fid-7c38bf73_19d20a9a0d0_-878","geometry":{"type":"LineString","coordinates":[[-1.36688397,53.09021572],[-1.42329097,53.23435228]]},"geometry_name":"geom","properties":{"uid":31088,"id":0,"type_inf":"Fibre Operational","status":"Operational","type_":3}},{"type":"Feature","id":"trx_geocatalogue.fid-7c38bf73_19d20a9a0d0_-877","geometry":{"type":"LineString","coordinates":[[-1.42329097,53.23435228],[-1.47996676,53.38465589]]},"geometry_name":"geom","properties":{"uid":31089,"id":0,"type_inf":"Fibre Operational","status":"Operational","type_":3}},{"type":"Feature","id":"trx_geocatalogue.fid-7c38bf73_19d20a9a0d0_-876","geometry":{"type":"LineString","coordinates":[[-1.47996676,53.38465589],[-1.4627312,53.55300439]]},"geometry_name":"geom","properties":{"uid":31090,"id":0,"type_inf":"Fibre Operational","status":"Operational","type_":3}},{"type":"Feature","id":"trx_geocatalogue.fid-7c38bf73_19d20a9a0d0_-875","geometry":{"type":"LineString","coordinates":[[-1.4627312,53.55300439],[-1.4984869,53.67530705]]},"geometry_name":"geom","properties":{"uid":31091,"id":0,"type_inf":"Fibre Operational","status":"Operational","type_":3}},{"type":"Feature","id":"trx_geocatalogue.fid-7c38bf73_19d20a9a0d0_-874","geometry":{"type":"LineString","coordinates":[[-1.13970384,53.52028517],[-1.30918894,53.59388762]]},"geometry_name":"geom","properties":{"uid":31092,"id":0,"type_inf":"Fibre Operational","status":"Operational","type_":3}},{"type":"Feature","id":"trx_geocatalogue.fid-7c38bf73_19d20a9a0d0_-873","geometry":{"type":"LineString","coordinates":[[-1.19205198,52.95218885],[-0.98097592,53.20788439]]},"geometry_name":"geom","properties":{"uid":31093,"id":0,"type_inf":"Fibre Operational","status":"Operational","type_":3}},{"type":"Feature","id":"trx_geocatalogue.fid-7c38bf73_19d20a9a0d0_-872","geometry":{"type":"LineString","coordinates":[[-0.98097592,53.20788439],[-1.13970384,53.52028517]]},"geometry_name":"geom","properties":{"uid":31094,"id":0,"type_inf":"Fibre Operational","status":"Operational","type_":3}},{"type":"Feature","id":"trx_geocatalogue.fid-7c38bf73_19d20a9a0d0_-871","geometry":{"type":"LineString","coordinates":[[-1.30918894,53.59388762],[-1.54897113,53.79630265]]},"geometry_name":"geom","properties":{"uid":31095,"id":0,"type_inf":"Fibre Operational","status":"Operational","type_":3}},{"type":"Feature","id":"trx_geocatalogue.fid-7c38bf73_19d20a9a0d0_-870","geometry":{"type":"LineString","coordinates":[[-1.7929452,53.64318433],[-1.54897113,53.79630265]]},"geometry_name":"geom","properties":{"uid":31096,"id":0,"type_inf":"Fibre Operational","status":"Operational","type_":3}},{"type":"Feature","id":"trx_geocatalogue.fid-7c38bf73_19d20a9a0d0_-86f","geometry":{"type":"LineString","coordinates":[[-1.4984869,53.67530705],[-1.54897113,53.79630265]]},"geometry_name":"geom","properties":{"uid":31097,"id":0,"type_inf":"Fibre Operational","status":"Operational","type_":3}},{"type":"Feature","id":"trx_geocatalogue.fid-7c38bf73_19d20a9a0d0_-86e","geometry":{"type":"LineString","coordinates":[[-1.54897113,53.79630265],[-1.38427277,53.92336586]]},"geometry_name":"geom","properties":{"uid":31098,"id":0,"type_inf":"Fibre Operational","status":"Operational","type_":3}},{"type":"Feature","id":"trx_geocatalogue.fid-7c38bf73_19d20a9a0d0_-86d","geometry":{"type":"LineString","coordinates":[[-1.38427277,53.92336586],[-1.52704043,53.98761131]]},"geometry_name":"geom","properties":{"uid":31099,"id":0,"type_inf":"Fibre Operational","status":"Operational","type_":3}},{"type":"Feature","id":"trx_geocatalogue.fid-7c38bf73_19d20a9a0d0_-86c","geometry":{"type":"LineString","coordinates":[[-1.54897113,53.79630265],[-1.52704043,53.98761131]]},"geometry_name":"geom","properties":{"uid":31100,"id":0,"type_inf":"Fibre Operational","status":"Operational","type_":3}},{"type":"Feature","id":"trx_geocatalogue.fid-7c38bf73_19d20a9a0d0_-86b","geometry":{"type":"LineString","coordinates":[[-0.92145508,52.47811029],[-1.13672951,52.63274621]]},"geometry_name":"geom","properties":{"uid":31101,"id":0,"type_inf":"Fibre Operational","status":"Operational","type_":3}},{"type":"Feature","id":"trx_geocatalogue.fid-7c38bf73_19d20a9a0d0_-86a","geometry":{"type":"LineString","coordinates":[[-0.92145508,52.47811029],[-0.90048373,52.23573215]]},"geometry_name":"geom","properties":{"uid":31102,"id":0,"type_inf":"Fibre Operational","status":"Operational","type_":3}},{"type":"Feature","id":"trx_geocatalogue.fid-7c38bf73_19d20a9a0d0_-869","geometry":{"type":"LineString","coordinates":[[-1.46679545,52.52126747],[-1.13672951,52.63274621]]},"geometry_name":"geom","properties":{"uid":31103,"id":0,"type_inf":"Fibre Operational","status":"Operational","type_":3}},{"type":"Feature","id":"trx_geocatalogue.fid-7c38bf73_19d20a9a0d0_-868","geometry":{"type":"LineString","coordinates":[[-1.46679545,52.52126747],[-1.76987682,52.56716906]]},"geometry_name":"geom","properties":{"uid":31104,"id":0,"type_inf":"Fibre Operational","status":"Operational","type_":3}},{"type":"Feature","id":"trx_geocatalogue.fid-7c38bf73_19d20a9a0d0_-867","geometry":{"type":"LineString","coordinates":[[-1.74884585,53.79392318],[-1.84768607,53.71915323]]},"geometry_name":"geom","properties":{"uid":31105,"id":0,"type_inf":"Fibre Operational","status":"Operational","type_":3}},{"type":"Feature","id":"trx_geocatalogue.fid-7c38bf73_19d20a9a0d0_-866","geometry":{"type":"LineString","coordinates":[[-2.11827271,53.53753789],[-1.84768607,53.71915323]]},"geometry_name":"geom","properties":{"uid":31106,"id":0,"type_inf":"Fibre Operational","status":"Operational","type_":3}},{"type":"Feature","id":"trx_geocatalogue.fid-7c38bf73_19d20a9a0d0_-865","geometry":{"type":"LineString","coordinates":[[-2.23663536,53.47745487],[-2.11827271,53.53753789]]},"geometry_name":"geom","properties":{"uid":31107,"id":0,"type_inf":"Fibre Operational","status":"Operational","type_":3}},{"type":"Feature","id":"trx_geocatalogue.fid-7c38bf73_19d20a9a0d0_-864","geometry":{"type":"LineString","coordinates":[[-2.18250262,53.01286511],[-2.32015276,53.15287125]]},"geometry_name":"geom","properties":{"uid":31108,"id":0,"type_inf":"Fibre Operational","status":"Operational","type_":3}},{"type":"Feature","id":"trx_geocatalogue.fid-7c38bf73_19d20a9a0d0_-863","geometry":{"type":"LineString","coordinates":[[-2.32015276,53.15287125],[-2.37408211,53.30461987]]},"geometry_name":"geom","properties":{"uid":31109,"id":0,"type_inf":"Fibre Operational","status":"Operational","type_":3}},{"type":"Feature","id":"trx_geocatalogue.fid-7c38bf73_19d20a9a0d0_-862","geometry":{"type":"LineString","coordinates":[[-2.37408211,53.30461987],[-2.33545519,53.38747853]]},"geometry_name":"geom","properties":{"uid":31110,"id":0,"type_inf":"Fibre Operational","status":"Operational","type_":3}},{"type":"Feature","id":"trx_geocatalogue.fid-7c38bf73_19d20a9a0d0_-861","geometry":{"type":"LineString","coordinates":[[-2.33545519,53.38747853],[-2.30809139,53.42673964]]},"geometry_name":"geom","properties":{"uid":31111,"id":0,"type_inf":"Fibre Operational","status":"Operational","type_":3}},{"type":"Feature","id":"trx_geocatalogue.fid-7c38bf73_19d20a9a0d0_-860","geometry":{"type":"LineString","coordinates":[[-2.30809139,53.42673964],[-2.23663536,53.47745487]]},"geometry_name":"geom","properties":{"uid":31112,"id":0,"type_inf":"Fibre Operational","status":"Operational","type_":3}},{"type":"Feature","id":"trx_geocatalogue.fid-7c38bf73_19d20a9a0d0_-85f","geometry":{"type":"LineString","coordinates":[[-1.77297191,52.41074115],[-1.8987519,52.48284017]]},"geometry_name":"geom","properties":{"uid":31113,"id":0,"type_inf":"Fibre Operational","status":"Operational","type_":3}},{"type":"Feature","id":"trx_geocatalogue.fid-7c38bf73_19d20a9a0d0_-85e","geometry":{"type":"LineString","coordinates":[[-2.21554501,52.19014159],[-2.15843795,52.26851509]]},"geometry_name":"geom","properties":{"uid":31114,"id":0,"type_inf":"Fibre Operational","status":"Operational","type_":3}},{"type":"Feature","id":"trx_geocatalogue.fid-7c38bf73_19d20a9a0d0_-85d","geometry":{"type":"LineString","coordinates":[[-2.15843795,52.26851509],[-1.93715472,52.292244]]},"geometry_name":"geom","properties":{"uid":31115,"id":0,"type_inf":"Fibre Operational","status":"Operational","type_":3}},{"type":"Feature","id":"trx_geocatalogue.fid-7c38bf73_19d20a9a0d0_-85c","geometry":{"type":"LineString","coordinates":[[-2.11446706,51.99501369],[-2.21554501,52.19014159]]},"geometry_name":"geom","properties":{"uid":31116,"id":0,"type_inf":"Fibre Operational","status":"Operational","type_":3}},{"type":"Feature","id":"trx_geocatalogue.fid-7c38bf73_19d20a9a0d0_-85b","geometry":{"type":"LineString","coordinates":[[-2.19003211,51.20068602],[-2.21013907,51.31726021]]},"geometry_name":"geom","properties":{"uid":31117,"id":0,"type_inf":"Fibre Operational","status":"Operational","type_":3}},{"type":"Feature","id":"trx_geocatalogue.fid-7c38bf73_19d20a9a0d0_-85a","geometry":{"type":"LineString","coordinates":[[-2.21013907,51.31726021],[-2.35861744,51.38221949]]},"geometry_name":"geom","properties":{"uid":31118,"id":0,"type_inf":"Fibre Operational","status":"Operational","type_":3}},{"type":"Feature","id":"trx_geocatalogue.fid-7c38bf73_19d20a9a0d0_-859","geometry":{"type":"LineString","coordinates":[[-2.58610878,51.45726273],[-2.35861744,51.38221949]]},"geometry_name":"geom","properties":{"uid":31119,"id":0,"type_inf":"Fibre Operational","status":"Operational","type_":3}},{"type":"Feature","id":"trx_geocatalogue.fid-7c38bf73_19d20a9a0d0_-858","geometry":{"type":"LineString","coordinates":[[-2.24560791,51.86462646],[-2.56705513,51.53912215]]},"geometry_name":"geom","properties":{"uid":31120,"id":0,"type_inf":"Fibre Operational","status":"Operational","type_":3}},{"type":"Feature","id":"trx_geocatalogue.fid-7c38bf73_19d20a9a0d0_-857","geometry":{"type":"LineString","coordinates":[[-2.58610878,51.45726273],[-2.56705513,51.53912215]]},"geometry_name":"geom","properties":{"uid":31121,"id":0,"type_inf":"Fibre Operational","status":"Operational","type_":3}},{"type":"Feature","id":"trx_geocatalogue.fid-7c38bf73_19d20a9a0d0_-856","geometry":{"type":"LineString","coordinates":[[-2.24233171,51.44079341],[-2.58610878,51.45726273]]},"geometry_name":"geom","properties":{"uid":31122,"id":0,"type_inf":"Fibre Operational","status":"Operational","type_":3}},{"type":"Feature","id":"trx_geocatalogue.fid-7c38bf73_19d20a9a0d0_-855","geometry":{"type":"LineString","coordinates":[[-2.24560791,51.86462646],[-2.09187477,51.89918224]]},"geometry_name":"geom","properties":{"uid":31123,"id":0,"type_inf":"Fibre Operational","status":"Operational","type_":3}},{"type":"Feature","id":"trx_geocatalogue.fid-7c38bf73_19d20a9a0d0_-854","geometry":{"type":"LineString","coordinates":[[-2.09187477,51.89918224],[-2.11446706,51.99501369]]},"geometry_name":"geom","properties":{"uid":31124,"id":0,"type_inf":"Fibre Operational","status":"Operational","type_":3}},{"type":"Feature","id":"trx_geocatalogue.fid-7c38bf73_19d20a9a0d0_-853","geometry":{"type":"LineString","coordinates":[[-1.93715472,52.292244],[-1.87648656,52.38464396]]},"geometry_name":"geom","properties":{"uid":31125,"id":0,"type_inf":"Fibre Operational","status":"Operational","type_":3}},{"type":"Feature","id":"trx_geocatalogue.fid-7c38bf73_19d20a9a0d0_-852","geometry":{"type":"LineString","coordinates":[[-1.8987519,52.48284017],[-2.12004177,52.58813132]]},"geometry_name":"geom","properties":{"uid":31126,"id":0,"type_inf":"Fibre Operational","status":"Operational","type_":3}},{"type":"Feature","id":"trx_geocatalogue.fid-7c38bf73_19d20a9a0d0_-851","geometry":{"type":"LineString","coordinates":[[-2.12004177,52.58813132],[-2.03280905,52.68628274]]},"geometry_name":"geom","properties":{"uid":31127,"id":0,"type_inf":"Fibre Operational","status":"Operational","type_":3}},{"type":"Feature","id":"trx_geocatalogue.fid-7c38bf73_19d20a9a0d0_-850","geometry":{"type":"LineString","coordinates":[[-2.03280905,52.68628274],[-2.15359049,52.90302784]]},"geometry_name":"geom","properties":{"uid":31128,"id":0,"type_inf":"Fibre Operational","status":"Operational","type_":3}},{"type":"Feature","id":"trx_geocatalogue.fid-7c38bf73_19d20a9a0d0_-84f","geometry":{"type":"LineString","coordinates":[[-1.22129523,52.77160179],[-1.19205198,52.95218885]]},"geometry_name":"geom","properties":{"uid":31129,"id":0,"type_inf":"Fibre Operational","status":"Operational","type_":3}},{"type":"Feature","id":"trx_geocatalogue.fid-7c38bf73_19d20a9a0d0_-84e","geometry":{"type":"LineString","coordinates":[[-0.1078704,51.50274018],[-0.04884576,51.81600818]]},"geometry_name":"geom","properties":{"uid":31130,"id":0,"type_inf":"Fibre Operational","status":"Operational","type_":3}},{"type":"Feature","id":"trx_geocatalogue.fid-7c38bf73_19d20a9a0d0_-84d","geometry":{"type":"LineString","coordinates":[[-0.1078704,51.50274018],[0.09639699,51.7685868]]},"geometry_name":"geom","properties":{"uid":31131,"id":0,"type_inf":"Fibre Operational","status":"Operational","type_":3}},{"type":"Feature","id":"trx_geocatalogue.fid-7c38bf73_19d20a9a0d0_-84c","geometry":{"type":"LineString","coordinates":[[-0.04884576,51.81600818],[0.09639699,51.7685868]]},"geometry_name":"geom","properties":{"uid":31132,"id":0,"type_inf":"Fibre Operational","status":"Operational","type_":3}},{"type":"Feature","id":"trx_geocatalogue.fid-7c38bf73_19d20a9a0d0_-84b","geometry":{"type":"LineString","coordinates":[[0.24563634,51.71709399],[0.11265597,51.71579611]]},"geometry_name":"geom","properties":{"uid":31133,"id":0,"type_inf":"Fibre Operational","status":"Operational","type_":3}},{"type":"Feature","id":"trx_geocatalogue.fid-7c38bf73_19d20a9a0d0_-84a","geometry":{"type":"LineString","coordinates":[[0.24563634,51.71709399],[0.46651662,51.73342794]]},"geometry_name":"geom","properties":{"uid":31134,"id":0,"type_inf":"Fibre Operational","status":"Operational","type_":3}},{"type":"Feature","id":"trx_geocatalogue.fid-7c38bf73_19d20a9a0d0_-849","geometry":{"type":"LineString","coordinates":[[0.46651662,51.73342794],[0.53056843,51.60798734]]},"geometry_name":"geom","properties":{"uid":31135,"id":0,"type_inf":"Fibre Operational","status":"Operational","type_":3}},{"type":"Feature","id":"trx_geocatalogue.fid-7c38bf73_19d20a9a0d0_-848","geometry":{"type":"LineString","coordinates":[[0.48929314,51.56671205],[-0.1078704,51.50274018]]},"geometry_name":"geom","properties":{"uid":31136,"id":0,"type_inf":"Fibre Operational","status":"Operational","type_":3}},{"type":"Feature","id":"trx_geocatalogue.fid-7c38bf73_19d20a9a0d0_-847","geometry":{"type":"LineString","coordinates":[[0.3729055,51.43467842],[0.39814925,51.5236712]]},"geometry_name":"geom","properties":{"uid":31137,"id":0,"type_inf":"Fibre Operational","status":"Operational","type_":3}},{"type":"Feature","id":"trx_geocatalogue.fid-7c38bf73_19d20a9a0d0_-846","geometry":{"type":"LineString","coordinates":[[-0.1717738,51.23909491],[-0.24678463,51.33933691]]},"geometry_name":"geom","properties":{"uid":31138,"id":0,"type_inf":"Fibre Operational","status":"Operational","type_":3}},{"type":"Feature","id":"trx_geocatalogue.fid-7c38bf73_19d20a9a0d0_-845","geometry":{"type":"LineString","coordinates":[[-0.1717738,51.23909491],[-0.10241251,51.37389138]]},"geometry_name":"geom","properties":{"uid":31139,"id":0,"type_inf":"Fibre Operational","status":"Operational","type_":3}},{"type":"Feature","id":"trx_geocatalogue.fid-7c38bf73_19d20a9a0d0_-844","geometry":{"type":"LineString","coordinates":[[-0.5753015,51.31810597],[-0.29628506,51.38517246]]},"geometry_name":"geom","properties":{"uid":31140,"id":0,"type_inf":"Fibre Operational","status":"Operational","type_":3}},{"type":"Feature","id":"trx_geocatalogue.fid-7c38bf73_19d20a9a0d0_-843","geometry":{"type":"LineString","coordinates":[[-0.24678463,51.33933691],[-0.29628506,51.38517246]]},"geometry_name":"geom","properties":{"uid":31141,"id":0,"type_inf":"Fibre Operational","status":"Operational","type_":3}},{"type":"Feature","id":"trx_geocatalogue.fid-7c38bf73_19d20a9a0d0_-842","geometry":{"type":"LineString","coordinates":[[-0.10241251,51.37389138],[-0.1078704,51.50274018]]},"geometry_name":"geom","properties":{"uid":31142,"id":0,"type_inf":"Fibre Operational","status":"Operational","type_":3}},{"type":"Feature","id":"trx_geocatalogue.fid-7c38bf73_19d20a9a0d0_-841","geometry":{"type":"LineString","coordinates":[[-0.59626964,51.51035347],[-0.1078704,51.50274018]]},"geometry_name":"geom","properties":{"uid":31143,"id":0,"type_inf":"Fibre Operational","status":"Operational","type_":3}},{"type":"Feature","id":"trx_geocatalogue.fid-7c38bf73_19d20a9a0d0_-840","geometry":{"type":"LineString","coordinates":[[-0.98160848,51.45705453],[-0.88701325,51.53079803]]},"geometry_name":"geom","properties":{"uid":31144,"id":0,"type_inf":"Fibre Operational","status":"Operational","type_":3}},{"type":"Feature","id":"trx_geocatalogue.fid-7c38bf73_19d20a9a0d0_-83f","geometry":{"type":"LineString","coordinates":[[-0.88701325,51.53079803],[-0.73142303,51.52177488]]},"geometry_name":"geom","properties":{"uid":31145,"id":0,"type_inf":"Fibre Operational","status":"Operational","type_":3}},{"type":"Feature","id":"trx_geocatalogue.fid-7c38bf73_19d20a9a0d0_-83e","geometry":{"type":"LineString","coordinates":[[-0.76840782,51.62058042],[-0.82679118,51.56174965]]},"geometry_name":"geom","properties":{"uid":31146,"id":0,"type_inf":"Fibre Operational","status":"Operational","type_":3}},{"type":"Feature","id":"trx_geocatalogue.fid-7c38bf73_19d20a9a0d0_-83d","geometry":{"type":"LineString","coordinates":[[-0.40079692,51.65871286],[-0.48764725,51.74794265]]},"geometry_name":"geom","properties":{"uid":31147,"id":0,"type_inf":"Fibre Operational","status":"Operational","type_":3}},{"type":"Feature","id":"trx_geocatalogue.fid-7c38bf73_19d20a9a0d0_-83c","geometry":{"type":"LineString","coordinates":[[-0.48764725,51.74794265],[-0.33893093,51.74437346]]},"geometry_name":"geom","properties":{"uid":31148,"id":0,"type_inf":"Fibre Operational","status":"Operational","type_":3}},{"type":"Feature","id":"trx_geocatalogue.fid-7c38bf73_19d20a9a0d0_-83b","geometry":{"type":"LineString","coordinates":[[-0.33893093,51.74437346],[-0.35273267,51.81684099]]},"geometry_name":"geom","properties":{"uid":31149,"id":0,"type_inf":"Fibre Operational","status":"Operational","type_":3}},{"type":"Feature","id":"trx_geocatalogue.fid-7c38bf73_19d20a9a0d0_-83a","geometry":{"type":"LineString","coordinates":[[-0.35273267,51.81684099],[-0.41983261,51.88238219]]},"geometry_name":"geom","properties":{"uid":31150,"id":0,"type_inf":"Fibre Operational","status":"Operational","type_":3}},{"type":"Feature","id":"trx_geocatalogue.fid-7c38bf73_19d20a9a0d0_-839","geometry":{"type":"LineString","coordinates":[[-0.14213464,50.84220181],[-0.12025933,50.95690379]]},"geometry_name":"geom","properties":{"uid":31151,"id":0,"type_inf":"Fibre Operational","status":"Operational","type_":3}},{"type":"Feature","id":"trx_geocatalogue.fid-7c38bf73_19d20a9a0d0_-838","geometry":{"type":"LineString","coordinates":[[-0.12025933,50.95690379],[-0.10625296,51.0024245]]},"geometry_name":"geom","properties":{"uid":31152,"id":0,"type_inf":"Fibre Operational","status":"Operational","type_":3}},{"type":"Feature","id":"trx_geocatalogue.fid-7c38bf73_19d20a9a0d0_-837","geometry":{"type":"LineString","coordinates":[[-0.17994399,51.11088695],[-0.10625296,51.0024245]]},"geometry_name":"geom","properties":{"uid":31153,"id":0,"type_inf":"Fibre Operational","status":"Operational","type_":3}},{"type":"Feature","id":"trx_geocatalogue.fid-7c38bf73_19d20a9a0d0_-836","geometry":{"type":"LineString","coordinates":[[-0.17994399,51.11088695],[-0.1717738,51.23909491]]},"geometry_name":"geom","properties":{"uid":31154,"id":0,"type_inf":"Fibre Operational","status":"Operational","type_":3}},{"type":"Feature","id":"trx_geocatalogue.fid-7c38bf73_19d20a9a0d0_-835","geometry":{"type":"LineString","coordinates":[[0.42225778,51.29716671],[0.52411444,51.27621549]]},"geometry_name":"geom","properties":{"uid":31155,"id":0,"type_inf":"Fibre Operational","status":"Operational","type_":3}},{"type":"Feature","id":"trx_geocatalogue.fid-7c38bf73_19d20a9a0d0_-834","geometry":{"type":"LineString","coordinates":[[0.31422597,51.31222669],[0.42225778,51.29716671]]},"geometry_name":"geom","properties":{"uid":31156,"id":0,"type_inf":"Fibre Operational","status":"Operational","type_":3}},{"type":"Feature","id":"trx_geocatalogue.fid-7c38bf73_19d20a9a0d0_-833","geometry":{"type":"LineString","coordinates":[[0.1774395,51.39551501],[0.31422597,51.31222669]]},"geometry_name":"geom","properties":{"uid":31157,"id":0,"type_inf":"Fibre Operational","status":"Operational","type_":3}},{"type":"Feature","id":"trx_geocatalogue.fid-7c38bf73_19d20a9a0d0_-832","geometry":{"type":"LineString","coordinates":[[0.10070188,51.42621006],[0.1774395,51.39551501]]},"geometry_name":"geom","properties":{"uid":31158,"id":0,"type_inf":"Fibre Operational","status":"Operational","type_":3}},{"type":"Feature","id":"trx_geocatalogue.fid-7c38bf73_19d20a9a0d0_-831","geometry":{"type":"LineString","coordinates":[[0.10070188,51.42621006],[-0.1078704,51.50274018]]},"geometry_name":"geom","properties":{"uid":31159,"id":0,"type_inf":"Fibre Operational","status":"Operational","type_":3}},{"type":"Feature","id":"trx_geocatalogue.fid-7c38bf73_19d20a9a0d0_-830","geometry":{"type":"LineString","coordinates":[[-0.76691888,51.28971856],[-0.5753015,51.31810597]]},"geometry_name":"geom","properties":{"uid":31160,"id":0,"type_inf":"Fibre Operational","status":"Operational","type_":3}},{"type":"Feature","id":"trx_geocatalogue.fid-7c38bf73_19d20a9a0d0_-82f","geometry":{"type":"LineString","coordinates":[[-0.5753015,51.31810597],[-0.57900368,51.23671644]]},"geometry_name":"geom","properties":{"uid":31161,"id":0,"type_inf":"Fibre Operational","status":"Operational","type_":3}},{"type":"Feature","id":"trx_geocatalogue.fid-7c38bf73_19d20a9a0d0_-82e","geometry":{"type":"LineString","coordinates":[[-0.29628506,51.38517246],[-0.1078704,51.50274018]]},"geometry_name":"geom","properties":{"uid":31162,"id":0,"type_inf":"Fibre Operational","status":"Operational","type_":3}},{"type":"Feature","id":"trx_geocatalogue.fid-7c38bf73_19d20a9a0d0_-82d","geometry":{"type":"LineString","coordinates":[[-0.40079692,51.65871286],[-0.1078704,51.50274018]]},"geometry_name":"geom","properties":{"uid":31163,"id":0,"type_inf":"Fibre Operational","status":"Operational","type_":3}},{"type":"Feature","id":"trx_geocatalogue.fid-7c38bf73_19d20a9a0d0_-82c","geometry":{"type":"LineString","coordinates":[[-0.33693959,51.60109416],[-0.42950923,51.57555548]]},"geometry_name":"geom","properties":{"uid":31164,"id":0,"type_inf":"Fibre Operational","status":"Operational","type_":3}},{"type":"Feature","id":"trx_geocatalogue.fid-7c38bf73_19d20a9a0d0_-82b","geometry":{"type":"LineString","coordinates":[[-0.54907715,51.58804765],[-0.42950923,51.57555548]]},"geometry_name":"geom","properties":{"uid":31165,"id":0,"type_inf":"Fibre Operational","status":"Operational","type_":3}},{"type":"Feature","id":"trx_geocatalogue.fid-7c38bf73_19d20a9a0d0_-82a","geometry":{"type":"LineString","coordinates":[[-0.73142303,51.52177488],[-0.54907715,51.58804765]]},"geometry_name":"geom","properties":{"uid":31166,"id":0,"type_inf":"Fibre Operational","status":"Operational","type_":3}},{"type":"Feature","id":"trx_geocatalogue.fid-7c38bf73_19d20a9a0d0_-829","geometry":{"type":"LineString","coordinates":[[-1.1405763,60.15548158],[-1.21273564,60.12693517]]},"geometry_name":"geom","properties":{"uid":32196,"id":0,"type_inf":"Fibre Operational","status":"Operational","type_":3}},{"type":"Feature","id":"trx_geocatalogue.fid-7c38bf73_19d20a9a0d0_-828","geometry":{"type":"LineString","coordinates":[[-1.21273564,60.12693517],[-1.22653651,60.10433029]]},"geometry_name":"geom","properties":{"uid":32197,"id":0,"type_inf":"Fibre Operational","status":"Operational","type_":3}},{"type":"Feature","id":"trx_geocatalogue.fid-7c38bf73_19d20a9a0d0_-827","geometry":{"type":"LineString","coordinates":[[-1.22653651,60.10433029],[-1.22067828,60.07606705]]},"geometry_name":"geom","properties":{"uid":32198,"id":0,"type_inf":"Fibre Operational","status":"Operational","type_":3}},{"type":"Feature","id":"trx_geocatalogue.fid-7c38bf73_19d20a9a0d0_-826","geometry":{"type":"LineString","coordinates":[[-1.22067828,60.07606705],[-1.22793088,60.04545766]]},"geometry_name":"geom","properties":{"uid":32199,"id":0,"type_inf":"Fibre Operational","status":"Operational","type_":3}},{"type":"Feature","id":"trx_geocatalogue.fid-7c38bf73_19d20a9a0d0_-825","geometry":{"type":"LineString","coordinates":[[-1.22793088,60.04545766],[-1.22725035,59.99677865]]},"geometry_name":"geom","properties":{"uid":32200,"id":0,"type_inf":"Fibre Operational","status":"Operational","type_":3}},{"type":"Feature","id":"trx_geocatalogue.fid-7c38bf73_19d20a9a0d0_-824","geometry":{"type":"LineString","coordinates":[[-1.32393745,60.00514971],[-1.22725035,59.99677865]]},"geometry_name":"geom","properties":{"uid":32201,"id":0,"type_inf":"Fibre Operational","status":"Operational","type_":3}},{"type":"Feature","id":"trx_geocatalogue.fid-7c38bf73_19d20a9a0d0_-823","geometry":{"type":"LineString","coordinates":[[-1.22725035,59.99677865],[-1.27248153,59.97232255]]},"geometry_name":"geom","properties":{"uid":32202,"id":0,"type_inf":"Fibre Operational","status":"Operational","type_":3}},{"type":"Feature","id":"trx_geocatalogue.fid-7c38bf73_19d20a9a0d0_-822","geometry":{"type":"LineString","coordinates":[[-1.27248153,59.97232255],[-1.29092949,59.92468098]]},"geometry_name":"geom","properties":{"uid":32203,"id":0,"type_inf":"Fibre Operational","status":"Operational","type_":3}},{"type":"Feature","id":"trx_geocatalogue.fid-7c38bf73_19d20a9a0d0_-821","geometry":{"type":"LineString","coordinates":[[-1.30764639,59.97786194],[-1.3229261,59.97339331]]},"geometry_name":"geom","properties":{"uid":32204,"id":0,"type_inf":"Fibre Operational","status":"Operational","type_":3}},{"type":"Feature","id":"trx_geocatalogue.fid-7c38bf73_19d20a9a0d0_-820","geometry":{"type":"LineString","coordinates":[[-1.32639297,59.94415449],[-1.29092949,59.92468098]]},"geometry_name":"geom","properties":{"uid":32205,"id":0,"type_inf":"Fibre Operational","status":"Operational","type_":3}},{"type":"Feature","id":"trx_geocatalogue.fid-7c38bf73_19d20a9a0d0_-81f","geometry":{"type":"LineString","coordinates":[[-1.29092949,59.92468098],[-1.29258559,59.87619709]]},"geometry_name":"geom","properties":{"uid":32206,"id":0,"type_inf":"Fibre Operational","status":"Operational","type_":3}},{"type":"Feature","id":"trx_geocatalogue.fid-7c38bf73_19d20a9a0d0_-81e","geometry":{"type":"LineString","coordinates":[[-1.1405763,60.15548158],[-1.27650519,60.13859453]]},"geometry_name":"geom","properties":{"uid":32207,"id":0,"type_inf":"Fibre Operational","status":"Operational","type_":3}},{"type":"Feature","id":"trx_geocatalogue.fid-7c38bf73_19d20a9a0d0_-81d","geometry":{"type":"LineString","coordinates":[[-1.33503994,60.10623386],[-1.27650519,60.13859453]]},"geometry_name":"geom","properties":{"uid":32208,"id":0,"type_inf":"Fibre Operational","status":"Operational","type_":3}},{"type":"Feature","id":"trx_geocatalogue.fid-7c38bf73_19d20a9a0d0_-81c","geometry":{"type":"LineString","coordinates":[[-1.33099485,60.08291514],[-1.32283321,60.1057323]]},"geometry_name":"geom","properties":{"uid":32209,"id":0,"type_inf":"Fibre Operational","status":"Operational","type_":3}},{"type":"Feature","id":"trx_geocatalogue.fid-7c38bf73_19d20a9a0d0_-81b","geometry":{"type":"LineString","coordinates":[[-1.22663226,60.15979176],[-1.23242004,60.19184133]]},"geometry_name":"geom","properties":{"uid":32210,"id":0,"type_inf":"Fibre Operational","status":"Operational","type_":3}},{"type":"Feature","id":"trx_geocatalogue.fid-7c38bf73_19d20a9a0d0_-81a","geometry":{"type":"LineString","coordinates":[[-1.23242004,60.19184133],[-1.22874014,60.23944264]]},"geometry_name":"geom","properties":{"uid":32211,"id":0,"type_inf":"Fibre Operational","status":"Operational","type_":3}},{"type":"Feature","id":"trx_geocatalogue.fid-7c38bf73_19d20a9a0d0_-819","geometry":{"type":"LineString","coordinates":[[-1.22874014,60.23944264],[-1.26311508,60.35578619]]},"geometry_name":"geom","properties":{"uid":32212,"id":0,"type_inf":"Fibre Operational","status":"Operational","type_":3}},{"type":"Feature","id":"trx_geocatalogue.fid-7c38bf73_19d20a9a0d0_-818","geometry":{"type":"LineString","coordinates":[[-1.25373989,60.34305744],[-1.1984342,60.35397066]]},"geometry_name":"geom","properties":{"uid":32213,"id":0,"type_inf":"Fibre Operational","status":"Operational","type_":3}},{"type":"Feature","id":"trx_geocatalogue.fid-7c38bf73_19d20a9a0d0_-817","geometry":{"type":"LineString","coordinates":[[-1.1984342,60.35397066],[-1.1403349,60.36887323]]},"geometry_name":"geom","properties":{"uid":32214,"id":0,"type_inf":"Fibre Operational","status":"Operational","type_":3}},{"type":"Feature","id":"trx_geocatalogue.fid-7c38bf73_19d20a9a0d0_-816","geometry":{"type":"LineString","coordinates":[[-1.26311508,60.35578619],[-1.34754828,60.37342542]]},"geometry_name":"geom","properties":{"uid":32215,"id":0,"type_inf":"Fibre Operational","status":"Operational","type_":3}},{"type":"Feature","id":"trx_geocatalogue.fid-7c38bf73_19d20a9a0d0_-815","geometry":{"type":"LineString","coordinates":[[-1.34754828,60.37342542],[-1.35261714,60.39621614]]},"geometry_name":"geom","properties":{"uid":32216,"id":0,"type_inf":"Fibre Operational","status":"Operational","type_":3}},{"type":"Feature","id":"trx_geocatalogue.fid-7c38bf73_19d20a9a0d0_-814","geometry":{"type":"LineString","coordinates":[[-1.35261714,60.39621614],[-1.48986346,60.47621065]]},"geometry_name":"geom","properties":{"uid":32217,"id":0,"type_inf":"Fibre Operational","status":"Operational","type_":3}},{"type":"Feature","id":"trx_geocatalogue.fid-7c38bf73_19d20a9a0d0_-813","geometry":{"type":"LineString","coordinates":[[-1.37449343,60.39051006],[-1.38232819,60.36629643]]},"geometry_name":"geom","properties":{"uid":32218,"id":0,"type_inf":"Fibre Operational","status":"Operational","type_":3}},{"type":"Feature","id":"trx_geocatalogue.fid-7c38bf73_19d20a9a0d0_-812","geometry":{"type":"LineString","coordinates":[[-1.40828177,60.47736039],[-1.33681653,60.50761954]]},"geometry_name":"geom","properties":{"uid":32219,"id":0,"type_inf":"Fibre Operational","status":"Operational","type_":3}},{"type":"Feature","id":"trx_geocatalogue.fid-7c38bf73_19d20a9a0d0_-811","geometry":{"type":"LineString","coordinates":[[-1.35261714,60.39621614],[-1.18112124,60.45992092]]},"geometry_name":"geom","properties":{"uid":32220,"id":0,"type_inf":"Fibre Operational","status":"Operational","type_":3}},{"type":"Feature","id":"trx_geocatalogue.fid-7c38bf73_19d20a9a0d0_-810","geometry":{"type":"LineString","coordinates":[[-1.25813778,60.44833096],[-1.28426831,60.46489987]]},"geometry_name":"geom","properties":{"uid":32221,"id":0,"type_inf":"Fibre Operational","status":"Operational","type_":3}},{"type":"Feature","id":"trx_geocatalogue.fid-7c38bf73_19d20a9a0d0_-80f","geometry":{"type":"LineString","coordinates":[[-1.2123588,60.46985755],[-1.20967591,60.44558871]]},"geometry_name":"geom","properties":{"uid":32222,"id":0,"type_inf":"Fibre Operational","status":"Operational","type_":3}},{"type":"Feature","id":"trx_geocatalogue.fid-7c38bf73_19d20a9a0d0_-80e","geometry":{"type":"LineString","coordinates":[[-1.2123588,60.46985755],[-1.15914256,60.50158319]]},"geometry_name":"geom","properties":{"uid":32223,"id":0,"type_inf":"Fibre Operational","status":"Operational","type_":3}},{"type":"Feature","id":"trx_geocatalogue.fid-7c38bf73_19d20a9a0d0_-80d","geometry":{"type":"LineString","coordinates":[[-1.15914256,60.50158319],[-1.17907865,60.57257538]]},"geometry_name":"geom","properties":{"uid":32224,"id":0,"type_inf":"Fibre Operational","status":"Operational","type_":3}},{"type":"Feature","id":"trx_geocatalogue.fid-7c38bf73_19d20a9a0d0_-80c","geometry":{"type":"LineString","coordinates":[[-1.15914256,60.50158319],[-1.05611189,60.49944168]]},"geometry_name":"geom","properties":{"uid":32225,"id":0,"type_inf":"Fibre Operational","status":"Operational","type_":3}},{"type":"Feature","id":"trx_geocatalogue.fid-7c38bf73_19d20a9a0d0_-80b","geometry":{"type":"LineString","coordinates":[[-1.17907865,60.57257538],[-1.04294619,60.65762309]]},"geometry_name":"geom","properties":{"uid":32226,"id":0,"type_inf":"Fibre Operational","status":"Operational","type_":3}},{"type":"Feature","id":"trx_geocatalogue.fid-7c38bf73_19d20a9a0d0_-80a","geometry":{"type":"LineString","coordinates":[[-1.09276524,60.60442361],[-1.06586768,60.5986652]]},"geometry_name":"geom","properties":{"uid":32227,"id":0,"type_inf":"Fibre Operational","status":"Operational","type_":3}},{"type":"Feature","id":"trx_geocatalogue.fid-7c38bf73_19d20a9a0d0_-809","geometry":{"type":"LineString","coordinates":[[-1.04294619,60.65762309],[-1.00627892,60.66931402]]},"geometry_name":"geom","properties":{"uid":32228,"id":0,"type_inf":"Fibre Operational","status":"Operational","type_":3}},{"type":"Feature","id":"trx_geocatalogue.fid-7c38bf73_19d20a9a0d0_-808","geometry":{"type":"LineString","coordinates":[[-1.00627892,60.66931402],[-0.96274379,60.68578497]]},"geometry_name":"geom","properties":{"uid":32229,"id":0,"type_inf":"Fibre Operational","status":"Operational","type_":3}},{"type":"Feature","id":"trx_geocatalogue.fid-7c38bf73_19d20a9a0d0_-807","geometry":{"type":"LineString","coordinates":[[-0.96274379,60.68578497],[-0.91231825,60.69103882]]},"geometry_name":"geom","properties":{"uid":32230,"id":0,"type_inf":"Fibre Operational","status":"Operational","type_":3}},{"type":"Feature","id":"trx_geocatalogue.fid-7c38bf73_19d20a9a0d0_-806","geometry":{"type":"LineString","coordinates":[[-0.91231825,60.69103882],[-0.86217825,60.75933886]]},"geometry_name":"geom","properties":{"uid":32231,"id":0,"type_inf":"Fibre Operational","status":"Operational","type_":3}},{"type":"Feature","id":"trx_geocatalogue.fid-7c38bf73_19d20a9a0d0_-805","geometry":{"type":"LineString","coordinates":[[-0.86217825,60.75933886],[-0.83213993,60.78903454]]},"geometry_name":"geom","properties":{"uid":32232,"id":0,"type_inf":"Fibre Operational","status":"Operational","type_":3}},{"type":"Feature","id":"trx_geocatalogue.fid-7c38bf73_19d20a9a0d0_-804","geometry":{"type":"LineString","coordinates":[[-0.83213993,60.78903454],[-0.80529961,60.80485319]]},"geometry_name":"geom","properties":{"uid":32233,"id":0,"type_inf":"Fibre Operational","status":"Operational","type_":3}},{"type":"Feature","id":"trx_geocatalogue.fid-7c38bf73_19d20a9a0d0_-803","geometry":{"type":"LineString","coordinates":[[-1.23242004,60.19184133],[-1.2926204,60.20135917]]},"geometry_name":"geom","properties":{"uid":32234,"id":0,"type_inf":"Fibre Operational","status":"Operational","type_":3}},{"type":"Feature","id":"trx_geocatalogue.fid-7c38bf73_19d20a9a0d0_-802","geometry":{"type":"LineString","coordinates":[[-1.2926204,60.20135917],[-1.29180716,60.25357208]]},"geometry_name":"geom","properties":{"uid":32235,"id":0,"type_inf":"Fibre Operational","status":"Operational","type_":3}},{"type":"Feature","id":"trx_geocatalogue.fid-7c38bf73_19d20a9a0d0_-801","geometry":{"type":"LineString","coordinates":[[-1.29180716,60.25357208],[-1.40085908,60.25316093]]},"geometry_name":"geom","properties":{"uid":32236,"id":0,"type_inf":"Fibre Operational","status":"Operational","type_":3}},{"type":"Feature","id":"trx_geocatalogue.fid-7c38bf73_19d20a9a0d0_-800","geometry":{"type":"LineString","coordinates":[[-1.37733097,60.28422717],[-1.40085908,60.25316093]]},"geometry_name":"geom","properties":{"uid":32237,"id":0,"type_inf":"Fibre Operational","status":"Operational","type_":3}},{"type":"Feature","id":"trx_geocatalogue.fid-7c38bf73_19d20a9a0d0_-7ff","geometry":{"type":"LineString","coordinates":[[-1.40649718,60.26023457],[-1.40993911,60.26486788]]},"geometry_name":"geom","properties":{"uid":32238,"id":0,"type_inf":"Fibre Operational","status":"Operational","type_":3}},{"type":"Feature","id":"trx_geocatalogue.fid-7c38bf73_19d20a9a0d0_-7fe","geometry":{"type":"LineString","coordinates":[[-1.56503237,60.22967089],[-1.40085908,60.25316093]]},"geometry_name":"geom","properties":{"uid":32239,"id":0,"type_inf":"Fibre Operational","status":"Operational","type_":3}},{"type":"Feature","id":"trx_geocatalogue.fid-7c38bf73_19d20a9a0d0_-7fd","geometry":{"type":"LineString","coordinates":[[-1.1405763,60.15548158],[-1.11083288,60.15035863]]},"geometry_name":"geom","properties":{"uid":32240,"id":0,"type_inf":"Fibre Operational","status":"Operational","type_":3}},{"type":"Feature","id":"trx_geocatalogue.fid-7c38bf73_19d20a9a0d0_-7fc","geometry":{"type":"LineString","coordinates":[[-0.96274379,60.68578497],[-0.93246393,60.62853052]]},"geometry_name":"geom","properties":{"uid":32241,"id":0,"type_inf":"Fibre Operational","status":"Operational","type_":3}},{"type":"Feature","id":"trx_geocatalogue.fid-7c38bf73_19d20a9a0d0_-7fb","geometry":{"type":"LineString","coordinates":[[-0.93246393,60.62853052],[-0.75530413,60.42404361]]},"geometry_name":"geom","properties":{"uid":32242,"id":0,"type_inf":"Fibre Operational","status":"Operational","type_":3}},{"type":"Feature","id":"trx_geocatalogue.fid-7c38bf73_19d20a9a0d0_-7fa","geometry":{"type":"LineString","coordinates":[[-1.02400477,60.3406435],[-0.75530413,60.42404361]]},"geometry_name":"geom","properties":{"uid":32243,"id":0,"type_inf":"Fibre Operational","status":"Operational","type_":3}},{"type":"Feature","id":"trx_geocatalogue.fid-7c38bf73_19d20a9a0d0_-7f9","geometry":{"type":"LineString","coordinates":[[-1.1403349,60.36887323],[-1.02400477,60.3406435]]},"geometry_name":"geom","properties":{"uid":32244,"id":0,"type_inf":"Fibre Operational","status":"Operational","type_":3}},{"type":"Feature","id":"trx_geocatalogue.fid-7c38bf73_19d20a9a0d0_-7f8","geometry":{"type":"LineString","coordinates":[[-2.052379,60.13381052],[-1.56503237,60.22967089]]},"geometry_name":"geom","properties":{"uid":32245,"id":0,"type_inf":"Fibre Operational","status":"Operational","type_":3}},{"type":"Feature","id":"trx_geocatalogue.fid-7c38bf73_19d20a9a0d0_-7f7","geometry":{"type":"LineString","coordinates":[[-1.62993609,59.53396097],[-1.29258559,59.87619709]]},"geometry_name":"geom","properties":{"uid":32246,"id":0,"type_inf":"Fibre Operational","status":"Operational","type_":3}},{"type":"Feature","id":"trx_geocatalogue.fid-7c38bf73_19d20a9a0d0_-7f0","geometry":{"type":"LineString","coordinates":[[-6.310757,58.209064],[-5.196207,57.934076]]},"geometry_name":"geom","properties":{"uid":32253,"id":0,"type_inf":"Fibre Operational","status":"Operational","type_":3}},{"type":"Feature","id":"trx_geocatalogue.fid-7c38bf73_19d20a9a0d0_-7ef","geometry":{"type":"LineString","coordinates":[[-7.163345,57.603693],[-7.008364,57.769403]]},"geometry_name":"geom","properties":{"uid":32254,"id":0,"type_inf":"Fibre Operational","status":"Operational","type_":3}},{"type":"Feature","id":"trx_geocatalogue.fid-7c38bf73_19d20a9a0d0_-7ee","geometry":{"type":"LineString","coordinates":[[-7.274136,57.366694],[-6.581655,57.436323]]},"geometry_name":"geom","properties":{"uid":32255,"id":0,"type_inf":"Fibre Operational","status":"Operational","type_":3}},{"type":"Feature","id":"trx_geocatalogue.fid-7c38bf73_19d20a9a0d0_-7ed","geometry":{"type":"LineString","coordinates":[[-7.328139,57.105537],[-7.312173,57.081525]]},"geometry_name":"geom","properties":{"uid":32256,"id":0,"type_inf":"Fibre Operational","status":"Operational","type_":3}},{"type":"Feature","id":"trx_geocatalogue.fid-7c38bf73_19d20a9a0d0_-7ec","geometry":{"type":"LineString","coordinates":[[-7.449477,57.025288],[-7.302212,57.073615]]},"geometry_name":"geom","properties":{"uid":32257,"id":0,"type_inf":"Fibre Operational","status":"Operational","type_":3}},{"type":"Feature","id":"trx_geocatalogue.fid-7c38bf73_19d20a9a0d0_-7eb","geometry":{"type":"LineString","coordinates":[[-7.312173,57.081525],[-7.302212,57.073615]]},"geometry_name":"geom","properties":{"uid":32258,"id":0,"type_inf":"Fibre Operational","status":"Operational","type_":3}},{"type":"Feature","id":"trx_geocatalogue.fid-7c38bf73_19d20a9a0d0_-7ea","geometry":{"type":"LineString","coordinates":[[-5.90646,57.05937],[-5.820425,57.008479]]},"geometry_name":"geom","properties":{"uid":32259,"id":0,"type_inf":"Fibre Operational","status":"Operational","type_":3}},{"type":"Feature","id":"trx_geocatalogue.fid-7c38bf73_19d20a9a0d0_-7e9","geometry":{"type":"LineString","coordinates":[[-6.09396,56.688569],[-6.070279,56.621845]]},"geometry_name":"geom","properties":{"uid":32260,"id":0,"type_inf":"Fibre Operational","status":"Operational","type_":3}},{"type":"Feature","id":"trx_geocatalogue.fid-7c38bf73_19d20a9a0d0_-7e8","geometry":{"type":"LineString","coordinates":[[-6.808511,56.503791],[-6.272378,56.582124]]},"geometry_name":"geom","properties":{"uid":32261,"id":0,"type_inf":"Fibre Operational","status":"Operational","type_":3}},{"type":"Feature","id":"trx_geocatalogue.fid-7c38bf73_19d20a9a0d0_-7e7","geometry":{"type":"LineString","coordinates":[[-5.669351,56.455842],[-5.475797,56.437763]]},"geometry_name":"geom","properties":{"uid":32262,"id":0,"type_inf":"Fibre Operational","status":"Operational","type_":3}},{"type":"Feature","id":"trx_geocatalogue.fid-7c38bf73_19d20a9a0d0_-7e6","geometry":{"type":"LineString","coordinates":[[-5.953824,55.833674],[-5.614566,55.891682]]},"geometry_name":"geom","properties":{"uid":32263,"id":0,"type_inf":"Fibre Operational","status":"Operational","type_":3}},{"type":"Feature","id":"trx_geocatalogue.fid-7c38bf73_19d20a9a0d0_-7e5","geometry":{"type":"LineString","coordinates":[[-5.05160513,55.83581284],[-4.98367152,55.8655561]]},"geometry_name":"geom","properties":{"uid":32264,"id":0,"type_inf":"Fibre Operational","status":"Operational","type_":3}},{"type":"Feature","id":"trx_geocatalogue.fid-7c38bf73_19d20a9a0d0_-7e4","geometry":{"type":"LineString","coordinates":[[-5.141422,55.643648],[-4.86344207,55.69742425]]},"geometry_name":"geom","properties":{"uid":32265,"id":0,"type_inf":"Fibre Operational","status":"Operational","type_":3}},{"type":"Feature","id":"trx_geocatalogue.fid-7c38bf73_19d20a9a0d0_-7e3","geometry":{"type":"LineString","coordinates":[[-6.18558888,55.62911821],[-5.697574,55.565498]]},"geometry_name":"geom","properties":{"uid":32266,"id":0,"type_inf":"Fibre Operational","status":"Operational","type_":3}},{"type":"Feature","id":"trx_geocatalogue.fid-7c38bf73_19d20a9a0d0_-7e2","geometry":{"type":"LineString","coordinates":[[-5.533414,55.476546],[-5.332096,55.501948]]},"geometry_name":"geom","properties":{"uid":32267,"id":0,"type_inf":"Fibre Operational","status":"Operational","type_":3}},{"type":"Feature","id":"trx_geocatalogue.fid-7c38bf73_19d20a9a0d0_-7e1","geometry":{"type":"LineString","coordinates":[[-4.900455,55.780159],[-4.867301,55.793342]]},"geometry_name":"geom","properties":{"uid":32268,"id":0,"type_inf":"Fibre Operational","status":"Operational","type_":3}},{"type":"Feature","id":"trx_geocatalogue.fid-7c38bf73_19d20a9a0d0_-7e0","geometry":{"type":"LineString","coordinates":[[-5.028092,55.751839],[-4.943863,55.742769]]},"geometry_name":"geom","properties":{"uid":32269,"id":0,"type_inf":"Fibre Operational","status":"Operational","type_":3}},{"type":"Feature","id":"trx_geocatalogue.fid-7c38bf73_19d20a9a0d0_-7df","geometry":{"type":"LineString","coordinates":[[-5.365787,56.019416],[-5.321207,56.008284]]},"geometry_name":"geom","properties":{"uid":32270,"id":0,"type_inf":"Fibre Operational","status":"Operational","type_":3}},{"type":"Feature","id":"trx_geocatalogue.fid-7c38bf73_19d20a9a0d0_-7de","geometry":{"type":"LineString","coordinates":[[-6.106314,55.847737],[-6.089908,55.846748]]},"geometry_name":"geom","properties":{"uid":32271,"id":0,"type_inf":"Fibre Operational","status":"Operational","type_":3}},{"type":"Feature","id":"trx_geocatalogue.fid-7c38bf73_19d20a9a0d0_-7dd","geometry":{"type":"LineString","coordinates":[[-5.245377,56.722529],[-5.233658,56.721565]]},"geometry_name":"geom","properties":{"uid":32272,"id":0,"type_inf":"Fibre Operational","status":"Operational","type_":3}},{"type":"Feature","id":"trx_geocatalogue.fid-7c38bf73_19d20a9a0d0_-7dc","geometry":{"type":"LineString","coordinates":[[-2.939519,59.279767],[-2.959147,59.350457]]},"geometry_name":"geom","properties":{"uid":32273,"id":0,"type_inf":"Fibre Operational","status":"Operational","type_":3}},{"type":"Feature","id":"trx_geocatalogue.fid-7c38bf73_19d20a9a0d0_-7db","geometry":{"type":"LineString","coordinates":[[-6.37945439,58.21288073],[-6.310757,58.209064]]},"geometry_name":"geom","properties":{"uid":32274,"id":0,"type_inf":"Fibre Operational","status":"Operational","type_":3}},{"type":"Feature","id":"trx_geocatalogue.fid-7c38bf73_19d20a9a0d0_-7da","geometry":{"type":"LineString","coordinates":[[-7.008364,57.769403],[-6.80089183,57.90014341]]},"geometry_name":"geom","properties":{"uid":32275,"id":0,"type_inf":"Fibre Operational","status":"Operational","type_":3}},{"type":"Feature","id":"trx_geocatalogue.fid-7c38bf73_19d20a9a0d0_-7d9","geometry":{"type":"LineString","coordinates":[[-5.8805053,57.23456396],[-5.90646,57.05937]]},"geometry_name":"geom","properties":{"uid":32276,"id":0,"type_inf":"Fibre Operational","status":"Operational","type_":3}},{"type":"Feature","id":"trx_geocatalogue.fid-7c38bf73_19d20a9a0d0_-7d8","geometry":{"type":"LineString","coordinates":[[-7.33998905,57.38298048],[-7.274136,57.366694]]},"geometry_name":"geom","properties":{"uid":32277,"id":0,"type_inf":"Fibre Operational","status":"Operational","type_":3}},{"type":"Feature","id":"trx_geocatalogue.fid-7c38bf73_19d20a9a0d0_-7d7","geometry":{"type":"LineString","coordinates":[[-5.46831757,56.4145576],[-5.475797,56.437763]]},"geometry_name":"geom","properties":{"uid":32278,"id":0,"type_inf":"Fibre Operational","status":"Operational","type_":3}},{"type":"Feature","id":"trx_geocatalogue.fid-7c38bf73_19d20a9a0d0_-7d6","geometry":{"type":"LineString","coordinates":[[-6.87386219,56.49636291],[-6.808511,56.503791]]},"geometry_name":"geom","properties":{"uid":32279,"id":0,"type_inf":"Fibre Operational","status":"Operational","type_":3}},{"type":"Feature","id":"trx_geocatalogue.fid-7c38bf73_19d20a9a0d0_-7d5","geometry":{"type":"LineString","coordinates":[[-5.43625433,56.04183487],[-5.697574,55.565498]]},"geometry_name":"geom","properties":{"uid":32280,"id":0,"type_inf":"Fibre Operational","status":"Operational","type_":3}},{"type":"Feature","id":"trx_geocatalogue.fid-7c38bf73_19d20a9a0d0_-7d4","geometry":{"type":"LineString","coordinates":[[-4.93073929,55.95231966],[-4.98367152,55.8655561]]},"geometry_name":"geom","properties":{"uid":32281,"id":0,"type_inf":"Fibre Operational","status":"Operational","type_":3}},{"type":"Feature","id":"trx_geocatalogue.fid-7c38bf73_19d20a9a0d0_-7d3","geometry":{"type":"LineString","coordinates":[[-5.05160513,55.83581284],[-5.028092,55.751839]]},"geometry_name":"geom","properties":{"uid":32282,"id":0,"type_inf":"Fibre Operational","status":"Operational","type_":3}},{"type":"Feature","id":"trx_geocatalogue.fid-7c38bf73_19d20a9a0d0_-7d2","geometry":{"type":"LineString","coordinates":[[-4.943863,55.742769],[-4.92466041,55.75492649]]},"geometry_name":"geom","properties":{"uid":32283,"id":0,"type_inf":"Fibre Operational","status":"Operational","type_":3}},{"type":"Feature","id":"trx_geocatalogue.fid-7c38bf73_19d20a9a0d0_-7d1","geometry":{"type":"LineString","coordinates":[[-4.92466041,55.75492649],[-4.900455,55.780159]]},"geometry_name":"geom","properties":{"uid":32284,"id":0,"type_inf":"Fibre Operational","status":"Operational","type_":3}},{"type":"Feature","id":"trx_geocatalogue.fid-7c38bf73_19d20a9a0d0_-7d0","geometry":{"type":"LineString","coordinates":[[-4.7834673,55.63788335],[-4.86344207,55.69742425]]},"geometry_name":"geom","properties":{"uid":32285,"id":0,"type_inf":"Fibre Operational","status":"Operational","type_":3}},{"type":"Feature","id":"trx_geocatalogue.fid-7c38bf73_19d20a9a0d0_-7cf","geometry":{"type":"LineString","coordinates":[[-4.86344207,55.69742425],[-4.867301,55.793342]]},"geometry_name":"geom","properties":{"uid":32286,"id":0,"type_inf":"Fibre Operational","status":"Operational","type_":3}},{"type":"Feature","id":"trx_geocatalogue.fid-7c38bf73_19d20a9a0d0_-7ce","geometry":{"type":"LineString","coordinates":[[-5.61197753,55.42708129],[-5.533414,55.476546]]},"geometry_name":"geom","properties":{"uid":32287,"id":0,"type_inf":"Fibre Operational","status":"Operational","type_":3}},{"type":"Feature","id":"trx_geocatalogue.fid-7c38bf73_19d20a9a0d0_-7cd","geometry":{"type":"LineString","coordinates":[[-6.18558888,55.62911821],[-6.28536499,55.75735047]]},"geometry_name":"geom","properties":{"uid":32288,"id":0,"type_inf":"Fibre Operational","status":"Operational","type_":3}},{"type":"Feature","id":"trx_geocatalogue.fid-7c38bf73_19d20a9a0d0_-7cc","geometry":{"type":"LineString","coordinates":[[-6.28536499,55.75735047],[-6.106314,55.847737]]},"geometry_name":"geom","properties":{"uid":32289,"id":0,"type_inf":"Fibre Operational","status":"Operational","type_":3}},{"type":"Feature","id":"trx_geocatalogue.fid-7c38bf73_19d20a9a0d0_-7cb","geometry":{"type":"LineString","coordinates":[[-6.089908,55.846748],[-5.953824,55.833674]]},"geometry_name":"geom","properties":{"uid":32290,"id":0,"type_inf":"Fibre Operational","status":"Operational","type_":3}},{"type":"Feature","id":"trx_geocatalogue.fid-7c38bf73_19d20a9a0d0_-7ca","geometry":{"type":"LineString","coordinates":[[-5.321207,56.008284],[-4.93073929,55.95231966]]},"geometry_name":"geom","properties":{"uid":32291,"id":0,"type_inf":"Fibre Operational","status":"Operational","type_":3}},{"type":"Feature","id":"trx_geocatalogue.fid-7c38bf73_19d20a9a0d0_-7c9","geometry":{"type":"LineString","coordinates":[[-5.54687645,57.34955831],[-5.43083092,57.42255446]]},"geometry_name":"geom","properties":{"uid":32292,"id":0,"type_inf":"Fibre Operational","status":"Operational","type_":3}},{"type":"Feature","id":"trx_geocatalogue.fid-7c38bf73_19d20a9a0d0_-7c8","geometry":{"type":"LineString","coordinates":[[-5.49062054,57.40307433],[-5.43083092,57.42255446]]},"geometry_name":"geom","properties":{"uid":32293,"id":0,"type_inf":"Fibre Operational","status":"Operational","type_":3}},{"type":"Feature","id":"trx_geocatalogue.fid-7c38bf73_19d20a9a0d0_-7c7","geometry":{"type":"LineString","coordinates":[[-6.09396,56.688569],[-5.245377,56.722529]]},"geometry_name":"geom","properties":{"uid":32294,"id":0,"type_inf":"Fibre Operational","status":"Operational","type_":3}},{"type":"Feature","id":"trx_geocatalogue.fid-7c38bf73_19d20a9a0d0_-7c1","geometry":{"type":"LineString","coordinates":[[-4.7641116,55.94595454],[-4.24275092,55.86368842]]},"geometry_name":"geom","properties":{"uid":32300,"id":0,"type_inf":"Fibre Operational","status":"Operational","type_":3}},{"type":"Feature","id":"trx_geocatalogue.fid-7c38bf73_19d20a9a0d0_-7c0","geometry":{"type":"LineString","coordinates":[[-6.40550952,54.00274235],[-6.35316137,53.71657251]]},"geometry_name":"geom","properties":{"uid":32809,"id":0,"type_inf":"Fibre Operational","status":"Operational","type_":3}},{"type":"Feature","id":"trx_geocatalogue.fid-7c38bf73_19d20a9a0d0_-7bf","geometry":{"type":"LineString","coordinates":[[-6.35316137,53.71657251],[-6.26302798,53.34963078]]},"geometry_name":"geom","properties":{"uid":32810,"id":0,"type_inf":"Fibre Operational","status":"Operational","type_":3}},{"type":"Feature","id":"trx_geocatalogue.fid-7c38bf73_19d20a9a0d0_-7be","geometry":{"type":"LineString","coordinates":[[-6.5794865,53.24862877],[-6.26302798,53.34963078]]},"geometry_name":"geom","properties":{"uid":32811,"id":0,"type_inf":"Fibre Operational","status":"Operational","type_":3}},{"type":"Feature","id":"trx_geocatalogue.fid-7c38bf73_19d20a9a0d0_-7bd","geometry":{"type":"LineString","coordinates":[[-7.30140411,53.03359019],[-6.5794865,53.24862877]]},"geometry_name":"geom","properties":{"uid":32812,"id":0,"type_inf":"Fibre Operational","status":"Operational","type_":3}},{"type":"Feature","id":"trx_geocatalogue.fid-7c38bf73_19d20a9a0d0_-7bc","geometry":{"type":"LineString","coordinates":[[-7.30140411,53.03359019],[-8.61010766,52.65555332]]},"geometry_name":"geom","properties":{"uid":32813,"id":0,"type_inf":"Fibre Operational","status":"Operational","type_":3}},{"type":"Feature","id":"trx_geocatalogue.fid-7c38bf73_19d20a9a0d0_-7bb","geometry":{"type":"LineString","coordinates":[[-8.61010766,52.65555332],[-8.65151028,52.12969244]]},"geometry_name":"geom","properties":{"uid":32814,"id":0,"type_inf":"Fibre Operational","status":"Operational","type_":3}},{"type":"Feature","id":"trx_geocatalogue.fid-7c38bf73_19d20a9a0d0_-7ba","geometry":{"type":"LineString","coordinates":[[-8.65151028,52.12969244],[-8.4766199,51.89662423]]},"geometry_name":"geom","properties":{"uid":32815,"id":0,"type_inf":"Fibre Operational","status":"Operational","type_":3}},{"type":"Feature","id":"trx_geocatalogue.fid-7c38bf73_19d20a9a0d0_-7b9","geometry":{"type":"LineString","coordinates":[[-8.4766199,51.89662423],[-7.6113289,52.09548769]]},"geometry_name":"geom","properties":{"uid":32816,"id":0,"type_inf":"Fibre Operational","status":"Operational","type_":3}},{"type":"Feature","id":"trx_geocatalogue.fid-7c38bf73_19d20a9a0d0_-7b8","geometry":{"type":"LineString","coordinates":[[-7.6113289,52.09548769],[-7.12356005,52.25275874]]},"geometry_name":"geom","properties":{"uid":32817,"id":0,"type_inf":"Fibre Operational","status":"Operational","type_":3}},{"type":"Feature","id":"trx_geocatalogue.fid-7c38bf73_19d20a9a0d0_-7b7","geometry":{"type":"LineString","coordinates":[[-7.12356005,52.25275874],[-6.47063595,52.3315189]]},"geometry_name":"geom","properties":{"uid":32818,"id":0,"type_inf":"Fibre Operational","status":"Operational","type_":3}},{"type":"Feature","id":"trx_geocatalogue.fid-7c38bf73_19d20a9a0d0_-7b6","geometry":{"type":"LineString","coordinates":[[-6.47063595,52.3315189],[-6.16011629,52.79432407]]},"geometry_name":"geom","properties":{"uid":32819,"id":0,"type_inf":"Fibre Operational","status":"Operational","type_":3}},{"type":"Feature","id":"trx_geocatalogue.fid-7c38bf73_19d20a9a0d0_-7b5","geometry":{"type":"LineString","coordinates":[[-6.1573969,53.20296309],[-6.26302798,53.34963078]]},"geometry_name":"geom","properties":{"uid":32820,"id":0,"type_inf":"Fibre Operational","status":"Operational","type_":3}},{"type":"Feature","id":"trx_geocatalogue.fid-7c38bf73_19d20a9a0d0_-7b4","geometry":{"type":"LineString","coordinates":[[-6.1573969,53.20296309],[-6.03961277,52.98210907]]},"geometry_name":"geom","properties":{"uid":32821,"id":0,"type_inf":"Fibre Operational","status":"Operational","type_":3}},{"type":"Feature","id":"trx_geocatalogue.fid-7c38bf73_19d20a9a0d0_-7b3","geometry":{"type":"LineString","coordinates":[[-8.88284022,52.71633643],[-8.61010766,52.65555332]]},"geometry_name":"geom","properties":{"uid":32822,"id":0,"type_inf":"Fibre Operational","status":"Operational","type_":3}},{"type":"Feature","id":"trx_geocatalogue.fid-7c38bf73_19d20a9a0d0_-7b2","geometry":{"type":"LineString","coordinates":[[-8.98396731,52.84125813],[-8.88284022,52.71633643]]},"geometry_name":"geom","properties":{"uid":32823,"id":0,"type_inf":"Fibre Operational","status":"Operational","type_":3}},{"type":"Feature","id":"trx_geocatalogue.fid-7c38bf73_19d20a9a0d0_-7b1","geometry":{"type":"LineString","coordinates":[[-9.0546373,53.28193431],[-8.98396731,52.84125813]]},"geometry_name":"geom","properties":{"uid":32824,"id":0,"type_inf":"Fibre Operational","status":"Operational","type_":3}},{"type":"Feature","id":"trx_geocatalogue.fid-7c38bf73_19d20a9a0d0_-7b0","geometry":{"type":"LineString","coordinates":[[-8.27877435,53.15642908],[-9.0546373,53.28193431]]},"geometry_name":"geom","properties":{"uid":32825,"id":0,"type_inf":"Fibre Operational","status":"Operational","type_":3}},{"type":"Feature","id":"trx_geocatalogue.fid-7c38bf73_19d20a9a0d0_-7af","geometry":{"type":"LineString","coordinates":[[-9.0546373,53.28193431],[-8.85029771,53.51558147]]},"geometry_name":"geom","properties":{"uid":32826,"id":0,"type_inf":"Fibre Operational","status":"Operational","type_":3}},{"type":"Feature","id":"trx_geocatalogue.fid-7c38bf73_19d20a9a0d0_-7ae","geometry":{"type":"LineString","coordinates":[[-8.85029771,53.51558147],[-8.19267755,53.63225045]]},"geometry_name":"geom","properties":{"uid":32827,"id":0,"type_inf":"Fibre Operational","status":"Operational","type_":3}},{"type":"Feature","id":"trx_geocatalogue.fid-7c38bf73_19d20a9a0d0_-7ad","geometry":{"type":"LineString","coordinates":[[-8.19267755,53.63225045],[-7.99455318,53.66909787]]},"geometry_name":"geom","properties":{"uid":32828,"id":0,"type_inf":"Fibre Operational","status":"Operational","type_":3}},{"type":"Feature","id":"trx_geocatalogue.fid-7c38bf73_19d20a9a0d0_-7ac","geometry":{"type":"LineString","coordinates":[[-7.99455318,53.66909787],[-8.08556756,53.94035643]]},"geometry_name":"geom","properties":{"uid":32829,"id":0,"type_inf":"Fibre Operational","status":"Operational","type_":3}},{"type":"Feature","id":"trx_geocatalogue.fid-7c38bf73_19d20a9a0d0_-7ab","geometry":{"type":"LineString","coordinates":[[-8.29614986,53.97069456],[-8.08556756,53.94035643]]},"geometry_name":"geom","properties":{"uid":32830,"id":0,"type_inf":"Fibre Operational","status":"Operational","type_":3}},{"type":"Feature","id":"trx_geocatalogue.fid-7c38bf73_19d20a9a0d0_-7aa","geometry":{"type":"LineString","coordinates":[[-8.29614986,53.97069456],[-8.49423999,54.18127685]]},"geometry_name":"geom","properties":{"uid":32831,"id":0,"type_inf":"Fibre Operational","status":"Operational","type_":3}},{"type":"Feature","id":"trx_geocatalogue.fid-7c38bf73_19d20a9a0d0_-7a9","geometry":{"type":"LineString","coordinates":[[-8.17479735,54.30155861],[-8.29614986,53.97069456]]},"geometry_name":"geom","properties":{"uid":32832,"id":0,"type_inf":"Fibre Operational","status":"Operational","type_":3}},{"type":"Feature","id":"trx_geocatalogue.fid-7c38bf73_19d20a9a0d0_-7a8","geometry":{"type":"LineString","coordinates":[[-8.383893,54.177797],[-8.46568646,54.26515285]]},"geometry_name":"geom","properties":{"uid":32833,"id":0,"type_inf":"Fibre Operational","status":"Operational","type_":3}},{"type":"Feature","id":"trx_geocatalogue.fid-7c38bf73_19d20a9a0d0_-7a7","geometry":{"type":"LineString","coordinates":[[-8.17479735,54.30155861],[-8.28068337,54.47050034]]},"geometry_name":"geom","properties":{"uid":32834,"id":0,"type_inf":"Fibre Operational","status":"Operational","type_":3}},{"type":"Feature","id":"trx_geocatalogue.fid-7c38bf73_19d20a9a0d0_-7a6","geometry":{"type":"LineString","coordinates":[[-8.10341352,54.65728803],[-7.71460959,54.95650525]]},"geometry_name":"geom","properties":{"uid":32835,"id":0,"type_inf":"Fibre Operational","status":"Operational","type_":3}},{"type":"Feature","id":"trx_geocatalogue.fid-7c38bf73_19d20a9a0d0_-7a5","geometry":{"type":"LineString","coordinates":[[-8.28068337,54.47050034],[-8.10341352,54.65728803]]},"geometry_name":"geom","properties":{"uid":32836,"id":0,"type_inf":"Fibre Operational","status":"Operational","type_":3}},{"type":"Feature","id":"trx_geocatalogue.fid-7c38bf73_19d20a9a0d0_-7a4","geometry":{"type":"LineString","coordinates":[[-7.71460959,54.95650525],[-7.39770505,55.05269496]]},"geometry_name":"geom","properties":{"uid":32837,"id":0,"type_inf":"Fibre Operational","status":"Operational","type_":3}},{"type":"Feature","id":"trx_geocatalogue.fid-7c38bf73_19d20a9a0d0_-7a3","geometry":{"type":"LineString","coordinates":[[-8.08556756,53.94035643],[-7.293051,53.953597]]},"geometry_name":"geom","properties":{"uid":32838,"id":0,"type_inf":"Fibre Operational","status":"Operational","type_":3}},{"type":"Feature","id":"trx_geocatalogue.fid-7c38bf73_19d20a9a0d0_-7a2","geometry":{"type":"LineString","coordinates":[[-6.40550952,54.00274235],[-7.293051,53.953597]]},"geometry_name":"geom","properties":{"uid":32839,"id":0,"type_inf":"Fibre Operational","status":"Operational","type_":3}}]}