{"type": "FeatureCollection", "features": [{"type": "Feature", "geometry": {"type": "Point", "coordinates": [4.950837, 52.356394]}, "properties": {"name": "NIKHEF Amsterdam", "city": "Amsterdam", "country": "NL", "status": "operational", "url": "https://www.peeringdb.com/fac/18"}}, {"type": "Feature", "geometry": {"type": "Point", "coordinates": [-0.460224, 51.482248]}, "properties": {"name": "Digital Realty London LHR17", "city": "West Drayton", "country": "GB", "status": "operational", "url": "https://www.peeringdb.com/fac/35"}}, {"type": "Feature", "geometry": {"type": "Point", "coordinates": [-0.010775, 51.499819]}, "properties": {"name": "Digital Realty London LHR20", "city": "London", "country": "GB", "status": "operational", "url": "https://www.peeringdb.com/fac/40"}}, {"type": "Feature", "geometry": {"type": "Point", "coordinates": [-0.018933, 51.496902]}, "properties": {"name": "Digital Realty London LHR19", "city": "London", "country": "GB", "status": "operational", "url": "https://www.peeringdb.com/fac/43"}}, {"type": "Feature", "geometry": {"type": "Point", "coordinates": [-0.014327, 51.498842]}, "properties": {"name": "Equinix LD8 - London, Docklands", "city": "London", "country": "GB", "status": "operational", "url": "https://www.peeringdb.com/fac/45"}}, {"type": "Feature", "geometry": {"type": "Point", "coordinates": [-0.073777, 51.520397]}, "properties": {"name": "Digital Realty London LON1-3", "city": "London", "country": "GB", "status": "operational", "url": "https://www.peeringdb.com/fac/46"}}, {"type": "Feature", "geometry": {"type": "Point", "coordinates": [-0.003494, 51.510985]}, "properties": {"name": "Global Switch London East", "city": "London", "country": "GB", "status": "operational", "url": "https://www.peeringdb.com/fac/47"}}, {"type": "Feature", "geometry": {"type": "Point", "coordinates": [-0.010634, 51.511364]}, "properties": {"name": "Global Switch London North", "city": "London", "country": "GB", "status": "operational", "url": "https://www.peeringdb.com/fac/48"}}, {"type": "Feature", "geometry": {"type": "Point", "coordinates": [2.208747, 48.782499]}, "properties": {"name": "UltraEdge Velizy", "city": "Paris", "country": "FR", "status": "operational", "url": "https://www.peeringdb.com/fac/52"}}, {"type": "Feature", "geometry": {"type": "Point", "coordinates": [2.38532, 48.856654]}, "properties": {"name": "Telehouse - Paris 2 (Voltaire - L\u00e9on Frot)", "city": "Paris", "country": "FR", "status": "operational", "url": "https://www.peeringdb.com/fac/53"}}, {"type": "Feature", "geometry": {"type": "Point", "coordinates": [2.344236, 48.869869]}, "properties": {"name": "Telehouse - Paris 1 (Je\u00fbneurs)", "city": "Paris", "country": "FR", "status": "operational", "url": "https://www.peeringdb.com/fac/54"}}, {"type": "Feature", "geometry": {"type": "Point", "coordinates": [2.257694, 48.903746]}, "properties": {"name": "UltraEdge Paris - Courbevoie", "city": "Paris", "country": "FR", "status": "operational", "url": "https://www.peeringdb.com/fac/55"}}, {"type": "Feature", "geometry": {"type": "Point", "coordinates": [2.369496, 48.902082]}, "properties": {"name": "Digital Realty Paris PAR1", "city": "Paris", "country": "FR", "status": "operational", "url": "https://www.peeringdb.com/fac/56"}}, {"type": "Feature", "geometry": {"type": "Point", "coordinates": [4.862905, 45.722882]}, "properties": {"name": "UltraEdge Lyon-Venissieux", "city": "V\u00e9nissieux", "country": "FR", "status": "operational", "url": "https://www.peeringdb.com/fac/57"}}, {"type": "Feature", "geometry": {"type": "Point", "coordinates": [8.735199, 50.11925]}, "properties": {"name": "Digital Realty Frankfurt FRA1-27", "city": "Frankfurt", "country": "DE", "status": "operational", "url": "https://www.peeringdb.com/fac/58"}}, {"type": "Feature", "geometry": {"type": "Point", "coordinates": [8.631763, 50.099697]}, "properties": {"name": "ITENOS Frankfurt (FRA1)", "city": "Frankfurt", "country": "DE", "status": "operational", "url": "https://www.peeringdb.com/fac/59"}}, {"type": "Feature", "geometry": {"type": "Point", "coordinates": [8.632004, 50.09885]}, "properties": {"name": "Equinix FR5 - Frankfurt, KleyerStrasse", "city": "Frankfurt", "country": "DE", "status": "operational", "url": "https://www.peeringdb.com/fac/60"}}, {"type": "Feature", "geometry": {"type": "Point", "coordinates": [4.951609, 52.356353]}, "properties": {"name": "Digital Realty Amsterdam AMS17", "city": "Amsterdam", "country": "NL", "status": "operational", "url": "https://www.peeringdb.com/fac/61"}}, {"type": "Feature", "geometry": {"type": "Point", "coordinates": [4.938009, 52.303078]}, "properties": {"name": "Equinix AM7 - Amsterdam, Kuiperberweg", "city": "Amsterdam", "country": "NL", "status": "operational", "url": "https://www.peeringdb.com/fac/62"}}, {"type": "Feature", "geometry": {"type": "Point", "coordinates": [4.828711, 52.343984]}, "properties": {"name": "Global Switch Amsterdam", "city": "Amsterdam", "country": "NL", "status": "operational", "url": "https://www.peeringdb.com/fac/63"}}, {"type": "Feature", "geometry": {"type": "Point", "coordinates": [4.770855, 52.28415]}, "properties": {"name": "Digital Realty Amsterdam AMS3, AMS5-8, AMS10", "city": "Amsterdam", "country": "NL", "status": "operational", "url": "https://www.peeringdb.com/fac/64"}}, {"type": "Feature", "geometry": {"type": "Point", "coordinates": [16.357784, 48.214151]}, "properties": {"name": "Vienna University Computer Center (Wien)", "city": "Vienna", "country": "AT", "status": "operational", "url": "https://www.peeringdb.com/fac/66"}}, {"type": "Feature", "geometry": {"type": "Point", "coordinates": [16.410613, 48.269027]}, "properties": {"name": "Digital Realty Vienna VIE1-2", "city": "Vienna", "country": "AT", "status": "operational", "url": "https://www.peeringdb.com/fac/67"}}, {"type": "Feature", "geometry": {"type": "Point", "coordinates": [4.476941, 50.870502]}, "properties": {"name": "Digital Realty Brussels BRU1", "city": "Brussels", "country": "BE", "status": "operational", "url": "https://www.peeringdb.com/fac/68"}}, {"type": "Feature", "geometry": {"type": "Point", "coordinates": [2.259202, 48.904891]}, "properties": {"name": "Equinix PA7 - Paris, Energy Park", "city": "Paris", "country": "FR", "status": "operational", "url": "https://www.peeringdb.com/fac/72"}}, {"type": "Feature", "geometry": {"type": "Point", "coordinates": [2.369221, 48.90407]}, "properties": {"name": "Equinix PA5 - Paris, Victor Hugo", "city": "Paris", "country": "FR", "status": "operational", "url": "https://www.peeringdb.com/fac/73"}}, {"type": "Feature", "geometry": {"type": "Point", "coordinates": [8.644169, 50.096869]}, "properties": {"name": "Equinix FR7 - Frankfurt, Gutleutstrasse", "city": "Frankfurt", "country": "DE", "status": "operational", "url": "https://www.peeringdb.com/fac/74"}}, {"type": "Feature", "geometry": {"type": "Point", "coordinates": [2.370417, 48.906617]}, "properties": {"name": "Digital Realty Paris PAR2", "city": "Paris", "country": "FR", "status": "operational", "url": "https://www.peeringdb.com/fac/75"}}, {"type": "Feature", "geometry": {"type": "Point", "coordinates": [-2.236869, 53.463112]}, "properties": {"name": "Equinix MA1 - Manchester, Williams/Kilburn", "city": "Manchester", "country": "GB", "status": "operational", "url": "https://www.peeringdb.com/fac/76"}}, {"type": "Feature", "geometry": {"type": "Point", "coordinates": [-2.247633, 53.464393]}, "properties": {"name": "Reynolds House, Manchester", "city": "Manchester", "country": "GB", "status": "operational", "url": "https://www.peeringdb.com/fac/78"}}, {"type": "Feature", "geometry": {"type": "Point", "coordinates": [-0.011758, 51.500621]}, "properties": {"name": "Digital Realty London LHR21 (closed)", "city": "London", "country": "GB", "status": "operational", "url": "https://www.peeringdb.com/fac/79"}}, {"type": "Feature", "geometry": {"type": "Point", "coordinates": [4.838579, 52.396814]}, "properties": {"name": "Equinix AM8 - Amsterdam, Gyroscoopweg", "city": "Amsterdam", "country": "NL", "status": "operational", "url": "https://www.peeringdb.com/fac/80"}}, {"type": "Feature", "geometry": {"type": "Point", "coordinates": [8.557273, 47.432702]}, "properties": {"name": "Digital Realty Zurich ZUR1", "city": "Glattbrugg", "country": "CH", "status": "operational", "url": "https://www.peeringdb.com/fac/81"}}, {"type": "Feature", "geometry": {"type": "Point", "coordinates": [8.520255, 47.387749]}, "properties": {"name": "Equinix ZH2 - Zurich", "city": "Zurich", "country": "CH", "status": "operational", "url": "https://www.peeringdb.com/fac/83"}}, {"type": "Feature", "geometry": {"type": "Point", "coordinates": [-0.183762, 51.799899]}, "properties": {"name": "COLT DC London", "city": "London", "country": "GB", "status": "operational", "url": "https://www.peeringdb.com/fac/91"}}, {"type": "Feature", "geometry": {"type": "Point", "coordinates": [9.17865, 45.49538]}, "properties": {"name": "AtlasEdge DC Milan LIN001", "city": "Milan", "country": "IT", "status": "operational", "url": "https://www.peeringdb.com/fac/97"}}, {"type": "Feature", "geometry": {"type": "Point", "coordinates": [7.241053, 47.130774]}, "properties": {"name": "LAN Services AG - Communication Center cc.ch", "city": "Biel/Bienne", "country": "CH", "status": "operational", "url": "https://www.peeringdb.com/fac/101"}}, {"type": "Feature", "geometry": {"type": "Point", "coordinates": [4.952501, 52.356671]}, "properties": {"name": "Digital Realty Amsterdam AMS9", "city": "Amsterdam", "country": "NL", "status": "operational", "url": "https://www.peeringdb.com/fac/104"}}, {"type": "Feature", "geometry": {"type": "Point", "coordinates": [6.869937, 51.186111]}, "properties": {"name": "Digital Realty Dusseldorf DUS1-3", "city": "D\u00fcsseldorf", "country": "DE", "status": "operational", "url": "https://www.peeringdb.com/fac/106"}}, {"type": "Feature", "geometry": {"type": "Point", "coordinates": [8.630057, 50.096962]}, "properties": {"name": "Telehouse - Frankfurt", "city": "Frankfurt", "country": "DE", "status": "operational", "url": "https://www.peeringdb.com/fac/108"}}, {"type": "Feature", "geometry": {"type": "Point", "coordinates": [11.526173, 48.139859]}, "properties": {"name": "EdgeConneX Munich (EDCMUC01)", "city": "Munich", "country": "DE", "status": "operational", "url": "https://www.peeringdb.com/fac/109"}}, {"type": "Feature", "geometry": {"type": "Point", "coordinates": [5.624974, 52.030762]}, "properties": {"name": "BIT-1", "city": "Ede", "country": "NL", "status": "operational", "url": "https://www.peeringdb.com/fac/110"}}, {"type": "Feature", "geometry": {"type": "Point", "coordinates": [8.636254, 50.103483]}, "properties": {"name": "ColoCenter Frankfurt", "city": "Frankfurt", "country": "DE", "status": "operational", "url": "https://www.peeringdb.com/fac/111"}}, {"type": "Feature", "geometry": {"type": "Point", "coordinates": [2.21513, 48.887694]}, "properties": {"name": "Level(3) Paris (Le Capitole)", "city": "Paris", "country": "FR", "status": "operational", "url": "https://www.peeringdb.com/fac/112"}}, {"type": "Feature", "geometry": {"type": "Point", "coordinates": [7.038047, 43.628052]}, "properties": {"name": "TAS Sophia", "city": "Antibes", "country": "FR", "status": "operational", "url": "https://www.peeringdb.com/fac/117"}}, {"type": "Feature", "geometry": {"type": "Point", "coordinates": [6.84964, 52.236979]}, "properties": {"name": "Equinix EN1 - Enschede", "city": "Enschede", "country": "NL", "status": "operational", "url": "https://www.peeringdb.com/fac/118"}}, {"type": "Feature", "geometry": {"type": "Point", "coordinates": [8.623156, 50.081709]}, "properties": {"name": "Digital Realty Frankfurt FRA28 (Closed)", "city": "Frankfurt", "country": "DE", "status": "operational", "url": "https://www.peeringdb.com/fac/119"}}, {"type": "Feature", "geometry": {"type": "Point", "coordinates": [-3.660963, 40.466022]}, "properties": {"name": "Espanix Datacenter", "city": "Madrid", "country": "ES", "status": "operational", "url": "https://www.peeringdb.com/fac/121"}}, {"type": "Feature", "geometry": {"type": "Point", "coordinates": [2.137457, 41.351557]}, "properties": {"name": "Equinix BA1 - Barcelona", "city": "Barcelona", "country": "ES", "status": "operational", "url": "https://www.peeringdb.com/fac/122"}}, {"type": "Feature", "geometry": {"type": "Point", "coordinates": [-9.123454, 38.787919]}, "properties": {"name": "Equinix LS1 - Lisbon", "city": "Lisbon", "country": "PT", "status": "operational", "url": "https://www.peeringdb.com/fac/126"}}, {"type": "Feature", "geometry": {"type": "Point", "coordinates": [-3.648584, 40.536855]}, "properties": {"name": "Equinix MD2 - Madrid", "city": "Alcobendas", "country": "ES", "status": "operational", "url": "https://www.peeringdb.com/fac/127"}}, {"type": "Feature", "geometry": {"type": "Point", "coordinates": [7.582093, 47.546259]}, "properties": {"name": "IWB Datacenter Basel", "city": "Basel", "country": "CH", "status": "operational", "url": "https://www.peeringdb.com/fac/129"}}, {"type": "Feature", "geometry": {"type": "Point", "coordinates": [-3.621211, 40.439323]}, "properties": {"name": "Digital Realty Madrid MAD1-2", "city": "Madrid", "country": "ES", "status": "operational", "url": "https://www.peeringdb.com/fac/130"}}, {"type": "Feature", "geometry": {"type": "Point", "coordinates": [4.412116, 50.857721]}, "properties": {"name": "Level(3) Brussels", "city": "Brussels", "country": "BE", "status": "operational", "url": "https://www.peeringdb.com/fac/135"}}, {"type": "Feature", "geometry": {"type": "Point", "coordinates": [2.111883, 41.387314]}, "properties": {"name": "CSUC Campus Nord", "city": "Barcelona", "country": "ES", "status": "operational", "url": "https://www.peeringdb.com/fac/138"}}, {"type": "Feature", "geometry": {"type": "Point", "coordinates": [6.144251, 46.203607]}, "properties": {"name": "Equinix GV1 - Geneva, City", "city": "Geneva", "country": "CH", "status": "operational", "url": "https://www.peeringdb.com/fac/139"}}, {"type": "Feature", "geometry": {"type": "Point", "coordinates": [12.377482, 55.728092]}, "properties": {"name": "Digital Realty Copenhagen CPH1-3", "city": "Copenhagen", "country": "DK", "status": "operational", "url": "https://www.peeringdb.com/fac/148"}}, {"type": "Feature", "geometry": {"type": "Point", "coordinates": [6.86728, 51.18819]}, "properties": {"name": "NorthC Duesseldorf", "city": "D\u00fcsseldorf", "country": "DE", "status": "operational", "url": "https://www.peeringdb.com/fac/153"}}, {"type": "Feature", "geometry": {"type": "Point", "coordinates": [9.103887, 45.476177]}, "properties": {"name": "Telnet Caldera Milan", "city": "Milan", "country": "IT", "status": "operational", "url": "https://www.peeringdb.com/fac/154"}}, {"type": "Feature", "geometry": {"type": "Point", "coordinates": [13.369905, 52.465779]}, "properties": {"name": "Speedbone Berlin", "city": "Berlin", "country": "DE", "status": "operational", "url": "https://www.peeringdb.com/fac/155"}}, {"type": "Feature", "geometry": {"type": "Point", "coordinates": [17.955657, 59.362574]}, "properties": {"name": "Equinix SK1 - Stockholm, Bromma", "city": "Stockholm", "country": "SE", "status": "operational", "url": "https://www.peeringdb.com/fac/156"}}, {"type": "Feature", "geometry": {"type": "Point", "coordinates": [7.478187, 46.964845]}, "properties": {"name": "colobern.ch Bern", "city": "Bern", "country": "CH", "status": "operational", "url": "https://www.peeringdb.com/fac/157"}}, {"type": "Feature", "geometry": {"type": "Point", "coordinates": [12.301459, 55.662]}, "properties": {"name": "GlobalConnect Taastrup 1 (CPH1)", "city": "Taastrup", "country": "DK", "status": "operational", "url": "https://www.peeringdb.com/fac/158"}}, {"type": "Feature", "geometry": {"type": "Point", "coordinates": [-6.41897, 53.296306]}, "properties": {"name": "Equinix DB1 - Dublin, CityWest", "city": "Dublin", "country": "IE", "status": "operational", "url": "https://www.peeringdb.com/fac/164"}}, {"type": "Feature", "geometry": {"type": "Point", "coordinates": [-3.574684, 40.447968]}, "properties": {"name": "Verizon Madrid", "city": "Madrid", "country": "ES", "status": "operational", "url": "https://www.peeringdb.com/fac/166"}}, {"type": "Feature", "geometry": {"type": "Point", "coordinates": [-6.365538, 53.334251]}, "properties": {"name": "Digital Realty Dublin DUB1-2", "city": "Dublin", "country": "IE", "status": "operational", "url": "https://www.peeringdb.com/fac/177"}}, {"type": "Feature", "geometry": {"type": "Point", "coordinates": [-6.439957, 53.318647]}, "properties": {"name": "Equinix DB2 - Dublin, Kilcarbery", "city": "Dublin", "country": "IE", "status": "operational", "url": "https://www.peeringdb.com/fac/178"}}, {"type": "Feature", "geometry": {"type": "Point", "coordinates": [-3.671891, 40.513497]}, "properties": {"name": "Equinix MD1 - Madrid", "city": "Madrid", "country": "ES", "status": "operational", "url": "https://www.peeringdb.com/fac/179"}}, {"type": "Feature", "geometry": {"type": "Point", "coordinates": [-6.366707, 53.412081]}, "properties": {"name": "Digital Realty Dublin DUB10", "city": "Dublin", "country": "IE", "status": "operational", "url": "https://www.peeringdb.com/fac/180"}}, {"type": "Feature", "geometry": {"type": "Point", "coordinates": [2.296095, 48.899823]}, "properties": {"name": "Global Switch Paris", "city": "Paris", "country": "FR", "status": "operational", "url": "https://www.peeringdb.com/fac/181"}}, {"type": "Feature", "geometry": {"type": "Point", "coordinates": [11.17706, 49.38991]}, "properties": {"name": "NorthC N\u00fcrnberg", "city": "Nuremberg", "country": "DE", "status": "operational", "url": "https://www.peeringdb.com/fac/185"}}, {"type": "Feature", "geometry": {"type": "Point", "coordinates": [3.734616, 51.063866]}, "properties": {"name": "Versatel Gent (Handelsdok Center)", "city": "Ghent", "country": "BE", "status": "operational", "url": "https://www.peeringdb.com/fac/187"}}, {"type": "Feature", "geometry": {"type": "Point", "coordinates": [4.402951, 51.264294]}, "properties": {"name": "LCL Antwerp", "city": "Antwerp", "country": "BE", "status": "operational", "url": "https://www.peeringdb.com/fac/190"}}, {"type": "Feature", "geometry": {"type": "Point", "coordinates": [4.41733, 51.262686]}, "properties": {"name": "Versatel Antwerp", "city": "Antwerp", "country": "BE", "status": "operational", "url": "https://www.peeringdb.com/fac/191"}}, {"type": "Feature", "geometry": {"type": "Point", "coordinates": [11.662742, 48.135973]}, "properties": {"name": "NorthC Munich 2", "city": "Munich", "country": "DE", "status": "operational", "url": "https://www.peeringdb.com/fac/192"}}, {"type": "Feature", "geometry": {"type": "Point", "coordinates": [4.455068, 50.887474]}, "properties": {"name": "LCL Brussels (Diegem)", "city": "Brussels", "country": "BE", "status": "operational", "url": "https://www.peeringdb.com/fac/193"}}, {"type": "Feature", "geometry": {"type": "Point", "coordinates": [11.063356, 49.453955]}, "properties": {"name": "Deutschherrnkarree", "city": "Nuremberg", "country": "DE", "status": "operational", "url": "https://www.peeringdb.com/fac/203"}}, {"type": "Feature", "geometry": {"type": "Point", "coordinates": [18.045546, 59.31535]}, "properties": {"name": "STOKAB KN5, S\u00f6dermalm", "city": "Stockholm", "country": "SE", "status": "operational", "url": "https://www.peeringdb.com/fac/206"}}, {"type": "Feature", "geometry": {"type": "Point", "coordinates": [18.089786, 59.298407]}, "properties": {"name": "STOKAB KN6, Hammarby", "city": "Stockholm", "country": "SE", "status": "operational", "url": "https://www.peeringdb.com/fac/207"}}, {"type": "Feature", "geometry": {"type": "Point", "coordinates": [17.916696, 59.422226]}, "properties": {"name": "Digital Realty Stockholm STO1-6", "city": "Stockholm", "country": "SE", "status": "operational", "url": "https://www.peeringdb.com/fac/208"}}, {"type": "Feature", "geometry": {"type": "Point", "coordinates": [4.414322, 51.930359]}, "properties": {"name": "Spaanse Kubus Rotterdam", "city": "Rotterdam", "country": "NL", "status": "operational", "url": "https://www.peeringdb.com/fac/212"}}, {"type": "Feature", "geometry": {"type": "Point", "coordinates": [5.845593, 50.995925]}, "properties": {"name": "Unilogic Networks Datacenter Sittard", "city": "Sittard", "country": "NL", "status": "operational", "url": "https://www.peeringdb.com/fac/213"}}, {"type": "Feature", "geometry": {"type": "Point", "coordinates": [14.482978, 50.060164]}, "properties": {"name": "CE Colo Prague", "city": "Prague", "country": "CZ", "status": "operational", "url": "https://www.peeringdb.com/fac/214"}}, {"type": "Feature", "geometry": {"type": "Point", "coordinates": [14.451122, 50.08103]}, "properties": {"name": "DC Tower Zizkov CRa", "city": "Prague", "country": "CZ", "status": "operational", "url": "https://www.peeringdb.com/fac/215"}}, {"type": "Feature", "geometry": {"type": "Point", "coordinates": [14.475889, 50.078094]}, "properties": {"name": "GTS Telehouse Prague", "city": "Prague", "country": "CZ", "status": "operational", "url": "https://www.peeringdb.com/fac/216"}}, {"type": "Feature", "geometry": {"type": "Point", "coordinates": [14.428607, 50.062152]}, "properties": {"name": "Pragonet Telehouse Prague", "city": "Prague", "country": "CZ", "status": "operational", "url": "https://www.peeringdb.com/fac/217"}}, {"type": "Feature", "geometry": {"type": "Point", "coordinates": [6.86608, 51.188]}, "properties": {"name": "Arelion Dusseldorf DDF/B", "city": "D\u00fcsseldorf", "country": "DE", "status": "operational", "url": "https://www.peeringdb.com/fac/218"}}, {"type": "Feature", "geometry": {"type": "Point", "coordinates": [6.163425, 49.637537]}, "properties": {"name": "BCE Colocation Luxembourg", "city": "Luxembourg", "country": "LU", "status": "operational", "url": "https://www.peeringdb.com/fac/220"}}, {"type": "Feature", "geometry": {"type": "Point", "coordinates": [12.377342, 55.661921]}, "properties": {"name": "Telia Telehouse Copenhagen", "city": "Copenhagen", "country": "DK", "status": "operational", "url": "https://www.peeringdb.com/fac/222"}}, {"type": "Feature", "geometry": {"type": "Point", "coordinates": [5.373865, 43.310818]}, "properties": {"name": "Digital Realty Marseille MRS1/2/3/4", "city": "Marseille", "country": "FR", "status": "operational", "url": "https://www.peeringdb.com/fac/226"}}, {"type": "Feature", "geometry": {"type": "Point", "coordinates": [2.507095, 48.983691]}, "properties": {"name": "Equinix PA1 - Paris, Roissy", "city": "Roissy-en-France", "country": "FR", "status": "operational", "url": "https://www.peeringdb.com/fac/229"}}, {"type": "Feature", "geometry": {"type": "Point", "coordinates": [3.090551, 50.63768]}, "properties": {"name": "Cogent Lille", "city": "Lille", "country": "FR", "status": "operational", "url": "https://www.peeringdb.com/fac/230"}}, {"type": "Feature", "geometry": {"type": "Point", "coordinates": [2.209917, 48.785043]}, "properties": {"name": "Multicoms Paris (Velizy)", "city": "Paris", "country": "FR", "status": "operational", "url": "https://www.peeringdb.com/fac/231"}}, {"type": "Feature", "geometry": {"type": "Point", "coordinates": [-0.557446, 44.889171]}, "properties": {"name": "UltraEdge Bordeaux", "city": "Bordeaux", "country": "FR", "status": "operational", "url": "https://www.peeringdb.com/fac/232"}}, {"type": "Feature", "geometry": {"type": "Point", "coordinates": [7.781145, 48.569149]}, "properties": {"name": "UltraEdge Strasbourg", "city": "Strasbourg", "country": "FR", "status": "operational", "url": "https://www.peeringdb.com/fac/233"}}, {"type": "Feature", "geometry": {"type": "Point", "coordinates": [5.169722, 52.241526]}, "properties": {"name": "Mediagateway", "city": "Hilversum", "country": "NL", "status": "operational", "url": "https://www.peeringdb.com/fac/235"}}, {"type": "Feature", "geometry": {"type": "Point", "coordinates": [4.842597, 52.399861]}, "properties": {"name": "Digital Realty Amsterdam AMS1/4 (closed)", "city": "Amsterdam", "country": "NL", "status": "operational", "url": "https://www.peeringdb.com/fac/236"}}, {"type": "Feature", "geometry": {"type": "Point", "coordinates": [4.788162, 52.29257]}, "properties": {"name": "NorthC Oude Meer", "city": "Oude Meer", "country": "NL", "status": "operational", "url": "https://www.peeringdb.com/fac/238"}}, {"type": "Feature", "geometry": {"type": "Point", "coordinates": [4.774186, 52.259795]}, "properties": {"name": "NorthC Aalsmeer", "city": "Aalsmeer", "country": "NL", "status": "operational", "url": "https://www.peeringdb.com/fac/239"}}, {"type": "Feature", "geometry": {"type": "Point", "coordinates": [10.95877, 50.254995]}, "properties": {"name": "UNITED COLO GmbH / NGZ-Server.de Coburg", "city": "Coburg", "country": "DE", "status": "operational", "url": "https://www.peeringdb.com/fac/241"}}, {"type": "Feature", "geometry": {"type": "Point", "coordinates": [-1.603213, 54.972886]}, "properties": {"name": "Pulsant Newcastle NE-1 (Central)", "city": "Newcastle upon Tyne", "country": "GB", "status": "operational", "url": "https://www.peeringdb.com/fac/243"}}, {"type": "Feature", "geometry": {"type": "Point", "coordinates": [6.300252, 51.954184]}, "properties": {"name": "InterDC Doetinchem", "city": "Doetinchem", "country": "NL", "status": "operational", "url": "https://www.peeringdb.com/fac/245"}}, {"type": "Feature", "geometry": {"type": "Point", "coordinates": [-0.0725, 51.513915]}, "properties": {"name": "Level(3) London (Braham Street)", "city": "London", "country": "GB", "status": "operational", "url": "https://www.peeringdb.com/fac/248"}}, {"type": "Feature", "geometry": {"type": "Point", "coordinates": [3.887893, 43.60956]}, "properties": {"name": "Cogent Montpellier", "city": "Montpellier", "country": "FR", "status": "operational", "url": "https://www.peeringdb.com/fac/252"}}, {"type": "Feature", "geometry": {"type": "Point", "coordinates": [-0.082993, 51.522955]}, "properties": {"name": "Redcentric London Data Centre", "city": "London", "country": "GB", "status": "operational", "url": "https://www.peeringdb.com/fac/254"}}, {"type": "Feature", "geometry": {"type": "Point", "coordinates": [17.943347, 59.405682]}, "properties": {"name": "STOKAB KN3, Kista", "city": "Stockholm", "country": "SE", "status": "operational", "url": "https://www.peeringdb.com/fac/258"}}, {"type": "Feature", "geometry": {"type": "Point", "coordinates": [17.953487, 59.406342]}, "properties": {"name": "MCI Stockholm (Kista)", "city": "Stockholm", "country": "SE", "status": "operational", "url": "https://www.peeringdb.com/fac/259"}}, {"type": "Feature", "geometry": {"type": "Point", "coordinates": [16.356475, 48.213465]}, "properties": {"name": "VIVI Vienna (Wien)", "city": "Vienna", "country": "AT", "status": "operational", "url": "https://www.peeringdb.com/fac/260"}}, {"type": "Feature", "geometry": {"type": "Point", "coordinates": [6.86597, 51.18875]}, "properties": {"name": "Lumen Duesseldorf", "city": "D\u00fcsseldorf", "country": "DE", "status": "operational", "url": "https://www.peeringdb.com/fac/261"}}, {"type": "Feature", "geometry": {"type": "Point", "coordinates": [4.94859, 52.29643]}, "properties": {"name": "NorthC Amsterdam 2", "city": "Amsterdam", "country": "NL", "status": "operational", "url": "https://www.peeringdb.com/fac/262"}}, {"type": "Feature", "geometry": {"type": "Point", "coordinates": [7.259722, 43.70338]}, "properties": {"name": "Cogent Nice", "city": "Nice", "country": "FR", "status": "operational", "url": "https://www.peeringdb.com/fac/264"}}, {"type": "Feature", "geometry": {"type": "Point", "coordinates": [7.073109, 43.609448]}, "properties": {"name": "Cogent Antibes", "city": "Antibes", "country": "FR", "status": "operational", "url": "https://www.peeringdb.com/fac/265"}}, {"type": "Feature", "geometry": {"type": "Point", "coordinates": [1.423103, 43.620447]}, "properties": {"name": "Cogent Toulouse", "city": "Toulouse", "country": "FR", "status": "operational", "url": "https://www.peeringdb.com/fac/266"}}, {"type": "Feature", "geometry": {"type": "Point", "coordinates": [26.115913, 44.419772]}, "properties": {"name": "BUCH-Facility Bucharest", "city": "Bucharest", "country": "RO", "status": "operational", "url": "https://www.peeringdb.com/fac/269"}}, {"type": "Feature", "geometry": {"type": "Point", "coordinates": [-3.295901, 55.930562]}, "properties": {"name": "Pulsant Edinburgh SC-1 (South Gyle)", "city": "Edinburgh", "country": "GB", "status": "operational", "url": "https://www.peeringdb.com/fac/271"}}, {"type": "Feature", "geometry": {"type": "Point", "coordinates": [6.81752, 51.267301]}, "properties": {"name": "WIIT Datacenter DUS1, DUS2, DUS3, DUS4, DUS6, DUS7", "city": "D\u00fcsseldorf", "country": "DE", "status": "operational", "url": "https://www.peeringdb.com/fac/274"}}, {"type": "Feature", "geometry": {"type": "Point", "coordinates": [8.601436, 50.128192]}, "properties": {"name": "NTT Frankfurt 1 Data Center (FRA1)", "city": "Frankfurt", "country": "DE", "status": "operational", "url": "https://www.peeringdb.com/fac/277"}}, {"type": "Feature", "geometry": {"type": "Point", "coordinates": [4.503638, 50.877572]}, "properties": {"name": "Mobistar Nossegem fka Versatel Nossegem", "city": "Nossegem", "country": "BE", "status": "operational", "url": "https://www.peeringdb.com/fac/278"}}, {"type": "Feature", "geometry": {"type": "Point", "coordinates": [-6.415382, 53.296287]}, "properties": {"name": "Eircom Dublin (Citywest)", "city": "Dublin", "country": "IE", "status": "operational", "url": "https://www.peeringdb.com/fac/280"}}, {"type": "Feature", "geometry": {"type": "Point", "coordinates": [4.450532, 50.885261]}, "properties": {"name": "MCI/Verizon Brussels (Diegem) E", "city": "Machelen", "country": "BE", "status": "operational", "url": "https://www.peeringdb.com/fac/284"}}, {"type": "Feature", "geometry": {"type": "Point", "coordinates": [4.450532, 50.885261]}, "properties": {"name": "MCI/Verizon Brussels (Diegem) H", "city": "Brussels", "country": "BE", "status": "operational", "url": "https://www.peeringdb.com/fac/285"}}, {"type": "Feature", "geometry": {"type": "Point", "coordinates": [8.629585, 50.1009]}, "properties": {"name": "aixit Frankfurt", "city": "Frankfurt", "country": "DE", "status": "operational", "url": "https://www.peeringdb.com/fac/290"}}, {"type": "Feature", "geometry": {"type": "Point", "coordinates": [8.63429, 50.101713]}, "properties": {"name": "NewColo Frankfurt", "city": "Frankfurt", "country": "DE", "status": "operational", "url": "https://www.peeringdb.com/fac/291"}}, {"type": "Feature", "geometry": {"type": "Point", "coordinates": [7.660825, 45.090688]}, "properties": {"name": "ITGate PdF (TRN1/TRN2)", "city": "Turin", "country": "IT", "status": "operational", "url": "https://www.peeringdb.com/fac/294"}}, {"type": "Feature", "geometry": {"type": "Point", "coordinates": [4.503629, 50.872026]}, "properties": {"name": "AtlasEdge DC Brussels BRU001", "city": "Brussels", "country": "BE", "status": "operational", "url": "https://www.peeringdb.com/fac/295"}}, {"type": "Feature", "geometry": {"type": "Point", "coordinates": [4.933657, 52.33538]}, "properties": {"name": "Global Crossing Joop", "city": "Amsterdam", "country": "NL", "status": "operational", "url": "https://www.peeringdb.com/fac/299"}}, {"type": "Feature", "geometry": {"type": "Point", "coordinates": [19.055712, 47.51796]}, "properties": {"name": "BIX Building (Victor Hugo street)", "city": "Budapest", "country": "HU", "status": "operational", "url": "https://www.peeringdb.com/fac/300"}}, {"type": "Feature", "geometry": {"type": "Point", "coordinates": [19.107458, 47.448989]}, "properties": {"name": "Dataplex Budapest", "city": "Budapest", "country": "HU", "status": "operational", "url": "https://www.peeringdb.com/fac/301"}}, {"type": "Feature", "geometry": {"type": "Point", "coordinates": [5.460509, 51.501281]}, "properties": {"name": "Signet DC1", "city": "Son", "country": "NL", "status": "operational", "url": "https://www.peeringdb.com/fac/304"}}, {"type": "Feature", "geometry": {"type": "Point", "coordinates": [-4.283217, 55.851165]}, "properties": {"name": "iomart DC1 Glasgow", "city": "Glasgow", "country": "GB", "status": "operational", "url": "https://www.peeringdb.com/fac/305"}}, {"type": "Feature", "geometry": {"type": "Point", "coordinates": [2.350664, 48.927166]}, "properties": {"name": "Equinix PA2 - Paris, Saint-Denis", "city": "Paris", "country": "FR", "status": "operational", "url": "https://www.peeringdb.com/fac/306"}}, {"type": "Feature", "geometry": {"type": "Point", "coordinates": [23.32401, 42.693819]}, "properties": {"name": "BTC Core Network Sofia", "city": "Sofia", "country": "BG", "status": "operational", "url": "https://www.peeringdb.com/fac/328"}}, {"type": "Feature", "geometry": {"type": "Point", "coordinates": [13.428412, 52.452868]}, "properties": {"name": "NorthC Berlin", "city": "Berlin", "country": "DE", "status": "operational", "url": "https://www.peeringdb.com/fac/331"}}, {"type": "Feature", "geometry": {"type": "Point", "coordinates": [-0.708278, 51.500351]}, "properties": {"name": "Pulsant Maidenhead SE-2", "city": "Maidenhead", "country": "GB", "status": "operational", "url": "https://www.peeringdb.com/fac/334"}}, {"type": "Feature", "geometry": {"type": "Point", "coordinates": [1.295809, 51.271106]}, "properties": {"name": "The Bunker (Ash)", "city": "Sandwich", "country": "GB", "status": "operational", "url": "https://www.peeringdb.com/fac/335"}}, {"type": "Feature", "geometry": {"type": "Point", "coordinates": [8.495621, 47.38338]}, "properties": {"name": "colozueri.ch Zurich", "city": "Zurich", "country": "CH", "status": "operational", "url": "https://www.peeringdb.com/fac/336"}}, {"type": "Feature", "geometry": {"type": "Point", "coordinates": [10.810183, 59.924726]}, "properties": {"name": "OSL01 - Vaultica Data Centers", "city": "Oslo", "country": "NO", "status": "operational", "url": "https://www.peeringdb.com/fac/345"}}, {"type": "Feature", "geometry": {"type": "Point", "coordinates": [10.71639, 59.942329]}, "properties": {"name": "Forskningsparken Oslo", "city": "Oslo", "country": "NO", "status": "operational", "url": "https://www.peeringdb.com/fac/346"}}, {"type": "Feature", "geometry": {"type": "Point", "coordinates": [6.80715, 51.219632]}, "properties": {"name": "Equinix DU1 - Dusseldorf", "city": "D\u00fcsseldorf", "country": "DE", "status": "operational", "url": "https://www.peeringdb.com/fac/351"}}, {"type": "Feature", "geometry": {"type": "Point", "coordinates": [-0.018318, 51.494644]}, "properties": {"name": "London Hosting Centre", "city": "London", "country": "GB", "status": "operational", "url": "https://www.peeringdb.com/fac/352"}}, {"type": "Feature", "geometry": {"type": "Point", "coordinates": [-0.100964, 51.528721]}, "properties": {"name": "Level(3) London (Goswell Road)", "city": "London", "country": "GB", "status": "operational", "url": "https://www.peeringdb.com/fac/354"}}, {"type": "Feature", "geometry": {"type": "Point", "coordinates": [13.430493, 52.452542]}, "properties": {"name": "Versatel Berlin", "city": "Berlin", "country": "DE", "status": "operational", "url": "https://www.peeringdb.com/fac/357"}}, {"type": "Feature", "geometry": {"type": "Point", "coordinates": [8.666501, 50.105084]}, "properties": {"name": "INTERNIC Frankfurt", "city": "Frankfurt", "country": "DE", "status": "operational", "url": "https://www.peeringdb.com/fac/367"}}, {"type": "Feature", "geometry": {"type": "Point", "coordinates": [4.665267, 52.391165]}, "properties": {"name": "Iron Mountain Data Center - Amsterdam (AMS-1)", "city": "Amsterdam", "country": "NL", "status": "operational", "url": "https://www.peeringdb.com/fac/374"}}, {"type": "Feature", "geometry": {"type": "Point", "coordinates": [4.943121, 52.299929]}, "properties": {"name": "Equinix AM1/AM2 - Amsterdam, Luttenbergweg", "city": "Amsterdam", "country": "NL", "status": "operational", "url": "https://www.peeringdb.com/fac/375"}}, {"type": "Feature", "geometry": {"type": "Point", "coordinates": [6.142697, 52.488492]}, "properties": {"name": "Equinix ZW1 - Zwolle", "city": "Zwolle", "country": "NL", "status": "operational", "url": "https://www.peeringdb.com/fac/376"}}, {"type": "Feature", "geometry": {"type": "Point", "coordinates": [8.64637, 52.12009]}, "properties": {"name": "DTS DataCenter Herford", "city": "Herford", "country": "DE", "status": "operational", "url": "https://www.peeringdb.com/fac/377"}}, {"type": "Feature", "geometry": {"type": "Point", "coordinates": [12.925524, 57.71545]}, "properties": {"name": "Berget Boras", "city": "Boras", "country": "SE", "status": "operational", "url": "https://www.peeringdb.com/fac/383"}}, {"type": "Feature", "geometry": {"type": "Point", "coordinates": [3.868353, 43.596863]}, "properties": {"name": "UltraEdge Montpellier", "city": "Montpellier", "country": "FR", "status": "operational", "url": "https://www.peeringdb.com/fac/386"}}, {"type": "Feature", "geometry": {"type": "Point", "coordinates": [-0.27746, 51.528788]}, "properties": {"name": "Equinix LD3 - London, Park Royal", "city": "London", "country": "GB", "status": "operational", "url": "https://www.peeringdb.com/fac/398"}}, {"type": "Feature", "geometry": {"type": "Point", "coordinates": [-0.635545, 51.523805]}, "properties": {"name": "Equinix LD4 - London, Slough", "city": "Slough", "country": "GB", "status": "operational", "url": "https://www.peeringdb.com/fac/399"}}, {"type": "Feature", "geometry": {"type": "Point", "coordinates": [4.919422, 52.333407]}, "properties": {"name": "euNetworks Amsterdam", "city": "Amsterdam", "country": "NL", "status": "operational", "url": "https://www.peeringdb.com/fac/406"}}, {"type": "Feature", "geometry": {"type": "Point", "coordinates": [2.363056, 48.911058]}, "properties": {"name": "MCI/Verizon Paris St Denis", "city": "Paris", "country": "FR", "status": "operational", "url": "https://www.peeringdb.com/fac/412"}}, {"type": "Feature", "geometry": {"type": "Point", "coordinates": [10.834971, 59.938433]}, "properties": {"name": "Verizon HMG9 Oslo", "city": "Oslo", "country": "NO", "status": "operational", "url": "https://www.peeringdb.com/fac/413"}}, {"type": "Feature", "geometry": {"type": "Point", "coordinates": [12.578517, 55.625745]}, "properties": {"name": "Telia Copenhagen (\u00d8restad/OSD)", "city": "K\u00f8benhavn S", "country": "DK", "status": "operational", "url": "https://www.peeringdb.com/fac/417"}}, {"type": "Feature", "geometry": {"type": "Point", "coordinates": [0.002415, 51.542392]}, "properties": {"name": "TATA Communications Stratford", "city": "London", "country": "GB", "status": "operational", "url": "https://www.peeringdb.com/fac/418"}}, {"type": "Feature", "geometry": {"type": "Point", "coordinates": [12.935775, 55.571236]}, "properties": {"name": "Malm\u00f6/B", "city": "Malm\u00f6", "country": "SE", "status": "operational", "url": "https://www.peeringdb.com/fac/419"}}, {"type": "Feature", "geometry": {"type": "Point", "coordinates": [5.623903, 52.027212]}, "properties": {"name": "BIT-2", "city": "Ede", "country": "NL", "status": "operational", "url": "https://www.peeringdb.com/fac/421"}}, {"type": "Feature", "geometry": {"type": "Point", "coordinates": [14.53335, 50.082018]}, "properties": {"name": "TTC TELEPORT DC1", "city": "Prague", "country": "CZ", "status": "operational", "url": "https://www.peeringdb.com/fac/424"}}, {"type": "Feature", "geometry": {"type": "Point", "coordinates": [6.52852, 53.246048]}, "properties": {"name": "QTS Groningen (GRO1)", "city": "Groningen", "country": "NL", "status": "operational", "url": "https://www.peeringdb.com/fac/426"}}, {"type": "Feature", "geometry": {"type": "Point", "coordinates": [10.04365, 53.54799]}, "properties": {"name": "NorthC Hamburg", "city": "Hamburg", "country": "DE", "status": "operational", "url": "https://www.peeringdb.com/fac/427"}}, {"type": "Feature", "geometry": {"type": "Point", "coordinates": [13.36945, 52.50192]}, "properties": {"name": "Pixelpark GmbH Colo II Berlin", "city": "Berlin", "country": "DE", "status": "operational", "url": "https://www.peeringdb.com/fac/429"}}, {"type": "Feature", "geometry": {"type": "Point", "coordinates": [12.002845, 57.731137]}, "properties": {"name": "Gothnet DC Marieholm", "city": "Gothenburg", "country": "SE", "status": "operational", "url": "https://www.peeringdb.com/fac/434"}}, {"type": "Feature", "geometry": {"type": "Point", "coordinates": [26.120789, 44.481916]}, "properties": {"name": "NXDATA-1 Bucharest (BUH1)", "city": "Bucharest", "country": "RO", "status": "operational", "url": "https://www.peeringdb.com/fac/439"}}, {"type": "Feature", "geometry": {"type": "Point", "coordinates": [4.851132, 52.396443]}, "properties": {"name": "Databarn Amsterdam", "city": "Amsterdam", "country": "NL", "status": "operational", "url": "https://www.peeringdb.com/fac/441"}}, {"type": "Feature", "geometry": {"type": "Point", "coordinates": [4.585041, 51.953828]}, "properties": {"name": "GrafiX Internet B.V. - Capelle", "city": "Capelle aan den IJssel", "country": "NL", "status": "operational", "url": "https://www.peeringdb.com/fac/442"}}, {"type": "Feature", "geometry": {"type": "Point", "coordinates": [11.06364, 49.45341]}, "properties": {"name": "noris network datacenter.de NBG3 / NBG4", "city": "Nuremberg", "country": "DE", "status": "operational", "url": "https://www.peeringdb.com/fac/444"}}, {"type": "Feature", "geometry": {"type": "Point", "coordinates": [13.36945, 52.50192]}, "properties": {"name": "CarrierColo Berlin Luetzow (I/P/B/ site B)", "city": "Berlin", "country": "DE", "status": "operational", "url": "https://www.peeringdb.com/fac/445"}}, {"type": "Feature", "geometry": {"type": "Point", "coordinates": [6.055572, 46.232973]}, "properties": {"name": "CERN Geneva", "city": "Meyrin", "country": "CH", "status": "operational", "url": "https://www.peeringdb.com/fac/449"}}, {"type": "Feature", "geometry": {"type": "Point", "coordinates": [13.36945, 52.50192]}, "properties": {"name": "DNS:NET Colo I Berlin", "city": "Berlin", "country": "DE", "status": "operational", "url": "https://www.peeringdb.com/fac/454"}}, {"type": "Feature", "geometry": {"type": "Point", "coordinates": [12.148083, 49.013454]}, "properties": {"name": "R-KOM Datacenter", "city": "Regensburg", "country": "DE", "status": "operational", "url": "https://www.peeringdb.com/fac/455"}}, {"type": "Feature", "geometry": {"type": "Point", "coordinates": [8.741764, 50.141895]}, "properties": {"name": "Equinix FR2 - Frankfurt, North", "city": "Frankfurt", "country": "DE", "status": "operational", "url": "https://www.peeringdb.com/fac/457"}}, {"type": "Feature", "geometry": {"type": "Point", "coordinates": [-9.146581, 38.756444]}, "properties": {"name": "FCCN Lisbon - SE03", "city": "Lisbon", "country": "PT", "status": "operational", "url": "https://www.peeringdb.com/fac/458"}}, {"type": "Feature", "geometry": {"type": "Point", "coordinates": [21.005015, 52.227718]}, "properties": {"name": "LIM Warsaw", "city": "Warsaw", "country": "PL", "status": "operational", "url": "https://www.peeringdb.com/fac/462"}}, {"type": "Feature", "geometry": {"type": "Point", "coordinates": [17.998905, 59.362546]}, "properties": {"name": "Telia Stockholm STK2", "city": "Solna", "country": "SE", "status": "operational", "url": "https://www.peeringdb.com/fac/463"}}, {"type": "Feature", "geometry": {"type": "Point", "coordinates": [13.36937, 52.46566]}, "properties": {"name": "euNetworks Colocation Berlin", "city": "Berlin", "country": "DE", "status": "operational", "url": "https://www.peeringdb.com/fac/464"}}, {"type": "Feature", "geometry": {"type": "Point", "coordinates": [17.095572, 48.118746]}, "properties": {"name": "Sitel Bratislava", "city": "Bratislava", "country": "SK", "status": "operational", "url": "https://www.peeringdb.com/fac/465"}}, {"type": "Feature", "geometry": {"type": "Point", "coordinates": [11.06364, 49.45341]}, "properties": {"name": "Core-Backbone NBG1", "city": "Nuremberg", "country": "DE", "status": "operational", "url": "https://www.peeringdb.com/fac/473"}}, {"type": "Feature", "geometry": {"type": "Point", "coordinates": [9.17098, 48.70899]}, "properties": {"name": "Nepustil Stuttgart Zettachring 10a", "city": "Stuttgart", "country": "DE", "status": "operational", "url": "https://www.peeringdb.com/fac/477"}}, {"type": "Feature", "geometry": {"type": "Point", "coordinates": [13.237136, 52.538479]}, "properties": {"name": "NTT Berlin 1 Data Center (BER1)", "city": "Berlin", "country": "DE", "status": "operational", "url": "https://www.peeringdb.com/fac/478"}}, {"type": "Feature", "geometry": {"type": "Point", "coordinates": [11.55584, 48.143056]}, "properties": {"name": "Equinix MU1/MU3 - Munich", "city": "Munich", "country": "DE", "status": "operational", "url": "https://www.peeringdb.com/fac/480"}}, {"type": "Feature", "geometry": {"type": "Point", "coordinates": [12.998449, 55.606818]}, "properties": {"name": "Malm\u00f6 V\u00e4stergatan 4 / Stortorget", "city": "Malm\u00f6", "country": "SE", "status": "operational", "url": "https://www.peeringdb.com/fac/484"}}, {"type": "Feature", "geometry": {"type": "Point", "coordinates": [4.923265, 52.332165]}, "properties": {"name": "Digital Realty Amsterdam AMS18", "city": "Amsterdam", "country": "NL", "status": "operational", "url": "https://www.peeringdb.com/fac/494"}}, {"type": "Feature", "geometry": {"type": "Point", "coordinates": [-6.416232, 53.291549]}, "properties": {"name": "euNetworks (Global Voice)", "city": "Dublin", "country": "IE", "status": "operational", "url": "https://www.peeringdb.com/fac/495"}}, {"type": "Feature", "geometry": {"type": "Point", "coordinates": [6.457331, 50.82885]}, "properties": {"name": "SOCO Datacenter", "city": "Dueren", "country": "DE", "status": "operational", "url": "https://www.peeringdb.com/fac/496"}}, {"type": "Feature", "geometry": {"type": "Point", "coordinates": [4.640164, 52.131092]}, "properties": {"name": "GrafiX Internet B.V. - Alphen", "city": "Alphen aan den Rijn", "country": "NL", "status": "operational", "url": "https://www.peeringdb.com/fac/497"}}, {"type": "Feature", "geometry": {"type": "Point", "coordinates": [2.362398, 48.914726]}, "properties": {"name": "Digital Realty Paris PAR3", "city": "Paris", "country": "FR", "status": "operational", "url": "https://www.peeringdb.com/fac/498"}}, {"type": "Feature", "geometry": {"type": "Point", "coordinates": [21.003357, 52.227354]}, "properties": {"name": "Equinix WA1 - Warsaw, Centrum LIM", "city": "Warsaw", "country": "PL", "status": "operational", "url": "https://www.peeringdb.com/fac/509"}}, {"type": "Feature", "geometry": {"type": "Point", "coordinates": [16.377515, 48.214174]}, "properties": {"name": "Raiffeisen Diana Haus (RDH)", "city": "Vienna", "country": "AT", "status": "operational", "url": "https://www.peeringdb.com/fac/511"}}, {"type": "Feature", "geometry": {"type": "Point", "coordinates": [11.06364, 49.45341]}, "properties": {"name": "Core-Backbone NBG2", "city": "Nuremberg", "country": "DE", "status": "operational", "url": "https://www.peeringdb.com/fac/517"}}, {"type": "Feature", "geometry": {"type": "Point", "coordinates": [11.06364, 49.45341]}, "properties": {"name": "Core-Backbone NBG3", "city": "Nuremberg", "country": "DE", "status": "operational", "url": "https://www.peeringdb.com/fac/518"}}, {"type": "Feature", "geometry": {"type": "Point", "coordinates": [4.305055, 51.587535]}, "properties": {"name": "Eurofiber Datacenter Nedzone", "city": "Steenbergen", "country": "NL", "status": "operational", "url": "https://www.peeringdb.com/fac/524"}}, {"type": "Feature", "geometry": {"type": "Point", "coordinates": [14.472131, 50.078067]}, "properties": {"name": "UPL TELECOM s.r.o.", "city": "Prague", "country": "CZ", "status": "operational", "url": "https://www.peeringdb.com/fac/529"}}, {"type": "Feature", "geometry": {"type": "Point", "coordinates": [6.858243, 53.437293]}, "properties": {"name": "QTS Eemshaven (EEM1)", "city": "Eemshaven", "country": "NL", "status": "operational", "url": "https://www.peeringdb.com/fac/532"}}, {"type": "Feature", "geometry": {"type": "Point", "coordinates": [-0.257425, 51.530547]}, "properties": {"name": "Equinix LD9 - London, Powergate", "city": "London", "country": "GB", "status": "operational", "url": "https://www.peeringdb.com/fac/534"}}, {"type": "Feature", "geometry": {"type": "Point", "coordinates": [10.812054, 59.928212]}, "properties": {"name": "Arelion Oslo OKR/C", "city": "Oslo", "country": "NO", "status": "operational", "url": "https://www.peeringdb.com/fac/535"}}, {"type": "Feature", "geometry": {"type": "Point", "coordinates": [12.519543, 55.784385]}, "properties": {"name": "UNI-C", "city": "Lyngby", "country": "DK", "status": "operational", "url": "https://www.peeringdb.com/fac/536"}}, {"type": "Feature", "geometry": {"type": "Point", "coordinates": [7.744168, 48.60056]}, "properties": {"name": "Cogent Strasbourg", "city": "Schiltigheim", "country": "FR", "status": "operational", "url": "https://www.peeringdb.com/fac/537"}}, {"type": "Feature", "geometry": {"type": "Point", "coordinates": [4.546787, 51.91038]}, "properties": {"name": "Databarn Rivium", "city": "Capelle aan den IJssel", "country": "NL", "status": "operational", "url": "https://www.peeringdb.com/fac/538"}}, {"type": "Feature", "geometry": {"type": "Point", "coordinates": [4.474623, 51.92025]}, "properties": {"name": "Intermax Schouwburgplein Rotterdam", "city": "Rotterdam", "country": "NL", "status": "operational", "url": "https://www.peeringdb.com/fac/544"}}, {"type": "Feature", "geometry": {"type": "Point", "coordinates": [9.187323, 45.465492]}, "properties": {"name": "WIIT Milano", "city": "Milan", "country": "IT", "status": "operational", "url": "https://www.peeringdb.com/fac/545"}}, {"type": "Feature", "geometry": {"type": "Point", "coordinates": [12.512156, 41.898919]}, "properties": {"name": "Namex Datacenter Rome", "city": "Rome", "country": "IT", "status": "operational", "url": "https://www.peeringdb.com/fac/555"}}, {"type": "Feature", "geometry": {"type": "Point", "coordinates": [0.725281, 51.312671]}, "properties": {"name": "Kent Science Park", "city": "Kent", "country": "GB", "status": "operational", "url": "https://www.peeringdb.com/fac/565"}}, {"type": "Feature", "geometry": {"type": "Point", "coordinates": [5.702234, 52.53901]}, "properties": {"name": "Solcon Datacenter Dronten", "city": "Dronten", "country": "NL", "status": "operational", "url": "https://www.peeringdb.com/fac/567"}}, {"type": "Feature", "geometry": {"type": "Point", "coordinates": [-0.588081, 51.511977]}, "properties": {"name": "SloughIX", "city": "Slough", "country": "GB", "status": "operational", "url": "https://www.peeringdb.com/fac/571"}}, {"type": "Feature", "geometry": {"type": "Point", "coordinates": [3.871767, 43.584614]}, "properties": {"name": "Montpellier Internet Telecom Datacenter", "city": "Montpellier", "country": "FR", "status": "operational", "url": "https://www.peeringdb.com/fac/586"}}, {"type": "Feature", "geometry": {"type": "Point", "coordinates": [9.474905, 55.534452]}, "properties": {"name": "GlobalConnect Kolding", "city": "Kolding", "country": "DK", "status": "operational", "url": "https://www.peeringdb.com/fac/589"}}, {"type": "Feature", "geometry": {"type": "Point", "coordinates": [6.86608, 51.188]}, "properties": {"name": "comtrance Duesseldorf", "city": "D\u00fcsseldorf", "country": "DE", "status": "operational", "url": "https://www.peeringdb.com/fac/591"}}, {"type": "Feature", "geometry": {"type": "Point", "coordinates": [14.472131, 50.078067]}, "properties": {"name": "Inter Fiber", "city": "Peague 3", "country": "CZ", "status": "operational", "url": "https://www.peeringdb.com/fac/592"}}, {"type": "Feature", "geometry": {"type": "Point", "coordinates": [7.219452, 51.488704]}, "properties": {"name": "TMR Telehouse Bochum", "city": "Bochum", "country": "DE", "status": "operational", "url": "https://www.peeringdb.com/fac/594"}}, {"type": "Feature", "geometry": {"type": "Point", "coordinates": [13.40806, 52.35737]}, "properties": {"name": "Webplus24 GmbH", "city": "Mahlow", "country": "DE", "status": "operational", "url": "https://www.peeringdb.com/fac/595"}}, {"type": "Feature", "geometry": {"type": "Point", "coordinates": [4.841993, 52.400002]}, "properties": {"name": "WideXS - G54", "city": "Amsterdam", "country": "NL", "status": "operational", "url": "https://www.peeringdb.com/fac/596"}}, {"type": "Feature", "geometry": {"type": "Point", "coordinates": [-2.258538, 53.37912]}, "properties": {"name": "Teledata Manchester - Delta House", "city": "Manchester", "country": "GB", "status": "operational", "url": "https://www.peeringdb.com/fac/601"}}, {"type": "Feature", "geometry": {"type": "Point", "coordinates": [8.63461, 50.1003]}, "properties": {"name": "Lumen Frankfurt 2", "city": "Frankfurt", "country": "DE", "status": "operational", "url": "https://www.peeringdb.com/fac/603"}}, {"type": "Feature", "geometry": {"type": "Point", "coordinates": [16.031468, 45.785779]}, "properties": {"name": "A1 Hrvatska Zagreb", "city": "Zagreb", "country": "HR", "status": "operational", "url": "https://www.peeringdb.com/fac/607"}}, {"type": "Feature", "geometry": {"type": "Point", "coordinates": [17.037555, 51.09664]}, "properties": {"name": "TKTelekom - Joanitow", "city": "Wroclaw", "country": "PL", "status": "operational", "url": "https://www.peeringdb.com/fac/616"}}, {"type": "Feature", "geometry": {"type": "Point", "coordinates": [7.075697, 43.604752]}, "properties": {"name": "nLighten Sophia Antipolis NCE1", "city": "Antibes", "country": "FR", "status": "operational", "url": "https://www.peeringdb.com/fac/617"}}, {"type": "Feature", "geometry": {"type": "Point", "coordinates": [-8.512335, 51.903621]}, "properties": {"name": "CIX", "city": "Cork City", "country": "IE", "status": "operational", "url": "https://www.peeringdb.com/fac/620"}}, {"type": "Feature", "geometry": {"type": "Point", "coordinates": [1.076366, 49.428736]}, "properties": {"name": "Cogent Rouen", "city": "Rouen", "country": "FR", "status": "operational", "url": "https://www.peeringdb.com/fac/628"}}, {"type": "Feature", "geometry": {"type": "Point", "coordinates": [12.307179, 55.662392]}, "properties": {"name": "GlobalConnect Taastrup 2", "city": "Taastrup", "country": "DK", "status": "operational", "url": "https://www.peeringdb.com/fac/630"}}, {"type": "Feature", "geometry": {"type": "Point", "coordinates": [-0.618277, 51.520432]}, "properties": {"name": "Rackspace Slough", "city": "Slough", "country": "GB", "status": "operational", "url": "https://www.peeringdb.com/fac/631"}}, {"type": "Feature", "geometry": {"type": "Point", "coordinates": [-0.943472, 51.457714]}, "properties": {"name": "Pulsant Reading SE-4 (East)", "city": "Reading", "country": "GB", "status": "operational", "url": "https://www.peeringdb.com/fac/633"}}, {"type": "Feature", "geometry": {"type": "Point", "coordinates": [2.081473, 48.726927]}, "properties": {"name": "Telehouse - Paris 3 (Magny)", "city": "Magny-les-Hameaux", "country": "FR", "status": "operational", "url": "https://www.peeringdb.com/fac/636"}}, {"type": "Feature", "geometry": {"type": "Point", "coordinates": [7.247146, 47.135052]}, "properties": {"name": "ColoB\u00e2le", "city": "Pratteln", "country": "CH", "status": "operational", "url": "https://www.peeringdb.com/fac/639"}}, {"type": "Feature", "geometry": {"type": "Point", "coordinates": [8.515613, 47.186808]}, "properties": {"name": "zugernet", "city": "Baar", "country": "CH", "status": "operational", "url": "https://www.peeringdb.com/fac/640"}}, {"type": "Feature", "geometry": {"type": "Point", "coordinates": [3.767603, 50.987659]}, "properties": {"name": "nLighten Gent BRU1", "city": "Merelbeke", "country": "BE", "status": "operational", "url": "https://www.peeringdb.com/fac/644"}}, {"type": "Feature", "geometry": {"type": "Point", "coordinates": [9.101828, 45.478016]}, "properties": {"name": "EXA Edge DC Milan", "city": "Milan", "country": "IT", "status": "operational", "url": "https://www.peeringdb.com/fac/646"}}, {"type": "Feature", "geometry": {"type": "Point", "coordinates": [4.422969, 50.905082]}, "properties": {"name": "Belgacom Netcenter - 02MRI", "city": "Machelen", "country": "BE", "status": "operational", "url": "https://www.peeringdb.com/fac/652"}}, {"type": "Feature", "geometry": {"type": "Point", "coordinates": [2.411851, 48.794768]}, "properties": {"name": "OPCORE - DC2 / PAR2", "city": "Vitry-sur-Seine", "country": "FR", "status": "operational", "url": "https://www.peeringdb.com/fac/655"}}, {"type": "Feature", "geometry": {"type": "Point", "coordinates": [-1.277122, 51.373297]}, "properties": {"name": "The Bunker (Newbury)", "city": "Thatcham", "country": "GB", "status": "operational", "url": "https://www.peeringdb.com/fac/656"}}, {"type": "Feature", "geometry": {"type": "Point", "coordinates": [4.842911, 52.400495]}, "properties": {"name": "nLighten Amsterdam AMS1", "city": "Amsterdam", "country": "NL", "status": "operational", "url": "https://www.peeringdb.com/fac/659"}}, {"type": "Feature", "geometry": {"type": "Point", "coordinates": [5.262687, 50.580621]}, "properties": {"name": "WDC", "city": "Villers-le-Bouillet", "country": "BE", "status": "operational", "url": "https://www.peeringdb.com/fac/662"}}, {"type": "Feature", "geometry": {"type": "Point", "coordinates": [23.306259, 42.702735]}, "properties": {"name": "TELEPOINT Sofia Centre", "city": "Sofia", "country": "BG", "status": "operational", "url": "https://www.peeringdb.com/fac/663"}}, {"type": "Feature", "geometry": {"type": "Point", "coordinates": [23.366812, 42.679361]}, "properties": {"name": "ITD Network SA Core Colocation center", "city": "Sofia", "country": "BG", "status": "operational", "url": "https://www.peeringdb.com/fac/664"}}, {"type": "Feature", "geometry": {"type": "Point", "coordinates": [23.316748, 42.694699]}, "properties": {"name": "ITD Network SA Access Colocation Center", "city": "Sofia", "country": "BG", "status": "operational", "url": "https://www.peeringdb.com/fac/665"}}, {"type": "Feature", "geometry": {"type": "Point", "coordinates": [23.369197, 42.656366]}, "properties": {"name": "Sofia Data Center (SDC)", "city": "Sofia", "country": "BG", "status": "operational", "url": "https://www.peeringdb.com/fac/666"}}, {"type": "Feature", "geometry": {"type": "Point", "coordinates": [27.912757, 43.205497]}, "properties": {"name": "Varna Teleport Center", "city": "Varna", "country": "BG", "status": "operational", "url": "https://www.peeringdb.com/fac/673"}}, {"type": "Feature", "geometry": {"type": "Point", "coordinates": [27.473234, 42.492929]}, "properties": {"name": "Burgas Teleport Center", "city": "Burgas", "country": "BG", "status": "operational", "url": "https://www.peeringdb.com/fac/674"}}, {"type": "Feature", "geometry": {"type": "Point", "coordinates": [24.753688, 42.13603]}, "properties": {"name": "Plovdiv Teleport Center", "city": "Plovdiv", "country": "BG", "status": "operational", "url": "https://www.peeringdb.com/fac/675"}}, {"type": "Feature", "geometry": {"type": "Point", "coordinates": [-1.138982, 52.950916]}, "properties": {"name": "iomart DC3 Nottingham", "city": "Nottingham", "country": "GB", "status": "operational", "url": "https://www.peeringdb.com/fac/676"}}, {"type": "Feature", "geometry": {"type": "Point", "coordinates": [4.473742, 51.917088]}, "properties": {"name": "Luna.nl Rotterdam Puntegale", "city": "Rotterdam", "country": "NL", "status": "operational", "url": "https://www.peeringdb.com/fac/678"}}, {"type": "Feature", "geometry": {"type": "Point", "coordinates": [8.587964, 50.097939]}, "properties": {"name": "Equinix FR4 - Frankfurt, West", "city": "Frankfurt", "country": "DE", "status": "operational", "url": "https://www.peeringdb.com/fac/683"}}, {"type": "Feature", "geometry": {"type": "Point", "coordinates": [18.105656, 59.263521]}, "properties": {"name": "Equinix SK2 - Stockholm, Sk\u00f6ndal", "city": "Stockholm", "country": "SE", "status": "operational", "url": "https://www.peeringdb.com/fac/684"}}, {"type": "Feature", "geometry": {"type": "Point", "coordinates": [13.37372, 52.43267]}, "properties": {"name": "Lumen Berlin", "city": "Berlin", "country": "DE", "status": "operational", "url": "https://www.peeringdb.com/fac/685"}}, {"type": "Feature", "geometry": {"type": "Point", "coordinates": [9.994222, 53.706205]}, "properties": {"name": "Stadtwerke Norderstedt RZ1", "city": "Norderstedt", "country": "DE", "status": "operational", "url": "https://www.peeringdb.com/fac/686"}}, {"type": "Feature", "geometry": {"type": "Point", "coordinates": [28.827068, 40.993532]}, "properties": {"name": "Verizon Istanbul", "city": "Istanbul", "country": "TR", "status": "operational", "url": "https://www.peeringdb.com/fac/687"}}, {"type": "Feature", "geometry": {"type": "Point", "coordinates": [7.193234, 51.474367]}, "properties": {"name": "GFR DataCenter Bochum", "city": "Bochum", "country": "DE", "status": "operational", "url": "https://www.peeringdb.com/fac/700"}}, {"type": "Feature", "geometry": {"type": "Point", "coordinates": [4.929288, 51.579078]}, "properties": {"name": "Global-e Datacenter NLRI1", "city": "Rijen", "country": "NL", "status": "operational", "url": "https://www.peeringdb.com/fac/707"}}, {"type": "Feature", "geometry": {"type": "Point", "coordinates": [7.658883, 45.090615]}, "properties": {"name": "BBBell Torino", "city": "Turin", "country": "IT", "status": "operational", "url": "https://www.peeringdb.com/fac/708"}}, {"type": "Feature", "geometry": {"type": "Point", "coordinates": [2.362402, 48.914183]}, "properties": {"name": "Digital Realty Paris PAR5", "city": "Paris", "country": "FR", "status": "operational", "url": "https://www.peeringdb.com/fac/714"}}, {"type": "Feature", "geometry": {"type": "Point", "coordinates": [2.402842, 48.815272]}, "properties": {"name": "Digital Realty Paris PAR6", "city": "Paris", "country": "FR", "status": "operational", "url": "https://www.peeringdb.com/fac/715"}}, {"type": "Feature", "geometry": {"type": "Point", "coordinates": [4.455725, 50.887581]}, "properties": {"name": "Lumen Brussels", "city": "Machelen", "country": "BE", "status": "operational", "url": "https://www.peeringdb.com/fac/716"}}, {"type": "Feature", "geometry": {"type": "Point", "coordinates": [2.350664, 48.927166]}, "properties": {"name": "Equinix PA3 - Paris, Saint-Denis", "city": "Paris", "country": "FR", "status": "operational", "url": "https://www.peeringdb.com/fac/717"}}, {"type": "Feature", "geometry": {"type": "Point", "coordinates": [-0.555491, 44.86328]}, "properties": {"name": "Cogent Bordeaux", "city": "Bordeaux", "country": "FR", "status": "operational", "url": "https://www.peeringdb.com/fac/718"}}, {"type": "Feature", "geometry": {"type": "Point", "coordinates": [5.03019, 47.308867]}, "properties": {"name": "Cogent Dijon", "city": "Dijon", "country": "FR", "status": "operational", "url": "https://www.peeringdb.com/fac/721"}}, {"type": "Feature", "geometry": {"type": "Point", "coordinates": [5.736655, 45.189943]}, "properties": {"name": "Cogent Grenoble", "city": "Grenoble", "country": "FR", "status": "operational", "url": "https://www.peeringdb.com/fac/722"}}, {"type": "Feature", "geometry": {"type": "Point", "coordinates": [2.241557, 48.907073]}, "properties": {"name": "Cogent Paris", "city": "La Garenne Colombes", "country": "FR", "status": "operational", "url": "https://www.peeringdb.com/fac/723"}}, {"type": "Feature", "geometry": {"type": "Point", "coordinates": [4.843612, 45.729237]}, "properties": {"name": "ETIX Lyon #1", "city": "Lyon", "country": "FR", "status": "operational", "url": "https://www.peeringdb.com/fac/724"}}, {"type": "Feature", "geometry": {"type": "Point", "coordinates": [-1.550442, 47.203142]}, "properties": {"name": "Cogent Nantes", "city": "Nantes", "country": "FR", "status": "operational", "url": "https://www.peeringdb.com/fac/725"}}, {"type": "Feature", "geometry": {"type": "Point", "coordinates": [0.339986, 46.588271]}, "properties": {"name": "Cogent Poitiers", "city": "Poitiers", "country": "FR", "status": "operational", "url": "https://www.peeringdb.com/fac/726"}}, {"type": "Feature", "geometry": {"type": "Point", "coordinates": [-1.64368, 48.107474]}, "properties": {"name": "Cogent Rennes", "city": "Rennes", "country": "FR", "status": "operational", "url": "https://www.peeringdb.com/fac/727"}}, {"type": "Feature", "geometry": {"type": "Point", "coordinates": [0.686648, 47.432609]}, "properties": {"name": "Cogent Tours", "city": "Tours", "country": "FR", "status": "operational", "url": "https://www.peeringdb.com/fac/730"}}, {"type": "Feature", "geometry": {"type": "Point", "coordinates": [2.208055, 48.783682]}, "properties": {"name": "Cogent Velizy", "city": "V\u00e9lizy-Villacoublay", "country": "FR", "status": "operational", "url": "https://www.peeringdb.com/fac/731"}}, {"type": "Feature", "geometry": {"type": "Point", "coordinates": [11.5842, 50.8953]}, "properties": {"name": "Carrierswitchraum Jena", "city": "Jena", "country": "DE", "status": "operational", "url": "https://www.peeringdb.com/fac/735"}}, {"type": "Feature", "geometry": {"type": "Point", "coordinates": [11.584776, 50.928788]}, "properties": {"name": "Intershop-Tower Jena", "city": "Jena", "country": "DE", "status": "operational", "url": "https://www.peeringdb.com/fac/736"}}, {"type": "Feature", "geometry": {"type": "Point", "coordinates": [18.085488, 59.312383]}, "properties": {"name": "Bahnhof Pionen", "city": "Stockholm", "country": "SE", "status": "operational", "url": "https://www.peeringdb.com/fac/740"}}, {"type": "Feature", "geometry": {"type": "Point", "coordinates": [24.137042, 56.923961]}, "properties": {"name": "LVRTC TV Tower", "city": "Riga", "country": "LV", "status": "operational", "url": "https://www.peeringdb.com/fac/741"}}, {"type": "Feature", "geometry": {"type": "Point", "coordinates": [24.124289, 56.951976]}, "properties": {"name": "Perses 2 - Riga", "city": "Riga", "country": "LV", "status": "operational", "url": "https://www.peeringdb.com/fac/744"}}, {"type": "Feature", "geometry": {"type": "Point", "coordinates": [-1.268159, 51.749144]}, "properties": {"name": "Gigastream Oxford 1", "city": "Oxford", "country": "GB", "status": "operational", "url": "https://www.peeringdb.com/fac/745"}}, {"type": "Feature", "geometry": {"type": "Point", "coordinates": [10.132338, 54.310789]}, "properties": {"name": "Hoern Campus Kiel", "city": "Kiel", "country": "DE", "status": "operational", "url": "https://www.peeringdb.com/fac/746"}}, {"type": "Feature", "geometry": {"type": "Point", "coordinates": [8.647503, 50.105432]}, "properties": {"name": "euNetworks Colocation Frankfurt", "city": "Frankfurt", "country": "DE", "status": "operational", "url": "https://www.peeringdb.com/fac/747"}}, {"type": "Feature", "geometry": {"type": "Point", "coordinates": [9.76883, 52.398251]}, "properties": {"name": "euNetworks Colocation Hannover", "city": "Hannover", "country": "DE", "status": "operational", "url": "https://www.peeringdb.com/fac/749"}}, {"type": "Feature", "geometry": {"type": "Point", "coordinates": [13.731843, 51.038826]}, "properties": {"name": "euNetworks Colocation Dresden", "city": "Dresden", "country": "DE", "status": "operational", "url": "https://www.peeringdb.com/fac/750"}}, {"type": "Feature", "geometry": {"type": "Point", "coordinates": [12.39941, 51.364861]}, "properties": {"name": "euNetworks Colocation Leipzig", "city": "Leipzig", "country": "DE", "status": "operational", "url": "https://www.peeringdb.com/fac/751"}}, {"type": "Feature", "geometry": {"type": "Point", "coordinates": [10.048008, 53.549318]}, "properties": {"name": "euNetworks Colocation Hamburg", "city": "Hamburg", "country": "DE", "status": "operational", "url": "https://www.peeringdb.com/fac/752"}}, {"type": "Feature", "geometry": {"type": "Point", "coordinates": [6.790216, 51.226515]}, "properties": {"name": "euNetworks Duesseldorf - site closed", "city": "D\u00fcsseldorf", "country": "DE", "status": "operational", "url": "https://www.peeringdb.com/fac/753"}}, {"type": "Feature", "geometry": {"type": "Point", "coordinates": [6.973508, 50.937182]}, "properties": {"name": "euNetworks Colocation Koeln", "city": "Cologne", "country": "DE", "status": "operational", "url": "https://www.peeringdb.com/fac/754"}}, {"type": "Feature", "geometry": {"type": "Point", "coordinates": [11.521064, 48.149349]}, "properties": {"name": "euNetworks Colocation Muenchen 1", "city": "Munich", "country": "DE", "status": "operational", "url": "https://www.peeringdb.com/fac/755"}}, {"type": "Feature", "geometry": {"type": "Point", "coordinates": [11.03472, 49.45971]}, "properties": {"name": "euNetworks Colocation Nuernberg", "city": "Nuremberg", "country": "DE", "status": "operational", "url": "https://www.peeringdb.com/fac/757"}}, {"type": "Feature", "geometry": {"type": "Point", "coordinates": [18.420575, -33.918595]}, "properties": {"name": "NTT Data (MEA) - Cape Town", "city": "Cape Town", "country": "ZA", "status": "operational", "url": "https://www.peeringdb.com/fac/760"}}, {"type": "Feature", "geometry": {"type": "Point", "coordinates": [-8.597688, 41.17794]}, "properties": {"name": "FCCN Oporto", "city": "Porto", "country": "PT", "status": "operational", "url": "https://www.peeringdb.com/fac/762"}}, {"type": "Feature", "geometry": {"type": "Point", "coordinates": [-2.238537, 53.463125]}, "properties": {"name": "The UK Grid Network LTD (Greenheys DC)", "city": "Manchester", "country": "GB", "status": "operational", "url": "https://www.peeringdb.com/fac/764"}}, {"type": "Feature", "geometry": {"type": "Point", "coordinates": [26.089852, 44.484589]}, "properties": {"name": "iNES Datacenter Bucharest", "city": "Bucharest", "country": "RO", "status": "operational", "url": "https://www.peeringdb.com/fac/772"}}, {"type": "Feature", "geometry": {"type": "Point", "coordinates": [14.309852, 46.62109]}, "properties": {"name": "Kelag Klagenfurt", "city": "Klagenfurt", "country": "AT", "status": "operational", "url": "https://www.peeringdb.com/fac/777"}}, {"type": "Feature", "geometry": {"type": "Point", "coordinates": [14.315468, 46.617463]}, "properties": {"name": "Stadtwerke Klagenfurt", "city": "Klagenfurt am W\u00f6rthersee", "country": "AT", "status": "operational", "url": "https://www.peeringdb.com/fac/778"}}, {"type": "Feature", "geometry": {"type": "Point", "coordinates": [10.048008, 53.549318]}, "properties": {"name": "Portus/IPHH HH2 (Wendenstrasse 408)", "city": "Hamburg", "country": "DE", "status": "operational", "url": "https://www.peeringdb.com/fac/782"}}, {"type": "Feature", "geometry": {"type": "Point", "coordinates": [-6.218081, 53.400983]}, "properties": {"name": "Hibernia Atlantic Dublin International Exchange Center", "city": "Dublin", "country": "IE", "status": "operational", "url": "https://www.peeringdb.com/fac/785"}}, {"type": "Feature", "geometry": {"type": "Point", "coordinates": [24.714942, 59.435184]}, "properties": {"name": "Telia Telehouse KJJ", "city": "Tallinn", "country": "EE", "status": "operational", "url": "https://www.peeringdb.com/fac/787"}}, {"type": "Feature", "geometry": {"type": "Point", "coordinates": [25.288454, 54.691725]}, "properties": {"name": "Delska EU North Vilnius LT DC3", "city": "Vilnius", "country": "LT", "status": "operational", "url": "https://www.peeringdb.com/fac/788"}}, {"type": "Feature", "geometry": {"type": "Point", "coordinates": [24.118195, 56.948577]}, "properties": {"name": "Sigmanet Data Centre", "city": "Riga", "country": "LV", "status": "operational", "url": "https://www.peeringdb.com/fac/789"}}, {"type": "Feature", "geometry": {"type": "Point", "coordinates": [10.047057, 53.550912]}, "properties": {"name": "n@work Hamburg Wendenstra\u00dfe", "city": "Hamburg", "country": "DE", "status": "operational", "url": "https://www.peeringdb.com/fac/790"}}, {"type": "Feature", "geometry": {"type": "Point", "coordinates": [26.139318, 44.441308]}, "properties": {"name": "PROFISOL Bucharest", "city": "Bucharest", "country": "RO", "status": "operational", "url": "https://www.peeringdb.com/fac/793"}}, {"type": "Feature", "geometry": {"type": "Point", "coordinates": [24.922446, 60.204658]}, "properties": {"name": "Digita Helsinki Pasila Broadcasting Tower", "city": "Helsinki", "country": "FI", "status": "operational", "url": "https://www.peeringdb.com/fac/802"}}, {"type": "Feature", "geometry": {"type": "Point", "coordinates": [8.71898, 47.499068]}, "properties": {"name": "DataCenter Winterthur", "city": "Winterthur", "country": "CH", "status": "operational", "url": "https://www.peeringdb.com/fac/807"}}, {"type": "Feature", "geometry": {"type": "Point", "coordinates": [8.631763, 50.099697]}, "properties": {"name": "NewTelco Frankfurt", "city": "Frankfurt", "country": "DE", "status": "operational", "url": "https://www.peeringdb.com/fac/808"}}, {"type": "Feature", "geometry": {"type": "Point", "coordinates": [8.598073, 50.129995]}, "properties": {"name": "Global Switch Frankfurt", "city": "Frankfurt", "country": "DE", "status": "operational", "url": "https://www.peeringdb.com/fac/813"}}, {"type": "Feature", "geometry": {"type": "Point", "coordinates": [10.809217, 59.92599]}, "properties": {"name": "Rent a Rack", "city": "Oslo", "country": "NO", "status": "operational", "url": "https://www.peeringdb.com/fac/817"}}, {"type": "Feature", "geometry": {"type": "Point", "coordinates": [2.212531, 48.68827]}, "properties": {"name": "Alionis VBO", "city": "Villebon-sur-Yvette", "country": "FR", "status": "operational", "url": "https://www.peeringdb.com/fac/821"}}, {"type": "Feature", "geometry": {"type": "Point", "coordinates": [12.585254, 55.706356]}, "properties": {"name": "Siminn Hosting", "city": "Copenhagen", "country": "DK", "status": "operational", "url": "https://www.peeringdb.com/fac/822"}}, {"type": "Feature", "geometry": {"type": "Point", "coordinates": [4.034496, 49.233817]}, "properties": {"name": "Ikoula IKDC1", "city": "Reims", "country": "FR", "status": "operational", "url": "https://www.peeringdb.com/fac/823"}}, {"type": "Feature", "geometry": {"type": "Point", "coordinates": [4.017703, 49.258209]}, "properties": {"name": "Neuf Reims", "city": "Reims", "country": "FR", "status": "operational", "url": "https://www.peeringdb.com/fac/824"}}, {"type": "Feature", "geometry": {"type": "Point", "coordinates": [6.097904, 46.207429]}, "properties": {"name": "Equinix GV2 - Geneva, West", "city": "Geneva", "country": "CH", "status": "operational", "url": "https://www.peeringdb.com/fac/826"}}, {"type": "Feature", "geometry": {"type": "Point", "coordinates": [4.870918, 52.395902]}, "properties": {"name": "Serverfarm AMS1 Amsterdam", "city": "Amsterdam", "country": "NL", "status": "operational", "url": "https://www.peeringdb.com/fac/831"}}, {"type": "Feature", "geometry": {"type": "Point", "coordinates": [-0.62905, 51.522463]}, "properties": {"name": "Equinix LD5 - London, Slough", "city": "Slough", "country": "GB", "status": "operational", "url": "https://www.peeringdb.com/fac/832"}}, {"type": "Feature", "geometry": {"type": "Point", "coordinates": [8.520195, 47.38774]}, "properties": {"name": "Equinix ZH4 - Zurich", "city": "Zurich", "country": "CH", "status": "operational", "url": "https://www.peeringdb.com/fac/833"}}, {"type": "Feature", "geometry": {"type": "Point", "coordinates": [4.770622, 52.625663]}, "properties": {"name": "Datacenter Noord-Holland", "city": "Alkmaar", "country": "NL", "status": "operational", "url": "https://www.peeringdb.com/fac/834"}}, {"type": "Feature", "geometry": {"type": "Point", "coordinates": [31.25435, 30.091435]}, "properties": {"name": "CityNet Host", "city": "Tenth of Ramadan", "country": "EG", "status": "operational", "url": "https://www.peeringdb.com/fac/838"}}, {"type": "Feature", "geometry": {"type": "Point", "coordinates": [15.969413, 45.792436]}, "properties": {"name": "SRCE Zagreb", "city": "Zagreb", "country": "HR", "status": "operational", "url": "https://www.peeringdb.com/fac/839"}}, {"type": "Feature", "geometry": {"type": "Point", "coordinates": [2.368248, 48.910255]}, "properties": {"name": "Equinix PA6 - Paris, Condorcet", "city": "Paris", "country": "FR", "status": "operational", "url": "https://www.peeringdb.com/fac/842"}}, {"type": "Feature", "geometry": {"type": "Point", "coordinates": [9.992591, 56.070062]}, "properties": {"name": "Fuzion Skanderborg", "city": "Skanderborg", "country": "DK", "status": "operational", "url": "https://www.peeringdb.com/fac/844"}}, {"type": "Feature", "geometry": {"type": "Point", "coordinates": [10.177281, 56.155695]}, "properties": {"name": "Fuzion Aarhus", "city": "Aarhus", "country": "DK", "status": "operational", "url": "https://www.peeringdb.com/fac/845"}}, {"type": "Feature", "geometry": {"type": "Point", "coordinates": [4.432138, 51.923689]}, "properties": {"name": "Smartdc Rotterdam", "city": "Rotterdam", "country": "NL", "status": "operational", "url": "https://www.peeringdb.com/fac/848"}}, {"type": "Feature", "geometry": {"type": "Point", "coordinates": [28.197517, -26.137957]}, "properties": {"name": "Teraco Johannesburg Campus, South Africa", "city": "Johannesburg", "country": "ZA", "status": "operational", "url": "https://www.peeringdb.com/fac/850"}}, {"type": "Feature", "geometry": {"type": "Point", "coordinates": [2.341221, 48.927915]}, "properties": {"name": "Ad Valem Technologies - France (Saint-Denis)", "city": "Saint-Denis", "country": "FR", "status": "operational", "url": "https://www.peeringdb.com/fac/856"}}, {"type": "Feature", "geometry": {"type": "Point", "coordinates": [5.705215, 52.543666]}, "properties": {"name": "KoloDC NL1", "city": "Dronten", "country": "NL", "status": "operational", "url": "https://www.peeringdb.com/fac/857"}}, {"type": "Feature", "geometry": {"type": "Point", "coordinates": [11.526173, 48.139859]}, "properties": {"name": "SpaceNet (LA)", "city": "Munich", "country": "DE", "status": "operational", "url": "https://www.peeringdb.com/fac/862"}}, {"type": "Feature", "geometry": {"type": "Point", "coordinates": [9.103571, 45.476394]}, "properties": {"name": "MIX DC CALDERA", "city": "Milan", "country": "IT", "status": "operational", "url": "https://www.peeringdb.com/fac/864"}}, {"type": "Feature", "geometry": {"type": "Point", "coordinates": [20.486357, 44.768296]}, "properties": {"name": "Serbia BroadBand", "city": "Belgrade", "country": "RS", "status": "operational", "url": "https://www.peeringdb.com/fac/866"}}, {"type": "Feature", "geometry": {"type": "Point", "coordinates": [12.138343, 54.0751]}, "properties": {"name": "euNetworks Colocation Rostock", "city": "Rostock", "country": "DE", "status": "operational", "url": "https://www.peeringdb.com/fac/868"}}, {"type": "Feature", "geometry": {"type": "Point", "coordinates": [10.113224, 54.33753]}, "properties": {"name": "euNetworks Colocation Kiel", "city": "Kiel", "country": "DE", "status": "operational", "url": "https://www.peeringdb.com/fac/869"}}, {"type": "Feature", "geometry": {"type": "Point", "coordinates": [8.773137, 53.076765]}, "properties": {"name": "euNetworks Colocation Bremen", "city": "Bremen", "country": "DE", "status": "operational", "url": "https://www.peeringdb.com/fac/870"}}, {"type": "Feature", "geometry": {"type": "Point", "coordinates": [8.53299, 52.022258]}, "properties": {"name": "euNetworks Colocation Bielefeld", "city": "Bielefeld", "country": "DE", "status": "operational", "url": "https://www.peeringdb.com/fac/871"}}, {"type": "Feature", "geometry": {"type": "Point", "coordinates": [11.63839, 52.137862]}, "properties": {"name": "euNetworks Colocation Magdeburg", "city": "Magdeburg", "country": "DE", "status": "operational", "url": "https://www.peeringdb.com/fac/872"}}, {"type": "Feature", "geometry": {"type": "Point", "coordinates": [7.487899, 51.520894]}, "properties": {"name": "euNetworks Colocation Dortmund", "city": "Dortmund", "country": "DE", "status": "operational", "url": "https://www.peeringdb.com/fac/873"}}, {"type": "Feature", "geometry": {"type": "Point", "coordinates": [8.499803, 49.460294]}, "properties": {"name": "euNetworks Colocation Mannheim", "city": "Mannheim", "country": "DE", "status": "operational", "url": "https://www.peeringdb.com/fac/875"}}, {"type": "Feature", "geometry": {"type": "Point", "coordinates": [9.171533, 48.708602]}, "properties": {"name": "euNetworks Colocation Stuttgart", "city": "Stuttgart", "country": "DE", "status": "operational", "url": "https://www.peeringdb.com/fac/876"}}, {"type": "Feature", "geometry": {"type": "Point", "coordinates": [8.440485, 49.020127]}, "properties": {"name": "euNetworks Colocation Karlsruhe", "city": "Karlsruhe", "country": "DE", "status": "operational", "url": "https://www.peeringdb.com/fac/877"}}, {"type": "Feature", "geometry": {"type": "Point", "coordinates": [9.971257, 49.799682]}, "properties": {"name": "euNetworks Colocation Wuerzburg", "city": "W\u00fcrzburg", "country": "DE", "status": "operational", "url": "https://www.peeringdb.com/fac/879"}}, {"type": "Feature", "geometry": {"type": "Point", "coordinates": [11.034196, 50.973316]}, "properties": {"name": "euNetworks Colocation Erfurt", "city": "Erfurt", "country": "DE", "status": "operational", "url": "https://www.peeringdb.com/fac/880"}}, {"type": "Feature", "geometry": {"type": "Point", "coordinates": [14.460483, 46.049968]}, "properties": {"name": "SIX SI Ljubljana Technology Park", "city": "Ljubljana", "country": "SI", "status": "operational", "url": "https://www.peeringdb.com/fac/882"}}, {"type": "Feature", "geometry": {"type": "Point", "coordinates": [14.488861, 46.04225]}, "properties": {"name": "SIX SI Jozef Stefan Institute", "city": "Ljubljana", "country": "SI", "status": "operational", "url": "https://www.peeringdb.com/fac/883"}}, {"type": "Feature", "geometry": {"type": "Point", "coordinates": [9.147436, 45.448684]}, "properties": {"name": "Equinix ML2 - Milan, Savona", "city": "Milan", "country": "IT", "status": "operational", "url": "https://www.peeringdb.com/fac/884"}}, {"type": "Feature", "geometry": {"type": "Point", "coordinates": [9.147319, 45.354074]}, "properties": {"name": "Equinix ML3 - Milan, Basiglio", "city": "Milan", "country": "IT", "status": "operational", "url": "https://www.peeringdb.com/fac/885"}}, {"type": "Feature", "geometry": {"type": "Point", "coordinates": [16.397861, 48.198957]}, "properties": {"name": "Vienna-Hainburgerstrasse (HS33)", "city": "Vienna", "country": "AT", "status": "operational", "url": "https://www.peeringdb.com/fac/890"}}, {"type": "Feature", "geometry": {"type": "Point", "coordinates": [15.465817, 47.043339]}, "properties": {"name": "XINON Graz", "city": "Graz", "country": "AT", "status": "operational", "url": "https://www.peeringdb.com/fac/893"}}, {"type": "Feature", "geometry": {"type": "Point", "coordinates": [-1.54109, 53.793329]}, "properties": {"name": "aql DC2", "city": "Leeds", "country": "GB", "status": "operational", "url": "https://www.peeringdb.com/fac/896"}}, {"type": "Feature", "geometry": {"type": "Point", "coordinates": [4.804503, 45.770702]}, "properties": {"name": "Fiducial Cloud LYO1", "city": "Lyon", "country": "FR", "status": "operational", "url": "https://www.peeringdb.com/fac/906"}}, {"type": "Feature", "geometry": {"type": "Point", "coordinates": [6.113522, 49.504919]}, "properties": {"name": "LuxConnect DC1.1 - Bettembourg", "city": "Bettembourg", "country": "LU", "status": "operational", "url": "https://www.peeringdb.com/fac/909"}}, {"type": "Feature", "geometry": {"type": "Point", "coordinates": [13.31538, 38.161167]}, "properties": {"name": "Sicily Hub - Telecom Italia Sparkle Palermo Data Center", "city": "Palermo", "country": "IT", "status": "operational", "url": "https://www.peeringdb.com/fac/923"}}, {"type": "Feature", "geometry": {"type": "Point", "coordinates": [13.317108, 38.158096]}, "properties": {"name": "Tiscali Palermo", "city": "Palermo", "country": "IT", "status": "operational", "url": "https://www.peeringdb.com/fac/924"}}, {"type": "Feature", "geometry": {"type": "Point", "coordinates": [8.744717, 50.122376]}, "properties": {"name": "iNTERWERK Rechenzentrum", "city": "Frankfurt", "country": "DE", "status": "operational", "url": "https://www.peeringdb.com/fac/927"}}, {"type": "Feature", "geometry": {"type": "Point", "coordinates": [8.619718, 50.102755]}, "properties": {"name": "NorthC Frankfurt 3", "city": "Frankfurt am Main", "country": "DE", "status": "operational", "url": "https://www.peeringdb.com/fac/932"}}, {"type": "Feature", "geometry": {"type": "Point", "coordinates": [26.153028, 44.432984]}, "properties": {"name": "AdNet Datacenter", "city": "Bucharest", "country": "RO", "status": "operational", "url": "https://www.peeringdb.com/fac/936"}}, {"type": "Feature", "geometry": {"type": "Point", "coordinates": [13.37386, 52.43269]}, "properties": {"name": "CarrierColo Berlin Kitzing (I/P/B/ site K)", "city": "Berlin", "country": "DE", "status": "operational", "url": "https://www.peeringdb.com/fac/965"}}, {"type": "Feature", "geometry": {"type": "Point", "coordinates": [8.725955, 50.116454]}, "properties": {"name": "firstcolo - FRA1", "city": "Frankfurt", "country": "DE", "status": "operational", "url": "https://www.peeringdb.com/fac/967"}}, {"type": "Feature", "geometry": {"type": "Point", "coordinates": [26.166248, 44.441738]}, "properties": {"name": "Ecohost", "city": "Bucharest", "country": "RO", "status": "operational", "url": "https://www.peeringdb.com/fac/972"}}, {"type": "Feature", "geometry": {"type": "Point", "coordinates": [14.463437, 50.06947]}, "properties": {"name": "Master DC Prague", "city": "Prague", "country": "CZ", "status": "operational", "url": "https://www.peeringdb.com/fac/974"}}, {"type": "Feature", "geometry": {"type": "Point", "coordinates": [16.618764, 49.196817]}, "properties": {"name": "Master DC Brno", "city": "Brno", "country": "CZ", "status": "operational", "url": "https://www.peeringdb.com/fac/975"}}, {"type": "Feature", "geometry": {"type": "Point", "coordinates": [26.11423, 44.479796]}, "properties": {"name": "NXDATA-2 Bucharest (BUH2)", "city": "Bucharest", "country": "RO", "status": "operational", "url": "https://www.peeringdb.com/fac/978"}}, {"type": "Feature", "geometry": {"type": "Point", "coordinates": [6.767264, 52.243834]}, "properties": {"name": "Previder PDC2", "city": "Hengelo", "country": "NL", "status": "operational", "url": "https://www.peeringdb.com/fac/980"}}, {"type": "Feature", "geometry": {"type": "Point", "coordinates": [3.03312, 50.627753]}, "properties": {"name": "UltraEdge Lille", "city": "Lille", "country": "FR", "status": "operational", "url": "https://www.peeringdb.com/fac/989"}}, {"type": "Feature", "geometry": {"type": "Point", "coordinates": [-0.480173, 51.347292]}, "properties": {"name": "4D Surrey", "city": "Byfleet", "country": "GB", "status": "operational", "url": "https://www.peeringdb.com/fac/990"}}, {"type": "Feature", "geometry": {"type": "Point", "coordinates": [-6.219909, 53.406419]}, "properties": {"name": "Cable & Wireless", "city": "Dublin", "country": "IE", "status": "operational", "url": "https://www.peeringdb.com/fac/991"}}, {"type": "Feature", "geometry": {"type": "Point", "coordinates": [3.417531, 6.426645]}, "properties": {"name": "Digital Realty Lagos (LOS1-2)", "city": "Lagos", "country": "NG", "status": "operational", "url": "https://www.peeringdb.com/fac/993"}}, {"type": "Feature", "geometry": {"type": "Point", "coordinates": [18.841378, 50.272696]}, "properties": {"name": "PSE Jordana", "city": "Katowice", "country": "PL", "status": "operational", "url": "https://www.peeringdb.com/fac/997"}}, {"type": "Feature", "geometry": {"type": "Point", "coordinates": [19.024715, 50.261637]}, "properties": {"name": "ATMAN Data Center Katowice-1 (KTW-1, Altus)", "city": "Katowice", "country": "PL", "status": "operational", "url": "https://www.peeringdb.com/fac/998"}}, {"type": "Feature", "geometry": {"type": "Point", "coordinates": [2.350664, 48.927166]}, "properties": {"name": "Reliance St. Denis", "city": "Paris", "country": "FR", "status": "operational", "url": "https://www.peeringdb.com/fac/1010"}}, {"type": "Feature", "geometry": {"type": "Point", "coordinates": [-2.791928, 48.547554]}, "properties": {"name": "Reliance Plerin", "city": "Pl\u00e9rin", "country": "FR", "status": "operational", "url": "https://www.peeringdb.com/fac/1011"}}, {"type": "Feature", "geometry": {"type": "Point", "coordinates": [4.886848, 52.336612]}, "properties": {"name": "KPN DC2", "city": "Amsterdam", "country": "NL", "status": "operational", "url": "https://www.peeringdb.com/fac/1022"}}, {"type": "Feature", "geometry": {"type": "Point", "coordinates": [14.306537, 48.318645]}, "properties": {"name": "ITandTEL TechCenter Linz", "city": "Linz", "country": "AT", "status": "operational", "url": "https://www.peeringdb.com/fac/1029"}}, {"type": "Feature", "geometry": {"type": "Point", "coordinates": [14.039465, 48.162322]}, "properties": {"name": "ITandTEL Wels", "city": "Wels", "country": "AT", "status": "operational", "url": "https://www.peeringdb.com/fac/1030"}}, {"type": "Feature", "geometry": {"type": "Point", "coordinates": [16.323359, 48.124446]}, "properties": {"name": "ITandTEL Voesendorf/Vienna", "city": "Voesendorf", "country": "AT", "status": "operational", "url": "https://www.peeringdb.com/fac/1031"}}, {"type": "Feature", "geometry": {"type": "Point", "coordinates": [14.619928, 48.245792]}, "properties": {"name": "ITandTEL Perg", "city": "Perg", "country": "AT", "status": "operational", "url": "https://www.peeringdb.com/fac/1032"}}, {"type": "Feature", "geometry": {"type": "Point", "coordinates": [6.115898, 49.581762]}, "properties": {"name": "SecureIT DCC", "city": "Luxembourg", "country": "LU", "status": "operational", "url": "https://www.peeringdb.com/fac/1044"}}, {"type": "Feature", "geometry": {"type": "Point", "coordinates": [6.113479, 49.505196]}, "properties": {"name": "SecureIT DCB1.1", "city": "Bettembourg", "country": "LU", "status": "operational", "url": "https://www.peeringdb.com/fac/1045"}}, {"type": "Feature", "geometry": {"type": "Point", "coordinates": [6.113479, 49.505196]}, "properties": {"name": "SecureIT DCB1.2", "city": "Bettembourg", "country": "LU", "status": "operational", "url": "https://www.peeringdb.com/fac/1046"}}, {"type": "Feature", "geometry": {"type": "Point", "coordinates": [12.382053, 41.891194]}, "properties": {"name": "Cornelia (Rome)", "city": "Rome", "country": "IT", "status": "operational", "url": "https://www.peeringdb.com/fac/1051"}}, {"type": "Feature", "geometry": {"type": "Point", "coordinates": [4.392628, 50.913256]}, "properties": {"name": "Datahouse Belgium", "city": "Vilvoorde", "country": "BE", "status": "operational", "url": "https://www.peeringdb.com/fac/1052"}}, {"type": "Feature", "geometry": {"type": "Point", "coordinates": [18.085151, 59.339137]}, "properties": {"name": "STOKAB KN7, \u00d6stermalm", "city": "Stockholm", "country": "SE", "status": "operational", "url": "https://www.peeringdb.com/fac/1053"}}, {"type": "Feature", "geometry": {"type": "Point", "coordinates": [14.505232, 46.057422]}, "properties": {"name": "IT TEL Ljubljana", "city": "Ljubljana", "country": "SI", "status": "operational", "url": "https://www.peeringdb.com/fac/1055"}}, {"type": "Feature", "geometry": {"type": "Point", "coordinates": [6.864338, 52.2203]}, "properties": {"name": "InterDC Enschede", "city": "Enschede", "country": "NL", "status": "operational", "url": "https://www.peeringdb.com/fac/1062"}}, {"type": "Feature", "geometry": {"type": "Point", "coordinates": [-6.347409, 53.411166]}, "properties": {"name": "Equinix DB3 - Dublin, Ballycoolin", "city": "Dublin", "country": "IE", "status": "operational", "url": "https://www.peeringdb.com/fac/1065"}}, {"type": "Feature", "geometry": {"type": "Point", "coordinates": [1.509438, 43.542557]}, "properties": {"name": "Hotel des Telecoms", "city": "Labege Innopole", "country": "FR", "status": "operational", "url": "https://www.peeringdb.com/fac/1066"}}, {"type": "Feature", "geometry": {"type": "Point", "coordinates": [17.961311, 52.651023]}, "properties": {"name": "PIO-NET", "city": "Mogilno", "country": "PL", "status": "operational", "url": "https://www.peeringdb.com/fac/1067"}}, {"type": "Feature", "geometry": {"type": "Point", "coordinates": [5.95776, 49.648448]}, "properties": {"name": "DEEP Resilience Centre Luxembourg West", "city": "Windhof", "country": "LU", "status": "operational", "url": "https://www.peeringdb.com/fac/1068"}}, {"type": "Feature", "geometry": {"type": "Point", "coordinates": [-0.26086, 51.534768]}, "properties": {"name": "Options IT - Park Royal Datacenter (PRDC)", "city": "London", "country": "GB", "status": "operational", "url": "https://www.peeringdb.com/fac/1074"}}, {"type": "Feature", "geometry": {"type": "Point", "coordinates": [4.849211, 52.392977]}, "properties": {"name": "NorthC Amsterdam 1", "city": "Amsterdam", "country": "NL", "status": "operational", "url": "https://www.peeringdb.com/fac/1083"}}, {"type": "Feature", "geometry": {"type": "Point", "coordinates": [8.559163, 47.433359]}, "properties": {"name": "greenDatacenter Zurich/Glattbrugg", "city": "Glattbrugg", "country": "CH", "status": "operational", "url": "https://www.peeringdb.com/fac/1085"}}, {"type": "Feature", "geometry": {"type": "Point", "coordinates": [8.211035, 47.446496]}, "properties": {"name": "greenDatacenter Lupfig", "city": "Lupfig", "country": "CH", "status": "operational", "url": "https://www.peeringdb.com/fac/1086"}}, {"type": "Feature", "geometry": {"type": "Point", "coordinates": [6.051976, 49.49842]}, "properties": {"name": "DEEP Resilience Centre Luxembourg South", "city": "Kayl", "country": "LU", "status": "operational", "url": "https://www.peeringdb.com/fac/1090"}}, {"type": "Feature", "geometry": {"type": "Point", "coordinates": [2.422496, 48.885231]}, "properties": {"name": "TDF Datacenter Paris Fort de Romainville", "city": "Les Lilas", "country": "FR", "status": "operational", "url": "https://www.peeringdb.com/fac/1097"}}, {"type": "Feature", "geometry": {"type": "Point", "coordinates": [10.834971, 59.938433]}, "properties": {"name": "GlobalConnect Oslo (HMG9)", "city": "Oslo", "country": "NO", "status": "operational", "url": "https://www.peeringdb.com/fac/1098"}}, {"type": "Feature", "geometry": {"type": "Point", "coordinates": [29.098025, 40.975519]}, "properties": {"name": "Telehouse - Istanbul", "city": "Istanbul", "country": "TR", "status": "operational", "url": "https://www.peeringdb.com/fac/1103"}}, {"type": "Feature", "geometry": {"type": "Point", "coordinates": [5.363598, 50.938288]}, "properties": {"name": "Hasselt DC2", "city": "Hasselt", "country": "BE", "status": "operational", "url": "https://www.peeringdb.com/fac/1113"}}, {"type": "Feature", "geometry": {"type": "Point", "coordinates": [15.465817, 47.043339]}, "properties": {"name": "Citycom Datacenter Graz", "city": "Graz", "country": "AT", "status": "operational", "url": "https://www.peeringdb.com/fac/1119"}}, {"type": "Feature", "geometry": {"type": "Point", "coordinates": [4.301731, 51.855567]}, "properties": {"name": "Datahouse Spijkenisse", "city": "Spijkenisse", "country": "NL", "status": "operational", "url": "https://www.peeringdb.com/fac/1120"}}, {"type": "Feature", "geometry": {"type": "Point", "coordinates": [34.858475, 32.084691]}, "properties": {"name": "Bezeq International Shacham Data Center", "city": "Petah Tikva", "country": "IL", "status": "operational", "url": "https://www.peeringdb.com/fac/1121"}}, {"type": "Feature", "geometry": {"type": "Point", "coordinates": [21.018092, 52.223552]}, "properties": {"name": "T-Mobile Pi\u0119kna", "city": "Warsaw", "country": "PL", "status": "operational", "url": "https://www.peeringdb.com/fac/1124"}}, {"type": "Feature", "geometry": {"type": "Point", "coordinates": [1.487055, 43.625503]}, "properties": {"name": "Centrinuity Toulouse", "city": "Toulouse Balma", "country": "FR", "status": "operational", "url": "https://www.peeringdb.com/fac/1128"}}, {"type": "Feature", "geometry": {"type": "Point", "coordinates": [2.355616, 48.824719]}, "properties": {"name": "IMADIFF", "city": "Paris", "country": "FR", "status": "operational", "url": "https://www.peeringdb.com/fac/1130"}}, {"type": "Feature", "geometry": {"type": "Point", "coordinates": [1.419659, 43.618886]}, "properties": {"name": "UltraEdge Toulouse", "city": "Toulouse", "country": "FR", "status": "operational", "url": "https://www.peeringdb.com/fac/1131"}}, {"type": "Feature", "geometry": {"type": "Point", "coordinates": [9.606018, 47.270038]}, "properties": {"name": "Datacenter-Feldkirch", "city": "Feldkirch", "country": "AT", "status": "operational", "url": "https://www.peeringdb.com/fac/1145"}}, {"type": "Feature", "geometry": {"type": "Point", "coordinates": [1.487312, 43.626642]}, "properties": {"name": "10 Rue des Fr\u00e8res Peuge", "city": "Balma", "country": "FR", "status": "operational", "url": "https://www.peeringdb.com/fac/1158"}}, {"type": "Feature", "geometry": {"type": "Point", "coordinates": [4.038039, 50.913149]}, "properties": {"name": "LCL Brussels West", "city": "Aalst", "country": "BE", "status": "operational", "url": "https://www.peeringdb.com/fac/1161"}}, {"type": "Feature", "geometry": {"type": "Point", "coordinates": [8.347128, 49.013549]}, "properties": {"name": "TelemaxX IPC1", "city": "Karlsruhe", "country": "DE", "status": "operational", "url": "https://www.peeringdb.com/fac/1171"}}, {"type": "Feature", "geometry": {"type": "Point", "coordinates": [8.439932, 49.019539]}, "properties": {"name": "POP Technologiepark Karlsruhe", "city": "Karlsruhe", "country": "DE", "status": "operational", "url": "https://www.peeringdb.com/fac/1172"}}, {"type": "Feature", "geometry": {"type": "Point", "coordinates": [8.478102, 49.020105]}, "properties": {"name": "TelemaxX IPC3", "city": "Karlsruhe", "country": "DE", "status": "operational", "url": "https://www.peeringdb.com/fac/1173"}}, {"type": "Feature", "geometry": {"type": "Point", "coordinates": [-16.312445, 28.475976]}, "properties": {"name": "Civicos Networking DCLAGUNA", "city": "San Crist\u00f3bal de La Laguna", "country": "ES", "status": "operational", "url": "https://www.peeringdb.com/fac/1181"}}, {"type": "Feature", "geometry": {"type": "Point", "coordinates": [3.177134, 50.690091]}, "properties": {"name": "Civicos Networking DCROUBAIX", "city": "Roubaix", "country": "FR", "status": "operational", "url": "https://www.peeringdb.com/fac/1182"}}, {"type": "Feature", "geometry": {"type": "Point", "coordinates": [8.539895, 47.45009]}, "properties": {"name": "NTT Zurich 1 Data Center (ZRH1)", "city": "R\u00fcmlang", "country": "CH", "status": "operational", "url": "https://www.peeringdb.com/fac/1185"}}, {"type": "Feature", "geometry": {"type": "Point", "coordinates": [11.747954, 48.150108]}, "properties": {"name": "NTT Munich 1 Data Center (MUC1)", "city": "Munich", "country": "DE", "status": "operational", "url": "https://www.peeringdb.com/fac/1186"}}, {"type": "Feature", "geometry": {"type": "Point", "coordinates": [10.01565, 53.637322]}, "properties": {"name": "NTT Hamburg 1 Data Center (HAM1)", "city": "Hamburg", "country": "DE", "status": "operational", "url": "https://www.peeringdb.com/fac/1187"}}, {"type": "Feature", "geometry": {"type": "Point", "coordinates": [2.243667, 48.889321]}, "properties": {"name": "Completel Val de Reuil", "city": "Paris", "country": "FR", "status": "operational", "url": "https://www.peeringdb.com/fac/1200"}}, {"type": "Feature", "geometry": {"type": "Point", "coordinates": [-2.933413, 53.408775]}, "properties": {"name": "ARO DC2 Kilby House (AIMES)", "city": "Liverpool", "country": "GB", "status": "operational", "url": "https://www.peeringdb.com/fac/1206"}}, {"type": "Feature", "geometry": {"type": "Point", "coordinates": [-1.906308, 50.724058]}, "properties": {"name": "Bournemouth Data Centre", "city": "Bournemouth", "country": "GB", "status": "operational", "url": "https://www.peeringdb.com/fac/1207"}}, {"type": "Feature", "geometry": {"type": "Point", "coordinates": [4.93928, 52.303846]}, "properties": {"name": "Equinix AM11 - Amsterdam, Lemelerbergweg", "city": "Amsterdam", "country": "NL", "status": "operational", "url": "https://www.peeringdb.com/fac/1222"}}, {"type": "Feature", "geometry": {"type": "Point", "coordinates": [18.465223, -33.970872]}, "properties": {"name": "Teraco CT1 Cape Town, South Africa", "city": "Cape Town", "country": "ZA", "status": "operational", "url": "https://www.peeringdb.com/fac/1225"}}, {"type": "Feature", "geometry": {"type": "Point", "coordinates": [4.976087, 44.989004]}, "properties": {"name": "Axione ADTIM", "city": "Alixan", "country": "FR", "status": "operational", "url": "https://www.peeringdb.com/fac/1228"}}, {"type": "Feature", "geometry": {"type": "Point", "coordinates": [4.679147, 51.845913]}, "properties": {"name": "Eurofiber Datacenter Rotterdam", "city": "Alblasserdam", "country": "NL", "status": "operational", "url": "https://www.peeringdb.com/fac/1230"}}, {"type": "Feature", "geometry": {"type": "Point", "coordinates": [4.945054, 52.293351]}, "properties": {"name": "Equinix AM5 - Amsterdam, Schepenbergweg", "city": "Amsterdam", "country": "NL", "status": "operational", "url": "https://www.peeringdb.com/fac/1236"}}, {"type": "Feature", "geometry": {"type": "Point", "coordinates": [6.086779, 49.788326]}, "properties": {"name": "LuxConnect DC2 - Bissen", "city": "Bissen", "country": "LU", "status": "operational", "url": "https://www.peeringdb.com/fac/1237"}}, {"type": "Feature", "geometry": {"type": "Point", "coordinates": [-2.246272, 53.464408]}, "properties": {"name": "iomart DC6 Turing House", "city": "Manchester", "country": "GB", "status": "operational", "url": "https://www.peeringdb.com/fac/1243"}}, {"type": "Feature", "geometry": {"type": "Point", "coordinates": [2.412643, 48.901133]}, "properties": {"name": "Equinix PA4 - Paris, Pantin", "city": "Paris", "country": "FR", "status": "operational", "url": "https://www.peeringdb.com/fac/1244"}}, {"type": "Feature", "geometry": {"type": "Point", "coordinates": [13.010659, 47.792026]}, "properties": {"name": "conova - Datacenter 4/5", "city": "Salzburg", "country": "AT", "status": "operational", "url": "https://www.peeringdb.com/fac/1249"}}, {"type": "Feature", "geometry": {"type": "Point", "coordinates": [4.77262, 45.806778]}, "properties": {"name": "Free Pro - Limonest", "city": "Limonest", "country": "FR", "status": "operational", "url": "https://www.peeringdb.com/fac/1262"}}, {"type": "Feature", "geometry": {"type": "Point", "coordinates": [-0.231872, 51.567301]}, "properties": {"name": "LDeX1", "city": "London", "country": "GB", "status": "operational", "url": "https://www.peeringdb.com/fac/1263"}}, {"type": "Feature", "geometry": {"type": "Point", "coordinates": [-2.246751, 53.464423]}, "properties": {"name": "iomart DC7 The Server Hotel Reynolds", "city": "Manchester", "country": "GB", "status": "operational", "url": "https://www.peeringdb.com/fac/1264"}}, {"type": "Feature", "geometry": {"type": "Point", "coordinates": [-2.24141, 53.461255]}, "properties": {"name": "Greenheys", "city": "Manchester", "country": "GB", "status": "operational", "url": "https://www.peeringdb.com/fac/1265"}}, {"type": "Feature", "geometry": {"type": "Point", "coordinates": [-0.018318, 51.494644]}, "properties": {"name": "QiComm Tutis Point", "city": "London", "country": "GB", "status": "operational", "url": "https://www.peeringdb.com/fac/1267"}}, {"type": "Feature", "geometry": {"type": "Point", "coordinates": [10.885819, 49.900962]}, "properties": {"name": "Stadtnetz Bamberg", "city": "Bamberg", "country": "DE", "status": "operational", "url": "https://www.peeringdb.com/fac/1268"}}, {"type": "Feature", "geometry": {"type": "Point", "coordinates": [3.131487, 45.758988]}, "properties": {"name": "RTDC", "city": "Aubi\u00e8re", "country": "FR", "status": "operational", "url": "https://www.peeringdb.com/fac/1270"}}, {"type": "Feature", "geometry": {"type": "Point", "coordinates": [11.13012, 49.41013]}, "properties": {"name": "noris network datacenter.de NBG6", "city": "Nuremberg", "country": "DE", "status": "operational", "url": "https://www.peeringdb.com/fac/1276"}}, {"type": "Feature", "geometry": {"type": "Point", "coordinates": [5.326589, 60.34054]}, "properties": {"name": "AVUR DC Bergen (ADC)", "city": "Bergen", "country": "NO", "status": "operational", "url": "https://www.peeringdb.com/fac/1284"}}, {"type": "Feature", "geometry": {"type": "Point", "coordinates": [-0.83857, 37.80561]}, "properties": {"name": "Amune Networks CPD !", "city": "San Javier", "country": "ES", "status": "operational", "url": "https://www.peeringdb.com/fac/1288"}}, {"type": "Feature", "geometry": {"type": "Point", "coordinates": [30.990127, -29.783372]}, "properties": {"name": "Teraco DB1 Durban, South Africa", "city": "Durban", "country": "ZA", "status": "operational", "url": "https://www.peeringdb.com/fac/1289"}}, {"type": "Feature", "geometry": {"type": "Point", "coordinates": [8.736708, 51.682458]}, "properties": {"name": "VegaSystems Datacenter Paderborn", "city": "Paderborn", "country": "DE", "status": "operational", "url": "https://www.peeringdb.com/fac/1292"}}, {"type": "Feature", "geometry": {"type": "Point", "coordinates": [16.353429, 48.192998]}, "properties": {"name": "DATASIX Vienna (VIE1)", "city": "Vienna", "country": "AT", "status": "operational", "url": "https://www.peeringdb.com/fac/1298"}}, {"type": "Feature", "geometry": {"type": "Point", "coordinates": [-2.326922, 53.460851]}, "properties": {"name": "ANS - MAN4", "city": "Manchester", "country": "GB", "status": "operational", "url": "https://www.peeringdb.com/fac/1300"}}, {"type": "Feature", "geometry": {"type": "Point", "coordinates": [28.12549, -25.997406]}, "properties": {"name": "Bunker One", "city": "Midrand", "country": "ZA", "status": "operational", "url": "https://www.peeringdb.com/fac/1301"}}, {"type": "Feature", "geometry": {"type": "Point", "coordinates": [18.063938, 59.337179]}, "properties": {"name": "Bahnhof Thule", "city": "Stockholm", "country": "SE", "status": "operational", "url": "https://www.peeringdb.com/fac/1302"}}, {"type": "Feature", "geometry": {"type": "Point", "coordinates": [4.301992, 51.855278]}, "properties": {"name": "Data Facilities Spijkenisse", "city": "Spijkenisse", "country": "NL", "status": "operational", "url": "https://www.peeringdb.com/fac/1313"}}, {"type": "Feature", "geometry": {"type": "Point", "coordinates": [4.958019, 52.356626]}, "properties": {"name": "IPTP, Matrix 4, Amsterdam, The Netherlands", "city": "Amsterdam", "country": "NL", "status": "operational", "url": "https://www.peeringdb.com/fac/1314"}}, {"type": "Feature", "geometry": {"type": "Point", "coordinates": [4.958827, 52.354686]}, "properties": {"name": "Equinix AM3 - Amsterdam, Science Park", "city": "Amsterdam", "country": "NL", "status": "operational", "url": "https://www.peeringdb.com/fac/1320"}}, {"type": "Feature", "geometry": {"type": "Point", "coordinates": [8.74346, 50.1399]}, "properties": {"name": "firstcolo - FRA4", "city": "Frankfurt", "country": "DE", "status": "operational", "url": "https://www.peeringdb.com/fac/1322"}}, {"type": "Feature", "geometry": {"type": "Point", "coordinates": [-0.203813, 51.797555]}, "properties": {"name": "ServerChoice  SC-2", "city": "Welwyn Garden City", "country": "GB", "status": "operational", "url": "https://www.peeringdb.com/fac/1331"}}, {"type": "Feature", "geometry": {"type": "Point", "coordinates": [6.798702, 51.258617]}, "properties": {"name": "KPN DSSD2", "city": "D\u00fcsseldorf", "country": "DE", "status": "operational", "url": "https://www.peeringdb.com/fac/1336"}}, {"type": "Feature", "geometry": {"type": "Point", "coordinates": [4.377522, 51.987103]}, "properties": {"name": "NorthC Delft", "city": "Delft", "country": "NL", "status": "operational", "url": "https://www.peeringdb.com/fac/1341"}}, {"type": "Feature", "geometry": {"type": "Point", "coordinates": [5.050569, 52.002407]}, "properties": {"name": "Alticom - IJsselstein", "city": "IJsselstein", "country": "NL", "status": "operational", "url": "https://www.peeringdb.com/fac/1350"}}, {"type": "Feature", "geometry": {"type": "Point", "coordinates": [24.811988, 60.185744]}, "properties": {"name": "IP-Only Espoo", "city": "Espoo", "country": "FI", "status": "operational", "url": "https://www.peeringdb.com/fac/1351"}}, {"type": "Feature", "geometry": {"type": "Point", "coordinates": [55.18695, 25.02618]}, "properties": {"name": "Equinix DX1 - Dubai", "city": "Dubai", "country": "AE", "status": "operational", "url": "https://www.peeringdb.com/fac/1355"}}, {"type": "Feature", "geometry": {"type": "Point", "coordinates": [55.186405, 25.030113]}, "properties": {"name": "Equinix DX2 - Dubai", "city": "Dubai", "country": "AE", "status": "operational", "url": "https://www.peeringdb.com/fac/1356"}}, {"type": "Feature", "geometry": {"type": "Point", "coordinates": [55.186815, 25.028007]}, "properties": {"name": "datamena DXA - Dubai", "city": "Dubai", "country": "AE", "status": "operational", "url": "https://www.peeringdb.com/fac/1358"}}, {"type": "Feature", "geometry": {"type": "Point", "coordinates": [10.769448, 59.949751]}, "properties": {"name": "GlobalConnect Nydalen", "city": "Oslo", "country": "NO", "status": "operational", "url": "https://www.peeringdb.com/fac/1362"}}, {"type": "Feature", "geometry": {"type": "Point", "coordinates": [5.172769, 52.237216]}, "properties": {"name": "Infostrada/NEP Datacenter", "city": "Hilversum", "country": "NL", "status": "operational", "url": "https://www.peeringdb.com/fac/1364"}}, {"type": "Feature", "geometry": {"type": "Point", "coordinates": [15.943893, 45.803311]}, "properties": {"name": "Digital Realty Zagreb (ZAG1)", "city": "Zagreb", "country": "HR", "status": "operational", "url": "https://www.peeringdb.com/fac/1368"}}, {"type": "Feature", "geometry": {"type": "Point", "coordinates": [3.136511, 50.584099]}, "properties": {"name": "ETIX Lille #2", "city": "Sainghin-en-M\u00e9lantois", "country": "FR", "status": "operational", "url": "https://www.peeringdb.com/fac/1370"}}, {"type": "Feature", "geometry": {"type": "Point", "coordinates": [-1.248006, 50.86838]}, "properties": {"name": "Neos Networks Hampshire", "city": "Hampshire", "country": "GB", "status": "operational", "url": "https://www.peeringdb.com/fac/1372"}}, {"type": "Feature", "geometry": {"type": "Point", "coordinates": [11.601931, 48.117498]}, "properties": {"name": "NorthC Munich 1", "city": "Munich", "country": "DE", "status": "operational", "url": "https://www.peeringdb.com/fac/1373"}}, {"type": "Feature", "geometry": {"type": "Point", "coordinates": [-0.618277, 51.520432]}, "properties": {"name": "Rackspace London Slough (LON3)", "city": "Slough", "country": "GB", "status": "operational", "url": "https://www.peeringdb.com/fac/1388"}}, {"type": "Feature", "geometry": {"type": "Point", "coordinates": [12.927828, 55.574518]}, "properties": {"name": "GlobalConnect Malm\u00f6", "city": "Malm\u00f6", "country": "SE", "status": "operational", "url": "https://www.peeringdb.com/fac/1392"}}, {"type": "Feature", "geometry": {"type": "Point", "coordinates": [12.928058, 55.5748]}, "properties": {"name": "Krossverksgatan 13a, Malm\u00f6", "city": "Malm\u00f6", "country": "SE", "status": "operational", "url": "https://www.peeringdb.com/fac/1393"}}, {"type": "Feature", "geometry": {"type": "Point", "coordinates": [6.107186, 46.16541]}, "properties": {"name": "STACK infrastructure GEN01A", "city": "Plan-les-Ouates", "country": "CH", "status": "operational", "url": "https://www.peeringdb.com/fac/1398"}}, {"type": "Feature", "geometry": {"type": "Point", "coordinates": [1.079135, 49.442992]}, "properties": {"name": "PoP Faraday (Rouen)", "city": "Rouen", "country": "FR", "status": "operational", "url": "https://www.peeringdb.com/fac/1400"}}, {"type": "Feature", "geometry": {"type": "Point", "coordinates": [2.379971, 48.775278]}, "properties": {"name": "OPCORE - DC3 / PAR3", "city": "Vitry-sur-Seine", "country": "FR", "status": "operational", "url": "https://www.peeringdb.com/fac/1402"}}, {"type": "Feature", "geometry": {"type": "Point", "coordinates": [-2.310421, 53.468674]}, "properties": {"name": "Equinix MA3 - Manchester, Joule House", "city": "Manchester", "country": "GB", "status": "operational", "url": "https://www.peeringdb.com/fac/1403"}}, {"type": "Feature", "geometry": {"type": "Point", "coordinates": [10.681565, 60.792146]}, "properties": {"name": "EVRY AS Gj\u00f8vik", "city": "Gj\u00f8vik", "country": "NO", "status": "operational", "url": "https://www.peeringdb.com/fac/1426"}}, {"type": "Feature", "geometry": {"type": "Point", "coordinates": [5.494271, 51.445601]}, "properties": {"name": "EFX", "city": "Eindhoven", "country": "NL", "status": "operational", "url": "https://www.peeringdb.com/fac/1429"}}, {"type": "Feature", "geometry": {"type": "Point", "coordinates": [16.363922, 48.179683]}, "properties": {"name": "Nessus NDC1", "city": "Vienna", "country": "AT", "status": "operational", "url": "https://www.peeringdb.com/fac/1439"}}, {"type": "Feature", "geometry": {"type": "Point", "coordinates": [7.658883, 45.090615]}, "properties": {"name": "DnsHosting Torino PdF", "city": "Turin", "country": "IT", "status": "operational", "url": "https://www.peeringdb.com/fac/1441"}}, {"type": "Feature", "geometry": {"type": "Point", "coordinates": [7.660825, 45.090688]}, "properties": {"name": "Host.it DC1", "city": "Turin", "country": "IT", "status": "operational", "url": "https://www.peeringdb.com/fac/1442"}}, {"type": "Feature", "geometry": {"type": "Point", "coordinates": [24.970015, 60.185146]}, "properties": {"name": "Equinix HE3 - Helsinki, Suvilahti", "city": "Helsinki", "country": "FI", "status": "operational", "url": "https://www.peeringdb.com/fac/1457"}}, {"type": "Feature", "geometry": {"type": "Point", "coordinates": [24.841203, 60.284212]}, "properties": {"name": "Equinix HE4 - Helsinki, Hansa", "city": "Vantaa", "country": "FI", "status": "operational", "url": "https://www.peeringdb.com/fac/1458"}}, {"type": "Feature", "geometry": {"type": "Point", "coordinates": [24.985015, 60.220067]}, "properties": {"name": "Equinix HE5 - Helsinki, Viikinm\u00e4ki", "city": "Helsinki", "country": "FI", "status": "operational", "url": "https://www.peeringdb.com/fac/1459"}}, {"type": "Feature", "geometry": {"type": "Point", "coordinates": [4.496007, 52.033382]}, "properties": {"name": "ColoCenter Zoetermeer", "city": "Zoetermeer", "country": "NL", "status": "operational", "url": "https://www.peeringdb.com/fac/1461"}}, {"type": "Feature", "geometry": {"type": "Point", "coordinates": [19.920621, 50.070834]}, "properties": {"name": "S-NET KRAKOW DATA CENTER KRDC-2", "city": "Krakow", "country": "PL", "status": "operational", "url": "https://www.peeringdb.com/fac/1503"}}, {"type": "Feature", "geometry": {"type": "Point", "coordinates": [19.902937, 50.072462]}, "properties": {"name": "S-NET KRAKOW DATA CENTER KRDC-1", "city": "Krakow", "country": "PL", "status": "operational", "url": "https://www.peeringdb.com/fac/1504"}}, {"type": "Feature", "geometry": {"type": "Point", "coordinates": [12.420409, 55.693734]}, "properties": {"name": "GlobalConnect Glostrup", "city": "Glostrup", "country": "DK", "status": "operational", "url": "https://www.peeringdb.com/fac/1506"}}, {"type": "Feature", "geometry": {"type": "Point", "coordinates": [31.246959, 30.145975]}, "properties": {"name": "Ramses Exchange", "city": "Cairo", "country": "EG", "status": "operational", "url": "https://www.peeringdb.com/fac/1509"}}, {"type": "Feature", "geometry": {"type": "Point", "coordinates": [4.86519, 45.782598]}, "properties": {"name": "CC IN2P3", "city": "Villeurbanne", "country": "FR", "status": "operational", "url": "https://www.peeringdb.com/fac/1511"}}, {"type": "Feature", "geometry": {"type": "Point", "coordinates": [10.048753, 53.550542]}, "properties": {"name": "Artfiles w408", "city": "Hamburg", "country": "DE", "status": "operational", "url": "https://www.peeringdb.com/fac/1512"}}, {"type": "Feature", "geometry": {"type": "Point", "coordinates": [8.46174, 47.405667]}, "properties": {"name": "Equinix ZH5 - Zurich, South", "city": "Zurich", "country": "CH", "status": "operational", "url": "https://www.peeringdb.com/fac/1515"}}, {"type": "Feature", "geometry": {"type": "Point", "coordinates": [6.57446, 46.544786]}, "properties": {"name": "Brainserve", "city": "Crissier", "country": "CH", "status": "operational", "url": "https://www.peeringdb.com/fac/1516"}}, {"type": "Feature", "geometry": {"type": "Point", "coordinates": [13.502971, 43.571578]}, "properties": {"name": "Fastnet Ancona DC", "city": "Ancona", "country": "IT", "status": "operational", "url": "https://www.peeringdb.com/fac/1519"}}, {"type": "Feature", "geometry": {"type": "Point", "coordinates": [-3.570053, 40.44598]}, "properties": {"name": "IPCore Datacenter Madrid", "city": "Madrid", "country": "ES", "status": "operational", "url": "https://www.peeringdb.com/fac/1533"}}, {"type": "Feature", "geometry": {"type": "Point", "coordinates": [14.291336, 48.293367]}, "properties": {"name": "Energie AG Data PowerTower Provider Room", "city": "Linz", "country": "AT", "status": "operational", "url": "https://www.peeringdb.com/fac/1534"}}, {"type": "Feature", "geometry": {"type": "Point", "coordinates": [14.272284, 48.247557]}, "properties": {"name": "Energie AG Data PowerCube", "city": "Linz", "country": "AT", "status": "operational", "url": "https://www.peeringdb.com/fac/1535"}}, {"type": "Feature", "geometry": {"type": "Point", "coordinates": [2.403, 48.924907]}, "properties": {"name": "Digital Realty Paris PAR7", "city": "Paris", "country": "FR", "status": "operational", "url": "https://www.peeringdb.com/fac/1536"}}, {"type": "Feature", "geometry": {"type": "Point", "coordinates": [-22.559051, 64.004152]}, "properties": {"name": "DataCell Keflavik 1", "city": "Keflavik", "country": "IS", "status": "operational", "url": "https://www.peeringdb.com/fac/1543"}}, {"type": "Feature", "geometry": {"type": "Point", "coordinates": [-0.101245, 51.523353]}, "properties": {"name": "Verne London", "city": "London", "country": "GB", "status": "operational", "url": "https://www.peeringdb.com/fac/1547"}}, {"type": "Feature", "geometry": {"type": "Point", "coordinates": [4.499556, 50.875242]}, "properties": {"name": "Unix-Solutions DC Zaventem", "city": "Zaventem", "country": "BE", "status": "operational", "url": "https://www.peeringdb.com/fac/1549"}}, {"type": "Feature", "geometry": {"type": "Point", "coordinates": [17.923317, 59.282234]}, "properties": {"name": "GlobalConnect S\u00e4tra", "city": "Stockholm", "country": "SE", "status": "operational", "url": "https://www.peeringdb.com/fac/1567"}}, {"type": "Feature", "geometry": {"type": "Point", "coordinates": [14.820108, 40.650657]}, "properties": {"name": "Positivo Salerno", "city": "Salerno", "country": "IT", "status": "operational", "url": "https://www.peeringdb.com/fac/1580"}}, {"type": "Feature", "geometry": {"type": "Point", "coordinates": [2.295931, 48.829578]}, "properties": {"name": "OPCORE - DC4 / PAR4", "city": "Paris", "country": "FR", "status": "operational", "url": "https://www.peeringdb.com/fac/1599"}}, {"type": "Feature", "geometry": {"type": "Point", "coordinates": [14.478692, 50.083412]}, "properties": {"name": "GTS Nagano Prague", "city": "Prague", "country": "CZ", "status": "operational", "url": "https://www.peeringdb.com/fac/1600"}}, {"type": "Feature", "geometry": {"type": "Point", "coordinates": [18.016676, 59.289728]}, "properties": {"name": "Glesys Stockholm 1", "city": "Stockholm", "country": "SE", "status": "operational", "url": "https://www.peeringdb.com/fac/1602"}}, {"type": "Feature", "geometry": {"type": "Point", "coordinates": [-1.304674, 51.410224]}, "properties": {"name": "Amatis Newbury", "city": "Newbury", "country": "GB", "status": "operational", "url": "https://www.peeringdb.com/fac/1621"}}, {"type": "Feature", "geometry": {"type": "Point", "coordinates": [22.144299, 65.583236]}, "properties": {"name": "Lule\u00e5 Kommunhus", "city": "Lule\u00e5", "country": "SE", "status": "operational", "url": "https://www.peeringdb.com/fac/1629"}}, {"type": "Feature", "geometry": {"type": "Point", "coordinates": [26.117868, 44.484488]}, "properties": {"name": "Voxility IR1 Bucharest", "city": "Bucharest", "country": "RO", "status": "operational", "url": "https://www.peeringdb.com/fac/1635"}}, {"type": "Feature", "geometry": {"type": "Point", "coordinates": [57.893844, 23.664446]}, "properties": {"name": "Blue City", "city": "Barka", "country": "OM", "status": "operational", "url": "https://www.peeringdb.com/fac/1640"}}, {"type": "Feature", "geometry": {"type": "Point", "coordinates": [13.389075, 52.455763]}, "properties": {"name": "3U Rechenzentrum Berlin", "city": "Berlin", "country": "DE", "status": "operational", "url": "https://www.peeringdb.com/fac/1646"}}, {"type": "Feature", "geometry": {"type": "Point", "coordinates": [3.683342, 51.026812]}, "properties": {"name": "DCstar Datacenter Gent DCG", "city": "Ghent", "country": "BE", "status": "operational", "url": "https://www.peeringdb.com/fac/1650"}}, {"type": "Feature", "geometry": {"type": "Point", "coordinates": [7.528782, 47.201818]}, "properties": {"name": "data11", "city": "Solothurn", "country": "CH", "status": "operational", "url": "https://www.peeringdb.com/fac/1651"}}, {"type": "Feature", "geometry": {"type": "Point", "coordinates": [7.437145, 46.957571]}, "properties": {"name": "VTLWaveNet Bern", "city": "Bern", "country": "CH", "status": "operational", "url": "https://www.peeringdb.com/fac/1655"}}, {"type": "Feature", "geometry": {"type": "Point", "coordinates": [6.536082, 53.238044]}, "properties": {"name": "Rekenhal", "city": "Groningen", "country": "NL", "status": "operational", "url": "https://www.peeringdb.com/fac/1666"}}, {"type": "Feature", "geometry": {"type": "Point", "coordinates": [21.008976, 52.227433]}, "properties": {"name": "Orange Polska / Warsaw \u015bw. Barbary 10", "city": "Warsaw", "country": "PL", "status": "operational", "url": "https://www.peeringdb.com/fac/1672"}}, {"type": "Feature", "geometry": {"type": "Point", "coordinates": [23.359572, 42.956073]}, "properties": {"name": "RAX", "city": "Sofia", "country": "BG", "status": "operational", "url": "https://www.peeringdb.com/fac/1673"}}, {"type": "Feature", "geometry": {"type": "Point", "coordinates": [8.764988, 53.110922]}, "properties": {"name": "LWLcom Bremen BRE01", "city": "Bremen", "country": "DE", "status": "operational", "url": "https://www.peeringdb.com/fac/1674"}}, {"type": "Feature", "geometry": {"type": "Point", "coordinates": [5.941177, 51.970159]}, "properties": {"name": "Datacenter Arnhem KLW", "city": "Arnhem", "country": "NL", "status": "operational", "url": "https://www.peeringdb.com/fac/1675"}}, {"type": "Feature", "geometry": {"type": "Point", "coordinates": [8.770335, 53.075841]}, "properties": {"name": "PLUTEX Bremen", "city": "Bremen", "country": "DE", "status": "operational", "url": "https://www.peeringdb.com/fac/1677"}}, {"type": "Feature", "geometry": {"type": "Point", "coordinates": [-3.0551, 56.463688]}, "properties": {"name": "brightsolid Dundee Data Centre", "city": "Dundee", "country": "GB", "status": "operational", "url": "https://www.peeringdb.com/fac/1680"}}, {"type": "Feature", "geometry": {"type": "Point", "coordinates": [-2.32326, 53.46052]}, "properties": {"name": "ANS - MAN5", "city": "Manchester", "country": "GB", "status": "operational", "url": "https://www.peeringdb.com/fac/1683"}}, {"type": "Feature", "geometry": {"type": "Point", "coordinates": [-2.32326, 53.46052]}, "properties": {"name": "ANS - MAN6", "city": "Manchester", "country": "GB", "status": "operational", "url": "https://www.peeringdb.com/fac/1684"}}, {"type": "Feature", "geometry": {"type": "Point", "coordinates": [10.01568, 53.63873]}, "properties": {"name": "GlobalConnect Hamburg (HAM1)", "city": "Hamburg", "country": "DE", "status": "operational", "url": "https://www.peeringdb.com/fac/1686"}}, {"type": "Feature", "geometry": {"type": "Point", "coordinates": [10.046769, 53.550969]}, "properties": {"name": "GlobalConnect Hamburg (HAM2)", "city": "Hamburg", "country": "DE", "status": "operational", "url": "https://www.peeringdb.com/fac/1687"}}, {"type": "Feature", "geometry": {"type": "Point", "coordinates": [13.883056, 42.943245]}, "properties": {"name": "SBTAP01", "city": "San Benedetto del Tronto", "country": "IT", "status": "operational", "url": "https://www.peeringdb.com/fac/1692"}}, {"type": "Feature", "geometry": {"type": "Point", "coordinates": [26.122688, 44.415116]}, "properties": {"name": "InterConnect Datacenter", "city": "Bucharest", "country": "RO", "status": "operational", "url": "https://www.peeringdb.com/fac/1693"}}, {"type": "Feature", "geometry": {"type": "Point", "coordinates": [-0.204682, 51.888344]}, "properties": {"name": "ServerChoice SC-1", "city": "Stevenage", "country": "GB", "status": "operational", "url": "https://www.peeringdb.com/fac/1699"}}, {"type": "Feature", "geometry": {"type": "Point", "coordinates": [-1.632163, 54.960971]}, "properties": {"name": "Reliance House", "city": "Newcastle upon Tyne", "country": "GB", "status": "operational", "url": "https://www.peeringdb.com/fac/1702"}}, {"type": "Feature", "geometry": {"type": "Point", "coordinates": [12.981746, 55.607973]}, "properties": {"name": "Global Crossing Malmo", "city": "Malm\u00f6", "country": "SE", "status": "operational", "url": "https://www.peeringdb.com/fac/1717"}}, {"type": "Feature", "geometry": {"type": "Point", "coordinates": [16.378684, 48.210551]}, "properties": {"name": "next layer Fleischmarkt", "city": "Vienna", "country": "AT", "status": "operational", "url": "https://www.peeringdb.com/fac/1723"}}, {"type": "Feature", "geometry": {"type": "Point", "coordinates": [-2.059132, 51.89431]}, "properties": {"name": "Safehosts Cheltenham", "city": "Cheltenham", "country": "GB", "status": "operational", "url": "https://www.peeringdb.com/fac/1728"}}, {"type": "Feature", "geometry": {"type": "Point", "coordinates": [-1.163042, 50.825506]}, "properties": {"name": "iomart DC9 Gosport", "city": "Gosport", "country": "GB", "status": "operational", "url": "https://www.peeringdb.com/fac/1740"}}, {"type": "Feature", "geometry": {"type": "Point", "coordinates": [-0.97543, 51.425844]}, "properties": {"name": "Wavenet Reading", "city": "Reading", "country": "GB", "status": "operational", "url": "https://www.peeringdb.com/fac/1753"}}, {"type": "Feature", "geometry": {"type": "Point", "coordinates": [12.518345, 55.653658]}, "properties": {"name": "Digital Realty Copenhagen CPH-RS", "city": "Valby", "country": "DK", "status": "operational", "url": "https://www.peeringdb.com/fac/1757"}}, {"type": "Feature", "geometry": {"type": "Point", "coordinates": [11.588718, 48.188208]}, "properties": {"name": "Arelion Munich MCN", "city": "Munich", "country": "DE", "status": "operational", "url": "https://www.peeringdb.com/fac/1758"}}, {"type": "Feature", "geometry": {"type": "Point", "coordinates": [29.901988, 31.192539]}, "properties": {"name": "AUTO DATA Center", "city": "Alexandria", "country": "EG", "status": "operational", "url": "https://www.peeringdb.com/fac/1768"}}, {"type": "Feature", "geometry": {"type": "Point", "coordinates": [2.343833, 48.869597]}, "properties": {"name": "Treefaz Je\u00fbneurs", "city": "Paris", "country": "FR", "status": "operational", "url": "https://www.peeringdb.com/fac/1782"}}, {"type": "Feature", "geometry": {"type": "Point", "coordinates": [2.641417, 48.836897]}, "properties": {"name": "Penta Infra Paris PAR01", "city": "Lognes", "country": "FR", "status": "operational", "url": "https://www.peeringdb.com/fac/1785"}}, {"type": "Feature", "geometry": {"type": "Point", "coordinates": [11.597264, 44.83275]}, "properties": {"name": "FEIX", "city": "Ferrara", "country": "IT", "status": "operational", "url": "https://www.peeringdb.com/fac/1786"}}, {"type": "Feature", "geometry": {"type": "Point", "coordinates": [11.363497, 44.508512]}, "properties": {"name": "BOIX", "city": "Bologna", "country": "IT", "status": "operational", "url": "https://www.peeringdb.com/fac/1788"}}, {"type": "Feature", "geometry": {"type": "Point", "coordinates": [-0.112216, 51.512487]}, "properties": {"name": "Digital Realty London LHR13", "city": "Chessington", "country": "GB", "status": "operational", "url": "https://www.peeringdb.com/fac/1792"}}, {"type": "Feature", "geometry": {"type": "Point", "coordinates": [26.044811, 44.468324]}, "properties": {"name": "Tennet Datacenter", "city": "Bucharest", "country": "RO", "status": "operational", "url": "https://www.peeringdb.com/fac/1796"}}, {"type": "Feature", "geometry": {"type": "Point", "coordinates": [9.670212, 50.551258]}, "properties": {"name": "NETHINKS Housing ITZ Fulda", "city": "Fulda", "country": "DE", "status": "operational", "url": "https://www.peeringdb.com/fac/1801"}}, {"type": "Feature", "geometry": {"type": "Point", "coordinates": [-3.41002, 55.929394]}, "properties": {"name": "Pulsant Edinburgh SC-3 (Newbridge)", "city": "Edinburgh", "country": "GB", "status": "operational", "url": "https://www.peeringdb.com/fac/1802"}}, {"type": "Feature", "geometry": {"type": "Point", "coordinates": [8.80715, 53.074781]}, "properties": {"name": "ColocationIX DC0", "city": "Bremen", "country": "DE", "status": "operational", "url": "https://www.peeringdb.com/fac/1803"}}, {"type": "Feature", "geometry": {"type": "Point", "coordinates": [16.593014, 49.210343]}, "properties": {"name": "DC Kounicova", "city": "Brno", "country": "CZ", "status": "operational", "url": "https://www.peeringdb.com/fac/1807"}}, {"type": "Feature", "geometry": {"type": "Point", "coordinates": [16.603317, 49.20172]}, "properties": {"name": "DC Antoninska", "city": "Brno", "country": "CZ", "status": "operational", "url": "https://www.peeringdb.com/fac/1808"}}, {"type": "Feature", "geometry": {"type": "Point", "coordinates": [10.787198, 59.822062]}, "properties": {"name": "OSL02 - Vaultica Data Centers", "city": "Troll\u00e5sen, Oslo", "country": "NO", "status": "operational", "url": "https://www.peeringdb.com/fac/1809"}}, {"type": "Feature", "geometry": {"type": "Point", "coordinates": [-3.180582, 51.478187]}, "properties": {"name": "BT Empire Exchange / Stadium House", "city": "Cardiff", "country": "GB", "status": "operational", "url": "https://www.peeringdb.com/fac/1817"}}, {"type": "Feature", "geometry": {"type": "Point", "coordinates": [6.19872, 52.717249]}, "properties": {"name": "KoloDC NL2", "city": "Meppel", "country": "NL", "status": "operational", "url": "https://www.peeringdb.com/fac/1826"}}, {"type": "Feature", "geometry": {"type": "Point", "coordinates": [-1.762407, 53.79512]}, "properties": {"name": "Legend Bradford", "city": "Bradford", "country": "GB", "status": "operational", "url": "https://www.peeringdb.com/fac/1827"}}, {"type": "Feature", "geometry": {"type": "Point", "coordinates": [10.735267, 59.949648]}, "properties": {"name": "Ullev\u00e5l Stadion", "city": "Oslo", "country": "NO", "status": "operational", "url": "https://www.peeringdb.com/fac/1830"}}, {"type": "Feature", "geometry": {"type": "Point", "coordinates": [17.273803, 49.592354]}, "properties": {"name": "Datacentrum Moravia", "city": "Olomouc", "country": "CZ", "status": "operational", "url": "https://www.peeringdb.com/fac/1833"}}, {"type": "Feature", "geometry": {"type": "Point", "coordinates": [-0.821027, 52.041813]}, "properties": {"name": "nLighten Milton Keynes LTN1", "city": "Milton Keynes", "country": "GB", "status": "operational", "url": "https://www.peeringdb.com/fac/1843"}}, {"type": "Feature", "geometry": {"type": "Point", "coordinates": [14.343662, 50.101665]}, "properties": {"name": "Shiran Datacenter", "city": "Prague 6", "country": "CZ", "status": "operational", "url": "https://www.peeringdb.com/fac/1846"}}, {"type": "Feature", "geometry": {"type": "Point", "coordinates": [-1.429056, 53.398917]}, "properties": {"name": "ASK4 DC1 - Sheffield", "city": "Sheffield", "country": "GB", "status": "operational", "url": "https://www.peeringdb.com/fac/1848"}}, {"type": "Feature", "geometry": {"type": "Point", "coordinates": [24.882413, 60.153761]}, "properties": {"name": "Elisa Helsinki Lauttasaari", "city": "Helsinki", "country": "FI", "status": "operational", "url": "https://www.peeringdb.com/fac/1850"}}, {"type": "Feature", "geometry": {"type": "Point", "coordinates": [3.042615, 50.647547]}, "properties": {"name": "TDF Datacenter Lille Lambersart", "city": "Lambersart", "country": "FR", "status": "operational", "url": "https://www.peeringdb.com/fac/1857"}}, {"type": "Feature", "geometry": {"type": "Point", "coordinates": [-0.505437, 44.819668]}, "properties": {"name": "TDF Datacenter Bordeaux Bouliac", "city": "Bouliac", "country": "FR", "status": "operational", "url": "https://www.peeringdb.com/fac/1858"}}, {"type": "Feature", "geometry": {"type": "Point", "coordinates": [24.883142, 60.153815]}, "properties": {"name": "Nebula Oy Lauttasaari", "city": "Helsinki", "country": "FI", "status": "operational", "url": "https://www.peeringdb.com/fac/1859"}}, {"type": "Feature", "geometry": {"type": "Point", "coordinates": [24.8144, 60.183899]}, "properties": {"name": "Innopoli", "city": "Espoo", "country": "FI", "status": "operational", "url": "https://www.peeringdb.com/fac/1861"}}, {"type": "Feature", "geometry": {"type": "Point", "coordinates": [11.592698, 48.195477]}, "properties": {"name": "EMC Home of Data MUC I/II - MuCon-X", "city": "Munich", "country": "DE", "status": "operational", "url": "https://www.peeringdb.com/fac/1863"}}, {"type": "Feature", "geometry": {"type": "Point", "coordinates": [-3.621211, 40.439323]}, "properties": {"name": "Andrino Telecom MAD1", "city": "Madrid", "country": "ES", "status": "operational", "url": "https://www.peeringdb.com/fac/1864"}}, {"type": "Feature", "geometry": {"type": "Point", "coordinates": [2.347732, 48.869629]}, "properties": {"name": "NeoCenter Paris", "city": "Paris", "country": "FR", "status": "operational", "url": "https://www.peeringdb.com/fac/1869"}}, {"type": "Feature", "geometry": {"type": "Point", "coordinates": [-4.474589, 36.694764]}, "properties": {"name": "Malaga Data Center", "city": "M\u00e1laga", "country": "ES", "status": "operational", "url": "https://www.peeringdb.com/fac/1870"}}, {"type": "Feature", "geometry": {"type": "Point", "coordinates": [4.387171, 52.064706]}, "properties": {"name": "DFDC The Hague", "city": "The Hague", "country": "NL", "status": "operational", "url": "https://www.peeringdb.com/fac/1873"}}, {"type": "Feature", "geometry": {"type": "Point", "coordinates": [1.421353, 43.619897]}, "properties": {"name": "Eurofiber DC - TLS00", "city": "Toulouse", "country": "FR", "status": "operational", "url": "https://www.peeringdb.com/fac/1877"}}, {"type": "Feature", "geometry": {"type": "Point", "coordinates": [5.338429, 43.35965]}, "properties": {"name": "Free Pro - Marseille - MRS1", "city": "Marseille", "country": "FR", "status": "operational", "url": "https://www.peeringdb.com/fac/1879"}}, {"type": "Feature", "geometry": {"type": "Point", "coordinates": [3.543358, 50.345456]}, "properties": {"name": "Techcrea Valenciennes", "city": "Marly", "country": "FR", "status": "operational", "url": "https://www.peeringdb.com/fac/1882"}}, {"type": "Feature", "geometry": {"type": "Point", "coordinates": [10.183258, 36.821174]}, "properties": {"name": "ATLAX", "city": "Tunis", "country": "TN", "status": "operational", "url": "https://www.peeringdb.com/fac/1888"}}, {"type": "Feature", "geometry": {"type": "Point", "coordinates": [7.65169, 45.038263]}, "properties": {"name": "CSI Piemonte", "city": "Turin", "country": "IT", "status": "operational", "url": "https://www.peeringdb.com/fac/1912"}}, {"type": "Feature", "geometry": {"type": "Point", "coordinates": [2.227899, 48.769749]}, "properties": {"name": "Cloudata", "city": "Bievres", "country": "FR", "status": "operational", "url": "https://www.peeringdb.com/fac/1931"}}, {"type": "Feature", "geometry": {"type": "Point", "coordinates": [-0.014255, 51.499234]}, "properties": {"name": "Arelion London HEX", "city": "London", "country": "GB", "status": "operational", "url": "https://www.peeringdb.com/fac/1934"}}, {"type": "Feature", "geometry": {"type": "Point", "coordinates": [23.395329, 42.668521]}, "properties": {"name": "Equinix SO1 - Sofia", "city": "Sofia", "country": "BG", "status": "operational", "url": "https://www.peeringdb.com/fac/1935"}}, {"type": "Feature", "geometry": {"type": "Point", "coordinates": [11.92851, 45.38861]}, "properties": {"name": "VSIX", "city": "Padova", "country": "IT", "status": "operational", "url": "https://www.peeringdb.com/fac/1936"}}, {"type": "Feature", "geometry": {"type": "Point", "coordinates": [23.870251, 37.871339]}, "properties": {"name": "Digital Realty Athens Campus (ATH1, ATH2, ATH3)", "city": "Koropi", "country": "GR", "status": "operational", "url": "https://www.peeringdb.com/fac/1949"}}, {"type": "Feature", "geometry": {"type": "Point", "coordinates": [6.066321, 46.220433]}, "properties": {"name": "IBM Gigaplex", "city": "Meyrin", "country": "CH", "status": "operational", "url": "https://www.peeringdb.com/fac/1958"}}, {"type": "Feature", "geometry": {"type": "Point", "coordinates": [-1.130668, 53.979611]}, "properties": {"name": "Bytemark YO26 DC1", "city": "York", "country": "GB", "status": "operational", "url": "https://www.peeringdb.com/fac/1959"}}, {"type": "Feature", "geometry": {"type": "Point", "coordinates": [10.811382, 59.91144]}, "properties": {"name": "Fujitsu Oslo", "city": "Oslo", "country": "NO", "status": "operational", "url": "https://www.peeringdb.com/fac/1962"}}, {"type": "Feature", "geometry": {"type": "Point", "coordinates": [-0.587003, 51.323497]}, "properties": {"name": "Digital Realty London LGW14", "city": "Woking", "country": "GB", "status": "operational", "url": "https://www.peeringdb.com/fac/1963"}}, {"type": "Feature", "geometry": {"type": "Point", "coordinates": [36.896534, -1.34014]}, "properties": {"name": "Africa Data Centres, Nairobi NBO1, Kenya", "city": "Nairobi", "country": "KE", "status": "operational", "url": "https://www.peeringdb.com/fac/1964"}}, {"type": "Feature", "geometry": {"type": "Point", "coordinates": [9.101999, 45.477926]}, "properties": {"name": "Retelit Avalon 1", "city": "Milan", "country": "IT", "status": "operational", "url": "https://www.peeringdb.com/fac/1974"}}, {"type": "Feature", "geometry": {"type": "Point", "coordinates": [9.176289, 48.774973]}, "properties": {"name": "AtlasEdge DC Stuttgart NB8", "city": "Stuttgart", "country": "DE", "status": "operational", "url": "https://www.peeringdb.com/fac/1986"}}, {"type": "Feature", "geometry": {"type": "Point", "coordinates": [-3.673567, 40.513898]}, "properties": {"name": "Ibercom Madrid", "city": "Madrid", "country": "ES", "status": "operational", "url": "https://www.peeringdb.com/fac/1993"}}, {"type": "Feature", "geometry": {"type": "Point", "coordinates": [-2.009168, 43.296669]}, "properties": {"name": "Ibercom San Sebastian", "city": "San Sebasti\u00e1n", "country": "ES", "status": "operational", "url": "https://www.peeringdb.com/fac/1994"}}, {"type": "Feature", "geometry": {"type": "Point", "coordinates": [9.171464, 48.708257]}, "properties": {"name": "Arelion Stuttgart SGRT/Z", "city": "Stuttgart", "country": "DE", "status": "operational", "url": "https://www.peeringdb.com/fac/2000"}}, {"type": "Feature", "geometry": {"type": "Point", "coordinates": [8.948194, 45.853466]}, "properties": {"name": "GOLINE - Stabio", "city": "Stabio", "country": "CH", "status": "operational", "url": "https://www.peeringdb.com/fac/2002"}}, {"type": "Feature", "geometry": {"type": "Point", "coordinates": [-0.138645, 50.832243]}, "properties": {"name": "Brighton Digital Exchange BTN1", "city": "Brighton", "country": "GB", "status": "operational", "url": "https://www.peeringdb.com/fac/2009"}}, {"type": "Feature", "geometry": {"type": "Point", "coordinates": [6.621991, 52.567834]}, "properties": {"name": "Qonnected I (HDB01) - aka Ecostora", "city": "Hardenberg", "country": "NL", "status": "operational", "url": "https://www.peeringdb.com/fac/2026"}}, {"type": "Feature", "geometry": {"type": "Point", "coordinates": [31.758384, -28.960238]}, "properties": {"name": "SEACOM Mtunzini CLS", "city": "Mtunzini", "country": "ZA", "status": "operational", "url": "https://www.peeringdb.com/fac/2031"}}, {"type": "Feature", "geometry": {"type": "Point", "coordinates": [6.640031, 46.517316]}, "properties": {"name": "AlpineDC", "city": "Lausanne", "country": "CH", "status": "operational", "url": "https://www.peeringdb.com/fac/2041"}}, {"type": "Feature", "geometry": {"type": "Point", "coordinates": [21.008976, 52.227433]}, "properties": {"name": "Orange Polska // Warszawa", "city": "Warsaw", "country": "PL", "status": "operational", "url": "https://www.peeringdb.com/fac/2050"}}, {"type": "Feature", "geometry": {"type": "Point", "coordinates": [23.165997, 53.133716]}, "properties": {"name": "Orange Polska // Bia\u0142ystok", "city": "Bia\u0142ystok", "country": "PL", "status": "operational", "url": "https://www.peeringdb.com/fac/2051"}}, {"type": "Feature", "geometry": {"type": "Point", "coordinates": [18.029071, 53.132007]}, "properties": {"name": "Orange Polska // Bydgoszcz", "city": "Bydgoszcz", "country": "PL", "status": "operational", "url": "https://www.peeringdb.com/fac/2052"}}, {"type": "Feature", "geometry": {"type": "Point", "coordinates": [18.608418, 54.377818]}, "properties": {"name": "Orange Polska // Gda\u0144sk", "city": "Gdansk", "country": "PL", "status": "operational", "url": "https://www.peeringdb.com/fac/2055"}}, {"type": "Feature", "geometry": {"type": "Point", "coordinates": [19.024686, 50.244417]}, "properties": {"name": "Orange Polska // Katowice", "city": "Katowice", "country": "PL", "status": "operational", "url": "https://www.peeringdb.com/fac/2056"}}, {"type": "Feature", "geometry": {"type": "Point", "coordinates": [19.956126, 50.072088]}, "properties": {"name": "Orange Polska // Krak\u00f3w", "city": "Krakow", "country": "PL", "status": "operational", "url": "https://www.peeringdb.com/fac/2058"}}, {"type": "Feature", "geometry": {"type": "Point", "coordinates": [19.452131, 51.769225]}, "properties": {"name": "Orange Polska // \u0141\u00f3d\u017a", "city": "\u0141\u00f3d\u017a", "country": "PL", "status": "operational", "url": "https://www.peeringdb.com/fac/2060"}}, {"type": "Feature", "geometry": {"type": "Point", "coordinates": [20.490974, 53.741309]}, "properties": {"name": "Orange Polska // Olsztyn", "city": "Olsztyn", "country": "PL", "status": "operational", "url": "https://www.peeringdb.com/fac/2061"}}, {"type": "Feature", "geometry": {"type": "Point", "coordinates": [16.930076, 52.409911]}, "properties": {"name": "Orange Polska // Pozna\u0144", "city": "Poznan", "country": "PL", "status": "operational", "url": "https://www.peeringdb.com/fac/2062"}}, {"type": "Feature", "geometry": {"type": "Point", "coordinates": [17.04044, 51.110238]}, "properties": {"name": "Orange Polska // Wroc\u0142aw", "city": "Wroclaw", "country": "PL", "status": "operational", "url": "https://www.peeringdb.com/fac/2065"}}, {"type": "Feature", "geometry": {"type": "Point", "coordinates": [6.473715, 53.207462]}, "properties": {"name": "NorthC Groningen 1", "city": "Groningen", "country": "NL", "status": "operational", "url": "https://www.peeringdb.com/fac/2066"}}, {"type": "Feature", "geometry": {"type": "Point", "coordinates": [-0.686973, 37.97929]}, "properties": {"name": "Television Torrevieja CPD (TVT-CPD)", "city": "Torrevieja", "country": "ES", "status": "operational", "url": "https://www.peeringdb.com/fac/2085"}}, {"type": "Feature", "geometry": {"type": "Point", "coordinates": [-3.180046, 51.478416]}, "properties": {"name": "LINX Wales - BT Stadium House", "city": "Cardiff", "country": "GB", "status": "operational", "url": "https://www.peeringdb.com/fac/2090"}}, {"type": "Feature", "geometry": {"type": "Point", "coordinates": [19.003115, 50.253609]}, "properties": {"name": "4 Data Center", "city": "Katowice", "country": "PL", "status": "operational", "url": "https://www.peeringdb.com/fac/2098"}}, {"type": "Feature", "geometry": {"type": "Point", "coordinates": [3.115058, 45.831238]}, "properties": {"name": "Nexeren CBZ", "city": "C\u00e9bazat", "country": "FR", "status": "operational", "url": "https://www.peeringdb.com/fac/2108"}}, {"type": "Feature", "geometry": {"type": "Point", "coordinates": [-1.166397, 50.848112]}, "properties": {"name": "ServerHouse P1", "city": "Fareham", "country": "GB", "status": "operational", "url": "https://www.peeringdb.com/fac/2117"}}, {"type": "Feature", "geometry": {"type": "Point", "coordinates": [8.613329, 47.425491]}, "properties": {"name": "EHOST", "city": "Dietlikon", "country": "CH", "status": "operational", "url": "https://www.peeringdb.com/fac/2118"}}, {"type": "Feature", "geometry": {"type": "Point", "coordinates": [-6.441368, 53.318675]}, "properties": {"name": "Digital Realty Dublin DUB13-14", "city": "Dublin", "country": "IE", "status": "operational", "url": "https://www.peeringdb.com/fac/2136"}}, {"type": "Feature", "geometry": {"type": "Point", "coordinates": [11.555925, 48.143033]}, "properties": {"name": "Global Crossing Munich", "city": "Munich", "country": "DE", "status": "operational", "url": "https://www.peeringdb.com/fac/2137"}}, {"type": "Feature", "geometry": {"type": "Point", "coordinates": [17.112847, 48.151421]}, "properties": {"name": "Slovak University of Technology", "city": "Bratislava", "country": "SK", "status": "operational", "url": "https://www.peeringdb.com/fac/2150"}}, {"type": "Feature", "geometry": {"type": "Point", "coordinates": [21.242394, 48.73265]}, "properties": {"name": "Technical University Ko\u0161ice", "city": "Ko\u0161ice", "country": "SK", "status": "operational", "url": "https://www.peeringdb.com/fac/2151"}}, {"type": "Feature", "geometry": {"type": "Point", "coordinates": [-6.351995, 53.411858]}, "properties": {"name": "Equinix DB4 - Dublin, Ballycoolin", "city": "Dublin", "country": "IE", "status": "operational", "url": "https://www.peeringdb.com/fac/2161"}}, {"type": "Feature", "geometry": {"type": "Point", "coordinates": [-2.120423, 52.637244]}, "properties": {"name": "Midlands Technology Centre", "city": "Wolverhampton", "country": "GB", "status": "operational", "url": "https://www.peeringdb.com/fac/2168"}}, {"type": "Feature", "geometry": {"type": "Point", "coordinates": [28.140755, -25.927622]}, "properties": {"name": "xneelo JNB1 (Formerly Hetzner SA)", "city": "Centurion", "country": "ZA", "status": "operational", "url": "https://www.peeringdb.com/fac/2172"}}, {"type": "Feature", "geometry": {"type": "Point", "coordinates": [16.432897, 48.270926]}, "properties": {"name": "ODC21 (IBM colocation site)", "city": "Vienna", "country": "AT", "status": "operational", "url": "https://www.peeringdb.com/fac/2175"}}, {"type": "Feature", "geometry": {"type": "Point", "coordinates": [6.223371, 49.595079]}, "properties": {"name": "Visual Online Contern", "city": "Contern", "country": "LU", "status": "operational", "url": "https://www.peeringdb.com/fac/2176"}}, {"type": "Feature", "geometry": {"type": "Point", "coordinates": [29.007279, 41.079645]}, "properties": {"name": "intibu - istanbul", "city": "Istanbul", "country": "TR", "status": "operational", "url": "https://www.peeringdb.com/fac/2177"}}, {"type": "Feature", "geometry": {"type": "Point", "coordinates": [26.118016, 44.478323]}, "properties": {"name": "M247 Europe Bucharest", "city": "Bucharest", "country": "RO", "status": "operational", "url": "https://www.peeringdb.com/fac/2188"}}, {"type": "Feature", "geometry": {"type": "Point", "coordinates": [2.258464, 48.90607]}, "properties": {"name": "Telco Center", "city": "Courbevoie", "country": "FR", "status": "operational", "url": "https://www.peeringdb.com/fac/2191"}}, {"type": "Feature", "geometry": {"type": "Point", "coordinates": [-0.97925, 51.427755]}, "properties": {"name": "Pulsant Reading SE-3 (South)", "city": "Reading", "country": "GB", "status": "operational", "url": "https://www.peeringdb.com/fac/2192"}}, {"type": "Feature", "geometry": {"type": "Point", "coordinates": [26.10737, 44.434331]}, "properties": {"name": "Teletrans Datacenter", "city": "Bucharest", "country": "RO", "status": "operational", "url": "https://www.peeringdb.com/fac/2199"}}, {"type": "Feature", "geometry": {"type": "Point", "coordinates": [13.040322, 47.822732]}, "properties": {"name": "Techno-Z", "city": "Salzburg", "country": "AT", "status": "operational", "url": "https://www.peeringdb.com/fac/2201"}}, {"type": "Feature", "geometry": {"type": "Point", "coordinates": [13.040524, 47.822464]}, "properties": {"name": "Emit dc1-2", "city": "Salzburg", "country": "AT", "status": "operational", "url": "https://www.peeringdb.com/fac/2204"}}, {"type": "Feature", "geometry": {"type": "Point", "coordinates": [9.783293, 52.32856]}, "properties": {"name": "kyberio GmbH", "city": "Hannover", "country": "DE", "status": "operational", "url": "https://www.peeringdb.com/fac/2220"}}, {"type": "Feature", "geometry": {"type": "Point", "coordinates": [14.341096, 50.100862]}, "properties": {"name": "dc6.cz", "city": "Prague", "country": "CZ", "status": "operational", "url": "https://www.peeringdb.com/fac/2224"}}, {"type": "Feature", "geometry": {"type": "Point", "coordinates": [2.304642, 49.881905]}, "properties": {"name": "Metroptics Datacenter", "city": "Amiens", "country": "FR", "status": "operational", "url": "https://www.peeringdb.com/fac/2228"}}, {"type": "Feature", "geometry": {"type": "Point", "coordinates": [-2.482159, 52.718606]}, "properties": {"name": "Nasstar GBTEL01 Datapoint House", "city": "Telford", "country": "GB", "status": "operational", "url": "https://www.peeringdb.com/fac/2229"}}, {"type": "Feature", "geometry": {"type": "Point", "coordinates": [-2.415104, 52.679153]}, "properties": {"name": "Entanet Telford DC3", "city": "Telford, Shropshire", "country": "GB", "status": "operational", "url": "https://www.peeringdb.com/fac/2230"}}, {"type": "Feature", "geometry": {"type": "Point", "coordinates": [8.480151, 50.333485]}, "properties": {"name": "Earth Station Usingen", "city": "Usingen/Neu-Anspach", "country": "DE", "status": "operational", "url": "https://www.peeringdb.com/fac/2242"}}, {"type": "Feature", "geometry": {"type": "Point", "coordinates": [-1.314798, 51.401257]}, "properties": {"name": "Stream Networks - Newbury", "city": "Newbury", "country": "GB", "status": "operational", "url": "https://www.peeringdb.com/fac/2244"}}, {"type": "Feature", "geometry": {"type": "Point", "coordinates": [5.387401, 51.442133]}, "properties": {"name": "Interconnect Services DC2 Eindhoven", "city": "Eindhoven", "country": "NL", "status": "operational", "url": "https://www.peeringdb.com/fac/2248"}}, {"type": "Feature", "geometry": {"type": "Point", "coordinates": [-0.63804, 51.524335]}, "properties": {"name": "Equinix LD6 - London, Slough", "city": "Slough", "country": "GB", "status": "operational", "url": "https://www.peeringdb.com/fac/2262"}}, {"type": "Feature", "geometry": {"type": "Point", "coordinates": [5.324426, 43.460746]}, "properties": {"name": "TDF Datacenter Aix Marseille", "city": "Les Milles", "country": "FR", "status": "operational", "url": "https://www.peeringdb.com/fac/2274"}}, {"type": "Feature", "geometry": {"type": "Point", "coordinates": [8.669416, 59.881087]}, "properties": {"name": "DC2-Telemark", "city": "Rjukan", "country": "NO", "status": "operational", "url": "https://www.peeringdb.com/fac/2275"}}, {"type": "Feature", "geometry": {"type": "Point", "coordinates": [-0.792355, 51.279501]}, "properties": {"name": "Datum", "city": "Farnborough", "country": "GB", "status": "operational", "url": "https://www.peeringdb.com/fac/2277"}}, {"type": "Feature", "geometry": {"type": "Point", "coordinates": [17.897369, 59.509861]}, "properties": {"name": "STO01 - Vaultica Data Centers", "city": "Upplands V\u00e4sby", "country": "SE", "status": "operational", "url": "https://www.peeringdb.com/fac/2284"}}, {"type": "Feature", "geometry": {"type": "Point", "coordinates": [-6.219909, 53.406419]}, "properties": {"name": "Vodafone Willsborough Industrial Estate", "city": "Dublin", "country": "IE", "status": "operational", "url": "https://www.peeringdb.com/fac/2289"}}, {"type": "Feature", "geometry": {"type": "Point", "coordinates": [14.521341, 50.080497]}, "properties": {"name": "TTC TELEPORT DC2", "city": "Prague", "country": "CZ", "status": "operational", "url": "https://www.peeringdb.com/fac/2291"}}, {"type": "Feature", "geometry": {"type": "Point", "coordinates": [8.396352, 47.419531]}, "properties": {"name": "FSIT Dietikon CH-DIE001", "city": "Dietikon", "country": "CH", "status": "operational", "url": "https://www.peeringdb.com/fac/2299"}}, {"type": "Feature", "geometry": {"type": "Point", "coordinates": [11.435879, 47.265059]}, "properties": {"name": "Datencenter 3 - Innsbruck", "city": "Innsbruck", "country": "AT", "status": "operational", "url": "https://www.peeringdb.com/fac/2307"}}, {"type": "Feature", "geometry": {"type": "Point", "coordinates": [11.50305, 47.277933]}, "properties": {"name": "Datencenter 1 - Hall in Tirol", "city": "Hall in Tirol", "country": "AT", "status": "operational", "url": "https://www.peeringdb.com/fac/2309"}}, {"type": "Feature", "geometry": {"type": "Point", "coordinates": [5.972544, 50.892834]}, "properties": {"name": "Smartdc Heerlen", "city": "Heerlen", "country": "NL", "status": "operational", "url": "https://www.peeringdb.com/fac/2314"}}, {"type": "Feature", "geometry": {"type": "Point", "coordinates": [9.128656, 48.721575]}, "properties": {"name": "ITENOS Stuttgart (STR1)", "city": "Stuttgart", "country": "DE", "status": "operational", "url": "https://www.peeringdb.com/fac/2326"}}, {"type": "Feature", "geometry": {"type": "Point", "coordinates": [6.798701, 51.258617]}, "properties": {"name": "ITENOS D\u00fcsseldorf (DUS1)", "city": "D\u00fcsseldorf", "country": "DE", "status": "operational", "url": "https://www.peeringdb.com/fac/2327"}}, {"type": "Feature", "geometry": {"type": "Point", "coordinates": [10.07693, 53.54667]}, "properties": {"name": "ITENOS Hamburg (HAM1)", "city": "Hamburg", "country": "DE", "status": "operational", "url": "https://www.peeringdb.com/fac/2328"}}, {"type": "Feature", "geometry": {"type": "Point", "coordinates": [23.757183, 61.496478]}, "properties": {"name": "Tampere Hallituskatu 14", "city": "Tampere", "country": "FI", "status": "operational", "url": "https://www.peeringdb.com/fac/2333"}}, {"type": "Feature", "geometry": {"type": "Point", "coordinates": [-22.583679, 63.972036]}, "properties": {"name": "Verne Iceland", "city": "Reykjanesb\u00e6r", "country": "IS", "status": "operational", "url": "https://www.peeringdb.com/fac/2339"}}, {"type": "Feature", "geometry": {"type": "Point", "coordinates": [-6.218081, 53.400983]}, "properties": {"name": "Eircom Dublin (Clonshaugh)", "city": "Dublin", "country": "IE", "status": "operational", "url": "https://www.peeringdb.com/fac/2343"}}, {"type": "Feature", "geometry": {"type": "Point", "coordinates": [-2.123162, 52.587498]}, "properties": {"name": "Chubb Buildings", "city": "Wolverhampton", "country": "GB", "status": "operational", "url": "https://www.peeringdb.com/fac/2345"}}, {"type": "Feature", "geometry": {"type": "Point", "coordinates": [17.886071, 59.387758]}, "properties": {"name": "Verizon OMX Lunda Stockholm", "city": "Spanga", "country": "SE", "status": "operational", "url": "https://www.peeringdb.com/fac/2346"}}, {"type": "Feature", "geometry": {"type": "Point", "coordinates": [20.925357, 52.194664]}, "properties": {"name": "Datahouse Warsaw", "city": "Warsaw", "country": "PL", "status": "operational", "url": "https://www.peeringdb.com/fac/2347"}}, {"type": "Feature", "geometry": {"type": "Point", "coordinates": [32.870155, 39.487559]}, "properties": {"name": "Teknotel - Ankara", "city": "Ankara", "country": "TR", "status": "operational", "url": "https://www.peeringdb.com/fac/2353"}}, {"type": "Feature", "geometry": {"type": "Point", "coordinates": [-2.294242, 53.466919]}, "properties": {"name": "LDeX2", "city": "Manchester", "country": "GB", "status": "operational", "url": "https://www.peeringdb.com/fac/2360"}}, {"type": "Feature", "geometry": {"type": "Point", "coordinates": [16.339338, 48.158717]}, "properties": {"name": "NTT Vienna1 Data Center (VIE1)", "city": "Vienna", "country": "AT", "status": "operational", "url": "https://www.peeringdb.com/fac/2363"}}, {"type": "Feature", "geometry": {"type": "Point", "coordinates": [34.858941, 32.092304]}, "properties": {"name": "MedOne PT1 (Petach Tikva)", "city": "Petah Tikva", "country": "IL", "status": "operational", "url": "https://www.peeringdb.com/fac/2382"}}, {"type": "Feature", "geometry": {"type": "Point", "coordinates": [20.998078, 52.184865]}, "properties": {"name": "ATMAN Data Center Warsaw-2 (WAW-2, Konstruktorska 5)", "city": "Warsaw", "country": "PL", "status": "operational", "url": "https://www.peeringdb.com/fac/2383"}}, {"type": "Feature", "geometry": {"type": "Point", "coordinates": [-1.544078, 53.785246]}, "properties": {"name": "aql DC5", "city": "Leeds", "country": "GB", "status": "operational", "url": "https://www.peeringdb.com/fac/2384"}}, {"type": "Feature", "geometry": {"type": "Point", "coordinates": [-0.46719, 39.519555]}, "properties": {"name": "NIXVAL Datacenter", "city": "Paterna", "country": "ES", "status": "operational", "url": "https://www.peeringdb.com/fac/2393"}}, {"type": "Feature", "geometry": {"type": "Point", "coordinates": [6.623485, 46.52049]}, "properties": {"name": "Swisscom Savoie", "city": "Lausanne", "country": "CH", "status": "operational", "url": "https://www.peeringdb.com/fac/2395"}}, {"type": "Feature", "geometry": {"type": "Point", "coordinates": [9.111434, 48.738805]}, "properties": {"name": "AtlasEdge DC Stuttgart GRP10", "city": "Stuttgart", "country": "DE", "status": "operational", "url": "https://www.peeringdb.com/fac/2401"}}, {"type": "Feature", "geometry": {"type": "Point", "coordinates": [8.6427, 49.87706]}, "properties": {"name": "DARZ", "city": "Darmstadt", "country": "DE", "status": "operational", "url": "https://www.peeringdb.com/fac/2404"}}, {"type": "Feature", "geometry": {"type": "Point", "coordinates": [-2.215918, 51.419688]}, "properties": {"name": "Ark Data Centres - Spring Park - SQ17, P1, P2, P3, P4, P5", "city": "Corsham", "country": "GB", "status": "operational", "url": "https://www.peeringdb.com/fac/2429"}}, {"type": "Feature", "geometry": {"type": "Point", "coordinates": [10.741799, 59.916236]}, "properties": {"name": "Blix CJH Oslo", "city": "Oslo", "country": "NO", "status": "operational", "url": "https://www.peeringdb.com/fac/2431"}}, {"type": "Feature", "geometry": {"type": "Point", "coordinates": [4.414046, 51.930144]}, "properties": {"name": "Bytesnet Rotterdam", "city": "Rotterdam", "country": "NL", "status": "operational", "url": "https://www.peeringdb.com/fac/2437"}}, {"type": "Feature", "geometry": {"type": "Point", "coordinates": [3.970954, 43.64844]}, "properties": {"name": "System-Net HDC 1", "city": "Saint Aunes", "country": "FR", "status": "operational", "url": "https://www.peeringdb.com/fac/2488"}}, {"type": "Feature", "geometry": {"type": "Point", "coordinates": [16.958575, 52.443779]}, "properties": {"name": "Talex", "city": "Poznan", "country": "PL", "status": "operational", "url": "https://www.peeringdb.com/fac/2493"}}, {"type": "Feature", "geometry": {"type": "Point", "coordinates": [16.916251, 52.411831]}, "properties": {"name": "Poznan Supercomputing and Networking Center", "city": "Poznan", "country": "PL", "status": "operational", "url": "https://www.peeringdb.com/fac/2494"}}, {"type": "Feature", "geometry": {"type": "Point", "coordinates": [16.920731, 52.411442]}, "properties": {"name": "St.Dominic Monastery", "city": "Poznan", "country": "PL", "status": "operational", "url": "https://www.peeringdb.com/fac/2495"}}, {"type": "Feature", "geometry": {"type": "Point", "coordinates": [10.974568, 43.838559]}, "properties": {"name": "Sirius Technology DC - Quarrata", "city": "Quarrata", "country": "IT", "status": "operational", "url": "https://www.peeringdb.com/fac/2504"}}, {"type": "Feature", "geometry": {"type": "Point", "coordinates": [14.589515, 53.460027]}, "properties": {"name": "EOT Exchange", "city": "Szczecin", "country": "PL", "status": "operational", "url": "https://www.peeringdb.com/fac/2510"}}, {"type": "Feature", "geometry": {"type": "Point", "coordinates": [28.827056, 40.993555]}, "properties": {"name": "MedNautilus Istanbul", "city": "Istanbul", "country": "TR", "status": "operational", "url": "https://www.peeringdb.com/fac/2515"}}, {"type": "Feature", "geometry": {"type": "Point", "coordinates": [24.777861, 60.203031]}, "properties": {"name": "Equinix HE6 - Helsinki, Sinim\u00e4ki", "city": "Espoo", "country": "FI", "status": "operational", "url": "https://www.peeringdb.com/fac/2516"}}, {"type": "Feature", "geometry": {"type": "Point", "coordinates": [8.974736, 45.93245]}, "properties": {"name": "Moresi.com SA Data Center", "city": "Melano", "country": "CH", "status": "operational", "url": "https://www.peeringdb.com/fac/2551"}}, {"type": "Feature", "geometry": {"type": "Point", "coordinates": [8.917269, 46.023502]}, "properties": {"name": "Bancadati.ch SA Data Center", "city": "Manno", "country": "CH", "status": "operational", "url": "https://www.peeringdb.com/fac/2552"}}, {"type": "Feature", "geometry": {"type": "Point", "coordinates": [15.588728, 56.166312]}, "properties": {"name": "Affarsverken Karlskrona", "city": "Karlskrona", "country": "SE", "status": "operational", "url": "https://www.peeringdb.com/fac/2569"}}, {"type": "Feature", "geometry": {"type": "Point", "coordinates": [21.122584, 52.234782]}, "properties": {"name": "ATMAN Data Center Warsaw-1 (WAW-1, Grochowska 21A)", "city": "Warsaw", "country": "PL", "status": "operational", "url": "https://www.peeringdb.com/fac/2570"}}, {"type": "Feature", "geometry": {"type": "Point", "coordinates": [7.661619, 45.091322]}, "properties": {"name": "Retelit S.p.A. Torino", "city": "Turin", "country": "IT", "status": "operational", "url": "https://www.peeringdb.com/fac/2574"}}, {"type": "Feature", "geometry": {"type": "Point", "coordinates": [11.421519, 53.598845]}, "properties": {"name": "PLANET IC V (Schwerin)", "city": "Schwerin", "country": "DE", "status": "operational", "url": "https://www.peeringdb.com/fac/2580"}}, {"type": "Feature", "geometry": {"type": "Point", "coordinates": [4.768444, 52.286093]}, "properties": {"name": "EdgeConneX Amsterdam (EDCAMS01)", "city": "Amsterdam", "country": "NL", "status": "operational", "url": "https://www.peeringdb.com/fac/2602"}}, {"type": "Feature", "geometry": {"type": "Point", "coordinates": [3.521853, 50.370134]}, "properties": {"name": "Firstheberg", "city": "Valenciennes", "country": "FR", "status": "operational", "url": "https://www.peeringdb.com/fac/2604"}}, {"type": "Feature", "geometry": {"type": "Point", "coordinates": [-0.018699, 51.494704]}, "properties": {"name": "Centersquare London (LHR2)", "city": "London", "country": "GB", "status": "operational", "url": "https://www.peeringdb.com/fac/2628"}}, {"type": "Feature", "geometry": {"type": "Point", "coordinates": [-0.881352, 51.439042]}, "properties": {"name": "Centersquare London (LHR3)", "city": "Wokingham", "country": "GB", "status": "operational", "url": "https://www.peeringdb.com/fac/2631"}}, {"type": "Feature", "geometry": {"type": "Point", "coordinates": [8.790259, 53.093516]}, "properties": {"name": "ColocationIX DC2", "city": "Bremen", "country": "DE", "status": "operational", "url": "https://www.peeringdb.com/fac/2663"}}, {"type": "Feature", "geometry": {"type": "Point", "coordinates": [8.790259, 53.093516]}, "properties": {"name": "ColocationIX DC3", "city": "Bremen", "country": "DE", "status": "operational", "url": "https://www.peeringdb.com/fac/2664"}}, {"type": "Feature", "geometry": {"type": "Point", "coordinates": [8.790259, 53.093516]}, "properties": {"name": "ColocationIX DC4", "city": "Bremen", "country": "DE", "status": "operational", "url": "https://www.peeringdb.com/fac/2665"}}, {"type": "Feature", "geometry": {"type": "Point", "coordinates": [8.627199, 50.081342]}, "properties": {"name": "Cogent Frankfurt", "city": "Frankfurt", "country": "DE", "status": "operational", "url": "https://www.peeringdb.com/fac/2670"}}, {"type": "Feature", "geometry": {"type": "Point", "coordinates": [8.80656, 53.07441]}, "properties": {"name": "ColocationIX DC1", "city": "Bremen", "country": "DE", "status": "operational", "url": "https://www.peeringdb.com/fac/2671"}}, {"type": "Feature", "geometry": {"type": "Point", "coordinates": [0.549373, 51.279882]}, "properties": {"name": "Custodian CDC Maidstone 1", "city": "Maidstone", "country": "GB", "status": "operational", "url": "https://www.peeringdb.com/fac/2682"}}, {"type": "Feature", "geometry": {"type": "Point", "coordinates": [0.509738, 51.873218]}, "properties": {"name": "CSD Network Services Ltd", "city": "Braintree", "country": "GB", "status": "operational", "url": "https://www.peeringdb.com/fac/2683"}}, {"type": "Feature", "geometry": {"type": "Point", "coordinates": [23.390383, 42.654081]}, "properties": {"name": "Daticum Datacenter", "city": "Sofia", "country": "BG", "status": "operational", "url": "https://www.peeringdb.com/fac/2687"}}, {"type": "Feature", "geometry": {"type": "Point", "coordinates": [-4.999688, 34.037123]}, "properties": {"name": "HOSTOWEB DATA CENTER FEZ#1", "city": "Fez", "country": "MA", "status": "operational", "url": "https://www.peeringdb.com/fac/2713"}}, {"type": "Feature", "geometry": {"type": "Point", "coordinates": [9.206011, 45.3313]}, "properties": {"name": "MIL01 Vaultica Data Centers", "city": "Siziano", "country": "IT", "status": "operational", "url": "https://www.peeringdb.com/fac/2720"}}, {"type": "Feature", "geometry": {"type": "Point", "coordinates": [9.472488, 47.165135]}, "properties": {"name": "Elektrizit\u00e4ts- und Wasserwerk der Stadt Buchs", "city": "Buchs SG", "country": "CH", "status": "operational", "url": "https://www.peeringdb.com/fac/2726"}}, {"type": "Feature", "geometry": {"type": "Point", "coordinates": [2.184571, 48.942653]}, "properties": {"name": "MENGINE", "city": "Sartrouville", "country": "FR", "status": "operational", "url": "https://www.peeringdb.com/fac/2741"}}, {"type": "Feature", "geometry": {"type": "Point", "coordinates": [13.002894, 55.60006]}, "properties": {"name": "Bahnhof Sparven", "city": "Malm\u00f6", "country": "SE", "status": "operational", "url": "https://www.peeringdb.com/fac/2745"}}, {"type": "Feature", "geometry": {"type": "Point", "coordinates": [10.107111, 54.365703]}, "properties": {"name": "TNG DataCentre Kiel - HQ", "city": "Kiel", "country": "DE", "status": "operational", "url": "https://www.peeringdb.com/fac/2751"}}, {"type": "Feature", "geometry": {"type": "Point", "coordinates": [21.012458, 52.153999]}, "properties": {"name": "Netia Data Center HEART", "city": "Warsaw", "country": "PL", "status": "operational", "url": "https://www.peeringdb.com/fac/2771"}}, {"type": "Feature", "geometry": {"type": "Point", "coordinates": [7.191204, 46.845137]}, "properties": {"name": "senseLAN D01", "city": "Duedingen", "country": "CH", "status": "operational", "url": "https://www.peeringdb.com/fac/2798"}}, {"type": "Feature", "geometry": {"type": "Point", "coordinates": [-2.980006, 53.395362]}, "properties": {"name": "DC01 -Baltic Creative", "city": "Liverpool", "country": "GB", "status": "operational", "url": "https://www.peeringdb.com/fac/2807"}}, {"type": "Feature", "geometry": {"type": "Point", "coordinates": [-1.469403, 47.277659]}, "properties": {"name": "Sigma DC3", "city": "Carquefou", "country": "FR", "status": "operational", "url": "https://www.peeringdb.com/fac/2827"}}, {"type": "Feature", "geometry": {"type": "Point", "coordinates": [8.450269, 49.97472]}, "properties": {"name": "NTT Frankfurt 3 Data Center (FRA3)", "city": "R\u00fcsselsheim", "country": "DE", "status": "operational", "url": "https://www.peeringdb.com/fac/2831"}}, {"type": "Feature", "geometry": {"type": "Point", "coordinates": [8.738529, 50.12082]}, "properties": {"name": "NTT Frankfurt 2 Data Center (FRA2)", "city": "Frankfurt", "country": "DE", "status": "operational", "url": "https://www.peeringdb.com/fac/2832"}}, {"type": "Feature", "geometry": {"type": "Point", "coordinates": [-1.194223, 37.958679]}, "properties": {"name": "SYS4NET DATACENTER", "city": "Alcantarilla", "country": "ES", "status": "operational", "url": "https://www.peeringdb.com/fac/2834"}}, {"type": "Feature", "geometry": {"type": "Point", "coordinates": [-9.146581, 38.756444]}, "properties": {"name": "FCCN Lisbon - SE06", "city": "Lisbon", "country": "PT", "status": "operational", "url": "https://www.peeringdb.com/fac/2860"}}, {"type": "Feature", "geometry": {"type": "Point", "coordinates": [23.745514, 37.973352]}, "properties": {"name": "\u0395\u03b8\u03bd\u03b9\u03ba\u03cc \u038a\u03b4\u03c1\u03c5\u03bc\u03b1 \u0395\u03c1\u03b5\u03c5\u03bd\u03ce\u03bd / National Hellenic Research Foundation (EIE/NHRF)", "city": "Athens", "country": "GR", "status": "operational", "url": "https://www.peeringdb.com/fac/2875"}}, {"type": "Feature", "geometry": {"type": "Point", "coordinates": [2.129779, 41.34862]}, "properties": {"name": "Templus Barcelona Datacenter", "city": "L'Hospitalet de Llobregat", "country": "ES", "status": "operational", "url": "https://www.peeringdb.com/fac/2890"}}, {"type": "Feature", "geometry": {"type": "Point", "coordinates": [-0.725424, 51.528789]}, "properties": {"name": "iomart DC5 Maidenhead", "city": "Maidenhead", "country": "GB", "status": "operational", "url": "https://www.peeringdb.com/fac/2894"}}, {"type": "Feature", "geometry": {"type": "Point", "coordinates": [25.273844, 54.648357]}, "properties": {"name": "Hostline Vilnius HSTL-DG42A", "city": "Vilnius", "country": "LT", "status": "operational", "url": "https://www.peeringdb.com/fac/2897"}}, {"type": "Feature", "geometry": {"type": "Point", "coordinates": [7.207961, 51.540276]}, "properties": {"name": "GFR DataCenter Herne", "city": "Herne", "country": "DE", "status": "operational", "url": "https://www.peeringdb.com/fac/2904"}}, {"type": "Feature", "geometry": {"type": "Point", "coordinates": [9.243875, 45.511047]}, "properties": {"name": "Equinix ML4 - Milan, Cascia", "city": "Milan", "country": "IT", "status": "operational", "url": "https://www.peeringdb.com/fac/2905"}}, {"type": "Feature", "geometry": {"type": "Point", "coordinates": [4.934929, 52.3377]}, "properties": {"name": "Equinix AM6 - Amsterdam, Duivendrechtsekade", "city": "Amsterdam", "country": "NL", "status": "operational", "url": "https://www.peeringdb.com/fac/2906"}}, {"type": "Feature", "geometry": {"type": "Point", "coordinates": [-2.238131, 53.461506]}, "properties": {"name": "Equinix MA4 - Manchester, Synergy House", "city": "Manchester", "country": "GB", "status": "operational", "url": "https://www.peeringdb.com/fac/2907"}}, {"type": "Feature", "geometry": {"type": "Point", "coordinates": [21.002384, 52.15476]}, "properties": {"name": "Equinix WA2 - Warsaw", "city": "Warsaw", "country": "PL", "status": "operational", "url": "https://www.peeringdb.com/fac/2908"}}, {"type": "Feature", "geometry": {"type": "Point", "coordinates": [23.774063, 38.072494]}, "properties": {"name": "TI Sparkle Greece (IDC)", "city": "Metamorfosi", "country": "GR", "status": "operational", "url": "https://www.peeringdb.com/fac/2951"}}, {"type": "Feature", "geometry": {"type": "Point", "coordinates": [11.085497, 49.470953]}, "properties": {"name": "ADESTIS N\u00fcrnberg NBG1 (Alte Dampfb\u00e4ckerei)", "city": "Nuremberg", "country": "DE", "status": "operational", "url": "https://www.peeringdb.com/fac/2969"}}, {"type": "Feature", "geometry": {"type": "Point", "coordinates": [-3.95252, 55.834442]}, "properties": {"name": "DataVita DV1 Lanarkshire", "city": "Glasgow", "country": "GB", "status": "operational", "url": "https://www.peeringdb.com/fac/2992"}}, {"type": "Feature", "geometry": {"type": "Point", "coordinates": [5.440275, 51.478509]}, "properties": {"name": "EcoRacks", "city": "Eindhoven", "country": "NL", "status": "operational", "url": "https://www.peeringdb.com/fac/3001"}}, {"type": "Feature", "geometry": {"type": "Point", "coordinates": [-21.907494, 64.144974]}, "properties": {"name": "RIX-K2", "city": "Reykjavik", "country": "IS", "status": "operational", "url": "https://www.peeringdb.com/fac/3025"}}, {"type": "Feature", "geometry": {"type": "Point", "coordinates": [-21.95505, 64.139545]}, "properties": {"name": "RIX-TG", "city": "Reykjavik", "country": "IS", "status": "operational", "url": "https://www.peeringdb.com/fac/3026"}}, {"type": "Feature", "geometry": {"type": "Point", "coordinates": [7.495076, 9.093154]}, "properties": {"name": "Phase3Telecom", "city": "Abuja", "country": "NG", "status": "operational", "url": "https://www.peeringdb.com/fac/3039"}}, {"type": "Feature", "geometry": {"type": "Point", "coordinates": [33.028513, 34.684763]}, "properties": {"name": "IPTP, Kermia 1 Limassol, Cyprus", "city": "Limassol", "country": "CY", "status": "operational", "url": "https://www.peeringdb.com/fac/3055"}}, {"type": "Feature", "geometry": {"type": "Point", "coordinates": [-3.691058, 40.49048]}, "properties": {"name": "nLighten Madrid MAD1", "city": "Madrid", "country": "ES", "status": "operational", "url": "https://www.peeringdb.com/fac/3082"}}, {"type": "Feature", "geometry": {"type": "Point", "coordinates": [16.458057, 48.231738]}, "properties": {"name": "Raiffeisen Informatik Data Center (RDC)", "city": "Vienna", "country": "AT", "status": "operational", "url": "https://www.peeringdb.com/fac/3084"}}, {"type": "Feature", "geometry": {"type": "Point", "coordinates": [16.376111, 48.214541]}, "properties": {"name": "Raiffeisenhaus Wien (RHW)", "city": "Vienna", "country": "AT", "status": "operational", "url": "https://www.peeringdb.com/fac/3087"}}, {"type": "Feature", "geometry": {"type": "Point", "coordinates": [16.364963, 48.178047]}, "properties": {"name": "Nessus NDC2", "city": "Vienna", "country": "AT", "status": "operational", "url": "https://www.peeringdb.com/fac/3109"}}, {"type": "Feature", "geometry": {"type": "Point", "coordinates": [26.129063, 44.457067]}, "properties": {"name": "Gemenii Network TD Datacenter", "city": "Bucharest", "country": "RO", "status": "operational", "url": "https://www.peeringdb.com/fac/3133"}}, {"type": "Feature", "geometry": {"type": "Point", "coordinates": [26.124875, 44.462013]}, "properties": {"name": "Gemenii Network GT Datacenter", "city": "Bucharest", "country": "RO", "status": "operational", "url": "https://www.peeringdb.com/fac/3134"}}, {"type": "Feature", "geometry": {"type": "Point", "coordinates": [-2.110311, 52.601611]}, "properties": {"name": "VeloxServ DC1 - Wolverhampton", "city": "Wolverhampton", "country": "GB", "status": "operational", "url": "https://www.peeringdb.com/fac/3150"}}, {"type": "Feature", "geometry": {"type": "Point", "coordinates": [-0.623736, 51.522042]}, "properties": {"name": "Equinix LD10 - London, Slough", "city": "Slough", "country": "GB", "status": "operational", "url": "https://www.peeringdb.com/fac/3152"}}, {"type": "Feature", "geometry": {"type": "Point", "coordinates": [8.408124, 49.012126]}, "properties": {"name": "Scientific Computing Center - KIT CS", "city": "Karlsruhe", "country": "DE", "status": "operational", "url": "https://www.peeringdb.com/fac/3175"}}, {"type": "Feature", "geometry": {"type": "Point", "coordinates": [5.619535, 51.477024]}, "properties": {"name": "e-Quest Datacenter", "city": "Helmond", "country": "NL", "status": "operational", "url": "https://www.peeringdb.com/fac/3188"}}, {"type": "Feature", "geometry": {"type": "Point", "coordinates": [17.875185, 59.390932]}, "properties": {"name": "Equinix SK3 - Stockholm, Sp\u00e5nga", "city": "Stockholm", "country": "SE", "status": "operational", "url": "https://www.peeringdb.com/fac/3193"}}, {"type": "Feature", "geometry": {"type": "Point", "coordinates": [5.71513, 45.168498]}, "properties": {"name": "Orange Business - La Fabrique [Grenoble]", "city": "Grenoble", "country": "FR", "status": "operational", "url": "https://www.peeringdb.com/fac/3204"}}, {"type": "Feature", "geometry": {"type": "Point", "coordinates": [-5.557896, 42.58964]}, "properties": {"name": "TEDRA LE01", "city": "Le\u00f3n", "country": "ES", "status": "operational", "url": "https://www.peeringdb.com/fac/3225"}}, {"type": "Feature", "geometry": {"type": "Point", "coordinates": [-1.33988, 53.333519]}, "properties": {"name": "HA Hosting DC1", "city": "Sheffield", "country": "GB", "status": "operational", "url": "https://www.peeringdb.com/fac/3226"}}, {"type": "Feature", "geometry": {"type": "Point", "coordinates": [24.798193, 60.178502]}, "properties": {"name": "Elisa Espoo Tapiola", "city": "Espoo", "country": "FI", "status": "operational", "url": "https://www.peeringdb.com/fac/3228"}}, {"type": "Feature", "geometry": {"type": "Point", "coordinates": [24.936553, 60.196959]}, "properties": {"name": "Elisa Helsinki Pasila", "city": "Helsinki", "country": "FI", "status": "operational", "url": "https://www.peeringdb.com/fac/3229"}}, {"type": "Feature", "geometry": {"type": "Point", "coordinates": [23.756189, 61.494171]}, "properties": {"name": "Elisa Tampere Nalkala", "city": "Tampere", "country": "FI", "status": "operational", "url": "https://www.peeringdb.com/fac/3230"}}, {"type": "Feature", "geometry": {"type": "Point", "coordinates": [26.037128, 44.4225]}, "properties": {"name": "Hosting Data Center Bucharest", "city": "Bucharest", "country": "RO", "status": "operational", "url": "https://www.peeringdb.com/fac/3246"}}, {"type": "Feature", "geometry": {"type": "Point", "coordinates": [25.592344, 45.644609]}, "properties": {"name": "Hosting Data Center Brasov", "city": "Brasov", "country": "RO", "status": "operational", "url": "https://www.peeringdb.com/fac/3247"}}, {"type": "Feature", "geometry": {"type": "Point", "coordinates": [12.334859, 50.478786]}, "properties": {"name": "Hetzner Online FSN1 (Falkenstein)", "city": "Falkenstein", "country": "DE", "status": "operational", "url": "https://www.peeringdb.com/fac/3249"}}, {"type": "Feature", "geometry": {"type": "Point", "coordinates": [11.015375, 49.449514]}, "properties": {"name": "Hetzner Online NBG1 (Nuremberg)", "city": "Nuremberg", "country": "DE", "status": "operational", "url": "https://www.peeringdb.com/fac/3250"}}, {"type": "Feature", "geometry": {"type": "Point", "coordinates": [12.237754, 55.716681]}, "properties": {"name": "Cibicom Datacenter CPH West", "city": "Copenhagen", "country": "DK", "status": "operational", "url": "https://www.peeringdb.com/fac/3262"}}, {"type": "Feature", "geometry": {"type": "Point", "coordinates": [18.610854, 59.522936]}, "properties": {"name": "Datacom Datacenter Ljuster\u00f6", "city": "Ljuster\u00f6", "country": "SE", "status": "operational", "url": "https://www.peeringdb.com/fac/3266"}}, {"type": "Feature", "geometry": {"type": "Point", "coordinates": [23.259932, 42.677369]}, "properties": {"name": "Evolink Data Center Sofia 2", "city": "Sofia", "country": "BG", "status": "operational", "url": "https://www.peeringdb.com/fac/3298"}}, {"type": "Feature", "geometry": {"type": "Point", "coordinates": [23.368103, 42.674247]}, "properties": {"name": "Evolink Data Center Sofia 1", "city": "Sofia", "country": "BG", "status": "operational", "url": "https://www.peeringdb.com/fac/3299"}}, {"type": "Feature", "geometry": {"type": "Point", "coordinates": [-5.948152, 37.396502]}, "properties": {"name": "Avenida Montes Sierra 36, Sevilla", "city": "Seville", "country": "ES", "status": "operational", "url": "https://www.peeringdb.com/fac/3302"}}, {"type": "Feature", "geometry": {"type": "Point", "coordinates": [14.527369, 50.060369]}, "properties": {"name": "VSHosting ServerPark DC1", "city": "Prague", "country": "CZ", "status": "operational", "url": "https://www.peeringdb.com/fac/3303"}}, {"type": "Feature", "geometry": {"type": "Point", "coordinates": [-0.310332, 43.320905]}, "properties": {"name": "HELIANTIS", "city": "Pau", "country": "FR", "status": "operational", "url": "https://www.peeringdb.com/fac/3314"}}, {"type": "Feature", "geometry": {"type": "Point", "coordinates": [8.47312, 49.02726]}, "properties": {"name": "TelemaxX IPC4", "city": "Karlsruhe", "country": "DE", "status": "operational", "url": "https://www.peeringdb.com/fac/3323"}}, {"type": "Feature", "geometry": {"type": "Point", "coordinates": [18.783917, 50.311469]}, "properties": {"name": "Debacom Zabrze DC1", "city": "Zabrze", "country": "PL", "status": "operational", "url": "https://www.peeringdb.com/fac/3340"}}, {"type": "Feature", "geometry": {"type": "Point", "coordinates": [9.031736, 45.480764]}, "properties": {"name": "DATA4 Milan-Cornaredo - MIL1", "city": "Cornaredo (MI)", "country": "IT", "status": "operational", "url": "https://www.peeringdb.com/fac/3348"}}, {"type": "Feature", "geometry": {"type": "Point", "coordinates": [6.112374, 49.504806]}, "properties": {"name": "DATA4 Luxembourg - LUX", "city": "Bettembourg", "country": "LU", "status": "operational", "url": "https://www.peeringdb.com/fac/3349"}}, {"type": "Feature", "geometry": {"type": "Point", "coordinates": [29.00499, 41.067835]}, "properties": {"name": "TurkNet Iletisim Hizmetleri A.S", "city": "Istanbul", "country": "TR", "status": "operational", "url": "https://www.peeringdb.com/fac/3380"}}, {"type": "Feature", "geometry": {"type": "Point", "coordinates": [13.037787, 55.598323]}, "properties": {"name": "31173 DC Malm\u00f6 Scheelegatan", "city": "Malm\u00f6", "country": "SE", "status": "operational", "url": "https://www.peeringdb.com/fac/3382"}}, {"type": "Feature", "geometry": {"type": "Point", "coordinates": [9.738366, 45.050118]}, "properties": {"name": "Naquadria Datacenter Piacenza", "city": "Piacenza", "country": "IT", "status": "operational", "url": "https://www.peeringdb.com/fac/3387"}}, {"type": "Feature", "geometry": {"type": "Point", "coordinates": [18.039236, 59.347517]}, "properties": {"name": "Bahnhof St Erik", "city": "Stockholm", "country": "SE", "status": "operational", "url": "https://www.peeringdb.com/fac/3390"}}, {"type": "Feature", "geometry": {"type": "Point", "coordinates": [-0.086892, 51.524422]}, "properties": {"name": "Digital Realty London LHR18", "city": "London", "country": "GB", "status": "operational", "url": "https://www.peeringdb.com/fac/3399"}}, {"type": "Feature", "geometry": {"type": "Point", "coordinates": [19.45924, 51.76039]}, "properties": {"name": "TPnets.com DC \u0141\u00f3d\u017a", "city": "\u0141\u00f3d\u017a", "country": "PL", "status": "operational", "url": "https://www.peeringdb.com/fac/3407"}}, {"type": "Feature", "geometry": {"type": "Point", "coordinates": [5.358962, 51.686946]}, "properties": {"name": "Den Bosch", "city": "Den Bosch", "country": "NL", "status": "operational", "url": "https://www.peeringdb.com/fac/3410"}}, {"type": "Feature", "geometry": {"type": "Point", "coordinates": [5.387441, 51.442134]}, "properties": {"name": "Eindhoven", "city": "Eindhoven", "country": "NL", "status": "operational", "url": "https://www.peeringdb.com/fac/3411"}}, {"type": "Feature", "geometry": {"type": "Point", "coordinates": [18.972623, -33.839236]}, "properties": {"name": "Beonline 24/7", "city": "Groot Drakenstein", "country": "ZA", "status": "operational", "url": "https://www.peeringdb.com/fac/3417"}}, {"type": "Feature", "geometry": {"type": "Point", "coordinates": [-6.451204, 53.323389]}, "properties": {"name": "Digital Realty Dublin DUB3", "city": "Dublin", "country": "IE", "status": "operational", "url": "https://www.peeringdb.com/fac/3494"}}, {"type": "Feature", "geometry": {"type": "Point", "coordinates": [19.003115, 50.253609]}, "properties": {"name": "Quicktel Sp. z o.o.", "city": "Katowice", "country": "PL", "status": "operational", "url": "https://www.peeringdb.com/fac/3496"}}, {"type": "Feature", "geometry": {"type": "Point", "coordinates": [19.179285, 47.485496]}, "properties": {"name": "2Connect DC10", "city": "Budapest", "country": "HU", "status": "operational", "url": "https://www.peeringdb.com/fac/3514"}}, {"type": "Feature", "geometry": {"type": "Point", "coordinates": [9.103571, 45.476394]}, "properties": {"name": "C21", "city": "Milan", "country": "IT", "status": "operational", "url": "https://www.peeringdb.com/fac/3519"}}, {"type": "Feature", "geometry": {"type": "Point", "coordinates": [19.896027, 50.021202]}, "properties": {"name": "Netia Data Center SOUL", "city": "Krakow", "country": "PL", "status": "operational", "url": "https://www.peeringdb.com/fac/3521"}}, {"type": "Feature", "geometry": {"type": "Point", "coordinates": [20.006637, 50.03525]}, "properties": {"name": "Dabka Data Center", "city": "Krakow", "country": "PL", "status": "operational", "url": "https://www.peeringdb.com/fac/3522"}}, {"type": "Feature", "geometry": {"type": "Point", "coordinates": [6.368661, 45.267404]}, "properties": {"name": "Alliance R\u00e9seaux", "city": "St Jean De Maurienne", "country": "FR", "status": "operational", "url": "https://www.peeringdb.com/fac/3526"}}, {"type": "Feature", "geometry": {"type": "Point", "coordinates": [6.715709, 51.239955]}, "properties": {"name": "freenet Duesseldorf", "city": "D\u00fcsseldorf", "country": "DE", "status": "operational", "url": "https://www.peeringdb.com/fac/3528"}}, {"type": "Feature", "geometry": {"type": "Point", "coordinates": [58.549194, 23.601272]}, "properties": {"name": "TCC", "city": "Ruwi", "country": "OM", "status": "operational", "url": "https://www.peeringdb.com/fac/3530"}}, {"type": "Feature", "geometry": {"type": "Point", "coordinates": [13.42903, 52.494267]}, "properties": {"name": "Umspannwerk Berlin", "city": "Berlin", "country": "DE", "status": "operational", "url": "https://www.peeringdb.com/fac/3531"}}, {"type": "Feature", "geometry": {"type": "Point", "coordinates": [8.640559, 47.706816]}, "properties": {"name": "Ebnat Schaffhausen", "city": "Schaffhausen", "country": "CH", "status": "operational", "url": "https://www.peeringdb.com/fac/3560"}}, {"type": "Feature", "geometry": {"type": "Point", "coordinates": [8.581712, 50.126684]}, "properties": {"name": "MK Netzdienste Datacenter", "city": "Frankfurt am Main", "country": "DE", "status": "operational", "url": "https://www.peeringdb.com/fac/3568"}}, {"type": "Feature", "geometry": {"type": "Point", "coordinates": [-1.630997, 47.231428]}, "properties": {"name": "OT - Armor", "city": "Saint-Herblain", "country": "FR", "status": "operational", "url": "https://www.peeringdb.com/fac/3587"}}, {"type": "Feature", "geometry": {"type": "Point", "coordinates": [-1.630997, 47.231428]}, "properties": {"name": "Oceanet Armor B", "city": "Saint-Herblain", "country": "FR", "status": "operational", "url": "https://www.peeringdb.com/fac/3592"}}, {"type": "Feature", "geometry": {"type": "Point", "coordinates": [22.563523, 51.245257]}, "properties": {"name": "krzysztof W\u00f3jcik", "city": "Lublin", "country": "PL", "status": "operational", "url": "https://www.peeringdb.com/fac/3595"}}, {"type": "Feature", "geometry": {"type": "Point", "coordinates": [9.731737, 52.404131]}, "properties": {"name": "3U Rechenzentrum Hannover", "city": "Hannover", "country": "DE", "status": "operational", "url": "https://www.peeringdb.com/fac/3596"}}, {"type": "Feature", "geometry": {"type": "Point", "coordinates": [11.573458, 48.292458]}, "properties": {"name": "NTT Munich 2 Data Center (MUC2)", "city": "Unterschlei\u00dfheim", "country": "DE", "status": "operational", "url": "https://www.peeringdb.com/fac/3611"}}, {"type": "Feature", "geometry": {"type": "Point", "coordinates": [10.200955, 36.844214]}, "properties": {"name": "Orange Tunisie", "city": "Tunis", "country": "TN", "status": "operational", "url": "https://www.peeringdb.com/fac/3616"}}, {"type": "Feature", "geometry": {"type": "Point", "coordinates": [8.397528, 51.92]}, "properties": {"name": "BITel G\u00fctersloh", "city": "G\u00fctersloh", "country": "DE", "status": "operational", "url": "https://www.peeringdb.com/fac/3617"}}, {"type": "Feature", "geometry": {"type": "Point", "coordinates": [31.067675, -29.726143]}, "properties": {"name": "NTT DATA, Umhlanga", "city": "Durban", "country": "ZA", "status": "operational", "url": "https://www.peeringdb.com/fac/3625"}}, {"type": "Feature", "geometry": {"type": "Point", "coordinates": [-21.994882, 64.048923]}, "properties": {"name": "ICE01", "city": "Hafnarfj\u00f6r\u00f0ur", "country": "IS", "status": "operational", "url": "https://www.peeringdb.com/fac/3628"}}, {"type": "Feature", "geometry": {"type": "Point", "coordinates": [-0.622406, 51.523143]}, "properties": {"name": "VIRTUS LONDON4 (Slough)", "city": "Slough", "country": "GB", "status": "operational", "url": "https://www.peeringdb.com/fac/3631"}}, {"type": "Feature", "geometry": {"type": "Point", "coordinates": [6.149766, 47.62174]}, "properties": {"name": "Haute-Sa\u00f4ne Num\u00e9rique", "city": "Vesoul", "country": "FR", "status": "operational", "url": "https://www.peeringdb.com/fac/3637"}}, {"type": "Feature", "geometry": {"type": "Point", "coordinates": [9.983517, 56.067627]}, "properties": {"name": "GlobalConnect Stilling", "city": "Skanderborg", "country": "DK", "status": "operational", "url": "https://www.peeringdb.com/fac/3640"}}, {"type": "Feature", "geometry": {"type": "Point", "coordinates": [18.666078, 52.989325]}, "properties": {"name": "DATASPACE-PL", "city": "Toru\u0144", "country": "PL", "status": "operational", "url": "https://www.peeringdb.com/fac/3651"}}, {"type": "Feature", "geometry": {"type": "Point", "coordinates": [17.159861, 48.164797]}, "properties": {"name": "DIGITALIS Bratislava", "city": "Bratislava", "country": "SK", "status": "operational", "url": "https://www.peeringdb.com/fac/3659"}}, {"type": "Feature", "geometry": {"type": "Point", "coordinates": [6.870745, 51.184907]}, "properties": {"name": "WIIT Datacenter DUS5", "city": "D\u00fcsseldorf", "country": "DE", "status": "operational", "url": "https://www.peeringdb.com/fac/3674"}}, {"type": "Feature", "geometry": {"type": "Point", "coordinates": [-1.193928, 37.959055]}, "properties": {"name": "CONSORCIO DE TELECOMUNICACIONES AVANZADA S.A.", "city": "Alcantarilla", "country": "ES", "status": "operational", "url": "https://www.peeringdb.com/fac/3744"}}, {"type": "Feature", "geometry": {"type": "Point", "coordinates": [7.631602, 47.899277]}, "properties": {"name": "Kom4Tel GmbH", "city": "Eschbach", "country": "DE", "status": "operational", "url": "https://www.peeringdb.com/fac/3749"}}, {"type": "Feature", "geometry": {"type": "Point", "coordinates": [9.625956, 45.672561]}, "properties": {"name": "Planetel", "city": "Treviolo", "country": "IT", "status": "operational", "url": "https://www.peeringdb.com/fac/3773"}}, {"type": "Feature", "geometry": {"type": "Point", "coordinates": [11.732602, 48.162154]}, "properties": {"name": "noris network datacenter.de MUC5", "city": "Aschheim", "country": "DE", "status": "operational", "url": "https://www.peeringdb.com/fac/3797"}}, {"type": "Feature", "geometry": {"type": "Point", "coordinates": [12.878032, 41.481815]}, "properties": {"name": "Panservice DC", "city": "Latina", "country": "IT", "status": "operational", "url": "https://www.peeringdb.com/fac/3798"}}, {"type": "Feature", "geometry": {"type": "Point", "coordinates": [12.470832, 55.643198]}, "properties": {"name": "iODC", "city": "Hvidovre", "country": "DK", "status": "operational", "url": "https://www.peeringdb.com/fac/3800"}}, {"type": "Feature", "geometry": {"type": "Point", "coordinates": [9.973775, 57.021448]}, "properties": {"name": "Lytzen-IT AAL-DC1", "city": "Aalborg", "country": "DK", "status": "operational", "url": "https://www.peeringdb.com/fac/3812"}}, {"type": "Feature", "geometry": {"type": "Point", "coordinates": [4.796767, 52.302018]}, "properties": {"name": "XS4ALL Oude Meer", "city": "Schiphol Rijk", "country": "NL", "status": "operational", "url": "https://www.peeringdb.com/fac/3821"}}, {"type": "Feature", "geometry": {"type": "Point", "coordinates": [4.797368, 52.494985]}, "properties": {"name": "Dataone AMS1", "city": "Wormer", "country": "NL", "status": "operational", "url": "https://www.peeringdb.com/fac/3839"}}, {"type": "Feature", "geometry": {"type": "Point", "coordinates": [26.133118, 44.470942]}, "properties": {"name": "NAV Communications - Data Center", "city": "Bucharest", "country": "RO", "status": "operational", "url": "https://www.peeringdb.com/fac/3840"}}, {"type": "Feature", "geometry": {"type": "Point", "coordinates": [26.075437, 44.415543]}, "properties": {"name": "GTS Telecom DC Bucharest", "city": "Bucharest", "country": "RO", "status": "operational", "url": "https://www.peeringdb.com/fac/3843"}}, {"type": "Feature", "geometry": {"type": "Point", "coordinates": [23.592801, 46.787806]}, "properties": {"name": "GTS Telecom DC Cluj-Napoca", "city": "Cluj Napoca", "country": "RO", "status": "operational", "url": "https://www.peeringdb.com/fac/3844"}}, {"type": "Feature", "geometry": {"type": "Point", "coordinates": [4.756262, 52.279455]}, "properties": {"name": "nLighten Amsterdam AMS2", "city": "Schiphol Rijk", "country": "NL", "status": "operational", "url": "https://www.peeringdb.com/fac/3849"}}, {"type": "Feature", "geometry": {"type": "Point", "coordinates": [4.724364, 50.845244]}, "properties": {"name": "Unix-Solutions DC Leuven", "city": "Leuven", "country": "BE", "status": "operational", "url": "https://www.peeringdb.com/fac/3866"}}, {"type": "Feature", "geometry": {"type": "Point", "coordinates": [29.91304, 31.192996]}, "properties": {"name": "GPX Cairo 1", "city": "Cairo", "country": "EG", "status": "operational", "url": "https://www.peeringdb.com/fac/3873"}}, {"type": "Feature", "geometry": {"type": "Point", "coordinates": [17.975884, 59.353539]}, "properties": {"name": "Servercentralen  DC02", "city": "Solna", "country": "SE", "status": "operational", "url": "https://www.peeringdb.com/fac/3877"}}, {"type": "Feature", "geometry": {"type": "Point", "coordinates": [22.865902, 40.661276]}, "properties": {"name": "Synapsecom SNC-1 Thessaloniki", "city": "Thessaloniki", "country": "GR", "status": "operational", "url": "https://www.peeringdb.com/fac/3878"}}, {"type": "Feature", "geometry": {"type": "Point", "coordinates": [25.027735, 60.341501]}, "properties": {"name": "Hetzner Online HEL1 (Helsinki)", "city": "Tuusula", "country": "FI", "status": "operational", "url": "https://www.peeringdb.com/fac/3886"}}, {"type": "Feature", "geometry": {"type": "Point", "coordinates": [10.718329, 59.94362]}, "properties": {"name": "University of Oslo", "city": "Oslo", "country": "NO", "status": "operational", "url": "https://www.peeringdb.com/fac/3893"}}, {"type": "Feature", "geometry": {"type": "Point", "coordinates": [5.331547, 60.381508]}, "properties": {"name": "Universitetet i Bergen", "city": "Bergen", "country": "NO", "status": "operational", "url": "https://www.peeringdb.com/fac/3894"}}, {"type": "Feature", "geometry": {"type": "Point", "coordinates": [10.406142, 63.415675]}, "properties": {"name": "NTNU", "city": "Trondheim", "country": "NO", "status": "operational", "url": "https://www.peeringdb.com/fac/3895"}}, {"type": "Feature", "geometry": {"type": "Point", "coordinates": [18.663642, 50.318399]}, "properties": {"name": "Toszecka 101", "city": "Gliwice", "country": "PL", "status": "operational", "url": "https://www.peeringdb.com/fac/3901"}}, {"type": "Feature", "geometry": {"type": "Point", "coordinates": [11.027557, 50.972932]}, "properties": {"name": "Keyweb Datacenter Erfurt", "city": "Erfurt", "country": "DE", "status": "operational", "url": "https://www.peeringdb.com/fac/3916"}}, {"type": "Feature", "geometry": {"type": "Point", "coordinates": [8.441384, 49.02044]}, "properties": {"name": "ILK Datacenter TPK1 Karlsruhe", "city": "Karlsruhe", "country": "DE", "status": "operational", "url": "https://www.peeringdb.com/fac/3948"}}, {"type": "Feature", "geometry": {"type": "Point", "coordinates": [17.128184, 61.722187]}, "properties": {"name": "Internetport DC1", "city": "HUDIKSVALL", "country": "SE", "status": "operational", "url": "https://www.peeringdb.com/fac/3954"}}, {"type": "Feature", "geometry": {"type": "Point", "coordinates": [11.396518, 47.262823]}, "properties": {"name": "IKB - Rechenzentrum1", "city": "Innsbruck", "country": "AT", "status": "operational", "url": "https://www.peeringdb.com/fac/3967"}}, {"type": "Feature", "geometry": {"type": "Point", "coordinates": [11.396518, 47.262823]}, "properties": {"name": "IKB - Rechenzentrum2", "city": "Innsbruck", "country": "AT", "status": "operational", "url": "https://www.peeringdb.com/fac/3973"}}, {"type": "Feature", "geometry": {"type": "Point", "coordinates": [6.781315, 49.3576]}, "properties": {"name": "Net-Build GmbH", "city": "Saarwellingen", "country": "DE", "status": "operational", "url": "https://www.peeringdb.com/fac/3981"}}, {"type": "Feature", "geometry": {"type": "Point", "coordinates": [6.781315, 49.3576]}, "properties": {"name": "Net-Build Datacenter Saarwellingen", "city": "Saarwellingen", "country": "DE", "status": "operational", "url": "https://www.peeringdb.com/fac/3982"}}, {"type": "Feature", "geometry": {"type": "Point", "coordinates": [-0.205451, 51.896858]}, "properties": {"name": "Nigsun Data Centre NCS1", "city": "Stevenage", "country": "GB", "status": "operational", "url": "https://www.peeringdb.com/fac/4027"}}, {"type": "Feature", "geometry": {"type": "Point", "coordinates": [14.476089, 50.090195]}, "properties": {"name": "St\u00e1tn\u00ed pokladna Centrum sd\u00edlen\u00fdch slu\u017eeb, s. p.", "city": "Prague", "country": "CZ", "status": "operational", "url": "https://www.peeringdb.com/fac/4062"}}, {"type": "Feature", "geometry": {"type": "Point", "coordinates": [12.539827, 55.647402]}, "properties": {"name": "AtlasEdge DC Copenhagen CPH001", "city": "Copenhagen", "country": "DK", "status": "operational", "url": "https://www.peeringdb.com/fac/4071"}}, {"type": "Feature", "geometry": {"type": "Point", "coordinates": [13.318852, 52.527509]}, "properties": {"name": "AtlasEdge DC Berlin BER001", "city": "Berlin", "country": "DE", "status": "operational", "url": "https://www.peeringdb.com/fac/4073"}}, {"type": "Feature", "geometry": {"type": "Point", "coordinates": [2.322155, 48.897248]}, "properties": {"name": "AtlasEdge DC Paris CDG001", "city": "Paris", "country": "FR", "status": "operational", "url": "https://www.peeringdb.com/fac/4074"}}, {"type": "Feature", "geometry": {"type": "Point", "coordinates": [2.195475, 48.675058]}, "properties": {"name": "COLT DC Paris II", "city": "Paris", "country": "FR", "status": "operational", "url": "https://www.peeringdb.com/fac/4075"}}, {"type": "Feature", "geometry": {"type": "Point", "coordinates": [2.397882, 48.834809]}, "properties": {"name": "COLT DC Paris III", "city": "Paris", "country": "FR", "status": "operational", "url": "https://www.peeringdb.com/fac/4076"}}, {"type": "Feature", "geometry": {"type": "Point", "coordinates": [8.74006, 50.12162]}, "properties": {"name": "COLT DC Frankfurt", "city": "Frankfurt", "country": "DE", "status": "operational", "url": "https://www.peeringdb.com/fac/4077"}}, {"type": "Feature", "geometry": {"type": "Point", "coordinates": [10.00141, 53.6197]}, "properties": {"name": "AtlasEdge DC Hamburg HAM001", "city": "Hamburg", "country": "DE", "status": "operational", "url": "https://www.peeringdb.com/fac/4078"}}, {"type": "Feature", "geometry": {"type": "Point", "coordinates": [4.926198, 52.328278]}, "properties": {"name": "AtlasEdge DC Amsterdam AMS001", "city": "Amsterdam", "country": "NL", "status": "operational", "url": "https://www.peeringdb.com/fac/4081"}}, {"type": "Feature", "geometry": {"type": "Point", "coordinates": [2.13885, 41.349513]}, "properties": {"name": "AtlasEdge DC Barcelona BCN001", "city": "Barcelona", "country": "ES", "status": "operational", "url": "https://www.peeringdb.com/fac/4084"}}, {"type": "Feature", "geometry": {"type": "Point", "coordinates": [-3.664977, 40.48699]}, "properties": {"name": "AtlasEdge DC Madrid MAD001", "city": "Madrid", "country": "ES", "status": "operational", "url": "https://www.peeringdb.com/fac/4085"}}, {"type": "Feature", "geometry": {"type": "Point", "coordinates": [8.473368, 47.393793]}, "properties": {"name": "AtlasEdge DC Zurich ZRH001", "city": "Zurich", "country": "CH", "status": "operational", "url": "https://www.peeringdb.com/fac/4086"}}, {"type": "Feature", "geometry": {"type": "Point", "coordinates": [-0.057772, 51.508518]}, "properties": {"name": "AtlasEdge DC London LYC001", "city": "London", "country": "GB", "status": "operational", "url": "https://www.peeringdb.com/fac/4088"}}, {"type": "Feature", "geometry": {"type": "Point", "coordinates": [-0.257425, 51.530547]}, "properties": {"name": "COLT DC London II", "city": "London", "country": "GB", "status": "operational", "url": "https://www.peeringdb.com/fac/4089"}}, {"type": "Feature", "geometry": {"type": "Point", "coordinates": [4.958827, 52.354686]}, "properties": {"name": "Unithost AM3", "city": "Amsterdam", "country": "NL", "status": "operational", "url": "https://www.peeringdb.com/fac/4100"}}, {"type": "Feature", "geometry": {"type": "Point", "coordinates": [16.031468, 45.785779]}, "properties": {"name": "Vipnet d.o.o. Hrvatska", "city": "Zagreb", "country": "HR", "status": "operational", "url": "https://www.peeringdb.com/fac/4130"}}, {"type": "Feature", "geometry": {"type": "Point", "coordinates": [14.998696, 40.445284]}, "properties": {"name": "Convergenze Innovation Center", "city": "Capaccio-Paestum", "country": "IT", "status": "operational", "url": "https://www.peeringdb.com/fac/4137"}}, {"type": "Feature", "geometry": {"type": "Point", "coordinates": [14.508359, 40.927089]}, "properties": {"name": "TIM Opb Nola", "city": "Nola", "country": "IT", "status": "operational", "url": "https://www.peeringdb.com/fac/4138"}}, {"type": "Feature", "geometry": {"type": "Point", "coordinates": [8.583001, 50.128105]}, "properties": {"name": "CyrusOne Frankfurt 1", "city": "Frankfurt", "country": "DE", "status": "operational", "url": "https://www.peeringdb.com/fac/4147"}}, {"type": "Feature", "geometry": {"type": "Point", "coordinates": [29.175849, 40.993767]}, "properties": {"name": "Equinix IL2 - Istanbul", "city": "Istanbul", "country": "TR", "status": "operational", "url": "https://www.peeringdb.com/fac/4148"}}, {"type": "Feature", "geometry": {"type": "Point", "coordinates": [-0.621986, 51.523367]}, "properties": {"name": "CyrusOne London 1", "city": "Slough", "country": "GB", "status": "operational", "url": "https://www.peeringdb.com/fac/4149"}}, {"type": "Feature", "geometry": {"type": "Point", "coordinates": [-0.44782, 51.503731]}, "properties": {"name": "CyrusOne London 2", "city": "West Drayton", "country": "GB", "status": "operational", "url": "https://www.peeringdb.com/fac/4150"}}, {"type": "Feature", "geometry": {"type": "Point", "coordinates": [-3.795879, 40.395981]}, "properties": {"name": "Espacio Rack", "city": "Pozuelo de Alarc\u00f3n", "country": "ES", "status": "operational", "url": "https://www.peeringdb.com/fac/4192"}}, {"type": "Feature", "geometry": {"type": "Point", "coordinates": [10.865089, 49.913593]}, "properties": {"name": "centron DC bbg", "city": "Hallstadt", "country": "DE", "status": "operational", "url": "https://www.peeringdb.com/fac/4229"}}, {"type": "Feature", "geometry": {"type": "Point", "coordinates": [-0.07058, 51.49748]}, "properties": {"name": "Netwise London Central (NLC)", "city": "Bermondsey", "country": "GB", "status": "operational", "url": "https://www.peeringdb.com/fac/4231"}}, {"type": "Feature", "geometry": {"type": "Point", "coordinates": [-6.3756, 53.280444]}, "properties": {"name": "Dave Geoghegan", "city": "Dublin", "country": "IE", "status": "operational", "url": "https://www.peeringdb.com/fac/4256"}}, {"type": "Feature", "geometry": {"type": "Point", "coordinates": [12.336104, 41.806939]}, "properties": {"name": "Unidata IDC-GALERIA", "city": "Rome", "country": "IT", "status": "operational", "url": "https://www.peeringdb.com/fac/4264"}}, {"type": "Feature", "geometry": {"type": "Point", "coordinates": [5.268793, 52.364353]}, "properties": {"name": "NorthC Almere", "city": "Almere", "country": "NL", "status": "operational", "url": "https://www.peeringdb.com/fac/4280"}}, {"type": "Feature", "geometry": {"type": "Point", "coordinates": [21.915186, 43.321724]}, "properties": {"name": "Ninet DC  Nis", "city": "Nis", "country": "RS", "status": "operational", "url": "https://www.peeringdb.com/fac/4299"}}, {"type": "Feature", "geometry": {"type": "Point", "coordinates": [34.968359, 32.109106]}, "properties": {"name": "Adgar Partner", "city": "Rosh HaaYin", "country": "IL", "status": "operational", "url": "https://www.peeringdb.com/fac/4307"}}, {"type": "Feature", "geometry": {"type": "Point", "coordinates": [-0.17656, 51.132895]}, "properties": {"name": "4D Gatwick (Crawley)", "city": "Crawley", "country": "GB", "status": "operational", "url": "https://www.peeringdb.com/fac/4343"}}, {"type": "Feature", "geometry": {"type": "Point", "coordinates": [3.397881, 6.447573]}, "properties": {"name": "NCR-Marina", "city": "Lagos", "country": "NG", "status": "operational", "url": "https://www.peeringdb.com/fac/4361"}}, {"type": "Feature", "geometry": {"type": "Point", "coordinates": [7.0743, 50.74822]}, "properties": {"name": "NTT Rhein-Ruhr 1 Data Center (CGN1)", "city": "Bonn", "country": "DE", "status": "operational", "url": "https://www.peeringdb.com/fac/4392"}}, {"type": "Feature", "geometry": {"type": "Point", "coordinates": [8.635693, 50.098599]}, "properties": {"name": "3U Rechenzentrum Frankfurt", "city": "Frankfurt", "country": "DE", "status": "operational", "url": "https://www.peeringdb.com/fac/4400"}}, {"type": "Feature", "geometry": {"type": "Point", "coordinates": [8.766395, 50.791026]}, "properties": {"name": "3U Rechenzentrum Marburg", "city": "Marburg", "country": "DE", "status": "operational", "url": "https://www.peeringdb.com/fac/4401"}}, {"type": "Feature", "geometry": {"type": "Point", "coordinates": [-0.140295, 51.515786]}, "properties": {"name": "VIRTUS LONDON2 (Hayes)", "city": "Hayes", "country": "GB", "status": "operational", "url": "https://www.peeringdb.com/fac/4404"}}, {"type": "Feature", "geometry": {"type": "Point", "coordinates": [-0.622406, 51.523143]}, "properties": {"name": "VIRTUS LONDON3 (Slough)", "city": "Slough", "country": "GB", "status": "operational", "url": "https://www.peeringdb.com/fac/4405"}}, {"type": "Feature", "geometry": {"type": "Point", "coordinates": [3.373062, 6.597527]}, "properties": {"name": "Rack Centre Lagos", "city": "Ikeja", "country": "NG", "status": "operational", "url": "https://www.peeringdb.com/fac/4411"}}, {"type": "Feature", "geometry": {"type": "Point", "coordinates": [6.767891, 52.285117]}, "properties": {"name": "Previder PDC1", "city": "Hengelo", "country": "NL", "status": "operational", "url": "https://www.peeringdb.com/fac/4425"}}, {"type": "Feature", "geometry": {"type": "Point", "coordinates": [8.622383, 51.989883]}, "properties": {"name": "BICOS COMPUTER GmbH", "city": "Bielefeld", "country": "DE", "status": "operational", "url": "https://www.peeringdb.com/fac/4431"}}, {"type": "Feature", "geometry": {"type": "Point", "coordinates": [14.473867, 50.0782]}, "properties": {"name": "DC Coolhousing - Prague", "city": "Prague", "country": "CZ", "status": "operational", "url": "https://www.peeringdb.com/fac/4432"}}, {"type": "Feature", "geometry": {"type": "Point", "coordinates": [-9.12364, 38.787923]}, "properties": {"name": "FCCN itconic", "city": "Prior Velho", "country": "PT", "status": "operational", "url": "https://www.peeringdb.com/fac/4440"}}, {"type": "Feature", "geometry": {"type": "Point", "coordinates": [14.451776, 50.080979]}, "properties": {"name": "Radiokomunikace, a.s.", "city": "Prague", "country": "CZ", "status": "operational", "url": "https://www.peeringdb.com/fac/4459"}}, {"type": "Feature", "geometry": {"type": "Point", "coordinates": [14.472131, 50.078067]}, "properties": {"name": "Casablanca INT s.r.o.", "city": "Prague", "country": "CZ", "status": "operational", "url": "https://www.peeringdb.com/fac/4460"}}, {"type": "Feature", "geometry": {"type": "Point", "coordinates": [-0.280006, 51.653994]}, "properties": {"name": "Elstree Customer Hosting Centre", "city": "Borehamwood", "country": "GB", "status": "operational", "url": "https://www.peeringdb.com/fac/4462"}}, {"type": "Feature", "geometry": {"type": "Point", "coordinates": [-2.526218, 53.585077]}, "properties": {"name": "Bolton Customer Hosting Centre", "city": "Bolton", "country": "GB", "status": "operational", "url": "https://www.peeringdb.com/fac/4463"}}, {"type": "Feature", "geometry": {"type": "Point", "coordinates": [-1.561053, 47.196473]}, "properties": {"name": "UltraEdge Rez\u00e9", "city": "Rez\u00e9", "country": "FR", "status": "operational", "url": "https://www.peeringdb.com/fac/4472"}}, {"type": "Feature", "geometry": {"type": "Point", "coordinates": [23.225133, 43.406185]}, "properties": {"name": "TELEPOINT Montana", "city": "Montana", "country": "BG", "status": "operational", "url": "https://www.peeringdb.com/fac/4475"}}, {"type": "Feature", "geometry": {"type": "Point", "coordinates": [4.892822, 52.0818]}, "properties": {"name": "Switch Datacenters AMS2", "city": "Woerden", "country": "NL", "status": "operational", "url": "https://www.peeringdb.com/fac/4478"}}, {"type": "Feature", "geometry": {"type": "Point", "coordinates": [8.639651, 50.195395]}, "properties": {"name": "Keppel Data Centres | Keppel DC Frankfurt 1", "city": "Frankfurt", "country": "DE", "status": "operational", "url": "https://www.peeringdb.com/fac/4483"}}, {"type": "Feature", "geometry": {"type": "Point", "coordinates": [-6.416334, 53.291529]}, "properties": {"name": "Keppel Data Centres | Keppel DC Dublin 1", "city": "Dublin", "country": "IE", "status": "operational", "url": "https://www.peeringdb.com/fac/4484"}}, {"type": "Feature", "geometry": {"type": "Point", "coordinates": [5.268639, 52.364554]}, "properties": {"name": "Keppel Data Centres | Keppel DC Almere 2", "city": "Almere", "country": "NL", "status": "operational", "url": "https://www.peeringdb.com/fac/4485"}}, {"type": "Feature", "geometry": {"type": "Point", "coordinates": [5.268639, 52.364554]}, "properties": {"name": "Keppel Data Centres | Keppel DC Almere 1", "city": "Almere", "country": "NL", "status": "operational", "url": "https://www.peeringdb.com/fac/4486"}}, {"type": "Feature", "geometry": {"type": "Point", "coordinates": [-0.018318, 51.494644]}, "properties": {"name": "Keppel Data Centres | GV7 Data Centre", "city": "London", "country": "GB", "status": "operational", "url": "https://www.peeringdb.com/fac/4487"}}, {"type": "Feature", "geometry": {"type": "Point", "coordinates": [9.22433, 48.509039]}, "properties": {"name": "Pronexon Datacenter", "city": "Reutlingen", "country": "DE", "status": "operational", "url": "https://www.peeringdb.com/fac/4504"}}, {"type": "Feature", "geometry": {"type": "Point", "coordinates": [28.036968, -26.146144]}, "properties": {"name": "NTT Data (MEA) - Parklands", "city": "Johannesburg", "country": "ZA", "status": "operational", "url": "https://www.peeringdb.com/fac/4511"}}, {"type": "Feature", "geometry": {"type": "Point", "coordinates": [4.949249, 52.305474]}, "properties": {"name": "CITIC Telecom CPC Netherlands B.V.", "city": "Amsterdam", "country": "NL", "status": "operational", "url": "https://www.peeringdb.com/fac/4521"}}, {"type": "Feature", "geometry": {"type": "Point", "coordinates": [36.849609, -1.325805]}, "properties": {"name": "SimbaNET Nairobi", "city": "Gateway Business Park", "country": "KE", "status": "operational", "url": "https://www.peeringdb.com/fac/4533"}}, {"type": "Feature", "geometry": {"type": "Point", "coordinates": [-1.24561, 50.867745]}, "properties": {"name": "ServerHouse F2", "city": "Fareham", "country": "GB", "status": "operational", "url": "https://www.peeringdb.com/fac/4545"}}, {"type": "Feature", "geometry": {"type": "Point", "coordinates": [7.65602, 47.527786]}, "properties": {"name": "Klixa Muttenz", "city": "Muttenz", "country": "CH", "status": "operational", "url": "https://www.peeringdb.com/fac/4554"}}, {"type": "Feature", "geometry": {"type": "Point", "coordinates": [24.693153, 59.45716]}, "properties": {"name": "INFONET DC", "city": "Tallinn", "country": "EE", "status": "operational", "url": "https://www.peeringdb.com/fac/4555"}}, {"type": "Feature", "geometry": {"type": "Point", "coordinates": [25.239697, 54.723907]}, "properties": {"name": "Infium Baltic", "city": "Vilnius", "country": "LT", "status": "operational", "url": "https://www.peeringdb.com/fac/4562"}}, {"type": "Feature", "geometry": {"type": "Point", "coordinates": [9.105083, 45.477546]}, "properties": {"name": "Seeweb Milano Caldera", "city": "Milan", "country": "IT", "status": "operational", "url": "https://www.peeringdb.com/fac/4566"}}, {"type": "Feature", "geometry": {"type": "Point", "coordinates": [-1.168926, 38.024856]}, "properties": {"name": "KIO Murcia 1 (MUR1)", "city": "Murcia", "country": "ES", "status": "operational", "url": "https://www.peeringdb.com/fac/4591"}}, {"type": "Feature", "geometry": {"type": "Point", "coordinates": [-5.93039, 37.4847]}, "properties": {"name": "Sevilla Datacenter", "city": "Seville", "country": "ES", "status": "operational", "url": "https://www.peeringdb.com/fac/4597"}}, {"type": "Feature", "geometry": {"type": "Point", "coordinates": [6.265033, 46.414502]}, "properties": {"name": "STACK infrastructure GEN02", "city": "Gland", "country": "CH", "status": "operational", "url": "https://www.peeringdb.com/fac/4598"}}, {"type": "Feature", "geometry": {"type": "Point", "coordinates": [25.306727, 54.63746]}, "properties": {"name": "Baltneta TIER3 Datacenter", "city": "Vilnius", "country": "LT", "status": "operational", "url": "https://www.peeringdb.com/fac/4615"}}, {"type": "Feature", "geometry": {"type": "Point", "coordinates": [25.270851, 54.669364]}, "properties": {"name": "Baltneta TIER2 Datacenter", "city": "Vilnius", "country": "LT", "status": "operational", "url": "https://www.peeringdb.com/fac/4623"}}, {"type": "Feature", "geometry": {"type": "Point", "coordinates": [4.958827, 52.354686]}, "properties": {"name": "Equinix AM4 - Amsterdam, Science Park", "city": "Amsterdam", "country": "NL", "status": "operational", "url": "https://www.peeringdb.com/fac/4627"}}, {"type": "Feature", "geometry": {"type": "Point", "coordinates": [17.459679, 49.065023]}, "properties": {"name": "Dat, s.r.o", "city": "Uherske Hradiste", "country": "CZ", "status": "operational", "url": "https://www.peeringdb.com/fac/4642"}}, {"type": "Feature", "geometry": {"type": "Point", "coordinates": [10.214249, 45.528561]}, "properties": {"name": "INTRED-DC-CRETA", "city": "Brescia", "country": "IT", "status": "operational", "url": "https://www.peeringdb.com/fac/4663"}}, {"type": "Feature", "geometry": {"type": "Point", "coordinates": [10.230506, 45.577595]}, "properties": {"name": "INTRED-DC-TAMBURINI", "city": "Brescia", "country": "IT", "status": "operational", "url": "https://www.peeringdb.com/fac/4664"}}, {"type": "Feature", "geometry": {"type": "Point", "coordinates": [11.911646, 45.410084]}, "properties": {"name": "Trivenet", "city": "Padova", "country": "IT", "status": "operational", "url": "https://www.peeringdb.com/fac/4670"}}, {"type": "Feature", "geometry": {"type": "Point", "coordinates": [11.944702, 45.391996]}, "properties": {"name": "NS3 - PD02", "city": "Padova", "country": "IT", "status": "operational", "url": "https://www.peeringdb.com/fac/4671"}}, {"type": "Feature", "geometry": {"type": "Point", "coordinates": [4.935572, 52.309485]}, "properties": {"name": "Datacenter.com AMS1", "city": "Amsterdam", "country": "NL", "status": "operational", "url": "https://www.peeringdb.com/fac/4687"}}, {"type": "Feature", "geometry": {"type": "Point", "coordinates": [8.587964, 50.097939]}, "properties": {"name": "Equinix FR6 - Frankfurt, West", "city": "Frankfurt", "country": "DE", "status": "operational", "url": "https://www.peeringdb.com/fac/4704"}}, {"type": "Feature", "geometry": {"type": "Point", "coordinates": [12.588295, 41.909377]}, "properties": {"name": "Digital Realty (ROM0)", "city": "Rome", "country": "IT", "status": "operational", "url": "https://www.peeringdb.com/fac/4707"}}, {"type": "Feature", "geometry": {"type": "Point", "coordinates": [2.631838, 39.634325]}, "properties": {"name": "ParcBit CPD Palma", "city": "Palma", "country": "ES", "status": "operational", "url": "https://www.peeringdb.com/fac/4710"}}, {"type": "Feature", "geometry": {"type": "Point", "coordinates": [25.33237, 54.734677]}, "properties": {"name": "Esnet", "city": "Vilnius", "country": "LT", "status": "operational", "url": "https://www.peeringdb.com/fac/4730"}}, {"type": "Feature", "geometry": {"type": "Point", "coordinates": [-2.971513, 53.410527]}, "properties": {"name": "DC02 - The Tapestry", "city": "Liverpool", "country": "GB", "status": "operational", "url": "https://www.peeringdb.com/fac/4762"}}, {"type": "Feature", "geometry": {"type": "Point", "coordinates": [4.679718, 52.290296]}, "properties": {"name": "Digital Realty Amsterdam AMS15-16", "city": "Hoofddorp", "country": "NL", "status": "operational", "url": "https://www.peeringdb.com/fac/4772"}}, {"type": "Feature", "geometry": {"type": "Point", "coordinates": [14.501636, 50.091355]}, "properties": {"name": "Connect plus s.r.o.", "city": "Prague", "country": "CZ", "status": "operational", "url": "https://www.peeringdb.com/fac/4795"}}, {"type": "Feature", "geometry": {"type": "Point", "coordinates": [8.585565, 50.127174]}, "properties": {"name": "Digital Realty Frankfurt FRA29-32", "city": "Frankfurt", "country": "DE", "status": "operational", "url": "https://www.peeringdb.com/fac/4796"}}, {"type": "Feature", "geometry": {"type": "Point", "coordinates": [25.120894, 54.611556]}, "properties": {"name": "Delska EU North Vilnius LT DC1", "city": "Vilnius", "country": "LT", "status": "operational", "url": "https://www.peeringdb.com/fac/4826"}}, {"type": "Feature", "geometry": {"type": "Point", "coordinates": [-1.625042, 48.103132]}, "properties": {"name": "ICODIA NETWORK INTEGRITY", "city": "Cesson-S\u00e9vign\u00e9", "country": "FR", "status": "operational", "url": "https://www.peeringdb.com/fac/4838"}}, {"type": "Feature", "geometry": {"type": "Point", "coordinates": [5.458918, 51.407417]}, "properties": {"name": "NorthC Eindhoven 1", "city": "Eindhoven", "country": "NL", "status": "operational", "url": "https://www.peeringdb.com/fac/4856"}}, {"type": "Feature", "geometry": {"type": "Point", "coordinates": [4.449031, 51.875343]}, "properties": {"name": "NorthC Rotterdam Waalhaven", "city": "Rotterdam", "country": "NL", "status": "operational", "url": "https://www.peeringdb.com/fac/4857"}}, {"type": "Feature", "geometry": {"type": "Point", "coordinates": [23.797892, 38.036138]}, "properties": {"name": "Cloud Module 1", "city": "Marousi", "country": "GR", "status": "operational", "url": "https://www.peeringdb.com/fac/4876"}}, {"type": "Feature", "geometry": {"type": "Point", "coordinates": [-3.574684, 40.447968]}, "properties": {"name": "Global Switch Madrid", "city": "Madrid", "country": "ES", "status": "operational", "url": "https://www.peeringdb.com/fac/4882"}}, {"type": "Feature", "geometry": {"type": "Point", "coordinates": [-0.44782, 51.503731]}, "properties": {"name": "VIRTUS LONDON5 (Stockley Park)", "city": "Stockley Park", "country": "GB", "status": "operational", "url": "https://www.peeringdb.com/fac/4885"}}, {"type": "Feature", "geometry": {"type": "Point", "coordinates": [18.536652, 54.50597]}, "properties": {"name": "MAXNET \u0141ukasz Hamerski", "city": "Gdynia", "country": "PL", "status": "operational", "url": "https://www.peeringdb.com/fac/4892"}}, {"type": "Feature", "geometry": {"type": "Point", "coordinates": [22.670286, 44.643943]}, "properties": {"name": "DROBETA DATACENTER", "city": "Drobeta Turnu Severin", "country": "RO", "status": "operational", "url": "https://www.peeringdb.com/fac/4921"}}, {"type": "Feature", "geometry": {"type": "Point", "coordinates": [12.472807, 51.372686]}, "properties": {"name": "Datacenter Leipzig - envia TEL GmbH", "city": "Taucha", "country": "DE", "status": "operational", "url": "https://www.peeringdb.com/fac/4924"}}, {"type": "Feature", "geometry": {"type": "Point", "coordinates": [-0.08416, 51.525318]}, "properties": {"name": "Epsilon Global Hubs London", "city": "London", "country": "GB", "status": "operational", "url": "https://www.peeringdb.com/fac/4974"}}, {"type": "Feature", "geometry": {"type": "Point", "coordinates": [6.109837, 49.579747]}, "properties": {"name": "Portus LUX1", "city": "Luxembourg", "country": "LU", "status": "operational", "url": "https://www.peeringdb.com/fac/4984"}}, {"type": "Feature", "geometry": {"type": "Point", "coordinates": [39.590389, -4.007737]}, "properties": {"name": "icolo.io Mombasa One (MBA1)", "city": "Miritini", "country": "KE", "status": "operational", "url": "https://www.peeringdb.com/fac/5019"}}, {"type": "Feature", "geometry": {"type": "Point", "coordinates": [25.911942, 62.237133]}, "properties": {"name": "Datavault Kanavuori inc.", "city": "Jyv\u00e4skyl\u00e4", "country": "FI", "status": "operational", "url": "https://www.peeringdb.com/fac/5024"}}, {"type": "Feature", "geometry": {"type": "Point", "coordinates": [12.538302, 55.670113]}, "properties": {"name": "GlobalConnect Vesterbro (CPH2)", "city": "Copenhagen", "country": "DK", "status": "operational", "url": "https://www.peeringdb.com/fac/5025"}}, {"type": "Feature", "geometry": {"type": "Point", "coordinates": [12.368436, 55.665439]}, "properties": {"name": "GlobalConnect Albertslund (CPH3)", "city": "Albertslund", "country": "DK", "status": "operational", "url": "https://www.peeringdb.com/fac/5026"}}, {"type": "Feature", "geometry": {"type": "Point", "coordinates": [10.440261, 55.388958]}, "properties": {"name": "GlobalConnect Odense", "city": "Odense", "country": "DK", "status": "operational", "url": "https://www.peeringdb.com/fac/5027"}}, {"type": "Feature", "geometry": {"type": "Point", "coordinates": [8.284, 55.778553]}, "properties": {"name": "GlobalConnect N\u00f8rre Nebel", "city": "N\u00f8rre Nebel", "country": "DK", "status": "operational", "url": "https://www.peeringdb.com/fac/5029"}}, {"type": "Feature", "geometry": {"type": "Point", "coordinates": [8.438646, 47.403303]}, "properties": {"name": "greenDatacenter Zurich/Schlieren", "city": "Schlieren", "country": "CH", "status": "operational", "url": "https://www.peeringdb.com/fac/5040"}}, {"type": "Feature", "geometry": {"type": "Point", "coordinates": [4.876179, 45.903869]}, "properties": {"name": "Datacenter NEXEREN", "city": "Civrieux", "country": "FR", "status": "operational", "url": "https://www.peeringdb.com/fac/5070"}}, {"type": "Feature", "geometry": {"type": "Point", "coordinates": [9.16158, 47.67585]}, "properties": {"name": "Datacenter Stadtwerk Konstanz", "city": "Konstanz", "country": "DE", "status": "operational", "url": "https://www.peeringdb.com/fac/5078"}}, {"type": "Feature", "geometry": {"type": "Point", "coordinates": [3.588328, 6.449602]}, "properties": {"name": "Equinix LG1/LG2 \u2013 Lagos, Lekki", "city": "Lekki", "country": "NG", "status": "operational", "url": "https://www.peeringdb.com/fac/5094"}}, {"type": "Feature", "geometry": {"type": "Point", "coordinates": [25.267236, 54.677175]}, "properties": {"name": "Delska EU North Vilnius LT DC2", "city": "Vilnius", "country": "LT", "status": "operational", "url": "https://www.peeringdb.com/fac/5095"}}, {"type": "Feature", "geometry": {"type": "Point", "coordinates": [-0.537342, 44.780989]}, "properties": {"name": "EXA Edge DC Bordeaux", "city": "Bordeaux", "country": "FR", "status": "operational", "url": "https://www.peeringdb.com/fac/5118"}}, {"type": "Feature", "geometry": {"type": "Point", "coordinates": [14.550622, 46.121491]}, "properties": {"name": "Softnet Trzin DC", "city": "Trzin", "country": "SI", "status": "operational", "url": "https://www.peeringdb.com/fac/5124"}}, {"type": "Feature", "geometry": {"type": "Point", "coordinates": [14.505232, 46.057422]}, "properties": {"name": "Softnet Ljubljana DC", "city": "Ljubljana", "country": "SI", "status": "operational", "url": "https://www.peeringdb.com/fac/5125"}}, {"type": "Feature", "geometry": {"type": "Point", "coordinates": [2.641987, 48.82287]}, "properties": {"name": "APPLIWAVE - CBO", "city": "Croissy Beaubourg", "country": "FR", "status": "operational", "url": "https://www.peeringdb.com/fac/5141"}}, {"type": "Feature", "geometry": {"type": "Point", "coordinates": [-0.274793, 51.494725]}, "properties": {"name": "Vision247 - Chiswick Datacenter", "city": "London", "country": "GB", "status": "operational", "url": "https://www.peeringdb.com/fac/5149"}}, {"type": "Feature", "geometry": {"type": "Point", "coordinates": [7.06076, 50.91076]}, "properties": {"name": "PlusServer DataCore K\u00f6ln", "city": "Cologne", "country": "DE", "status": "operational", "url": "https://www.peeringdb.com/fac/5156"}}, {"type": "Feature", "geometry": {"type": "Point", "coordinates": [6.86554, 51.18847]}, "properties": {"name": "PlusServer DataHub D\u00fcsseldorf", "city": "D\u00fcsseldorf", "country": "DE", "status": "operational", "url": "https://www.peeringdb.com/fac/5157"}}, {"type": "Feature", "geometry": {"type": "Point", "coordinates": [6.102777, 45.907841]}, "properties": {"name": "D-LAKE", "city": "Annecy", "country": "FR", "status": "operational", "url": "https://www.peeringdb.com/fac/5199"}}, {"type": "Feature", "geometry": {"type": "Point", "coordinates": [11.93908, 45.382913]}, "properties": {"name": "NS3 - PD01", "city": "Padova", "country": "IT", "status": "operational", "url": "https://www.peeringdb.com/fac/5206"}}, {"type": "Feature", "geometry": {"type": "Point", "coordinates": [4.717761, 50.503527]}, "properties": {"name": "LCL Wallonia One", "city": "Gembloux", "country": "BE", "status": "operational", "url": "https://www.peeringdb.com/fac/5223"}}, {"type": "Feature", "geometry": {"type": "Point", "coordinates": [-0.758164, 51.416021]}, "properties": {"name": "CentriLogic Arlington (ARL)", "city": "Bracknell", "country": "GB", "status": "operational", "url": "https://www.peeringdb.com/fac/5238"}}, {"type": "Feature", "geometry": {"type": "Point", "coordinates": [5.781152, 50.928065]}, "properties": {"name": "ENGIE Cofely (Maastricht-Airport)", "city": "Maastricht", "country": "NL", "status": "operational", "url": "https://www.peeringdb.com/fac/5276"}}, {"type": "Feature", "geometry": {"type": "Point", "coordinates": [-2.078678, 57.115441]}, "properties": {"name": "Internet For Business Limited", "city": "Aberdeen", "country": "GB", "status": "operational", "url": "https://www.peeringdb.com/fac/5279"}}, {"type": "Feature", "geometry": {"type": "Point", "coordinates": [2.347689, 48.869599]}, "properties": {"name": "ETIX Paris #1", "city": "Paris", "country": "FR", "status": "operational", "url": "https://www.peeringdb.com/fac/5280"}}, {"type": "Feature", "geometry": {"type": "Point", "coordinates": [3.87196, 43.584674]}, "properties": {"name": "ETIX Montpellier #1", "city": "Montpellier", "country": "FR", "status": "operational", "url": "https://www.peeringdb.com/fac/5281"}}, {"type": "Feature", "geometry": {"type": "Point", "coordinates": [1.487055, 43.625503]}, "properties": {"name": "ETIX Toulouse #1", "city": "Balma", "country": "FR", "status": "operational", "url": "https://www.peeringdb.com/fac/5282"}}, {"type": "Feature", "geometry": {"type": "Point", "coordinates": [4.840278, 52.356817]}, "properties": {"name": "Zayo Amsterdam", "city": "Amsterdam", "country": "NL", "status": "operational", "url": "https://www.peeringdb.com/fac/5322"}}, {"type": "Feature", "geometry": {"type": "Point", "coordinates": [-3.667491, 40.487315]}, "properties": {"name": "Vozelia Telecom Madrid", "city": "Madrid", "country": "ES", "status": "operational", "url": "https://www.peeringdb.com/fac/5339"}}, {"type": "Feature", "geometry": {"type": "Point", "coordinates": [5.763059, 59.072683]}, "properties": {"name": "DC1-Stavanger", "city": "Rennes\u00f8y", "country": "NO", "status": "operational", "url": "https://www.peeringdb.com/fac/5343"}}, {"type": "Feature", "geometry": {"type": "Point", "coordinates": [8.428385, 49.091741]}, "properties": {"name": "Scientific Computing Center - KIT CN", "city": "Eggenstein-Leopoldshafen", "country": "DE", "status": "operational", "url": "https://www.peeringdb.com/fac/5355"}}, {"type": "Feature", "geometry": {"type": "Point", "coordinates": [8.416388, 49.011213]}, "properties": {"name": "KIT-Bibliothek S\u00fcd", "city": "Karlsruhe", "country": "DE", "status": "operational", "url": "https://www.peeringdb.com/fac/5357"}}, {"type": "Feature", "geometry": {"type": "Point", "coordinates": [7.020139, 51.058625]}, "properties": {"name": "AtlasEdge DC Leverkusen LEV001", "city": "Leverkusen", "country": "DE", "status": "operational", "url": "https://www.peeringdb.com/fac/5362"}}, {"type": "Feature", "geometry": {"type": "Point", "coordinates": [11.838035, 43.459894]}, "properties": {"name": "Aruba IT1 - Arezzo", "city": "Arezzo", "country": "IT", "status": "operational", "url": "https://www.peeringdb.com/fac/5379"}}, {"type": "Feature", "geometry": {"type": "Point", "coordinates": [11.850195, 43.476686]}, "properties": {"name": "Aruba IT2 - Arezzo", "city": "Arezzo", "country": "IT", "status": "operational", "url": "https://www.peeringdb.com/fac/5380"}}, {"type": "Feature", "geometry": {"type": "Point", "coordinates": [9.590141, 45.706417]}, "properties": {"name": "Aruba IT3 - Milan PSP", "city": "Ponte San Pietro", "country": "IT", "status": "operational", "url": "https://www.peeringdb.com/fac/5381"}}, {"type": "Feature", "geometry": {"type": "Point", "coordinates": [4.772861, 52.282192]}, "properties": {"name": "maincubes AMS01", "city": "Schiphol Rijk", "country": "NL", "status": "operational", "url": "https://www.peeringdb.com/fac/5426"}}, {"type": "Feature", "geometry": {"type": "Point", "coordinates": [8.74229, 50.1093]}, "properties": {"name": "maincubes FRA01", "city": "Offenbach", "country": "DE", "status": "operational", "url": "https://www.peeringdb.com/fac/5427"}}, {"type": "Feature", "geometry": {"type": "Point", "coordinates": [10.211689, 59.175563]}, "properties": {"name": "Gigahost Sandefjord", "city": "Sandefjord", "country": "NO", "status": "operational", "url": "https://www.peeringdb.com/fac/5463"}}, {"type": "Feature", "geometry": {"type": "Point", "coordinates": [24.201062, 56.948372]}, "properties": {"name": "RETN AD DC", "city": "Riga", "country": "LV", "status": "operational", "url": "https://www.peeringdb.com/fac/5470"}}, {"type": "Feature", "geometry": {"type": "Point", "coordinates": [-6.935693, 52.842183]}, "properties": {"name": "Blacknight BK0", "city": "Carlow", "country": "IE", "status": "operational", "url": "https://www.peeringdb.com/fac/5493"}}, {"type": "Feature", "geometry": {"type": "Point", "coordinates": [19.117733, 47.496619]}, "properties": {"name": "DoclerNet", "city": "Budapest", "country": "HU", "status": "operational", "url": "https://www.peeringdb.com/fac/5510"}}, {"type": "Feature", "geometry": {"type": "Point", "coordinates": [10.834971, 59.938433]}, "properties": {"name": "Bulk Oslo Internet Exchange - OS-IX", "city": "Oslo", "country": "NO", "status": "operational", "url": "https://www.peeringdb.com/fac/5518"}}, {"type": "Feature", "geometry": {"type": "Point", "coordinates": [-9.09797, 38.7477]}, "properties": {"name": "dotsi - Lisbon DC01", "city": "Lisbon", "country": "PT", "status": "operational", "url": "https://www.peeringdb.com/fac/5519"}}, {"type": "Feature", "geometry": {"type": "Point", "coordinates": [7.889861, 58.257573]}, "properties": {"name": "Bulk Norway Data Center Campus - N01", "city": "\u00d8vreb\u00f8", "country": "NO", "status": "operational", "url": "https://www.peeringdb.com/fac/5520"}}, {"type": "Feature", "geometry": {"type": "Point", "coordinates": [15.338204, 47.449141]}, "properties": {"name": "Kapsch BusinessCom earthDATAsafe", "city": "P\u00f6tschach", "country": "AT", "status": "operational", "url": "https://www.peeringdb.com/fac/5536"}}, {"type": "Feature", "geometry": {"type": "Point", "coordinates": [17.949268, 59.40984]}, "properties": {"name": "Obenet Kista Gate", "city": "Kista", "country": "SE", "status": "operational", "url": "https://www.peeringdb.com/fac/5544"}}, {"type": "Feature", "geometry": {"type": "Point", "coordinates": [4.892725, 52.082493]}, "properties": {"name": "HostSlim", "city": "Woerden", "country": "NL", "status": "operational", "url": "https://www.peeringdb.com/fac/5561"}}, {"type": "Feature", "geometry": {"type": "Point", "coordinates": [10.21738, 50.05121]}, "properties": {"name": "RegioNet Schweinfurt GmbH", "city": "Schweinfurt", "country": "DE", "status": "operational", "url": "https://www.peeringdb.com/fac/5572"}}, {"type": "Feature", "geometry": {"type": "Point", "coordinates": [24.73133, 59.429314]}, "properties": {"name": "WaveCom DC", "city": "Tallinn", "country": "EE", "status": "operational", "url": "https://www.peeringdb.com/fac/5579"}}, {"type": "Feature", "geometry": {"type": "Point", "coordinates": [9.17098, 48.70899]}, "properties": {"name": "Plus.line AG Stuttgart", "city": "Stuttgart", "country": "DE", "status": "operational", "url": "https://www.peeringdb.com/fac/5587"}}, {"type": "Feature", "geometry": {"type": "Point", "coordinates": [19.915404, 50.073431]}, "properties": {"name": "Connected Krakow", "city": "Krakow", "country": "PL", "status": "operational", "url": "https://www.peeringdb.com/fac/5588"}}, {"type": "Feature", "geometry": {"type": "Point", "coordinates": [8.478915, 47.187361]}, "properties": {"name": "DATAWIRE ZG01", "city": "Steinhausen", "country": "CH", "status": "operational", "url": "https://www.peeringdb.com/fac/5664"}}, {"type": "Feature", "geometry": {"type": "Point", "coordinates": [8.479257, 47.186504]}, "properties": {"name": "DATAWIRE ZG02", "city": "Steinhausen", "country": "CH", "status": "operational", "url": "https://www.peeringdb.com/fac/5665"}}, {"type": "Feature", "geometry": {"type": "Point", "coordinates": [-1.627098, 48.124785]}, "properties": {"name": "TDF Datacenter Rennes Cesson", "city": "Cesson-S\u00e9vign\u00e9", "country": "FR", "status": "operational", "url": "https://www.peeringdb.com/fac/5670"}}, {"type": "Feature", "geometry": {"type": "Point", "coordinates": [18.477196, -34.037364]}, "properties": {"name": "Africa Data Centres, Cape Town CPT1, South Africa", "city": "Cape Town", "country": "ZA", "status": "operational", "url": "https://www.peeringdb.com/fac/5716"}}, {"type": "Feature", "geometry": {"type": "Point", "coordinates": [28.118946, -26.010556]}, "properties": {"name": "Africa Data Centres, Johannesburg JHB1, South Africa", "city": "Midrand", "country": "ZA", "status": "operational", "url": "https://www.peeringdb.com/fac/5719"}}, {"type": "Feature", "geometry": {"type": "Point", "coordinates": [9.447772, 47.357522]}, "properties": {"name": "Rechenzentrum Ostschweiz", "city": "Gais", "country": "CH", "status": "operational", "url": "https://www.peeringdb.com/fac/5736"}}, {"type": "Feature", "geometry": {"type": "Point", "coordinates": [-3.66113, 40.526407]}, "properties": {"name": "Acens Technologies", "city": "Alcobendas", "country": "ES", "status": "operational", "url": "https://www.peeringdb.com/fac/5748"}}, {"type": "Feature", "geometry": {"type": "Point", "coordinates": [29.04434, 41.021832]}, "properties": {"name": "NetFactor", "city": "Istanbul", "country": "TR", "status": "operational", "url": "https://www.peeringdb.com/fac/5762"}}, {"type": "Feature", "geometry": {"type": "Point", "coordinates": [7.759874, 48.56705]}, "properties": {"name": "Association Alsace Reseau Neutre", "city": "Strasbourg", "country": "FR", "status": "operational", "url": "https://www.peeringdb.com/fac/5768"}}, {"type": "Feature", "geometry": {"type": "Point", "coordinates": [46.64639, 24.71805]}, "properties": {"name": "KACST Building 44", "city": "Riyadh", "country": "SA", "status": "operational", "url": "https://www.peeringdb.com/fac/5819"}}, {"type": "Feature", "geometry": {"type": "Point", "coordinates": [5.62649, 52.035024]}, "properties": {"name": "Tuxis", "city": "Ede", "country": "NL", "status": "operational", "url": "https://www.peeringdb.com/fac/5842"}}, {"type": "Feature", "geometry": {"type": "Point", "coordinates": [6.069836, 50.895608]}, "properties": {"name": "SkyLink Data Center BV", "city": "Eygelshoven", "country": "NL", "status": "operational", "url": "https://www.peeringdb.com/fac/5872"}}, {"type": "Feature", "geometry": {"type": "Point", "coordinates": [23.383323, 42.673082]}, "properties": {"name": "TELEPOINT Sofia East", "city": "Sofia", "country": "BG", "status": "operational", "url": "https://www.peeringdb.com/fac/5875"}}, {"type": "Feature", "geometry": {"type": "Point", "coordinates": [24.709027, 59.437102]}, "properties": {"name": "CITIC Telecom CPC Datacenter Tallinn", "city": "Tallinn", "country": "EE", "status": "operational", "url": "https://www.peeringdb.com/fac/5879"}}, {"type": "Feature", "geometry": {"type": "Point", "coordinates": [9.384743, 47.431324]}, "properties": {"name": "UW Steinach", "city": "St. Gallen", "country": "CH", "status": "operational", "url": "https://www.peeringdb.com/fac/5886"}}, {"type": "Feature", "geometry": {"type": "Point", "coordinates": [7.671782, 45.088155]}, "properties": {"name": "COLT Datacenter Turin", "city": "Turin", "country": "IT", "status": "operational", "url": "https://www.peeringdb.com/fac/5887"}}, {"type": "Feature", "geometry": {"type": "Point", "coordinates": [-6.373212, 53.412959]}, "properties": {"name": "Servecentric (Blanchardstown)", "city": "Dublin", "country": "IE", "status": "operational", "url": "https://www.peeringdb.com/fac/5901"}}, {"type": "Feature", "geometry": {"type": "Point", "coordinates": [24.870195, 60.220109]}, "properties": {"name": "Mediam Helsinki Datacenter", "city": "Helsinki", "country": "FI", "status": "operational", "url": "https://www.peeringdb.com/fac/5931"}}, {"type": "Feature", "geometry": {"type": "Point", "coordinates": [-0.466529, 39.523258]}, "properties": {"name": "Plexval Datacenter", "city": "Paterna", "country": "ES", "status": "operational", "url": "https://www.peeringdb.com/fac/5963"}}, {"type": "Feature", "geometry": {"type": "Point", "coordinates": [21.319733, 46.199254]}, "properties": {"name": "CobraNET Arad", "city": "Arad", "country": "RO", "status": "operational", "url": "https://www.peeringdb.com/fac/5979"}}, {"type": "Feature", "geometry": {"type": "Point", "coordinates": [21.319003, 46.174168]}, "properties": {"name": "CobraNET Main Datacenter", "city": "Arad", "country": "RO", "status": "operational", "url": "https://www.peeringdb.com/fac/5980"}}, {"type": "Feature", "geometry": {"type": "Point", "coordinates": [6.060864, 46.224432]}, "properties": {"name": "nLighten Geneva GVA1", "city": "Meyrin", "country": "CH", "status": "operational", "url": "https://www.peeringdb.com/fac/5981"}}, {"type": "Feature", "geometry": {"type": "Point", "coordinates": [23.835249, 44.316567]}, "properties": {"name": "Tier Datacenter", "city": "Craiova", "country": "RO", "status": "operational", "url": "https://www.peeringdb.com/fac/5982"}}, {"type": "Feature", "geometry": {"type": "Point", "coordinates": [23.594142, 46.757258]}, "properties": {"name": "Compania de Informatica Aplicata", "city": "Cluj Napoca", "country": "RO", "status": "operational", "url": "https://www.peeringdb.com/fac/5983"}}, {"type": "Feature", "geometry": {"type": "Point", "coordinates": [21.22892, 45.747175]}, "properties": {"name": "Universitatea Politehnica Timisoara", "city": "Timisoara", "country": "RO", "status": "operational", "url": "https://www.peeringdb.com/fac/5986"}}, {"type": "Feature", "geometry": {"type": "Point", "coordinates": [13.195175, 38.157745]}, "properties": {"name": "Open Hub Med", "city": "Carini", "country": "IT", "status": "operational", "url": "https://www.peeringdb.com/fac/5987"}}, {"type": "Feature", "geometry": {"type": "Point", "coordinates": [27.603334, 47.144244]}, "properties": {"name": "Top Telecom", "city": "Ia\u0219i", "country": "RO", "status": "operational", "url": "https://www.peeringdb.com/fac/5990"}}, {"type": "Feature", "geometry": {"type": "Point", "coordinates": [-2.197019, 51.863706]}, "properties": {"name": "Indectron GCR1 - Gloucester, Shield House", "city": "Gloucester", "country": "GB", "status": "operational", "url": "https://www.peeringdb.com/fac/5993"}}, {"type": "Feature", "geometry": {"type": "Point", "coordinates": [8.528947, 47.37035]}, "properties": {"name": "aspectra Z\u00fcrich", "city": "Zurich", "country": "CH", "status": "operational", "url": "https://www.peeringdb.com/fac/6020"}}, {"type": "Feature", "geometry": {"type": "Point", "coordinates": [5.037861, 51.695715]}, "properties": {"name": "Eurofiber Datacenter Brabant", "city": "Waalwijk", "country": "NL", "status": "operational", "url": "https://www.peeringdb.com/fac/6024"}}, {"type": "Feature", "geometry": {"type": "Point", "coordinates": [5.143087, 52.122761]}, "properties": {"name": "Eurofiber Datacenter Utrecht", "city": "Groenekan", "country": "NL", "status": "operational", "url": "https://www.peeringdb.com/fac/6025"}}, {"type": "Feature", "geometry": {"type": "Point", "coordinates": [5.932863, 51.988021]}, "properties": {"name": "Eurofiber Datacenter Arnhem", "city": "Arnhem", "country": "NL", "status": "operational", "url": "https://www.peeringdb.com/fac/6026"}}, {"type": "Feature", "geometry": {"type": "Point", "coordinates": [20.999259, 52.226759]}, "properties": {"name": "EdgeConneX Warsaw (EDCWAW01)", "city": "Warsaw", "country": "PL", "status": "operational", "url": "https://www.peeringdb.com/fac/6031"}}, {"type": "Feature", "geometry": {"type": "Point", "coordinates": [17.925825, 59.283454]}, "properties": {"name": "Conapto Stockholm Syd (S\u00e4tra)", "city": "Sk\u00e4rholmen", "country": "SE", "status": "operational", "url": "https://www.peeringdb.com/fac/6044"}}, {"type": "Feature", "geometry": {"type": "Point", "coordinates": [17.956782, 59.448549]}, "properties": {"name": "Conapto Stockholm Nord (Sollentuna)", "city": "Sollentuna", "country": "SE", "status": "operational", "url": "https://www.peeringdb.com/fac/6045"}}, {"type": "Feature", "geometry": {"type": "Point", "coordinates": [3.397686, 6.446055]}, "properties": {"name": "Broadbased Communications", "city": "Lagos Island", "country": "NG", "status": "operational", "url": "https://www.peeringdb.com/fac/6072"}}, {"type": "Feature", "geometry": {"type": "Point", "coordinates": [8.720745, 47.500881]}, "properties": {"name": "AXA Data Center", "city": "Winterthur", "country": "CH", "status": "operational", "url": "https://www.peeringdb.com/fac/6087"}}, {"type": "Feature", "geometry": {"type": "Point", "coordinates": [24.88745, 59.471209]}, "properties": {"name": "Tallinn TV Tower", "city": "Tallinn", "country": "EE", "status": "operational", "url": "https://www.peeringdb.com/fac/6103"}}, {"type": "Feature", "geometry": {"type": "Point", "coordinates": [22.014328, 50.02329]}, "properties": {"name": "Citynet Facility", "city": "Rzesz\u00f3w", "country": "PL", "status": "operational", "url": "https://www.peeringdb.com/fac/6106"}}, {"type": "Feature", "geometry": {"type": "Point", "coordinates": [2.21914, 48.880773]}, "properties": {"name": "moji1", "city": "Nanterre", "country": "FR", "status": "operational", "url": "https://www.peeringdb.com/fac/6112"}}, {"type": "Feature", "geometry": {"type": "Point", "coordinates": [-0.370117, 39.440181]}, "properties": {"name": "IslaLink FSL", "city": "Valencia", "country": "ES", "status": "operational", "url": "https://www.peeringdb.com/fac/6113"}}, {"type": "Feature", "geometry": {"type": "Point", "coordinates": [14.451776, 50.080979]}, "properties": {"name": "\u010cesk\u00e9 Radikomunikace, a.s.", "city": "Prague", "country": "CZ", "status": "operational", "url": "https://www.peeringdb.com/fac/6194"}}, {"type": "Feature", "geometry": {"type": "Point", "coordinates": [7.074971, 43.615206]}, "properties": {"name": "Hexatom Sophia Antipolis", "city": "Nice", "country": "FR", "status": "operational", "url": "https://www.peeringdb.com/fac/6266"}}, {"type": "Feature", "geometry": {"type": "Point", "coordinates": [2.214512, 48.887283]}, "properties": {"name": "Green Data - Nanterre", "city": "Nanterre", "country": "FR", "status": "operational", "url": "https://www.peeringdb.com/fac/6267"}}, {"type": "Feature", "geometry": {"type": "Point", "coordinates": [23.802314, 38.039974]}, "properties": {"name": "Lancom Athens DC", "city": "Athens", "country": "GR", "status": "operational", "url": "https://www.peeringdb.com/fac/6277"}}, {"type": "Feature", "geometry": {"type": "Point", "coordinates": [22.943482, 40.633371]}, "properties": {"name": "Lancom Thessaloniki DC", "city": "Thessaloniki", "country": "GR", "status": "operational", "url": "https://www.peeringdb.com/fac/6278"}}, {"type": "Feature", "geometry": {"type": "Point", "coordinates": [24.883142, 60.153815]}, "properties": {"name": "DNA Lauttasaari", "city": "Helsinki", "country": "FI", "status": "operational", "url": "https://www.peeringdb.com/fac/6290"}}, {"type": "Feature", "geometry": {"type": "Point", "coordinates": [13.683991, 51.07296]}, "properties": {"name": "EXA Edge DC Dresden", "city": "Dresden", "country": "DE", "status": "operational", "url": "https://www.peeringdb.com/fac/6297"}}, {"type": "Feature", "geometry": {"type": "Point", "coordinates": [4.444711, 50.855455]}, "properties": {"name": "Woluwedal 102", "city": "Sint-Lambrechts-Woluwe", "country": "BE", "status": "operational", "url": "https://www.peeringdb.com/fac/6300"}}, {"type": "Feature", "geometry": {"type": "Point", "coordinates": [-0.631104, 51.527327]}, "properties": {"name": "Iron Mountain Data Center - London (LON-1)", "city": "Slough", "country": "GB", "status": "operational", "url": "https://www.peeringdb.com/fac/6347"}}, {"type": "Feature", "geometry": {"type": "Point", "coordinates": [16.661715, 49.205764]}, "properties": {"name": "itself TH Brno", "city": "Brno", "country": "CZ", "status": "operational", "url": "https://www.peeringdb.com/fac/6360"}}, {"type": "Feature", "geometry": {"type": "Point", "coordinates": [16.35622, 49.090268]}, "properties": {"name": "itself TH Ivan\u010dice", "city": "Ivan\u010dice", "country": "CZ", "status": "operational", "url": "https://www.peeringdb.com/fac/6361"}}, {"type": "Feature", "geometry": {"type": "Point", "coordinates": [5.30465, 50.931579]}, "properties": {"name": "Hasselt DC1", "city": "Hasselt", "country": "BE", "status": "operational", "url": "https://www.peeringdb.com/fac/6367"}}, {"type": "Feature", "geometry": {"type": "Point", "coordinates": [8.754718, 47.494113]}, "properties": {"name": "Rechenzentrum Winterthur", "city": "Winterthur", "country": "CH", "status": "operational", "url": "https://www.peeringdb.com/fac/6372"}}, {"type": "Feature", "geometry": {"type": "Point", "coordinates": [9.423044, 45.68736]}, "properties": {"name": "Promo.iT Srl", "city": "Merate", "country": "IT", "status": "operational", "url": "https://www.peeringdb.com/fac/6385"}}, {"type": "Feature", "geometry": {"type": "Point", "coordinates": [23.593616, 46.771099]}, "properties": {"name": "Starnet Media Cluj-Napoca", "city": "Cluj Napoca", "country": "RO", "status": "operational", "url": "https://www.peeringdb.com/fac/6393"}}, {"type": "Feature", "geometry": {"type": "Point", "coordinates": [23.36733, 42.67892]}, "properties": {"name": "S3 Company Ltd.", "city": "Sofia", "country": "BG", "status": "operational", "url": "https://www.peeringdb.com/fac/6414"}}, {"type": "Feature", "geometry": {"type": "Point", "coordinates": [26.323485, 41.72111]}, "properties": {"name": "BGDS TELEKOM EOOD.", "city": "Kapitan Andreevo", "country": "BG", "status": "operational", "url": "https://www.peeringdb.com/fac/6429"}}, {"type": "Feature", "geometry": {"type": "Point", "coordinates": [29.012236, 41.075881]}, "properties": {"name": "ISTANBULDC VERI MERKEZI", "city": "Istanbul", "country": "TR", "status": "operational", "url": "https://www.peeringdb.com/fac/6430"}}, {"type": "Feature", "geometry": {"type": "Point", "coordinates": [36.749228, -1.35008]}, "properties": {"name": "icolo.io Nairobi One (NBO1)", "city": "Karen", "country": "KE", "status": "operational", "url": "https://www.peeringdb.com/fac/6448"}}, {"type": "Feature", "geometry": {"type": "Point", "coordinates": [6.327622, 49.693556]}, "properties": {"name": "DEEP Resilience Center Luxembourg East", "city": "Betzdorf", "country": "LU", "status": "operational", "url": "https://www.peeringdb.com/fac/6450"}}, {"type": "Feature", "geometry": {"type": "Point", "coordinates": [-2.110311, 52.601611]}, "properties": {"name": "VeloxServ DC2 - Wolverhampton", "city": "Wolverhampton", "country": "GB", "status": "operational", "url": "https://www.peeringdb.com/fac/6462"}}, {"type": "Feature", "geometry": {"type": "Point", "coordinates": [-1.248006, 50.86838]}, "properties": {"name": "Pulsant Fareham SE-5", "city": "Fareham", "country": "GB", "status": "operational", "url": "https://www.peeringdb.com/fac/6482"}}, {"type": "Feature", "geometry": {"type": "Point", "coordinates": [-0.11879, 51.35347]}, "properties": {"name": "Pulsant Croydon LN-1", "city": "Croydon", "country": "GB", "status": "operational", "url": "https://www.peeringdb.com/fac/6483"}}, {"type": "Feature", "geometry": {"type": "Point", "coordinates": [11.514444, 60.907306]}, "properties": {"name": "Nordavind Grundsetmoen", "city": "Elverum", "country": "NO", "status": "operational", "url": "https://www.peeringdb.com/fac/6493"}}, {"type": "Feature", "geometry": {"type": "Point", "coordinates": [11.600417, 60.830222]}, "properties": {"name": "Nordavind  Hagen", "city": "Elverum", "country": "NO", "status": "operational", "url": "https://www.peeringdb.com/fac/6494"}}, {"type": "Feature", "geometry": {"type": "Point", "coordinates": [12.068647, 60.453062]}, "properties": {"name": "Nordavind Grue Industry Park", "city": "Kirken\u00e6r", "country": "NO", "status": "operational", "url": "https://www.peeringdb.com/fac/6496"}}, {"type": "Feature", "geometry": {"type": "Point", "coordinates": [10.873487, 60.654611]}, "properties": {"name": "Nordavind  Krabyskogen", "city": "Lena", "country": "NO", "status": "operational", "url": "https://www.peeringdb.com/fac/6497"}}, {"type": "Feature", "geometry": {"type": "Point", "coordinates": [9.299778, 61.809333]}, "properties": {"name": "Nordavind Lalm", "city": "Lalm", "country": "NO", "status": "operational", "url": "https://www.peeringdb.com/fac/6498"}}, {"type": "Feature", "geometry": {"type": "Point", "coordinates": [10.55475, 62.120111]}, "properties": {"name": "Nordavind Plassen", "city": "Alvdal", "country": "NO", "status": "operational", "url": "https://www.peeringdb.com/fac/6499"}}, {"type": "Feature", "geometry": {"type": "Point", "coordinates": [10.805694, 60.910318]}, "properties": {"name": "Nordavind Rudsh\u00f8gda S\u00f8r", "city": "Rudsh\u00f8gda", "country": "NO", "status": "operational", "url": "https://www.peeringdb.com/fac/6500"}}, {"type": "Feature", "geometry": {"type": "Point", "coordinates": [11.737389, 60.25175]}, "properties": {"name": "Nodavind Slomarka", "city": "Skarnes", "country": "NO", "status": "operational", "url": "https://www.peeringdb.com/fac/6501"}}, {"type": "Feature", "geometry": {"type": "Point", "coordinates": [11.675722, 60.235389]}, "properties": {"name": "Nordavind Tronb\u00f8l", "city": "Skarnes", "country": "NO", "status": "operational", "url": "https://www.peeringdb.com/fac/6502"}}, {"type": "Feature", "geometry": {"type": "Point", "coordinates": [10.846583, 62.073028]}, "properties": {"name": "Nordavind Tylldalen", "city": "Tynset", "country": "NO", "status": "operational", "url": "https://www.peeringdb.com/fac/6503"}}, {"type": "Feature", "geometry": {"type": "Point", "coordinates": [11.225464, 61.713725]}, "properties": {"name": "Nordavind \u00c5krestr\u00f8mmen", "city": "\u00c5krestr\u00f8mmen", "country": "NO", "status": "operational", "url": "https://www.peeringdb.com/fac/6504"}}, {"type": "Feature", "geometry": {"type": "Point", "coordinates": [20.375775, 44.804373]}, "properties": {"name": "Absolut Solutions", "city": "Belgrade", "country": "RS", "status": "operational", "url": "https://www.peeringdb.com/fac/6510"}}, {"type": "Feature", "geometry": {"type": "Point", "coordinates": [9.342785, 45.502605]}, "properties": {"name": "Telecom Italia Sparkle Milano Data Center", "city": "Milan", "country": "IT", "status": "operational", "url": "https://www.peeringdb.com/fac/6513"}}, {"type": "Feature", "geometry": {"type": "Point", "coordinates": [-0.634279, 51.525866]}, "properties": {"name": "Equinix LD7 -  London, Slough", "city": "Slough", "country": "GB", "status": "operational", "url": "https://www.peeringdb.com/fac/6535"}}, {"type": "Feature", "geometry": {"type": "Point", "coordinates": [3.521029, 50.380311]}, "properties": {"name": "ETIX Lille #3", "city": "Anzin - Valenciennes", "country": "FR", "status": "operational", "url": "https://www.peeringdb.com/fac/6549"}}, {"type": "Feature", "geometry": {"type": "Point", "coordinates": [3.14598, 50.63997]}, "properties": {"name": "ATE #1", "city": "Villeneuve d'Ascq", "country": "FR", "status": "operational", "url": "https://www.peeringdb.com/fac/6550"}}, {"type": "Feature", "geometry": {"type": "Point", "coordinates": [3.103819, 50.614165]}, "properties": {"name": "Comarch France #1", "city": "Lezennes", "country": "FR", "status": "operational", "url": "https://www.peeringdb.com/fac/6552"}}, {"type": "Feature", "geometry": {"type": "Point", "coordinates": [12.34679, 43.070788]}, "properties": {"name": "Applico Data Center - Perugia", "city": "Perugia", "country": "IT", "status": "operational", "url": "https://www.peeringdb.com/fac/6584"}}, {"type": "Feature", "geometry": {"type": "Point", "coordinates": [4.210829, 52.001194]}, "properties": {"name": "Greenhouse Datacenters DC1", "city": "Naaldwijk", "country": "NL", "status": "operational", "url": "https://www.peeringdb.com/fac/6592"}}, {"type": "Feature", "geometry": {"type": "Point", "coordinates": [4.209184, 52.001552]}, "properties": {"name": "Greenhouse Datacenters DC2", "city": "Naaldwijk", "country": "NL", "status": "operational", "url": "https://www.peeringdb.com/fac/6593"}}, {"type": "Feature", "geometry": {"type": "Point", "coordinates": [10.942507, 59.926975]}, "properties": {"name": "Basefarm OSL5", "city": "Rasta", "country": "NO", "status": "operational", "url": "https://www.peeringdb.com/fac/6630"}}, {"type": "Feature", "geometry": {"type": "Point", "coordinates": [14.507117, 46.056976]}, "properties": {"name": "Telekom Slovenije - DC Cigaletova", "city": "Ljubljana", "country": "SI", "status": "operational", "url": "https://www.peeringdb.com/fac/6635"}}, {"type": "Feature", "geometry": {"type": "Point", "coordinates": [12.367818, 55.667728]}, "properties": {"name": "Adeo Datacenter", "city": "Albertslund", "country": "DK", "status": "operational", "url": "https://www.peeringdb.com/fac/6656"}}, {"type": "Feature", "geometry": {"type": "Point", "coordinates": [7.61752, 47.514674]}, "properties": {"name": "NorthC M\u00fcnchenstein (Basel) 2", "city": "M\u00fcnchenstein", "country": "CH", "status": "operational", "url": "https://www.peeringdb.com/fac/6711"}}, {"type": "Feature", "geometry": {"type": "Point", "coordinates": [20.398723, 44.811291]}, "properties": {"name": "Cetin Data Center", "city": "Belgrade", "country": "RS", "status": "operational", "url": "https://www.peeringdb.com/fac/6734"}}, {"type": "Feature", "geometry": {"type": "Point", "coordinates": [-0.018273, 51.4946]}, "properties": {"name": "Docklands Data Centre", "city": "London", "country": "GB", "status": "operational", "url": "https://www.peeringdb.com/fac/6750"}}, {"type": "Feature", "geometry": {"type": "Point", "coordinates": [11.021223, 50.976193]}, "properties": {"name": "Datacenter NTAG", "city": "Erfurt", "country": "DE", "status": "operational", "url": "https://www.peeringdb.com/fac/6752"}}, {"type": "Feature", "geometry": {"type": "Point", "coordinates": [-2.46746, 52.707425]}, "properties": {"name": "Exascale - Telford (TEL0)", "city": "Telford", "country": "GB", "status": "operational", "url": "https://www.peeringdb.com/fac/6767"}}, {"type": "Feature", "geometry": {"type": "Point", "coordinates": [4.399495, 51.264077]}, "properties": {"name": "dcvlaanderen", "city": "Antwerp", "country": "BE", "status": "operational", "url": "https://www.peeringdb.com/fac/6770"}}, {"type": "Feature", "geometry": {"type": "Point", "coordinates": [9.943007, 49.799726]}, "properties": {"name": "Datacenter Mainfranken", "city": "W\u00fcrzburg", "country": "DE", "status": "operational", "url": "https://www.peeringdb.com/fac/6794"}}, {"type": "Feature", "geometry": {"type": "Point", "coordinates": [4.886678, 52.336277]}, "properties": {"name": "High5! Amsterdam", "city": "Amsterdam", "country": "NL", "status": "operational", "url": "https://www.peeringdb.com/fac/6805"}}, {"type": "Feature", "geometry": {"type": "Point", "coordinates": [0.187639, 48.054043]}, "properties": {"name": "DATAGREX", "city": "Saint-Saturnin", "country": "FR", "status": "operational", "url": "https://www.peeringdb.com/fac/6812"}}, {"type": "Feature", "geometry": {"type": "Point", "coordinates": [28.278459, -26.074142]}, "properties": {"name": "Teraco Johannesburg Bredell Campus", "city": "Johannesburg", "country": "ZA", "status": "operational", "url": "https://www.peeringdb.com/fac/6837"}}, {"type": "Feature", "geometry": {"type": "Point", "coordinates": [14.262248, 57.787106]}, "properties": {"name": "Junet Birka", "city": "Huskvarna", "country": "SE", "status": "operational", "url": "https://www.peeringdb.com/fac/6841"}}, {"type": "Feature", "geometry": {"type": "Point", "coordinates": [11.945418, 45.395345]}, "properties": {"name": "Net Global DC", "city": "Padua", "country": "IT", "status": "operational", "url": "https://www.peeringdb.com/fac/6844"}}, {"type": "Feature", "geometry": {"type": "Point", "coordinates": [-9.098127, 38.747404]}, "properties": {"name": "ONI Telecom Lisbon Matinha", "city": "Lisbon", "country": "PT", "status": "operational", "url": "https://www.peeringdb.com/fac/6877"}}, {"type": "Feature", "geometry": {"type": "Point", "coordinates": [2.439301, 48.855088]}, "properties": {"name": "Magic OnLine", "city": "Montreuil", "country": "FR", "status": "operational", "url": "https://www.peeringdb.com/fac/6883"}}, {"type": "Feature", "geometry": {"type": "Point", "coordinates": [-1.168462, 50.846154]}, "properties": {"name": "ServerHouse F1", "city": "Hampshire", "country": "GB", "status": "operational", "url": "https://www.peeringdb.com/fac/6893"}}, {"type": "Feature", "geometry": {"type": "Point", "coordinates": [-1.165861, 50.848702]}, "properties": {"name": "ServerHouse P2", "city": "Hampshire", "country": "GB", "status": "operational", "url": "https://www.peeringdb.com/fac/6894"}}, {"type": "Feature", "geometry": {"type": "Point", "coordinates": [9.242284, 45.462484]}, "properties": {"name": "MOMIT Milan", "city": "Milan", "country": "IT", "status": "operational", "url": "https://www.peeringdb.com/fac/6921"}}, {"type": "Feature", "geometry": {"type": "Point", "coordinates": [-0.150212, 51.5145]}, "properties": {"name": "DataGrid Network London", "city": "London", "country": "GB", "status": "operational", "url": "https://www.peeringdb.com/fac/6923"}}, {"type": "Feature", "geometry": {"type": "Point", "coordinates": [11.108324, 47.906613]}, "properties": {"name": "DataGrid Network Germany", "city": "Aerzen", "country": "DE", "status": "operational", "url": "https://www.peeringdb.com/fac/6925"}}, {"type": "Feature", "geometry": {"type": "Point", "coordinates": [36.80529, -1.290173]}, "properties": {"name": "Telkom - Milimani Data Center - Nairobi", "city": "Nairobi", "country": "KE", "status": "operational", "url": "https://www.peeringdb.com/fac/6929"}}, {"type": "Feature", "geometry": {"type": "Point", "coordinates": [39.657172, -4.060807]}, "properties": {"name": "Telkom - Telephone House - Mombasa", "city": "Mombasa", "country": "KE", "status": "operational", "url": "https://www.peeringdb.com/fac/6930"}}, {"type": "Feature", "geometry": {"type": "Point", "coordinates": [36.817712, -1.280859]}, "properties": {"name": "Telkom - Telephone House - Nairobi", "city": "Nairobi", "country": "KE", "status": "operational", "url": "https://www.peeringdb.com/fac/6931"}}, {"type": "Feature", "geometry": {"type": "Point", "coordinates": [23.775938, 61.497788]}, "properties": {"name": "Glesys Tampere 1", "city": "Tampere", "country": "FI", "status": "operational", "url": "https://www.peeringdb.com/fac/6949"}}, {"type": "Feature", "geometry": {"type": "Point", "coordinates": [25.101186, 60.303515]}, "properties": {"name": "Verne Helsinki", "city": "Vantaa", "country": "FI", "status": "operational", "url": "https://www.peeringdb.com/fac/6950"}}, {"type": "Feature", "geometry": {"type": "Point", "coordinates": [21.888366, 61.501083]}, "properties": {"name": "Glesys Pori 1", "city": "Harjunp\u00e4\u00e4", "country": "FI", "status": "operational", "url": "https://www.peeringdb.com/fac/6951"}}, {"type": "Feature", "geometry": {"type": "Point", "coordinates": [4.888465, 45.740044]}, "properties": {"name": "Free Pro - Lyon - Rock", "city": "Lyon", "country": "FR", "status": "operational", "url": "https://www.peeringdb.com/fac/6976"}}, {"type": "Feature", "geometry": {"type": "Point", "coordinates": [21.01981, 52.223397]}, "properties": {"name": "Netia Warsaw (WARSC001)", "city": "Warsaw", "country": "PL", "status": "operational", "url": "https://www.peeringdb.com/fac/7041"}}, {"type": "Feature", "geometry": {"type": "Point", "coordinates": [14.718417, 49.191564]}, "properties": {"name": "Host-Telecom.com", "city": "Vesel\u00ed nad Lu\u017enic\u00ed", "country": "CZ", "status": "operational", "url": "https://www.peeringdb.com/fac/7052"}}, {"type": "Feature", "geometry": {"type": "Point", "coordinates": [29.014039, 41.076145]}, "properties": {"name": "Radore Istanbul", "city": "Istanbul", "country": "TR", "status": "operational", "url": "https://www.peeringdb.com/fac/7055"}}, {"type": "Feature", "geometry": {"type": "Point", "coordinates": [5.608645, 43.208506]}, "properties": {"name": "ITinSell Cloud Datacenter", "city": "La Ciotat", "country": "FR", "status": "operational", "url": "https://www.peeringdb.com/fac/7063"}}, {"type": "Feature", "geometry": {"type": "Point", "coordinates": [-3.341208, 40.519524]}, "properties": {"name": "TecnoAlcal\u00e1", "city": "Alcal\u00e1 de Henares", "country": "ES", "status": "operational", "url": "https://www.peeringdb.com/fac/7069"}}, {"type": "Feature", "geometry": {"type": "Point", "coordinates": [8.851367, 48.276912]}, "properties": {"name": "weber.cloud  Data Center Balingen 1", "city": "Balingen", "country": "DE", "status": "operational", "url": "https://www.peeringdb.com/fac/7076"}}, {"type": "Feature", "geometry": {"type": "Point", "coordinates": [23.401498, 42.67572]}, "properties": {"name": "Equinix SO2 - Sofia", "city": "Sofia", "country": "BG", "status": "operational", "url": "https://www.peeringdb.com/fac/7097"}}, {"type": "Feature", "geometry": {"type": "Point", "coordinates": [24.775753, 60.203959]}, "properties": {"name": "Equinix HE7 - Helsinki, Sinim\u00e4ki", "city": "Espoo", "country": "FI", "status": "operational", "url": "https://www.peeringdb.com/fac/7098"}}, {"type": "Feature", "geometry": {"type": "Point", "coordinates": [20.920738, 52.189965]}, "properties": {"name": "Equinix WA3 - Warsaw", "city": "Warsaw", "country": "PL", "status": "operational", "url": "https://www.peeringdb.com/fac/7099"}}, {"type": "Feature", "geometry": {"type": "Point", "coordinates": [5.68854, 45.168755]}, "properties": {"name": "XSALTO Grenoble", "city": "Seyssinet-Pariset", "country": "FR", "status": "operational", "url": "https://www.peeringdb.com/fac/7114"}}, {"type": "Feature", "geometry": {"type": "Point", "coordinates": [8.790196, 53.093964]}, "properties": {"name": "ColocationIX DC5", "city": "Bremen", "country": "DE", "status": "operational", "url": "https://www.peeringdb.com/fac/7124"}}, {"type": "Feature", "geometry": {"type": "Point", "coordinates": [35.010403, 29.532079]}, "properties": {"name": "iLevant  Aqaba", "city": "Aqaba", "country": "JO", "status": "operational", "url": "https://www.peeringdb.com/fac/7134"}}, {"type": "Feature", "geometry": {"type": "Point", "coordinates": [5.740356, 59.476215]}, "properties": {"name": "EMP Secure DC1", "city": "Nedre Vats", "country": "NO", "status": "operational", "url": "https://www.peeringdb.com/fac/7141"}}, {"type": "Feature", "geometry": {"type": "Point", "coordinates": [5.765145, 53.204849]}, "properties": {"name": "Penta Infra Leeuwarden LEE01", "city": "Leeuwarden", "country": "NL", "status": "operational", "url": "https://www.peeringdb.com/fac/7160"}}, {"type": "Feature", "geometry": {"type": "Point", "coordinates": [5.760613, 53.192575]}, "properties": {"name": "Penta Infra Leeuwarden LEE02", "city": "Leeuwarden", "country": "NL", "status": "operational", "url": "https://www.peeringdb.com/fac/7161"}}, {"type": "Feature", "geometry": {"type": "Point", "coordinates": [34.966486, 32.770949]}, "properties": {"name": "MedOne TC1, TC2, TC3 (Tirat Carmel)", "city": "Tirat Carmel", "country": "IL", "status": "operational", "url": "https://www.peeringdb.com/fac/7177"}}, {"type": "Feature", "geometry": {"type": "Point", "coordinates": [2.137936, 49.053744]}, "properties": {"name": "OPCORE - DC5 / PAR5", "city": "Saint-Ouen-l'Aum\u00f4ne", "country": "FR", "status": "operational", "url": "https://www.peeringdb.com/fac/7180"}}, {"type": "Feature", "geometry": {"type": "Point", "coordinates": [0.465743, 51.583632]}, "properties": {"name": "ChunkyChips Data Centre", "city": "Basildon", "country": "GB", "status": "operational", "url": "https://www.peeringdb.com/fac/7216"}}, {"type": "Feature", "geometry": {"type": "Point", "coordinates": [2.367834, 48.906734]}, "properties": {"name": "nLighten Paris PAR2", "city": "Aubervilliers", "country": "FR", "status": "operational", "url": "https://www.peeringdb.com/fac/7226"}}, {"type": "Feature", "geometry": {"type": "Point", "coordinates": [5.368113, 43.342848]}, "properties": {"name": "EXA Edge DC Marseille", "city": "Marseille", "country": "FR", "status": "operational", "url": "https://www.peeringdb.com/fac/7227"}}, {"type": "Feature", "geometry": {"type": "Point", "coordinates": [3.421101, 6.427276]}, "properties": {"name": "Swift Networks Lagos", "city": "Lagos", "country": "NG", "status": "operational", "url": "https://www.peeringdb.com/fac/7246"}}, {"type": "Feature", "geometry": {"type": "Point", "coordinates": [10.03825, 53.550998]}, "properties": {"name": "Portus/IPHH HH3 (Wendenstrasse 251)", "city": "Hamburg", "country": "DE", "status": "operational", "url": "https://www.peeringdb.com/fac/7274"}}, {"type": "Feature", "geometry": {"type": "Point", "coordinates": [33.382627, 34.86132]}, "properties": {"name": "Makarios Earth Station Kofinou", "city": "Kofinou", "country": "CY", "status": "operational", "url": "https://www.peeringdb.com/fac/7327"}}, {"type": "Feature", "geometry": {"type": "Point", "coordinates": [7.028807, 51.528185]}, "properties": {"name": "GELSEN-NET Gelsenkirchen", "city": "Gelsenkirchen", "country": "DE", "status": "operational", "url": "https://www.peeringdb.com/fac/7367"}}, {"type": "Feature", "geometry": {"type": "Point", "coordinates": [10.971457, 45.402363]}, "properties": {"name": "Retelit S.p.A. Verona", "city": "Verona", "country": "IT", "status": "operational", "url": "https://www.peeringdb.com/fac/7396"}}, {"type": "Feature", "geometry": {"type": "Point", "coordinates": [50.550816, 26.232321]}, "properties": {"name": "stc Bahrain", "city": "Manama", "country": "BH", "status": "operational", "url": "https://www.peeringdb.com/fac/7402"}}, {"type": "Feature", "geometry": {"type": "Point", "coordinates": [12.531523, 41.922502]}, "properties": {"name": "Retelit S.p.A. Roma Perrier", "city": "Rome", "country": "IT", "status": "operational", "url": "https://www.peeringdb.com/fac/7403"}}, {"type": "Feature", "geometry": {"type": "Point", "coordinates": [11.115344, 46.061626]}, "properties": {"name": "Retelit S.p.A. Trento", "city": "Trento", "country": "IT", "status": "operational", "url": "https://www.peeringdb.com/fac/7404"}}, {"type": "Feature", "geometry": {"type": "Point", "coordinates": [-3.62408, 40.433899]}, "properties": {"name": "Digital Realty Madrid MAD3", "city": "Madrid", "country": "ES", "status": "operational", "url": "https://www.peeringdb.com/fac/7414"}}, {"type": "Feature", "geometry": {"type": "Point", "coordinates": [4.744425, 52.283746]}, "properties": {"name": "NTT Amsterdam 1 Data Center (AMS 1)", "city": "Rozenburg", "country": "NL", "status": "operational", "url": "https://www.peeringdb.com/fac/7426"}}, {"type": "Feature", "geometry": {"type": "Point", "coordinates": [8.48535, 50.063868]}, "properties": {"name": "NTT Frankfurt 4 Data Center (FRA4)", "city": "Hattersheim am Main", "country": "DE", "status": "operational", "url": "https://www.peeringdb.com/fac/7427"}}, {"type": "Feature", "geometry": {"type": "Point", "coordinates": [9.638591, 47.416532]}, "properties": {"name": "Internet Group AG Datacenter 1", "city": "Widnau", "country": "CH", "status": "operational", "url": "https://www.peeringdb.com/fac/7432"}}, {"type": "Feature", "geometry": {"type": "Point", "coordinates": [8.761566, 47.498928]}, "properties": {"name": "Internet Group AG Datacenter 3", "city": "Winterthur", "country": "CH", "status": "operational", "url": "https://www.peeringdb.com/fac/7433"}}, {"type": "Feature", "geometry": {"type": "Point", "coordinates": [8.661696, 50.109696]}, "properties": {"name": "Dawico FFM", "city": "Frankfurt", "country": "DE", "status": "operational", "url": "https://www.peeringdb.com/fac/7449"}}, {"type": "Feature", "geometry": {"type": "Point", "coordinates": [6.823103, 52.028778]}, "properties": {"name": "epnox Vreden", "city": "Vreden", "country": "DE", "status": "operational", "url": "https://www.peeringdb.com/fac/7485"}}, {"type": "Feature", "geometry": {"type": "Point", "coordinates": [6.89973, 51.98577]}, "properties": {"name": "epnox Stadtlohn", "city": "Stadtlohn", "country": "DE", "status": "operational", "url": "https://www.peeringdb.com/fac/7486"}}, {"type": "Feature", "geometry": {"type": "Point", "coordinates": [-0.399428, 51.467366]}, "properties": {"name": "Sungard AS London Technology Centre", "city": "Hounslow", "country": "GB", "status": "operational", "url": "https://www.peeringdb.com/fac/7500"}}, {"type": "Feature", "geometry": {"type": "Point", "coordinates": [6.791128, 52.267645]}, "properties": {"name": "InterDC Hengelo", "city": "Hengelo", "country": "NL", "status": "operational", "url": "https://www.peeringdb.com/fac/7502"}}, {"type": "Feature", "geometry": {"type": "Point", "coordinates": [14.341096, 50.100862]}, "properties": {"name": "Eltodo Sarka", "city": "Prague", "country": "CZ", "status": "operational", "url": "https://www.peeringdb.com/fac/7515"}}, {"type": "Feature", "geometry": {"type": "Point", "coordinates": [23.601719, 46.794435]}, "properties": {"name": "efectRO DC1", "city": "Cluj Napoca", "country": "RO", "status": "operational", "url": "https://www.peeringdb.com/fac/7570"}}, {"type": "Feature", "geometry": {"type": "Point", "coordinates": [9.686683, 48.713246]}, "properties": {"name": "EVF Datacenter", "city": "G\u00f6ppingen", "country": "DE", "status": "operational", "url": "https://www.peeringdb.com/fac/7604"}}, {"type": "Feature", "geometry": {"type": "Point", "coordinates": [4.871514, 45.771937]}, "properties": {"name": "nLighten Lyon LYS1", "city": "Villeurbanne", "country": "FR", "status": "operational", "url": "https://www.peeringdb.com/fac/7611"}}, {"type": "Feature", "geometry": {"type": "Point", "coordinates": [8.350287, 49.42065]}, "properties": {"name": "Pfalzkom DCRN II", "city": "Mutterstadt", "country": "DE", "status": "operational", "url": "https://www.peeringdb.com/fac/7627"}}, {"type": "Feature", "geometry": {"type": "Point", "coordinates": [8.360248, 49.42591]}, "properties": {"name": "Pfalzkom DCRN I", "city": "Mutterstadt", "country": "DE", "status": "operational", "url": "https://www.peeringdb.com/fac/7628"}}, {"type": "Feature", "geometry": {"type": "Point", "coordinates": [10.038666, 53.551005]}, "properties": {"name": "GlobalConnect Hamburg (HAM3)", "city": "Hamburg", "country": "DE", "status": "operational", "url": "https://www.peeringdb.com/fac/7629"}}, {"type": "Feature", "geometry": {"type": "Point", "coordinates": [10.043154, 53.548555]}, "properties": {"name": "n@work Hamburg Grevenweg", "city": "Hamburg", "country": "DE", "status": "operational", "url": "https://www.peeringdb.com/fac/7638"}}, {"type": "Feature", "geometry": {"type": "Point", "coordinates": [12.837561, 48.032333]}, "properties": {"name": "STACKIT Ostermiething (DC10)", "city": "Ostermiething", "country": "AT", "status": "operational", "url": "https://www.peeringdb.com/fac/7643"}}, {"type": "Feature", "geometry": {"type": "Point", "coordinates": [9.818324, 52.322642]}, "properties": {"name": "htp Rechenzentrum Hannover TZ", "city": "Hannover", "country": "DE", "status": "operational", "url": "https://www.peeringdb.com/fac/7652"}}, {"type": "Feature", "geometry": {"type": "Point", "coordinates": [9.91354, 52.36163]}, "properties": {"name": "htp Rechenzentrum Lehrte RZ2", "city": "Lehrte", "country": "DE", "status": "operational", "url": "https://www.peeringdb.com/fac/7653"}}, {"type": "Feature", "geometry": {"type": "Point", "coordinates": [9.06926, 48.518262]}, "properties": {"name": "Nepustil Br\u00fcckenstr. T\u00fcbingen", "city": "T\u00fcbingen", "country": "DE", "status": "operational", "url": "https://www.peeringdb.com/fac/7662"}}, {"type": "Feature", "geometry": {"type": "Point", "coordinates": [9.137463, 48.496032]}, "properties": {"name": "Nepustil TTR Reutlingen", "city": "Reutlingen", "country": "DE", "status": "operational", "url": "https://www.peeringdb.com/fac/7663"}}, {"type": "Feature", "geometry": {"type": "Point", "coordinates": [-0.396344, 39.416592]}, "properties": {"name": "IUKANET Datacenter", "city": "Alfafar", "country": "ES", "status": "operational", "url": "https://www.peeringdb.com/fac/7666"}}, {"type": "Feature", "geometry": {"type": "Point", "coordinates": [5.112483, 61.934669]}, "properties": {"name": "Lefdal Mine Data Center", "city": "M\u00e5l\u00f8y", "country": "NO", "status": "operational", "url": "https://www.peeringdb.com/fac/7677"}}, {"type": "Feature", "geometry": {"type": "Point", "coordinates": [-1.15645, 37.97101]}, "properties": {"name": "IXPlay Neutral Acces Point", "city": "Benahavis", "country": "ES", "status": "operational", "url": "https://www.peeringdb.com/fac/7686"}}, {"type": "Feature", "geometry": {"type": "Point", "coordinates": [6.93825, 51.191425]}, "properties": {"name": "AtlasEdge DC D\u00fcsseldorf DUS001", "city": "Hilden", "country": "DE", "status": "operational", "url": "https://www.peeringdb.com/fac/7690"}}, {"type": "Feature", "geometry": {"type": "Point", "coordinates": [2.221522, 48.897921]}, "properties": {"name": "dc2scale Nanterre", "city": "Nanterre", "country": "FR", "status": "operational", "url": "https://www.peeringdb.com/fac/7692"}}, {"type": "Feature", "geometry": {"type": "Point", "coordinates": [4.703489, 52.383057]}, "properties": {"name": "CyrusOne Amsterdam I", "city": "Halfweg", "country": "NL", "status": "operational", "url": "https://www.peeringdb.com/fac/7746"}}, {"type": "Feature", "geometry": {"type": "Point", "coordinates": [8.583001, 50.128105]}, "properties": {"name": "CyrusOne Frankfurt 2", "city": "Frankfurt", "country": "DE", "status": "operational", "url": "https://www.peeringdb.com/fac/7747"}}, {"type": "Feature", "geometry": {"type": "Point", "coordinates": [-6.439542, 53.328573]}, "properties": {"name": "CyrusOne Dublin 1", "city": "Dublin", "country": "IE", "status": "operational", "url": "https://www.peeringdb.com/fac/7748"}}, {"type": "Feature", "geometry": {"type": "Point", "coordinates": [8.869761, 54.951281]}, "properties": {"name": "WNB A/S - TDR", "city": "T\u00f8nder", "country": "DK", "status": "operational", "url": "https://www.peeringdb.com/fac/7755"}}, {"type": "Feature", "geometry": {"type": "Point", "coordinates": [47.974857, 29.368048]}, "properties": {"name": "Qualitynet Rashid Abdulla DC", "city": "Kuwait City", "country": "KW", "status": "operational", "url": "https://www.peeringdb.com/fac/7772"}}, {"type": "Feature", "geometry": {"type": "Point", "coordinates": [47.974857, 29.368048]}, "properties": {"name": "FASTtelco DC Kuwait", "city": "Kuwait City", "country": "KW", "status": "operational", "url": "https://www.peeringdb.com/fac/7773"}}, {"type": "Feature", "geometry": {"type": "Point", "coordinates": [1.98491, 48.796534]}, "properties": {"name": "Dataxion France DTX01", "city": "Trappes", "country": "FR", "status": "operational", "url": "https://www.peeringdb.com/fac/7775"}}, {"type": "Feature", "geometry": {"type": "Point", "coordinates": [9.97477, 53.64479]}, "properties": {"name": "Equinix HH1 - Hamburg", "city": "Hamburg", "country": "DE", "status": "operational", "url": "https://www.peeringdb.com/fac/7868"}}, {"type": "Feature", "geometry": {"type": "Point", "coordinates": [11.115335, 43.865425]}, "properties": {"name": "Sirius Technology DC - Prato", "city": "Prato", "country": "IT", "status": "operational", "url": "https://www.peeringdb.com/fac/7882"}}, {"type": "Feature", "geometry": {"type": "Point", "coordinates": [9.317166, 40.313074]}, "properties": {"name": "Sirius Technology DC- Nuoro", "city": "Nuoro", "country": "IT", "status": "operational", "url": "https://www.peeringdb.com/fac/7883"}}, {"type": "Feature", "geometry": {"type": "Point", "coordinates": [29.103938, 37.738157]}, "properties": {"name": "Netinternet Datacenter Denizli", "city": "Denizli", "country": "TR", "status": "operational", "url": "https://www.peeringdb.com/fac/7914"}}, {"type": "Feature", "geometry": {"type": "Point", "coordinates": [7.020159, 51.057944]}, "properties": {"name": "ITENOS Leverkusen (LEV1)", "city": "Leverkusen", "country": "DE", "status": "operational", "url": "https://www.peeringdb.com/fac/7929"}}, {"type": "Feature", "geometry": {"type": "Point", "coordinates": [8.601436, 50.128192]}, "properties": {"name": "ITENOS Frankfurt (FRA2)", "city": "Frankfurt", "country": "DE", "status": "operational", "url": "https://www.peeringdb.com/fac/7930"}}, {"type": "Feature", "geometry": {"type": "Point", "coordinates": [36.813223, -1.299937]}, "properties": {"name": "PAIX Nairobi", "city": "Nairobi", "country": "KE", "status": "operational", "url": "https://www.peeringdb.com/fac/7995"}}, {"type": "Feature", "geometry": {"type": "Point", "coordinates": [-1.458812, 53.82752]}, "properties": {"name": "DC14-Leeds", "city": "Leeds", "country": "GB", "status": "operational", "url": "https://www.peeringdb.com/fac/8034"}}, {"type": "Feature", "geometry": {"type": "Point", "coordinates": [-0.822904, 51.889468]}, "properties": {"name": "Creslow Park", "city": "Aylesbury", "country": "GB", "status": "operational", "url": "https://www.peeringdb.com/fac/8035"}}, {"type": "Feature", "geometry": {"type": "Point", "coordinates": [11.061472, 60.794335]}, "properties": {"name": "Innit Hamar", "city": "Hamar", "country": "NO", "status": "operational", "url": "https://www.peeringdb.com/fac/8045"}}, {"type": "Feature", "geometry": {"type": "Point", "coordinates": [51.437444, 25.325315]}, "properties": {"name": "Meeza Data Center - MV2", "city": "Doha", "country": "QA", "status": "operational", "url": "https://www.peeringdb.com/fac/8069"}}, {"type": "Feature", "geometry": {"type": "Point", "coordinates": [35.845441, 31.890622]}, "properties": {"name": "Marj Al Hammam DC", "city": "Amman", "country": "JO", "status": "operational", "url": "https://www.peeringdb.com/fac/8071"}}, {"type": "Feature", "geometry": {"type": "Point", "coordinates": [35.831126, 31.979298]}, "properties": {"name": "Hashim DC", "city": "Amman", "country": "JO", "status": "operational", "url": "https://www.peeringdb.com/fac/8072"}}, {"type": "Feature", "geometry": {"type": "Point", "coordinates": [20.465182, 44.800421]}, "properties": {"name": "Telekom Srbija data centar", "city": "Belgrade", "country": "RS", "status": "operational", "url": "https://www.peeringdb.com/fac/8085"}}, {"type": "Feature", "geometry": {"type": "Point", "coordinates": [8.76863, 53.08495]}, "properties": {"name": "LWLcom Bremen BRE04", "city": "Bremen", "country": "DE", "status": "operational", "url": "https://www.peeringdb.com/fac/8093"}}, {"type": "Feature", "geometry": {"type": "Point", "coordinates": [16.901513, 51.161546]}, "properties": {"name": "Bestgo.pl", "city": "Wroclaw", "country": "PL", "status": "operational", "url": "https://www.peeringdb.com/fac/8097"}}, {"type": "Feature", "geometry": {"type": "Point", "coordinates": [24.877708, 60.215932]}, "properties": {"name": "Telia Helsinki Datacenter", "city": "Helsinki", "country": "FI", "status": "operational", "url": "https://www.peeringdb.com/fac/8128"}}, {"type": "Feature", "geometry": {"type": "Point", "coordinates": [15.644259, 46.558786]}, "properties": {"name": "Posta Slovenije d.o.o.", "city": "Maribor", "country": "SI", "status": "operational", "url": "https://www.peeringdb.com/fac/8146"}}, {"type": "Feature", "geometry": {"type": "Point", "coordinates": [19.912983, 50.073872]}, "properties": {"name": "WNET DC Krakow", "city": "Krakow", "country": "PL", "status": "operational", "url": "https://www.peeringdb.com/fac/8151"}}, {"type": "Feature", "geometry": {"type": "Point", "coordinates": [14.557774, 46.094644]}, "properties": {"name": "Telemach Tier3 DC", "city": "Ljubljana", "country": "SI", "status": "operational", "url": "https://www.peeringdb.com/fac/8171"}}, {"type": "Feature", "geometry": {"type": "Point", "coordinates": [3.397458, 6.446072]}, "properties": {"name": "Interconnect Nigeria", "city": "Lagos", "country": "NG", "status": "operational", "url": "https://www.peeringdb.com/fac/8185"}}, {"type": "Feature", "geometry": {"type": "Point", "coordinates": [10.436113, 43.656669]}, "properties": {"name": "Welcome Italia spa - Data Center", "city": "Pisa", "country": "IT", "status": "operational", "url": "https://www.peeringdb.com/fac/8197"}}, {"type": "Feature", "geometry": {"type": "Point", "coordinates": [34.968359, 32.109106]}, "properties": {"name": "Partner 012", "city": "Rosh HaaYin", "country": "IL", "status": "operational", "url": "https://www.peeringdb.com/fac/8199"}}, {"type": "Feature", "geometry": {"type": "Point", "coordinates": [50.537463, 26.238395]}, "properties": {"name": "Zain Bahrain", "city": "Manama", "country": "BH", "status": "operational", "url": "https://www.peeringdb.com/fac/8207"}}, {"type": "Feature", "geometry": {"type": "Point", "coordinates": [9.354604, 49.23266]}, "properties": {"name": "Manage Now DC4", "city": "Neuenstadt am Kocher", "country": "DE", "status": "operational", "url": "https://www.peeringdb.com/fac/8214"}}, {"type": "Feature", "geometry": {"type": "Point", "coordinates": [9.232723, 49.182041]}, "properties": {"name": "Manage Now DC1-3", "city": "Neckarsulm", "country": "DE", "status": "operational", "url": "https://www.peeringdb.com/fac/8215"}}, {"type": "Feature", "geometry": {"type": "Point", "coordinates": [7.636304, 51.226194]}, "properties": {"name": "Telemark Rechenzentrum L\u00fcdenscheid", "city": "L\u00fcdenscheid", "country": "DE", "status": "operational", "url": "https://www.peeringdb.com/fac/8220"}}, {"type": "Feature", "geometry": {"type": "Point", "coordinates": [8.307292, 47.060198]}, "properties": {"name": "ewl Luzern", "city": "Luzern", "country": "CH", "status": "operational", "url": "https://www.peeringdb.com/fac/8225"}}, {"type": "Feature", "geometry": {"type": "Point", "coordinates": [34.76552, 32.048512]}, "properties": {"name": "Bezeq International TLV Data Center", "city": "Tel Aviv", "country": "IL", "status": "operational", "url": "https://www.peeringdb.com/fac/8228"}}, {"type": "Feature", "geometry": {"type": "Point", "coordinates": [28.825876, 40.993582]}, "properties": {"name": "COMNET Datacenter Istanbul", "city": "Istanbul", "country": "TR", "status": "operational", "url": "https://www.peeringdb.com/fac/8231"}}, {"type": "Feature", "geometry": {"type": "Point", "coordinates": [5.699384, 58.896502]}, "properties": {"name": "GC-FAB7 Stavanger", "city": "Stavanger", "country": "NO", "status": "operational", "url": "https://www.peeringdb.com/fac/8262"}}, {"type": "Feature", "geometry": {"type": "Point", "coordinates": [16.285415, 38.955164]}, "properties": {"name": "TLCWEB DC IT1", "city": "Lamezia Terme", "country": "IT", "status": "operational", "url": "https://www.peeringdb.com/fac/8273"}}, {"type": "Feature", "geometry": {"type": "Point", "coordinates": [10.79209, 52.42821]}, "properties": {"name": "Wolfsburg Nordkopf Tower (WNT)", "city": "Wolfsburg", "country": "DE", "status": "operational", "url": "https://www.peeringdb.com/fac/8276"}}, {"type": "Feature", "geometry": {"type": "Point", "coordinates": [8.999264, 46.925531]}, "properties": {"name": "Data Center Light", "city": "Linthal", "country": "CH", "status": "operational", "url": "https://www.peeringdb.com/fac/8278"}}, {"type": "Feature", "geometry": {"type": "Point", "coordinates": [6.001603, 52.24703]}, "properties": {"name": "KoloDC NL3", "city": "Apeldoorn", "country": "NL", "status": "operational", "url": "https://www.peeringdb.com/fac/8284"}}, {"type": "Feature", "geometry": {"type": "Point", "coordinates": [-3.605486, 40.565558]}, "properties": {"name": "Cogent Madrid", "city": "Madrid", "country": "ES", "status": "operational", "url": "https://www.peeringdb.com/fac/8285"}}, {"type": "Feature", "geometry": {"type": "Point", "coordinates": [10.02545, 53.611944]}, "properties": {"name": "Akquinet HAM01", "city": "Hamburg", "country": "DE", "status": "operational", "url": "https://www.peeringdb.com/fac/8291"}}, {"type": "Feature", "geometry": {"type": "Point", "coordinates": [10.027982, 53.61445]}, "properties": {"name": "Akquinet HAM02", "city": "Hamburg", "country": "DE", "status": "operational", "url": "https://www.peeringdb.com/fac/8292"}}, {"type": "Feature", "geometry": {"type": "Point", "coordinates": [9.994093, 53.700157]}, "properties": {"name": "Akquinet NOR01", "city": "Norderstedt", "country": "DE", "status": "operational", "url": "https://www.peeringdb.com/fac/8293"}}, {"type": "Feature", "geometry": {"type": "Point", "coordinates": [4.062967, 49.23637]}, "properties": {"name": "Hexanet - DC Roland", "city": "Reims", "country": "FR", "status": "operational", "url": "https://www.peeringdb.com/fac/8300"}}, {"type": "Feature", "geometry": {"type": "Point", "coordinates": [4.063736, 49.235186]}, "properties": {"name": "Hexanet - DC Sabine", "city": "Reims", "country": "FR", "status": "operational", "url": "https://www.peeringdb.com/fac/8301"}}, {"type": "Feature", "geometry": {"type": "Point", "coordinates": [5.737024, 59.477006]}, "properties": {"name": "EMP Secure DC2", "city": "Nedre Vats", "country": "NO", "status": "operational", "url": "https://www.peeringdb.com/fac/8308"}}, {"type": "Feature", "geometry": {"type": "Point", "coordinates": [13.737804, 45.5481]}, "properties": {"name": "Softnet Koper DC", "city": "Koper", "country": "SI", "status": "operational", "url": "https://www.peeringdb.com/fac/8320"}}, {"type": "Feature", "geometry": {"type": "Point", "coordinates": [4.402943, 50.905939]}, "properties": {"name": "KevlinX Brussels", "city": "Brussels", "country": "BE", "status": "operational", "url": "https://www.peeringdb.com/fac/8325"}}, {"type": "Feature", "geometry": {"type": "Point", "coordinates": [-0.467377, 39.554075]}, "properties": {"name": "PRORED Datacenter", "city": "Paterna", "country": "ES", "status": "operational", "url": "https://www.peeringdb.com/fac/8326"}}, {"type": "Feature", "geometry": {"type": "Point", "coordinates": [10.9945, 59.7582]}, "properties": {"name": "DC3-Oslo", "city": "Ytre Enebakk", "country": "NO", "status": "operational", "url": "https://www.peeringdb.com/fac/8328"}}, {"type": "Feature", "geometry": {"type": "Point", "coordinates": [4.663749, 52.392472]}, "properties": {"name": "PhoenixNAP AMSTERDAM", "city": "Haarlem", "country": "NL", "status": "operational", "url": "https://www.peeringdb.com/fac/8342"}}, {"type": "Feature", "geometry": {"type": "Point", "coordinates": [20.409915, 44.820506]}, "properties": {"name": "PhoenixNAP BELGRADE", "city": "Belgrade", "country": "RS", "status": "operational", "url": "https://www.peeringdb.com/fac/8344"}}, {"type": "Feature", "geometry": {"type": "Point", "coordinates": [26.118948, 44.490023]}, "properties": {"name": "LayerBridge Pipera", "city": "Voluntari", "country": "RO", "status": "operational", "url": "https://www.peeringdb.com/fac/8358"}}, {"type": "Feature", "geometry": {"type": "Point", "coordinates": [5.956558, 49.644004]}, "properties": {"name": "C2D", "city": "Windhof", "country": "LU", "status": "operational", "url": "https://www.peeringdb.com/fac/8362"}}, {"type": "Feature", "geometry": {"type": "Point", "coordinates": [24.811186, 60.21354]}, "properties": {"name": "Elisa Espoo S\u00e4terinportti", "city": "Espoo", "country": "FI", "status": "operational", "url": "https://www.peeringdb.com/fac/8367"}}, {"type": "Feature", "geometry": {"type": "Point", "coordinates": [22.206, 60.494456]}, "properties": {"name": "Elisa Raisio", "city": "Turku", "country": "FI", "status": "operational", "url": "https://www.peeringdb.com/fac/8368"}}, {"type": "Feature", "geometry": {"type": "Point", "coordinates": [0.002497, 51.515332]}, "properties": {"name": "IP House Data Centre", "city": "London", "country": "GB", "status": "operational", "url": "https://www.peeringdb.com/fac/8381"}}, {"type": "Feature", "geometry": {"type": "Point", "coordinates": [-1.500107, 55.016869]}, "properties": {"name": "Stellium 1", "city": "Newcastle", "country": "GB", "status": "operational", "url": "https://www.peeringdb.com/fac/8389"}}, {"type": "Feature", "geometry": {"type": "Point", "coordinates": [-1.500107, 55.016869]}, "properties": {"name": "Stellium 2 & 3", "city": "Newcastle", "country": "GB", "status": "operational", "url": "https://www.peeringdb.com/fac/8390"}}, {"type": "Feature", "geometry": {"type": "Point", "coordinates": [2.208056, 48.783672]}, "properties": {"name": "dc2scale PAR2 (V\u00e9lizy-Villacoublay)", "city": "V\u00e9lizy-Villacoublay", "country": "FR", "status": "operational", "url": "https://www.peeringdb.com/fac/8406"}}, {"type": "Feature", "geometry": {"type": "Point", "coordinates": [4.939254, 52.303794]}, "properties": {"name": "3W-DC01", "city": "Amsterdam", "country": "NL", "status": "operational", "url": "https://www.peeringdb.com/fac/8408"}}, {"type": "Feature", "geometry": {"type": "Point", "coordinates": [7.479824, 9.069591]}, "properties": {"name": "Medallion Abuja", "city": "Abuja", "country": "NG", "status": "operational", "url": "https://www.peeringdb.com/fac/8424"}}, {"type": "Feature", "geometry": {"type": "Point", "coordinates": [9.828541, 44.109634]}, "properties": {"name": "Ampersand La Spezia", "city": "La Spezia", "country": "IT", "status": "operational", "url": "https://www.peeringdb.com/fac/8427"}}, {"type": "Feature", "geometry": {"type": "Point", "coordinates": [6.13388, 46.191359]}, "properties": {"name": "Boxis Gen\u00e8ve", "city": "Les Acacias", "country": "CH", "status": "operational", "url": "https://www.peeringdb.com/fac/8428"}}, {"type": "Feature", "geometry": {"type": "Point", "coordinates": [8.564874, 52.008772]}, "properties": {"name": "BITel Bielefeld", "city": "Bielefeld", "country": "DE", "status": "operational", "url": "https://www.peeringdb.com/fac/8432"}}, {"type": "Feature", "geometry": {"type": "Point", "coordinates": [34.855134, 32.08807]}, "properties": {"name": "Bezeq International Sivim Data Center", "city": "Petah Tikva", "country": "IL", "status": "operational", "url": "https://www.peeringdb.com/fac/8433"}}, {"type": "Feature", "geometry": {"type": "Point", "coordinates": [10.392325, 63.431113]}, "properties": {"name": "GlobalConnect Trondheim", "city": "Trondheim", "country": "NO", "status": "operational", "url": "https://www.peeringdb.com/fac/8439"}}, {"type": "Feature", "geometry": {"type": "Point", "coordinates": [10.468372, 63.425973]}, "properties": {"name": "ITsjefen NDC4", "city": "Trondheim", "country": "NO", "status": "operational", "url": "https://www.peeringdb.com/fac/8440"}}, {"type": "Feature", "geometry": {"type": "Point", "coordinates": [10.398354, 63.437434]}, "properties": {"name": "ITsjefen NDC2", "city": "Trondheim", "country": "NO", "status": "operational", "url": "https://www.peeringdb.com/fac/8441"}}, {"type": "Feature", "geometry": {"type": "Point", "coordinates": [-2.456604, 52.719444]}, "properties": {"name": "Timico - Telford (TEL)", "city": "Telford", "country": "GB", "status": "operational", "url": "https://www.peeringdb.com/fac/8445"}}, {"type": "Feature", "geometry": {"type": "Point", "coordinates": [-2.364986, 52.762453]}, "properties": {"name": "Timico - Newport (NPT)", "city": "Newport", "country": "GB", "status": "operational", "url": "https://www.peeringdb.com/fac/8447"}}, {"type": "Feature", "geometry": {"type": "Point", "coordinates": [2.197239, 48.675525]}, "properties": {"name": "COLT DC Paris SouthWest", "city": "Paris", "country": "FR", "status": "operational", "url": "https://www.peeringdb.com/fac/8448"}}, {"type": "Feature", "geometry": {"type": "Point", "coordinates": [18.301773, 40.28899]}, "properties": {"name": "WicitY", "city": "Vernole", "country": "IT", "status": "operational", "url": "https://www.peeringdb.com/fac/8455"}}, {"type": "Feature", "geometry": {"type": "Point", "coordinates": [-21.756426, 64.145384]}, "properties": {"name": "Reykjavik DC", "city": "Reykjavik", "country": "IS", "status": "operational", "url": "https://www.peeringdb.com/fac/8466"}}, {"type": "Feature", "geometry": {"type": "Point", "coordinates": [26.12429, 44.392699]}, "properties": {"name": "Radiocom", "city": "Bucharest", "country": "RO", "status": "operational", "url": "https://www.peeringdb.com/fac/8488"}}, {"type": "Feature", "geometry": {"type": "Point", "coordinates": [11.330275, 46.48192]}, "properties": {"name": "Bolzano - Infranet AG Datacenter", "city": "Bolzano", "country": "IT", "status": "operational", "url": "https://www.peeringdb.com/fac/8493"}}, {"type": "Feature", "geometry": {"type": "Point", "coordinates": [13.18765, 46.076411]}, "properties": {"name": "InAsset Udine", "city": "Pasian di Prato", "country": "IT", "status": "operational", "url": "https://www.peeringdb.com/fac/8494"}}, {"type": "Feature", "geometry": {"type": "Point", "coordinates": [12.63413, 45.99913]}, "properties": {"name": "InAsset Pordenone", "city": "Pordenone", "country": "IT", "status": "operational", "url": "https://www.peeringdb.com/fac/8499"}}, {"type": "Feature", "geometry": {"type": "Point", "coordinates": [4.899645, 45.757254]}, "properties": {"name": "LASOTEL PIXEL", "city": "Villeurbanne", "country": "FR", "status": "operational", "url": "https://www.peeringdb.com/fac/8522"}}, {"type": "Feature", "geometry": {"type": "Point", "coordinates": [2.587752, 48.835224]}, "properties": {"name": "Celeste Marilyn", "city": "Champs-sur-Marne", "country": "FR", "status": "operational", "url": "https://www.peeringdb.com/fac/8528"}}, {"type": "Feature", "geometry": {"type": "Point", "coordinates": [50.663765, 26.292678]}, "properties": {"name": "Nuetel Communications Datacenter", "city": "Amwaj Island", "country": "BH", "status": "operational", "url": "https://www.peeringdb.com/fac/8562"}}, {"type": "Feature", "geometry": {"type": "Point", "coordinates": [8.495221, 55.510081]}, "properties": {"name": "Bulk Denmark Data Center Campus - DK01", "city": "Esbjerg", "country": "DK", "status": "operational", "url": "https://www.peeringdb.com/fac/8567"}}, {"type": "Feature", "geometry": {"type": "Point", "coordinates": [9.217854, 48.503922]}, "properties": {"name": "CMO Rechenzentrum Reutlingen", "city": "Reutlingen", "country": "DE", "status": "operational", "url": "https://www.peeringdb.com/fac/8576"}}, {"type": "Feature", "geometry": {"type": "Point", "coordinates": [5.26172, 50.579658]}, "properties": {"name": "ETIX BelgiumDC #1", "city": "Villers-le-Bouillet", "country": "BE", "status": "operational", "url": "https://www.peeringdb.com/fac/8609"}}, {"type": "Feature", "geometry": {"type": "Point", "coordinates": [-2.256535, 50.681852]}, "properties": {"name": "Datacenta DIP", "city": "Winfrith Newburgh", "country": "GB", "status": "operational", "url": "https://www.peeringdb.com/fac/8628"}}, {"type": "Feature", "geometry": {"type": "Point", "coordinates": [11.89697, 50.31767]}, "properties": {"name": "noris network datacenter.de HOF1", "city": "Hof", "country": "DE", "status": "operational", "url": "https://www.peeringdb.com/fac/8639"}}, {"type": "Feature", "geometry": {"type": "Point", "coordinates": [8.373251, 50.063159]}, "properties": {"name": "Titan Networks Frankfurt", "city": "Hofheim am Taunus", "country": "DE", "status": "operational", "url": "https://www.peeringdb.com/fac/8641"}}, {"type": "Feature", "geometry": {"type": "Point", "coordinates": [25.544286, 41.9402]}, "properties": {"name": "Haskovo Colo", "city": "Haskovo", "country": "BG", "status": "operational", "url": "https://www.peeringdb.com/fac/8645"}}, {"type": "Feature", "geometry": {"type": "Point", "coordinates": [21.427774, 52.612937]}, "properties": {"name": "MEVSPACE DC-1", "city": "Wyszk\u00f3w", "country": "PL", "status": "operational", "url": "https://www.peeringdb.com/fac/8648"}}, {"type": "Feature", "geometry": {"type": "Point", "coordinates": [11.217922, 59.920128]}, "properties": {"name": "STACK EMEA - OSL03", "city": "Fetsund", "country": "NO", "status": "operational", "url": "https://www.peeringdb.com/fac/8653"}}, {"type": "Feature", "geometry": {"type": "Point", "coordinates": [4.686739, 52.290393]}, "properties": {"name": "Eurofiber Datacenter Amsterdam", "city": "Hoofddorp", "country": "NL", "status": "operational", "url": "https://www.peeringdb.com/fac/8655"}}, {"type": "Feature", "geometry": {"type": "Point", "coordinates": [12.621626, 55.668076]}, "properties": {"name": "COP01 Vaultica Data Centers", "city": "Copenhagen", "country": "DK", "status": "operational", "url": "https://www.peeringdb.com/fac/8656"}}, {"type": "Feature", "geometry": {"type": "Point", "coordinates": [2.229751, 48.902913]}, "properties": {"name": "Groupe Cyllene - DC - Nanterre", "city": "Nanterre", "country": "FR", "status": "operational", "url": "https://www.peeringdb.com/fac/8673"}}, {"type": "Feature", "geometry": {"type": "Point", "coordinates": [2.249377, 48.897177]}, "properties": {"name": "Groupe Cyllene - DC - Courbevoie", "city": "Courbevoie", "country": "FR", "status": "operational", "url": "https://www.peeringdb.com/fac/8674"}}, {"type": "Feature", "geometry": {"type": "Point", "coordinates": [28.827099, 40.99352]}, "properties": {"name": "Teknotel - Yenibosna", "city": "Istanbul", "country": "TR", "status": "operational", "url": "https://www.peeringdb.com/fac/8688"}}, {"type": "Feature", "geometry": {"type": "Point", "coordinates": [35.313241, 36.975934]}, "properties": {"name": "Teknosos Bilisim Hizmetleri", "city": "Adana", "country": "TR", "status": "operational", "url": "https://www.peeringdb.com/fac/8717"}}, {"type": "Feature", "geometry": {"type": "Point", "coordinates": [8.601462, 49.746437]}, "properties": {"name": "Trusted-Colo Alsbach-Haehnlein", "city": "Alsbach-H\u00e4hnlein", "country": "DE", "status": "operational", "url": "https://www.peeringdb.com/fac/8775"}}, {"type": "Feature", "geometry": {"type": "Point", "coordinates": [29.092491, 37.738701]}, "properties": {"name": "Cenuta Denizli", "city": "Denizli", "country": "TR", "status": "operational", "url": "https://www.peeringdb.com/fac/8786"}}, {"type": "Feature", "geometry": {"type": "Point", "coordinates": [24.700064, 59.401368]}, "properties": {"name": "Telia Telehouse MUS", "city": "Tallinn", "country": "EE", "status": "operational", "url": "https://www.peeringdb.com/fac/8787"}}, {"type": "Feature", "geometry": {"type": "Point", "coordinates": [10.093286, 44.881832]}, "properties": {"name": "Comeser Parma", "city": "Fidenza", "country": "IT", "status": "operational", "url": "https://www.peeringdb.com/fac/8792"}}, {"type": "Feature", "geometry": {"type": "Point", "coordinates": [9.73827, 47.488633]}, "properties": {"name": "Datacenter Weidach", "city": "Bregenz", "country": "AT", "status": "operational", "url": "https://www.peeringdb.com/fac/8794"}}, {"type": "Feature", "geometry": {"type": "Point", "coordinates": [3.578607, 47.805118]}, "properties": {"name": "VirtuaCenter Auxerre", "city": "Auxerre", "country": "FR", "status": "operational", "url": "https://www.peeringdb.com/fac/8824"}}, {"type": "Feature", "geometry": {"type": "Point", "coordinates": [-1.540763, 53.792351]}, "properties": {"name": "aql DC3", "city": "Leeds", "country": "GB", "status": "operational", "url": "https://www.peeringdb.com/fac/8825"}}, {"type": "Feature", "geometry": {"type": "Point", "coordinates": [7.226989, 51.186203]}, "properties": {"name": "rgi RZ Remscheid", "city": "Remscheid", "country": "DE", "status": "operational", "url": "https://www.peeringdb.com/fac/8865"}}, {"type": "Feature", "geometry": {"type": "Point", "coordinates": [31.020704, 30.067903]}, "properties": {"name": "Smart Village Data Center (B90)", "city": "Giza", "country": "EG", "status": "operational", "url": "https://www.peeringdb.com/fac/8871"}}, {"type": "Feature", "geometry": {"type": "Point", "coordinates": [-0.453265, 51.447068]}, "properties": {"name": "DataBank London (LHR1)", "city": "Feltham", "country": "GB", "status": "operational", "url": "https://www.peeringdb.com/fac/8872"}}, {"type": "Feature", "geometry": {"type": "Point", "coordinates": [4.936938, 51.576174]}, "properties": {"name": "Global-e Datacenter NLRI2", "city": "Rijen", "country": "NL", "status": "operational", "url": "https://www.peeringdb.com/fac/8913"}}, {"type": "Feature", "geometry": {"type": "Point", "coordinates": [30.526702, 37.766334]}, "properties": {"name": "Orbit Telekom Datacenter", "city": "Isparta Merkez", "country": "TR", "status": "operational", "url": "https://www.peeringdb.com/fac/8951"}}, {"type": "Feature", "geometry": {"type": "Point", "coordinates": [9.99321, 53.47829]}, "properties": {"name": "PlusServer DataStore Hamburg", "city": "Hamburg", "country": "DE", "status": "operational", "url": "https://www.peeringdb.com/fac/8953"}}, {"type": "Feature", "geometry": {"type": "Point", "coordinates": [19.055712, 47.51796]}, "properties": {"name": "Pro-M Victor Hugo", "city": "Budapest", "country": "HU", "status": "operational", "url": "https://www.peeringdb.com/fac/8961"}}, {"type": "Feature", "geometry": {"type": "Point", "coordinates": [-0.00121, 51.520561]}, "properties": {"name": "Netwise London East (NLE)", "city": "Canning Town", "country": "GB", "status": "operational", "url": "https://www.peeringdb.com/fac/8983"}}, {"type": "Feature", "geometry": {"type": "Point", "coordinates": [4.414574, 51.263067]}, "properties": {"name": "antwerpdc", "city": "Antwerp", "country": "BE", "status": "operational", "url": "https://www.peeringdb.com/fac/8987"}}, {"type": "Feature", "geometry": {"type": "Point", "coordinates": [24.875994, 60.218372]}, "properties": {"name": "Creanova Datacenter", "city": "Helsinki", "country": "FI", "status": "operational", "url": "https://www.peeringdb.com/fac/9022"}}, {"type": "Feature", "geometry": {"type": "Point", "coordinates": [2.208056, 48.783672]}, "properties": {"name": "Dyjix", "city": "V\u00e9lizy-Villacoublay", "country": "FR", "status": "operational", "url": "https://www.peeringdb.com/fac/9028"}}, {"type": "Feature", "geometry": {"type": "Point", "coordinates": [-0.434502, 51.764199]}, "properties": {"name": "NTT Hemel Hempstead 1 Data Center (HH1)", "city": "Hemel Hempstead", "country": "GB", "status": "operational", "url": "https://www.peeringdb.com/fac/9031"}}, {"type": "Feature", "geometry": {"type": "Point", "coordinates": [-0.442118, 51.764983]}, "properties": {"name": "NTT Hemel Hempstead 2 Data Center (HH2)", "city": "Hemel Hempstead", "country": "GB", "status": "operational", "url": "https://www.peeringdb.com/fac/9032"}}, {"type": "Feature", "geometry": {"type": "Point", "coordinates": [-0.436678, 51.761875]}, "properties": {"name": "NTT Hemel Hempstead 3 Data Center (HH3)", "city": "Hemel Hempstead", "country": "GB", "status": "operational", "url": "https://www.peeringdb.com/fac/9033"}}, {"type": "Feature", "geometry": {"type": "Point", "coordinates": [-0.615687, 51.516811]}, "properties": {"name": "NTT Slough 2 Data Center (SL2)", "city": "Slough", "country": "GB", "status": "operational", "url": "https://www.peeringdb.com/fac/9034"}}, {"type": "Feature", "geometry": {"type": "Point", "coordinates": [-0.616027, 51.517091]}, "properties": {"name": "NTT Slough 3 Data Center (SL3)", "city": "Slough", "country": "GB", "status": "operational", "url": "https://www.peeringdb.com/fac/9035"}}, {"type": "Feature", "geometry": {"type": "Point", "coordinates": [-2.870282, 43.296942]}, "properties": {"name": "Telxius Derio DC", "city": "Derio", "country": "ES", "status": "operational", "url": "https://www.peeringdb.com/fac/9088"}}, {"type": "Feature", "geometry": {"type": "Point", "coordinates": [6.334273, 46.900979]}, "properties": {"name": "NetaPOP Pontarlier", "city": "Pontarlier", "country": "FR", "status": "operational", "url": "https://www.peeringdb.com/fac/9094"}}, {"type": "Feature", "geometry": {"type": "Point", "coordinates": [7.663466, 51.993724]}, "properties": {"name": "GLOBE Development Datacenter M\u00fcnster", "city": "M\u00fcnster", "country": "DE", "status": "operational", "url": "https://www.peeringdb.com/fac/9109"}}, {"type": "Feature", "geometry": {"type": "Point", "coordinates": [17.143474, 60.676748]}, "properties": {"name": "GavleNet Operat\u00f6rshotell", "city": "G\u00e4vle", "country": "SE", "status": "operational", "url": "https://www.peeringdb.com/fac/9111"}}, {"type": "Feature", "geometry": {"type": "Point", "coordinates": [12.49799, 56.916063]}, "properties": {"name": "Glesys Falkenberg 2", "city": "Falkenberg", "country": "SE", "status": "operational", "url": "https://www.peeringdb.com/fac/9124"}}, {"type": "Feature", "geometry": {"type": "Point", "coordinates": [6.938251, 51.191407]}, "properties": {"name": "ITENOS D\u00fcsseldorf (DUS2)", "city": "Hilden", "country": "DE", "status": "operational", "url": "https://www.peeringdb.com/fac/9186"}}, {"type": "Feature", "geometry": {"type": "Point", "coordinates": [12.30131, 51.33973]}, "properties": {"name": "Datacenter Leipzig Lindenau (RZW) - P\u0178UR Business", "city": "Leipzig", "country": "DE", "status": "operational", "url": "https://www.peeringdb.com/fac/9221"}}, {"type": "Feature", "geometry": {"type": "Point", "coordinates": [13.61844, 52.51407]}, "properties": {"name": "Datacenter Berlin Mahlsdorf (RZB) - P\u0178UR Business", "city": "Berlin", "country": "DE", "status": "operational", "url": "https://www.peeringdb.com/fac/9222"}}, {"type": "Feature", "geometry": {"type": "Point", "coordinates": [25.986021, 44.442196]}, "properties": {"name": "WhiteHat", "city": "Rotunda", "country": "RO", "status": "operational", "url": "https://www.peeringdb.com/fac/9223"}}, {"type": "Feature", "geometry": {"type": "Point", "coordinates": [-1.762567, 53.795297]}, "properties": {"name": "Legend Data Centres", "city": "Bradford", "country": "GB", "status": "operational", "url": "https://www.peeringdb.com/fac/9234"}}, {"type": "Feature", "geometry": {"type": "Point", "coordinates": [11.541092, 48.059032]}, "properties": {"name": "Online Solution", "city": "Gruenwald", "country": "DE", "status": "operational", "url": "https://www.peeringdb.com/fac/9283"}}, {"type": "Feature", "geometry": {"type": "Point", "coordinates": [11.991916, 57.745114]}, "properties": {"name": "Gothnet DC Backa", "city": "Gothenburg", "country": "SE", "status": "operational", "url": "https://www.peeringdb.com/fac/9308"}}, {"type": "Feature", "geometry": {"type": "Point", "coordinates": [-6.676148, 55.146682]}, "properties": {"name": "Prescient Data Centres Northern Ireland", "city": "Coleraine", "country": "GB", "status": "operational", "url": "https://www.peeringdb.com/fac/9310"}}, {"type": "Feature", "geometry": {"type": "Point", "coordinates": [6.01987, 51.193267]}, "properties": {"name": "Datacenter The Factory Roermond", "city": "Roermond", "country": "NL", "status": "operational", "url": "https://www.peeringdb.com/fac/9312"}}, {"type": "Feature", "geometry": {"type": "Point", "coordinates": [30.744205, 36.889686]}, "properties": {"name": "TEKNET Datacenter ANTALYA", "city": "Antalya", "country": "TR", "status": "operational", "url": "https://www.peeringdb.com/fac/9330"}}, {"type": "Feature", "geometry": {"type": "Point", "coordinates": [28.138418, -25.930536]}, "properties": {"name": "Africa Data Centres, Johannesburg JHB2, South Africa", "city": "Samrand", "country": "ZA", "status": "operational", "url": "https://www.peeringdb.com/fac/9338"}}, {"type": "Feature", "geometry": {"type": "Point", "coordinates": [-1.578236, 52.397623]}, "properties": {"name": "UK Servers Coventry", "city": "Coventry", "country": "GB", "status": "operational", "url": "https://www.peeringdb.com/fac/9361"}}, {"type": "Feature", "geometry": {"type": "Point", "coordinates": [0.035515, 51.491884]}, "properties": {"name": "ABStation", "city": "Greenwich", "country": "GB", "status": "operational", "url": "https://www.peeringdb.com/fac/9362"}}, {"type": "Feature", "geometry": {"type": "Point", "coordinates": [9.244393, 52.954029]}, "properties": {"name": "T-M-Net Verden", "city": "Verden", "country": "DE", "status": "operational", "url": "https://www.peeringdb.com/fac/9392"}}, {"type": "Feature", "geometry": {"type": "Point", "coordinates": [4.198021, 43.69085]}, "properties": {"name": "Ouiherberg Aimargues", "city": "Aimargues", "country": "FR", "status": "operational", "url": "https://www.peeringdb.com/fac/9399"}}, {"type": "Feature", "geometry": {"type": "Point", "coordinates": [12.519543, 55.784385]}, "properties": {"name": "i2 Lyngby", "city": "Lyngby", "country": "DK", "status": "operational", "url": "https://www.peeringdb.com/fac/9410"}}, {"type": "Feature", "geometry": {"type": "Point", "coordinates": [16.982936, 51.111927]}, "properties": {"name": "Korbank Data Center", "city": "Wroclaw", "country": "PL", "status": "operational", "url": "https://www.peeringdb.com/fac/9419"}}, {"type": "Feature", "geometry": {"type": "Point", "coordinates": [8.583001, 50.128106]}, "properties": {"name": "CyrusOne Frankfurt 3", "city": "Frankfurt", "country": "DE", "status": "operational", "url": "https://www.peeringdb.com/fac/9434"}}, {"type": "Feature", "geometry": {"type": "Point", "coordinates": [34.840517, 32.109963]}, "properties": {"name": "Internet Binat Tel Aviv DC", "city": "Tel Aviv", "country": "IL", "status": "operational", "url": "https://www.peeringdb.com/fac/9452"}}, {"type": "Feature", "geometry": {"type": "Point", "coordinates": [8.887672, 47.562428]}, "properties": {"name": "Datacenter Thurgau", "city": "Frauenfeld", "country": "CH", "status": "operational", "url": "https://www.peeringdb.com/fac/9518"}}, {"type": "Feature", "geometry": {"type": "Point", "coordinates": [6.801956, 47.08215]}, "properties": {"name": "High DC", "city": "La Chaux-de-Fonds", "country": "CH", "status": "operational", "url": "https://www.peeringdb.com/fac/9526"}}, {"type": "Feature", "geometry": {"type": "Point", "coordinates": [11.352785, 44.529071]}, "properties": {"name": "Ehiweb.it Bologna", "city": "Bologna", "country": "IT", "status": "operational", "url": "https://www.peeringdb.com/fac/9556"}}, {"type": "Feature", "geometry": {"type": "Point", "coordinates": [10.047057, 53.550912]}, "properties": {"name": "LYNET Hamburg", "city": "Hamburg", "country": "DE", "status": "operational", "url": "https://www.peeringdb.com/fac/9560"}}, {"type": "Feature", "geometry": {"type": "Point", "coordinates": [12.503993, 41.66855]}, "properties": {"name": "Lumanex DC1", "city": "Pomezia", "country": "IT", "status": "operational", "url": "https://www.peeringdb.com/fac/9568"}}, {"type": "Feature", "geometry": {"type": "Point", "coordinates": [10.706476, 53.898954]}, "properties": {"name": "LYNET L\u00fcbeck", "city": "L\u00fcbeck", "country": "DE", "status": "operational", "url": "https://www.peeringdb.com/fac/9572"}}, {"type": "Feature", "geometry": {"type": "Point", "coordinates": [20.464915, 53.77019]}, "properties": {"name": "Sprint Data Center", "city": "Olsztyn", "country": "PL", "status": "operational", "url": "https://www.peeringdb.com/fac/9599"}}, {"type": "Feature", "geometry": {"type": "Point", "coordinates": [31.020704, 30.067903]}, "properties": {"name": "Regional Data Hub (RDH)", "city": "Giza", "country": "EG", "status": "operational", "url": "https://www.peeringdb.com/fac/9616"}}, {"type": "Feature", "geometry": {"type": "Point", "coordinates": [14.779828, 56.878437]}, "properties": {"name": "Ansluten VXO DC", "city": "V\u00e4xj\u00f6", "country": "SE", "status": "operational", "url": "https://www.peeringdb.com/fac/9657"}}, {"type": "Feature", "geometry": {"type": "Point", "coordinates": [14.851981, 56.194607]}, "properties": {"name": "Ansluten KHN DC", "city": "Karlshamn", "country": "SE", "status": "operational", "url": "https://www.peeringdb.com/fac/9658"}}, {"type": "Feature", "geometry": {"type": "Point", "coordinates": [2.230662, 41.427287]}, "properties": {"name": "Barcelona Cable Landing Station", "city": "Sant Adri\u00e0 de Bes\u00f2s", "country": "ES", "status": "operational", "url": "https://www.peeringdb.com/fac/9670"}}, {"type": "Feature", "geometry": {"type": "Point", "coordinates": [8.768254, 53.084146]}, "properties": {"name": "LWLcom Bremen BRE06 + BRE09", "city": "Bremen", "country": "DE", "status": "operational", "url": "https://www.peeringdb.com/fac/9698"}}, {"type": "Feature", "geometry": {"type": "Point", "coordinates": [17.874119, 50.683406]}, "properties": {"name": "PNT DATA CENTER", "city": "Opole", "country": "PL", "status": "operational", "url": "https://www.peeringdb.com/fac/9736"}}, {"type": "Feature", "geometry": {"type": "Point", "coordinates": [-3.185821, 51.452221]}, "properties": {"name": "Keppel Data Centres | Cardiff Data Centre", "city": "Cardiff", "country": "GB", "status": "operational", "url": "https://www.peeringdb.com/fac/9751"}}, {"type": "Feature", "geometry": {"type": "Point", "coordinates": [-6.363503, 53.409384]}, "properties": {"name": "Keppel Data Centres | Keppel DC Dublin 2", "city": "Dublin", "country": "IE", "status": "operational", "url": "https://www.peeringdb.com/fac/9753"}}, {"type": "Feature", "geometry": {"type": "Point", "coordinates": [9.11651, 45.4531]}, "properties": {"name": "Keppel Data Centres | Milan Data Centre", "city": "Milan", "country": "IT", "status": "operational", "url": "https://www.peeringdb.com/fac/9754"}}, {"type": "Feature", "geometry": {"type": "Point", "coordinates": [8.525022, 50.051897]}, "properties": {"name": "Keppel Data Centres | Kelsterbach Data Centre", "city": "Kelsterbach", "country": "DE", "status": "operational", "url": "https://www.peeringdb.com/fac/9755"}}, {"type": "Feature", "geometry": {"type": "Point", "coordinates": [8.74229, 50.1093]}, "properties": {"name": "Keppel Data Centres | maincubes Data Centre", "city": "Offenbach", "country": "DE", "status": "operational", "url": "https://www.peeringdb.com/fac/9756"}}, {"type": "Feature", "geometry": {"type": "Point", "coordinates": [18.942617, 51.600324]}, "properties": {"name": "ksiezyc.pl", "city": "Zdu\u0144ska Wola", "country": "PL", "status": "operational", "url": "https://www.peeringdb.com/fac/9760"}}, {"type": "Feature", "geometry": {"type": "Point", "coordinates": [4.772343, 52.943255]}, "properties": {"name": "GLOBE DataCenter Den Helder", "city": "Den Helder", "country": "NL", "status": "operational", "url": "https://www.peeringdb.com/fac/9771"}}, {"type": "Feature", "geometry": {"type": "Point", "coordinates": [8.602558, 49.671976]}, "properties": {"name": "GGEW-POP-SHS Bensheim", "city": "Bensheim", "country": "DE", "status": "operational", "url": "https://www.peeringdb.com/fac/9774"}}, {"type": "Feature", "geometry": {"type": "Point", "coordinates": [8.605489, 49.688727]}, "properties": {"name": "GGEW-POP-SHM Bensheim", "city": "Bensheim", "country": "DE", "status": "operational", "url": "https://www.peeringdb.com/fac/9775"}}, {"type": "Feature", "geometry": {"type": "Point", "coordinates": [10.026845, 56.075703]}, "properties": {"name": "GlobalConnect H\u00f8rning 2", "city": "H\u00f8rning", "country": "DK", "status": "operational", "url": "https://www.peeringdb.com/fac/9794"}}, {"type": "Feature", "geometry": {"type": "Point", "coordinates": [7.418903, 51.535359]}, "properties": {"name": "DOKOM21 RZ Huckarde", "city": "Dortmund", "country": "DE", "status": "operational", "url": "https://www.peeringdb.com/fac/9818"}}, {"type": "Feature", "geometry": {"type": "Point", "coordinates": [7.005946, 4.80593]}, "properties": {"name": "interconnectnigeria Data Centre", "city": "Port Harcourt", "country": "NG", "status": "operational", "url": "https://www.peeringdb.com/fac/9827"}}, {"type": "Feature", "geometry": {"type": "Point", "coordinates": [28.932303, 41.037555]}, "properties": {"name": "PremierDC Veri Merkezi A.S. - Istanbul", "city": "Istanbul", "country": "TR", "status": "operational", "url": "https://www.peeringdb.com/fac/9842"}}, {"type": "Feature", "geometry": {"type": "Point", "coordinates": [4.7167, 52.384502]}, "properties": {"name": "Cogent Amsterdam", "city": "Halfweg", "country": "NL", "status": "operational", "url": "https://www.peeringdb.com/fac/9878"}}, {"type": "Feature", "geometry": {"type": "Point", "coordinates": [-1.821861, 53.693287]}, "properties": {"name": "Sungard AS Elland TC4", "city": "Elland", "country": "GB", "status": "operational", "url": "https://www.peeringdb.com/fac/9888"}}, {"type": "Feature", "geometry": {"type": "Point", "coordinates": [14.203892, 40.968273]}, "properties": {"name": "Belvedere DC", "city": "Aversa", "country": "IT", "status": "operational", "url": "https://www.peeringdb.com/fac/9894"}}, {"type": "Feature", "geometry": {"type": "Point", "coordinates": [21.020709, 52.301215]}, "properties": {"name": "3S Data Center Warsaw", "city": "Warsaw", "country": "PL", "status": "operational", "url": "https://www.peeringdb.com/fac/9922"}}, {"type": "Feature", "geometry": {"type": "Point", "coordinates": [-21.875739, 64.136171]}, "properties": {"name": "RIX-MH", "city": "Reykjavik", "country": "IS", "status": "operational", "url": "https://www.peeringdb.com/fac/9945"}}, {"type": "Feature", "geometry": {"type": "Point", "coordinates": [8.44067, 49.02014]}, "properties": {"name": "ILK Datacenter TPK2 Karlsruhe", "city": "Karlsruhe", "country": "DE", "status": "operational", "url": "https://www.peeringdb.com/fac/9982"}}, {"type": "Feature", "geometry": {"type": "Point", "coordinates": [16.25075, 39.363418]}, "properties": {"name": "Keliweb DC2", "city": "Rende", "country": "IT", "status": "operational", "url": "https://www.peeringdb.com/fac/10049"}}, {"type": "Feature", "geometry": {"type": "Point", "coordinates": [7.115599, 51.577464]}, "properties": {"name": "GELSEN-NET DC Resse", "city": "Gelsenkirchen", "country": "DE", "status": "operational", "url": "https://www.peeringdb.com/fac/10062"}}, {"type": "Feature", "geometry": {"type": "Point", "coordinates": [-21.873351, 64.133258]}, "properties": {"name": "\u00c1rm\u00fali 25", "city": "Reykjavik", "country": "IS", "status": "operational", "url": "https://www.peeringdb.com/fac/10084"}}, {"type": "Feature", "geometry": {"type": "Point", "coordinates": [4.36895, 50.822938]}, "properties": {"name": "VERIXI Louise DC", "city": "Brussels", "country": "BE", "status": "operational", "url": "https://www.peeringdb.com/fac/10100"}}, {"type": "Feature", "geometry": {"type": "Point", "coordinates": [-0.768148, 51.33263]}, "properties": {"name": "Lincoln Rackhouse London", "city": "Camberley", "country": "GB", "status": "operational", "url": "https://www.peeringdb.com/fac/10105"}}, {"type": "Feature", "geometry": {"type": "Point", "coordinates": [10.217216, 56.099039]}, "properties": {"name": "Cibicom Datacenter Aarhus", "city": "H\u00f8jbjerg", "country": "DK", "status": "operational", "url": "https://www.peeringdb.com/fac/10116"}}, {"type": "Feature", "geometry": {"type": "Point", "coordinates": [12.382793, 55.727972]}, "properties": {"name": "Cibicom Datacenter Ballerup", "city": "Ballerup", "country": "DK", "status": "operational", "url": "https://www.peeringdb.com/fac/10117"}}, {"type": "Feature", "geometry": {"type": "Point", "coordinates": [39.700135, -4.042095]}, "properties": {"name": "icolo.io Mombasa Two (MBA2)", "city": "Nyali", "country": "KE", "status": "operational", "url": "https://www.peeringdb.com/fac/10232"}}, {"type": "Feature", "geometry": {"type": "Point", "coordinates": [7.185033, 46.857703]}, "properties": {"name": "senseLAN B20", "city": "D\u00fcdingen", "country": "CH", "status": "operational", "url": "https://www.peeringdb.com/fac/10249"}}, {"type": "Feature", "geometry": {"type": "Point", "coordinates": [28.163056, -25.91459]}, "properties": {"name": "Digital Parks - Samrand", "city": "Samrand", "country": "ZA", "status": "operational", "url": "https://www.peeringdb.com/fac/10265"}}, {"type": "Feature", "geometry": {"type": "Point", "coordinates": [4.393104, 50.879584]}, "properties": {"name": "Proximus Netcenter", "city": "Evere", "country": "BE", "status": "operational", "url": "https://www.peeringdb.com/fac/10266"}}, {"type": "Feature", "geometry": {"type": "Point", "coordinates": [4.423264, 50.911924]}, "properties": {"name": "Proximus Netcenter 2", "city": "Machelen", "country": "BE", "status": "operational", "url": "https://www.peeringdb.com/fac/10267"}}, {"type": "Feature", "geometry": {"type": "Point", "coordinates": [-0.626992, 51.525984]}, "properties": {"name": "CyrusOne London 3", "city": "Slough", "country": "GB", "status": "operational", "url": "https://www.peeringdb.com/fac/10333"}}, {"type": "Feature", "geometry": {"type": "Point", "coordinates": [-0.627562, 51.516766]}, "properties": {"name": "CyrusOne London 4", "city": "Slough", "country": "GB", "status": "operational", "url": "https://www.peeringdb.com/fac/10334"}}, {"type": "Feature", "geometry": {"type": "Point", "coordinates": [-0.627562, 51.516766]}, "properties": {"name": "CyrusOne London 5", "city": "Slough", "country": "GB", "status": "operational", "url": "https://www.peeringdb.com/fac/10335"}}, {"type": "Feature", "geometry": {"type": "Point", "coordinates": [-0.628506, 51.519879]}, "properties": {"name": "China Mobile International - London DC", "city": "Slough", "country": "GB", "status": "operational", "url": "https://www.peeringdb.com/fac/10342"}}, {"type": "Feature", "geometry": {"type": "Point", "coordinates": [8.582706, 49.986494]}, "properties": {"name": "China Mobile International - Frankfurt DC", "city": "M\u00f6rfelden-Walldorf", "country": "DE", "status": "operational", "url": "https://www.peeringdb.com/fac/10343"}}, {"type": "Feature", "geometry": {"type": "Point", "coordinates": [10.885255, 59.935366]}, "properties": {"name": "Blix BDC Oslo", "city": "Oslo", "country": "NO", "status": "operational", "url": "https://www.peeringdb.com/fac/10351"}}, {"type": "Feature", "geometry": {"type": "Point", "coordinates": [7.499582, 51.49095]}, "properties": {"name": "DOKOM21 RZ H\u00f6rde", "city": "Dortmund", "country": "DE", "status": "operational", "url": "https://www.peeringdb.com/fac/10373"}}, {"type": "Feature", "geometry": {"type": "Point", "coordinates": [-0.021387, 51.499713]}, "properties": {"name": "Cogent London CDC", "city": "London", "country": "GB", "status": "operational", "url": "https://www.peeringdb.com/fac/10409"}}, {"type": "Feature", "geometry": {"type": "Point", "coordinates": [19.556092, 50.096912]}, "properties": {"name": "Polcom Alwernia Datacenter", "city": "Grojec", "country": "PL", "status": "operational", "url": "https://www.peeringdb.com/fac/10419"}}, {"type": "Feature", "geometry": {"type": "Point", "coordinates": [19.837396, 49.98829]}, "properties": {"name": "Polcom Skawina Datacenter", "city": "Skawina", "country": "PL", "status": "operational", "url": "https://www.peeringdb.com/fac/10420"}}, {"type": "Feature", "geometry": {"type": "Point", "coordinates": [2.393685, 48.820065]}, "properties": {"name": "Aqua Ray Aurora", "city": "Ivry-sur-Seine", "country": "FR", "status": "operational", "url": "https://www.peeringdb.com/fac/10442"}}, {"type": "Feature", "geometry": {"type": "Point", "coordinates": [34.805498, 31.909411]}, "properties": {"name": "Partner Rehovot DataCenter", "city": "Rehovot", "country": "IL", "status": "operational", "url": "https://www.peeringdb.com/fac/10452"}}, {"type": "Feature", "geometry": {"type": "Point", "coordinates": [25.975813, 44.454234]}, "properties": {"name": "BizTelecom - Chiajna", "city": "Chiajna", "country": "RO", "status": "operational", "url": "https://www.peeringdb.com/fac/10487"}}, {"type": "Feature", "geometry": {"type": "Point", "coordinates": [6.820988, 52.216301]}, "properties": {"name": "InterDC Enschede Marssteden", "city": "Enschede", "country": "NL", "status": "operational", "url": "https://www.peeringdb.com/fac/10579"}}, {"type": "Feature", "geometry": {"type": "Point", "coordinates": [25.468253, 65.012644]}, "properties": {"name": "DNA Oulu Torikatu", "city": "Oulu", "country": "FI", "status": "operational", "url": "https://www.peeringdb.com/fac/10587"}}, {"type": "Feature", "geometry": {"type": "Point", "coordinates": [0.921661, 51.923805]}, "properties": {"name": "SDC Colchester1", "city": "Colchester", "country": "GB", "status": "operational", "url": "https://www.peeringdb.com/fac/10595"}}, {"type": "Feature", "geometry": {"type": "Point", "coordinates": [8.463413, 47.483401]}, "properties": {"name": "greenDatacenter Dielsdorf", "city": "Dielsdorf", "country": "CH", "status": "operational", "url": "https://www.peeringdb.com/fac/10644"}}, {"type": "Feature", "geometry": {"type": "Point", "coordinates": [-3.647835, 40.535051]}, "properties": {"name": "DATA4 Madrid-Alcobendas - MAD1", "city": "Alcobendas", "country": "ES", "status": "operational", "url": "https://www.peeringdb.com/fac/10645"}}, {"type": "Feature", "geometry": {"type": "Point", "coordinates": [2.212298, 48.663145]}, "properties": {"name": "DATA4 Paris Marcoussis PAR2", "city": "Marcoussis", "country": "FR", "status": "operational", "url": "https://www.peeringdb.com/fac/10647"}}, {"type": "Feature", "geometry": {"type": "Point", "coordinates": [3.397552, 6.44645]}, "properties": {"name": "Ninext Data Center", "city": "Lagos", "country": "NG", "status": "operational", "url": "https://www.peeringdb.com/fac/10663"}}, {"type": "Feature", "geometry": {"type": "Point", "coordinates": [16.976879, 52.378181]}, "properties": {"name": "Beyond.pl - DC2 / Poznan", "city": "Poznan", "country": "PL", "status": "operational", "url": "https://www.peeringdb.com/fac/10701"}}, {"type": "Feature", "geometry": {"type": "Point", "coordinates": [16.928119, 52.401079]}, "properties": {"name": "Beyond.pl - DC1 / Poznan", "city": "Poznan", "country": "PL", "status": "operational", "url": "https://www.peeringdb.com/fac/10702"}}, {"type": "Feature", "geometry": {"type": "Point", "coordinates": [11.99244, 57.775306]}, "properties": {"name": "GlobalConnect Gothenburg", "city": "Hisings K\u00e4rra", "country": "SE", "status": "operational", "url": "https://www.peeringdb.com/fac/10714"}}, {"type": "Feature", "geometry": {"type": "Point", "coordinates": [17.835294, 59.407058]}, "properties": {"name": "GlobalConnect J\u00e4rf\u00e4lla", "city": "J\u00e4rf\u00e4lla", "country": "SE", "status": "operational", "url": "https://www.peeringdb.com/fac/10715"}}, {"type": "Feature", "geometry": {"type": "Point", "coordinates": [6.243873, 49.085508]}, "properties": {"name": "Advanced MedioMatrix", "city": "Peltre", "country": "FR", "status": "operational", "url": "https://www.peeringdb.com/fac/10739"}}, {"type": "Feature", "geometry": {"type": "Point", "coordinates": [4.448025, 51.953104]}, "properties": {"name": "NorthC Rotterdam Zestienhoven 1", "city": "Rotterdam", "country": "NL", "status": "operational", "url": "https://www.peeringdb.com/fac/10740"}}, {"type": "Feature", "geometry": {"type": "Point", "coordinates": [5.104366, 52.018332]}, "properties": {"name": "NorthC Nieuwegein", "city": "Nieuwegein", "country": "NL", "status": "operational", "url": "https://www.peeringdb.com/fac/10741"}}, {"type": "Feature", "geometry": {"type": "Point", "coordinates": [6.079682, 45.891181]}, "properties": {"name": "Alpes Networks DataCenter", "city": "Chavanod", "country": "FR", "status": "operational", "url": "https://www.peeringdb.com/fac/10774"}}, {"type": "Feature", "geometry": {"type": "Point", "coordinates": [4.335857, 52.080714]}, "properties": {"name": "Cellnex Datacenter Den Haag", "city": "The Hague", "country": "NL", "status": "operational", "url": "https://www.peeringdb.com/fac/10813"}}, {"type": "Feature", "geometry": {"type": "Point", "coordinates": [9.038363, 45.475395]}, "properties": {"name": "Equinix ML5 - Milan", "city": "5 Settimo Milanese", "country": "IT", "status": "operational", "url": "https://www.peeringdb.com/fac/10823"}}, {"type": "Feature", "geometry": {"type": "Point", "coordinates": [-0.586281, 51.323239]}, "properties": {"name": "Navisite Woking UK", "city": "Woking Surrey", "country": "GB", "status": "operational", "url": "https://www.peeringdb.com/fac/10831"}}, {"type": "Feature", "geometry": {"type": "Point", "coordinates": [-0.157112, 51.24757]}, "properties": {"name": "Navisite Redhill UK", "city": "Redhill, Surrey", "country": "GB", "status": "operational", "url": "https://www.peeringdb.com/fac/10832"}}, {"type": "Feature", "geometry": {"type": "Point", "coordinates": [14.53249, 50.06393]}, "properties": {"name": "T-Mobile CZ DC7", "city": "Prague", "country": "CZ", "status": "operational", "url": "https://www.peeringdb.com/fac/10856"}}, {"type": "Feature", "geometry": {"type": "Point", "coordinates": [6.955457, 49.240384]}, "properties": {"name": "intersaar SB3", "city": "Saarbr\u00fccken", "country": "DE", "status": "operational", "url": "https://www.peeringdb.com/fac/10887"}}, {"type": "Feature", "geometry": {"type": "Point", "coordinates": [20.923171, 44.014742]}, "properties": {"name": "Dr\u017eavni Data Centar DDC", "city": "Kragujevac", "country": "RS", "status": "operational", "url": "https://www.peeringdb.com/fac/10901"}}, {"type": "Feature", "geometry": {"type": "Point", "coordinates": [0.695114, 47.386744]}, "properties": {"name": "ADISTA Groupe", "city": "Tours", "country": "FR", "status": "operational", "url": "https://www.peeringdb.com/fac/10912"}}, {"type": "Feature", "geometry": {"type": "Point", "coordinates": [0.695409, 47.436009]}, "properties": {"name": "Datacenter Cyr\u00e8s", "city": "Tours", "country": "FR", "status": "operational", "url": "https://www.peeringdb.com/fac/10913"}}, {"type": "Feature", "geometry": {"type": "Point", "coordinates": [4.26917, 50.759693]}, "properties": {"name": "LCL Brussels South", "city": "Beersel", "country": "BE", "status": "operational", "url": "https://www.peeringdb.com/fac/10974"}}, {"type": "Feature", "geometry": {"type": "Point", "coordinates": [12.536813, 55.692097]}, "properties": {"name": "TDC Borups All\u00e9", "city": "Copenhagen N", "country": "DK", "status": "operational", "url": "https://www.peeringdb.com/fac/10994"}}, {"type": "Feature", "geometry": {"type": "Point", "coordinates": [35.010403, 29.532079]}, "properties": {"name": "NaiTel Aqaba", "city": "Aqaba", "country": "JO", "status": "operational", "url": "https://www.peeringdb.com/fac/11013"}}, {"type": "Feature", "geometry": {"type": "Point", "coordinates": [5.712713, 45.161088]}, "properties": {"name": "UltraEdge Grenoble", "city": "Grenoble", "country": "FR", "status": "operational", "url": "https://www.peeringdb.com/fac/11015"}}, {"type": "Feature", "geometry": {"type": "Point", "coordinates": [5.973704, 47.225881]}, "properties": {"name": "nLighten Besancon MLH1", "city": "Besan\u00e7on", "country": "FR", "status": "operational", "url": "https://www.peeringdb.com/fac/11017"}}, {"type": "Feature", "geometry": {"type": "Point", "coordinates": [26.058284, 44.484116]}, "properties": {"name": "LayerBridge WhiteGate", "city": "Bucharest", "country": "RO", "status": "operational", "url": "https://www.peeringdb.com/fac/11021"}}, {"type": "Feature", "geometry": {"type": "Point", "coordinates": [24.138179, 45.799593]}, "properties": {"name": "Comway Sibiu", "city": "Sibiu", "country": "RO", "status": "operational", "url": "https://www.peeringdb.com/fac/11026"}}, {"type": "Feature", "geometry": {"type": "Point", "coordinates": [27.981643, 45.276552]}, "properties": {"name": "WhiteHat 2", "city": "Br\u0103ila", "country": "RO", "status": "operational", "url": "https://www.peeringdb.com/fac/11038"}}, {"type": "Feature", "geometry": {"type": "Point", "coordinates": [28.035499, -26.134061]}, "properties": {"name": "Reflex Solutions", "city": "Johannesburg", "country": "ZA", "status": "operational", "url": "https://www.peeringdb.com/fac/11044"}}, {"type": "Feature", "geometry": {"type": "Point", "coordinates": [9.653239, 52.906968]}, "properties": {"name": "Wipak Walsrode", "city": "Walsrode", "country": "DE", "status": "operational", "url": "https://www.peeringdb.com/fac/11077"}}, {"type": "Feature", "geometry": {"type": "Point", "coordinates": [-1.33988, 53.333519]}, "properties": {"name": "HA Hosting DC2", "city": "Sheffield", "country": "GB", "status": "operational", "url": "https://www.peeringdb.com/fac/11078"}}, {"type": "Feature", "geometry": {"type": "Point", "coordinates": [13.269724, 41.632386]}, "properties": {"name": "Seeweb FRO2", "city": "Frosinone", "country": "IT", "status": "operational", "url": "https://www.peeringdb.com/fac/11081"}}, {"type": "Feature", "geometry": {"type": "Point", "coordinates": [-2.110311, 52.601611]}, "properties": {"name": "HA Hosting DC3", "city": "Wolverhampton", "country": "GB", "status": "operational", "url": "https://www.peeringdb.com/fac/11090"}}, {"type": "Feature", "geometry": {"type": "Point", "coordinates": [29.011986, 41.075912]}, "properties": {"name": "Mitues Istanbul", "city": "\u015ei\u015fli", "country": "TR", "status": "operational", "url": "https://www.peeringdb.com/fac/11101"}}, {"type": "Feature", "geometry": {"type": "Point", "coordinates": [7.972655, 48.550194]}, "properties": {"name": "BADEN CLOUD Appenweier (APW01)", "city": "Appenweier", "country": "DE", "status": "operational", "url": "https://www.peeringdb.com/fac/11105"}}, {"type": "Feature", "geometry": {"type": "Point", "coordinates": [10.91167, 48.3715]}, "properties": {"name": "M-net Augsburg", "city": "Augsburg", "country": "DE", "status": "operational", "url": "https://www.peeringdb.com/fac/11152"}}, {"type": "Feature", "geometry": {"type": "Point", "coordinates": [13.08283, 47.706159]}, "properties": {"name": "conova - Datacenter 6/7", "city": "Hallein", "country": "AT", "status": "operational", "url": "https://www.peeringdb.com/fac/11171"}}, {"type": "Feature", "geometry": {"type": "Point", "coordinates": [11.682389, 48.146393]}, "properties": {"name": "Equinix MU4 - Munich, Dornach", "city": "Aschheim", "country": "DE", "status": "operational", "url": "https://www.peeringdb.com/fac/11181"}}, {"type": "Feature", "geometry": {"type": "Point", "coordinates": [5.704659, 45.19118]}, "properties": {"name": "dc2scale ALP1 (Grenoble)", "city": "Grenoble", "country": "FR", "status": "operational", "url": "https://www.peeringdb.com/fac/11203"}}, {"type": "Feature", "geometry": {"type": "Point", "coordinates": [25.438009, 65.061827]}, "properties": {"name": "Glesys Oulu 1", "city": "Oulu", "country": "FI", "status": "operational", "url": "https://www.peeringdb.com/fac/11227"}}, {"type": "Feature", "geometry": {"type": "Point", "coordinates": [25.439577, 65.05896]}, "properties": {"name": "Glesys Oulu 2", "city": "Oulu", "country": "FI", "status": "operational", "url": "https://www.peeringdb.com/fac/11228"}}, {"type": "Feature", "geometry": {"type": "Point", "coordinates": [8.617701, 47.425906]}, "properties": {"name": "SBDC Z\u00fcrich", "city": "Dietlikon", "country": "CH", "status": "operational", "url": "https://www.peeringdb.com/fac/11236"}}, {"type": "Feature", "geometry": {"type": "Point", "coordinates": [55.318254, 25.174796]}, "properties": {"name": "Khazna Data Center \u2013 Dubai", "city": "Dubai", "country": "AE", "status": "operational", "url": "https://www.peeringdb.com/fac/11250"}}, {"type": "Feature", "geometry": {"type": "Point", "coordinates": [54.621041, 24.419344]}, "properties": {"name": "Khazna Data Center \u2013 Abu Dhabi", "city": "Abu Dhabi", "country": "AE", "status": "operational", "url": "https://www.peeringdb.com/fac/11251"}}, {"type": "Feature", "geometry": {"type": "Point", "coordinates": [-0.611387, 44.89582]}, "properties": {"name": "Equinix BX1 - Bordeaux", "city": "Bruges", "country": "FR", "status": "operational", "url": "https://www.peeringdb.com/fac/11287"}}, {"type": "Feature", "geometry": {"type": "Point", "coordinates": [-6.792083, 33.986888]}, "properties": {"name": "INWI Data Center", "city": "Rabat", "country": "MA", "status": "operational", "url": "https://www.peeringdb.com/fac/11288"}}, {"type": "Feature", "geometry": {"type": "Point", "coordinates": [-0.43108, 51.757909]}, "properties": {"name": "NTT Hemel Hempstead 4 Data Center (HH4)", "city": "Hemel Hempstead", "country": "GB", "status": "operational", "url": "https://www.peeringdb.com/fac/11296"}}, {"type": "Feature", "geometry": {"type": "Point", "coordinates": [-3.890363, 40.499827]}, "properties": {"name": "NTT Madrid 1 Data Center (MAD1)", "city": "Las Rozas de Madrid", "country": "ES", "status": "operational", "url": "https://www.peeringdb.com/fac/11297"}}, {"type": "Feature", "geometry": {"type": "Point", "coordinates": [28.140551, -25.920656]}, "properties": {"name": "NTT Johannesburg 1 Data Center (JOH1)", "city": "Centurion", "country": "ZA", "status": "operational", "url": "https://www.peeringdb.com/fac/11298"}}, {"type": "Feature", "geometry": {"type": "Point", "coordinates": [29.114336, 41.024911]}, "properties": {"name": "NETBUDUR Datacenter Istanbul", "city": "Istanbul", "country": "TR", "status": "operational", "url": "https://www.peeringdb.com/fac/11319"}}, {"type": "Feature", "geometry": {"type": "Point", "coordinates": [8.439787, 47.161807]}, "properties": {"name": "Datasource H\u00fcnenberg", "city": "H\u00fcnenberg", "country": "CH", "status": "operational", "url": "https://www.peeringdb.com/fac/11322"}}, {"type": "Feature", "geometry": {"type": "Point", "coordinates": [14.532491, 50.063937]}, "properties": {"name": "CE Colo  DC7 Prague", "city": "Prague", "country": "CZ", "status": "operational", "url": "https://www.peeringdb.com/fac/11326"}}, {"type": "Feature", "geometry": {"type": "Point", "coordinates": [8.120983, 47.185937]}, "properties": {"name": "CKW Colo Sursee", "city": "Schenkon", "country": "CH", "status": "operational", "url": "https://www.peeringdb.com/fac/11343"}}, {"type": "Feature", "geometry": {"type": "Point", "coordinates": [8.312147, 47.078854]}, "properties": {"name": "CKW DC Rathausen", "city": "Emmen", "country": "CH", "status": "operational", "url": "https://www.peeringdb.com/fac/11344"}}, {"type": "Feature", "geometry": {"type": "Point", "coordinates": [-0.390896, 52.55425]}, "properties": {"name": "MyHostingSpace - Peterborough", "city": "Peterborough", "country": "GB", "status": "operational", "url": "https://www.peeringdb.com/fac/11352"}}, {"type": "Feature", "geometry": {"type": "Point", "coordinates": [8.806405, 52.231925]}, "properties": {"name": "partimus Rechenzentrum Bad Oeynhausen", "city": "Bad Oeynhausen", "country": "DE", "status": "operational", "url": "https://www.peeringdb.com/fac/11358"}}, {"type": "Feature", "geometry": {"type": "Point", "coordinates": [8.095829, 50.38104]}, "properties": {"name": "partimus Rechenzentrum Limburg", "city": "Limburg an der Lahn", "country": "DE", "status": "operational", "url": "https://www.peeringdb.com/fac/11360"}}, {"type": "Feature", "geometry": {"type": "Point", "coordinates": [6.843367, 47.644566]}, "properties": {"name": "Extendo Datacenter Belfort", "city": "Belfort", "country": "FR", "status": "operational", "url": "https://www.peeringdb.com/fac/11405"}}, {"type": "Feature", "geometry": {"type": "Point", "coordinates": [3.430645, 6.455857]}, "properties": {"name": "Cloud Exchange West Africa", "city": "Lagos", "country": "NG", "status": "operational", "url": "https://www.peeringdb.com/fac/11435"}}, {"type": "Feature", "geometry": {"type": "Point", "coordinates": [-6.358234, 53.407134]}, "properties": {"name": "K2 DUB1", "city": "Blanchardstown", "country": "IE", "status": "operational", "url": "https://www.peeringdb.com/fac/11441"}}, {"type": "Feature", "geometry": {"type": "Point", "coordinates": [1.028004, 49.446514]}, "properties": {"name": "Ultraedge Canteleu", "city": "Canteleu", "country": "FR", "status": "operational", "url": "https://www.peeringdb.com/fac/11448"}}, {"type": "Feature", "geometry": {"type": "Point", "coordinates": [14.047849, 48.080989]}, "properties": {"name": "TTI Repeaterstation Sattledt", "city": "Sattledt", "country": "AT", "status": "operational", "url": "https://www.peeringdb.com/fac/11479"}}, {"type": "Feature", "geometry": {"type": "Point", "coordinates": [2.404864, 48.857754]}, "properties": {"name": "Salamandre", "city": "Paris", "country": "FR", "status": "operational", "url": "https://www.peeringdb.com/fac/11498"}}, {"type": "Feature", "geometry": {"type": "Point", "coordinates": [26.023637, 44.936519]}, "properties": {"name": "OPTICNET Ploiesti", "city": "Ploiesti", "country": "RO", "status": "operational", "url": "https://www.peeringdb.com/fac/11520"}}, {"type": "Feature", "geometry": {"type": "Point", "coordinates": [17.341271, 62.394687]}, "properties": {"name": "Servanet FRG5", "city": "Sundsvall", "country": "SE", "status": "operational", "url": "https://www.peeringdb.com/fac/11521"}}, {"type": "Feature", "geometry": {"type": "Point", "coordinates": [16.34682, 48.168762]}, "properties": {"name": "Vienna Twin Tower", "city": "Vienna", "country": "AT", "status": "operational", "url": "https://www.peeringdb.com/fac/11531"}}, {"type": "Feature", "geometry": {"type": "Point", "coordinates": [16.402682, 48.189245]}, "properties": {"name": "Vienna BioCenter", "city": "Vienna", "country": "AT", "status": "operational", "url": "https://www.peeringdb.com/fac/11532"}}, {"type": "Feature", "geometry": {"type": "Point", "coordinates": [16.386609, 48.240549]}, "properties": {"name": "Millennium Tower", "city": "Vienna", "country": "AT", "status": "operational", "url": "https://www.peeringdb.com/fac/11533"}}, {"type": "Feature", "geometry": {"type": "Point", "coordinates": [16.417113, 48.233585]}, "properties": {"name": "Vienna International Center", "city": "Vienna", "country": "AT", "status": "operational", "url": "https://www.peeringdb.com/fac/11534"}}, {"type": "Feature", "geometry": {"type": "Point", "coordinates": [16.402305, 48.17563]}, "properties": {"name": "s IT Solutions AT Spardat Datacenter", "city": "Vienna", "country": "AT", "status": "operational", "url": "https://www.peeringdb.com/fac/11535"}}, {"type": "Feature", "geometry": {"type": "Point", "coordinates": [16.30591, 48.133497]}, "properties": {"name": "Arelion Wien S\u00fcd", "city": "Vienna", "country": "AT", "status": "operational", "url": "https://www.peeringdb.com/fac/11536"}}, {"type": "Feature", "geometry": {"type": "Point", "coordinates": [16.399595, 48.260343]}, "properties": {"name": "\u00d6BB Telekom Service Datacenter", "city": "Vienna", "country": "AT", "status": "operational", "url": "https://www.peeringdb.com/fac/11537"}}, {"type": "Feature", "geometry": {"type": "Point", "coordinates": [16.36476, 48.242703]}, "properties": {"name": "Medienhaus / \u00d63 Datacenter", "city": "Vienna", "country": "AT", "status": "operational", "url": "https://www.peeringdb.com/fac/11538"}}, {"type": "Feature", "geometry": {"type": "Point", "coordinates": [16.334275, 48.171168]}, "properties": {"name": "Europlaza Vienna", "city": "Vienna", "country": "AT", "status": "operational", "url": "https://www.peeringdb.com/fac/11539"}}, {"type": "Feature", "geometry": {"type": "Point", "coordinates": [16.422614, 48.268952]}, "properties": {"name": "ATOS Datacenter Siemens City", "city": "Vienna", "country": "AT", "status": "operational", "url": "https://www.peeringdb.com/fac/11541"}}, {"type": "Feature", "geometry": {"type": "Point", "coordinates": [16.396944, 48.257683]}, "properties": {"name": "Florido Tower", "city": "Vienna", "country": "AT", "status": "operational", "url": "https://www.peeringdb.com/fac/11542"}}, {"type": "Feature", "geometry": {"type": "Point", "coordinates": [16.402231, 48.187285]}, "properties": {"name": "T-Center Vienna", "city": "Vienna", "country": "AT", "status": "operational", "url": "https://www.peeringdb.com/fac/11543"}}, {"type": "Feature", "geometry": {"type": "Point", "coordinates": [16.394049, 48.222979]}, "properties": {"name": "Austria Campus", "city": "Vienna", "country": "AT", "status": "operational", "url": "https://www.peeringdb.com/fac/11544"}}, {"type": "Feature", "geometry": {"type": "Point", "coordinates": [-1.15762, 52.943818]}, "properties": {"name": "The Portal Data Centre (Flexiscale DC 1)", "city": "Nottingham", "country": "GB", "status": "operational", "url": "https://www.peeringdb.com/fac/11551"}}, {"type": "Feature", "geometry": {"type": "Point", "coordinates": [4.803511, 51.593391]}, "properties": {"name": "Datacenter Breda", "city": "Breda", "country": "NL", "status": "operational", "url": "https://www.peeringdb.com/fac/11566"}}, {"type": "Feature", "geometry": {"type": "Point", "coordinates": [-13.550746, 28.963987]}, "properties": {"name": "Civicos Networking DCARRECIFE", "city": "Arrecife", "country": "ES", "status": "operational", "url": "https://www.peeringdb.com/fac/11568"}}, {"type": "Feature", "geometry": {"type": "Point", "coordinates": [9.306143, 52.909553]}, "properties": {"name": "Rechenzentrum Luttum", "city": "Kirchlinteln", "country": "DE", "status": "operational", "url": "https://www.peeringdb.com/fac/11571"}}, {"type": "Feature", "geometry": {"type": "Point", "coordinates": [20.923171, 44.014742]}, "properties": {"name": "Data Cloud Technology DC Kragujevac", "city": "Kragujevac", "country": "RS", "status": "operational", "url": "https://www.peeringdb.com/fac/11606"}}, {"type": "Feature", "geometry": {"type": "Point", "coordinates": [3.415752, 6.410497]}, "properties": {"name": "Africa Data Centres, Lagos LOS1, Nigeria", "city": "Lagos", "country": "NG", "status": "operational", "url": "https://www.peeringdb.com/fac/11659"}}, {"type": "Feature", "geometry": {"type": "Point", "coordinates": [13.186844, 52.408645]}, "properties": {"name": "nLighten Berlin BER1", "city": "Kleinmachnow", "country": "DE", "status": "operational", "url": "https://www.peeringdb.com/fac/11675"}}, {"type": "Feature", "geometry": {"type": "Point", "coordinates": [-0.765381, 51.413006]}, "properties": {"name": "EXA Datacenter Bracknell", "city": "Bracknell", "country": "GB", "status": "operational", "url": "https://www.peeringdb.com/fac/11676"}}, {"type": "Feature", "geometry": {"type": "Point", "coordinates": [-0.002959, 51.759766]}, "properties": {"name": "nLighten London STN1", "city": "Hoddesdon", "country": "GB", "status": "operational", "url": "https://www.peeringdb.com/fac/11678"}}, {"type": "Feature", "geometry": {"type": "Point", "coordinates": [24.170101, 56.991349]}, "properties": {"name": "Talejas iela 1", "city": "Riga", "country": "LV", "status": "operational", "url": "https://www.peeringdb.com/fac/11697"}}, {"type": "Feature", "geometry": {"type": "Point", "coordinates": [2.032896, 41.324942]}, "properties": {"name": "EdgeConneX Barcelona (EDCBCN01)", "city": "Sant Boi de Llobregat", "country": "ES", "status": "operational", "url": "https://www.peeringdb.com/fac/11733"}}, {"type": "Feature", "geometry": {"type": "Point", "coordinates": [34.770992, 32.052681]}, "properties": {"name": "EdgeConneX Tel Aviv (EDCTLV01)", "city": "Herzliya", "country": "IL", "status": "operational", "url": "https://www.peeringdb.com/fac/11734"}}, {"type": "Feature", "geometry": {"type": "Point", "coordinates": [16.622134, 47.229308]}, "properties": {"name": "ISIS-COM Datacenter Szombathely", "city": "Szombathely", "country": "HU", "status": "operational", "url": "https://www.peeringdb.com/fac/11737"}}, {"type": "Feature", "geometry": {"type": "Point", "coordinates": [2.182741, 43.91945]}, "properties": {"name": "Celeste Fil d\u2019Ariane", "city": "Albi", "country": "FR", "status": "operational", "url": "https://www.peeringdb.com/fac/11760"}}, {"type": "Feature", "geometry": {"type": "Point", "coordinates": [26.799279, 46.291668]}, "properties": {"name": "WhiteHat 3", "city": "Rotunda", "country": "RO", "status": "operational", "url": "https://www.peeringdb.com/fac/11764"}}, {"type": "Feature", "geometry": {"type": "Point", "coordinates": [13.61756, 52.513685]}, "properties": {"name": "ScaleUp Datacenter BER03", "city": "Berlin", "country": "DE", "status": "operational", "url": "https://www.peeringdb.com/fac/11770"}}, {"type": "Feature", "geometry": {"type": "Point", "coordinates": [7.069673, 50.741369]}, "properties": {"name": "EXA Edge DC Bonn", "city": "Bonn", "country": "DE", "status": "operational", "url": "https://www.peeringdb.com/fac/11792"}}, {"type": "Feature", "geometry": {"type": "Point", "coordinates": [8.773821, 53.076886]}, "properties": {"name": "EXA Edge DC Bremen", "city": "Bremen", "country": "DE", "status": "operational", "url": "https://www.peeringdb.com/fac/11793"}}, {"type": "Feature", "geometry": {"type": "Point", "coordinates": [11.605514, 52.193602]}, "properties": {"name": "EXA Edge DC Barleben", "city": "Barleben", "country": "DE", "status": "operational", "url": "https://www.peeringdb.com/fac/11794"}}, {"type": "Feature", "geometry": {"type": "Point", "coordinates": [6.91235, 50.88612]}, "properties": {"name": "nLighten Cologne CGN1", "city": "H\u00fcrth", "country": "DE", "status": "operational", "url": "https://www.peeringdb.com/fac/11795"}}, {"type": "Feature", "geometry": {"type": "Point", "coordinates": [6.918782, 51.169756]}, "properties": {"name": "EXA Edge DC Hilden", "city": "Hilden", "country": "DE", "status": "operational", "url": "https://www.peeringdb.com/fac/11797"}}, {"type": "Feature", "geometry": {"type": "Point", "coordinates": [6.918783, 51.170252]}, "properties": {"name": "nLighten Dusseldorf DUS1", "city": "Hilden", "country": "DE", "status": "operational", "url": "https://www.peeringdb.com/fac/11798"}}, {"type": "Feature", "geometry": {"type": "Point", "coordinates": [11.614458, 49.583757]}, "properties": {"name": "EXA Edge DC Eschenfelden", "city": "Hirschbach", "country": "DE", "status": "operational", "url": "https://www.peeringdb.com/fac/11799"}}, {"type": "Feature", "geometry": {"type": "Point", "coordinates": [6.965412, 51.567254]}, "properties": {"name": "EXA Edge DC Essen", "city": "Gladbeck", "country": "DE", "status": "operational", "url": "https://www.peeringdb.com/fac/11800"}}, {"type": "Feature", "geometry": {"type": "Point", "coordinates": [8.55744, 50.14418]}, "properties": {"name": "nLighten Frankfurt FRA1", "city": "Eschborn", "country": "DE", "status": "operational", "url": "https://www.peeringdb.com/fac/11801"}}, {"type": "Feature", "geometry": {"type": "Point", "coordinates": [8.736356, 50.118678]}, "properties": {"name": "EXA Edge DC Frankfurt1", "city": "Frankfurt", "country": "DE", "status": "operational", "url": "https://www.peeringdb.com/fac/11802"}}, {"type": "Feature", "geometry": {"type": "Point", "coordinates": [9.825735, 52.406419]}, "properties": {"name": "EXA Edge DC Hannover", "city": "Hannover", "country": "DE", "status": "operational", "url": "https://www.peeringdb.com/fac/11803"}}, {"type": "Feature", "geometry": {"type": "Point", "coordinates": [9.734035, 52.405196]}, "properties": {"name": "nLighten Hanover HAJ1", "city": "Hannover", "country": "DE", "status": "operational", "url": "https://www.peeringdb.com/fac/11804"}}, {"type": "Feature", "geometry": {"type": "Point", "coordinates": [10.005829, 53.453723]}, "properties": {"name": "nLighten Hamburg HAM1", "city": "Hamburg", "country": "DE", "status": "operational", "url": "https://www.peeringdb.com/fac/11805"}}, {"type": "Feature", "geometry": {"type": "Point", "coordinates": [10.046399, 53.550942]}, "properties": {"name": "EXA Edge DC Hamburg", "city": "Hamburg", "country": "DE", "status": "operational", "url": "https://www.peeringdb.com/fac/11806"}}, {"type": "Feature", "geometry": {"type": "Point", "coordinates": [7.804854, 48.57838]}, "properties": {"name": "EXA Edge DC Kehl", "city": "Kehl", "country": "DE", "status": "operational", "url": "https://www.peeringdb.com/fac/11807"}}, {"type": "Feature", "geometry": {"type": "Point", "coordinates": [12.205, 51.3528]}, "properties": {"name": "nLighten Leipzig LEJ1", "city": "Schkeuditz", "country": "DE", "status": "operational", "url": "https://www.peeringdb.com/fac/11808"}}, {"type": "Feature", "geometry": {"type": "Point", "coordinates": [11.612221, 48.255577]}, "properties": {"name": "EXA Edge DC Garching", "city": "Garching bei M\u00fcnchen", "country": "DE", "status": "operational", "url": "https://www.peeringdb.com/fac/11809"}}, {"type": "Feature", "geometry": {"type": "Point", "coordinates": [11.611552, 48.255081]}, "properties": {"name": "nLighten Munich MUC1", "city": "Garching bei M\u00fcnchen", "country": "DE", "status": "operational", "url": "https://www.peeringdb.com/fac/11810"}}, {"type": "Feature", "geometry": {"type": "Point", "coordinates": [11.014413, 49.454129]}, "properties": {"name": "nLighten Nuremberg NUE1", "city": "Nuremberg", "country": "DE", "status": "operational", "url": "https://www.peeringdb.com/fac/11811"}}, {"type": "Feature", "geometry": {"type": "Point", "coordinates": [9.116589, 48.72525]}, "properties": {"name": "EXA Edge DC Stuttgart", "city": "Stuttgart", "country": "DE", "status": "operational", "url": "https://www.peeringdb.com/fac/11812"}}, {"type": "Feature", "geometry": {"type": "Point", "coordinates": [9.128587, 48.721428]}, "properties": {"name": "nLighten Stuttgart STR1", "city": "Stuttgart", "country": "DE", "status": "operational", "url": "https://www.peeringdb.com/fac/11813"}}, {"type": "Feature", "geometry": {"type": "Point", "coordinates": [13.210332, 52.665726]}, "properties": {"name": "EXA Edge DC Velten", "city": "Velten", "country": "DE", "status": "operational", "url": "https://www.peeringdb.com/fac/11814"}}, {"type": "Feature", "geometry": {"type": "Point", "coordinates": [15.465817, 47.043339]}, "properties": {"name": "EXA Edge DC Graz", "city": "Graz", "country": "AT", "status": "operational", "url": "https://www.peeringdb.com/fac/11817"}}, {"type": "Feature", "geometry": {"type": "Point", "coordinates": [13.040322, 47.822732]}, "properties": {"name": "EXA Edge DC Salzburg", "city": "Salzburg", "country": "AT", "status": "operational", "url": "https://www.peeringdb.com/fac/11818"}}, {"type": "Feature", "geometry": {"type": "Point", "coordinates": [16.308034, 48.137352]}, "properties": {"name": "EXA Edge DC Wien", "city": "Vienna", "country": "AT", "status": "operational", "url": "https://www.peeringdb.com/fac/11819"}}, {"type": "Feature", "geometry": {"type": "Point", "coordinates": [4.344629, 51.329571]}, "properties": {"name": "EXA Edge DC Antwerp", "city": "Antwerp", "country": "BE", "status": "operational", "url": "https://www.peeringdb.com/fac/11820"}}, {"type": "Feature", "geometry": {"type": "Point", "coordinates": [3.168293, 51.122502]}, "properties": {"name": "EXA Edge DC Bruges", "city": "Zedelgem", "country": "BE", "status": "operational", "url": "https://www.peeringdb.com/fac/11821"}}, {"type": "Feature", "geometry": {"type": "Point", "coordinates": [4.488287, 50.875627]}, "properties": {"name": "EXA Edge DC Zaventem", "city": "Zaventem", "country": "BE", "status": "operational", "url": "https://www.peeringdb.com/fac/11822"}}, {"type": "Feature", "geometry": {"type": "Point", "coordinates": [5.620842, 50.690208]}, "properties": {"name": "EXA Edge DC Liege", "city": "Liege", "country": "BE", "status": "operational", "url": "https://www.peeringdb.com/fac/11823"}}, {"type": "Feature", "geometry": {"type": "Point", "coordinates": [8.58628, 50.097357]}, "properties": {"name": "Equinix FR8 - Frankfurt, West", "city": "Frankfurt", "country": "DE", "status": "operational", "url": "https://www.peeringdb.com/fac/11840"}}, {"type": "Feature", "geometry": {"type": "Point", "coordinates": [2.99512, 50.626504]}, "properties": {"name": "EXA Edge DC Sequedin", "city": "Sequedin", "country": "FR", "status": "operational", "url": "https://www.peeringdb.com/fac/11857"}}, {"type": "Feature", "geometry": {"type": "Point", "coordinates": [7.193273, 43.710239]}, "properties": {"name": "EXA Edge DC Nice", "city": "Nice", "country": "FR", "status": "operational", "url": "https://www.peeringdb.com/fac/11858"}}, {"type": "Feature", "geometry": {"type": "Point", "coordinates": [6.169665, 48.709942]}, "properties": {"name": "EXA Edge DC Nancy", "city": "Nancy", "country": "FR", "status": "operational", "url": "https://www.peeringdb.com/fac/11859"}}, {"type": "Feature", "geometry": {"type": "Point", "coordinates": [-1.583439, 53.779555]}, "properties": {"name": "AtlasEdge DC Leeds LBA001", "city": "Leeds", "country": "GB", "status": "operational", "url": "https://www.peeringdb.com/fac/11865"}}, {"type": "Feature", "geometry": {"type": "Point", "coordinates": [29.155244, 41.008792]}, "properties": {"name": "Y\u00f6nc\u00fc Bili\u015fim \u00c7\u00f6z\u00fcmleri", "city": "\u00dcmraniye", "country": "TR", "status": "operational", "url": "https://www.peeringdb.com/fac/11879"}}, {"type": "Feature", "geometry": {"type": "Point", "coordinates": [20.35375, 44.86075]}, "properties": {"name": "Orion Telekom Data Center", "city": "Belgrade", "country": "RS", "status": "operational", "url": "https://www.peeringdb.com/fac/11887"}}, {"type": "Feature", "geometry": {"type": "Point", "coordinates": [0.390267, 46.589714]}, "properties": {"name": "EXA Edge DC Poitiers", "city": "Poitiers", "country": "FR", "status": "operational", "url": "https://www.peeringdb.com/fac/11891"}}, {"type": "Feature", "geometry": {"type": "Point", "coordinates": [7.795073, 48.59329]}, "properties": {"name": "EXA Edge DC Strasbourg", "city": "Strasbourg", "country": "FR", "status": "operational", "url": "https://www.peeringdb.com/fac/11892"}}, {"type": "Feature", "geometry": {"type": "Point", "coordinates": [1.428143, 43.640861]}, "properties": {"name": "EXA Edge DC Toulouse", "city": "Toulouse", "country": "FR", "status": "operational", "url": "https://www.peeringdb.com/fac/11893"}}, {"type": "Feature", "geometry": {"type": "Point", "coordinates": [2.980772, 49.592339]}, "properties": {"name": "EXA Edge DC Vauchelles", "city": "Vauchelles", "country": "FR", "status": "operational", "url": "https://www.peeringdb.com/fac/11894"}}, {"type": "Feature", "geometry": {"type": "Point", "coordinates": [2.852547, 50.377711]}, "properties": {"name": "EXA Edge DC Willerval", "city": "Willerval", "country": "FR", "status": "operational", "url": "https://www.peeringdb.com/fac/11895"}}, {"type": "Feature", "geometry": {"type": "Point", "coordinates": [-0.947918, 44.331877]}, "properties": {"name": "EXA Edge DC Ychoux", "city": "Ychoux", "country": "FR", "status": "operational", "url": "https://www.peeringdb.com/fac/11896"}}, {"type": "Feature", "geometry": {"type": "Point", "coordinates": [3.234204, 51.16641]}, "properties": {"name": "DCstar Datacenter Oostkamp DCO", "city": "Oostkamp", "country": "BE", "status": "operational", "url": "https://www.peeringdb.com/fac/11905"}}, {"type": "Feature", "geometry": {"type": "Point", "coordinates": [4.34575, 51.210985]}, "properties": {"name": "DCstar Datacenter Burcht DCB", "city": "Zwijndrecht", "country": "BE", "status": "operational", "url": "https://www.peeringdb.com/fac/11906"}}, {"type": "Feature", "geometry": {"type": "Point", "coordinates": [4.414322, 51.930252]}, "properties": {"name": "EXA Edge DC Rotterdam", "city": "Rotterdam", "country": "NL", "status": "operational", "url": "https://www.peeringdb.com/fac/11953"}}, {"type": "Feature", "geometry": {"type": "Point", "coordinates": [5.277846, 52.123373]}, "properties": {"name": "EXA Edge DC Utrecht", "city": "Soesterberg", "country": "NL", "status": "operational", "url": "https://www.peeringdb.com/fac/11954"}}, {"type": "Feature", "geometry": {"type": "Point", "coordinates": [-2.881757, 43.229184]}, "properties": {"name": "EXA Edge DC Basauri", "city": "Basauri", "country": "ES", "status": "operational", "url": "https://www.peeringdb.com/fac/11955"}}, {"type": "Feature", "geometry": {"type": "Point", "coordinates": [-0.536672, 39.473433]}, "properties": {"name": "EXA Edge DC Valencia", "city": "Valencia", "country": "ES", "status": "operational", "url": "https://www.peeringdb.com/fac/11968"}}, {"type": "Feature", "geometry": {"type": "Point", "coordinates": [-0.017775, 51.504002]}, "properties": {"name": "EXA Datacenter London (Citi)", "city": "London", "country": "GB", "status": "operational", "url": "https://www.peeringdb.com/fac/11969"}}, {"type": "Feature", "geometry": {"type": "Point", "coordinates": [-0.003494, 51.510985]}, "properties": {"name": "EXA Datacenter London (GS2 London East)", "city": "London", "country": "GB", "status": "operational", "url": "https://www.peeringdb.com/fac/11970"}}, {"type": "Feature", "geometry": {"type": "Point", "coordinates": [8.520195, 47.38774]}, "properties": {"name": "nLighten Zurich ZRH1", "city": "Zurich", "country": "CH", "status": "operational", "url": "https://www.peeringdb.com/fac/11973"}}, {"type": "Feature", "geometry": {"type": "Point", "coordinates": [6.563731, 46.56145]}, "properties": {"name": "EXA Edge DC Villars-Sainte-Croix", "city": "Villars-Ste-Croix", "country": "CH", "status": "operational", "url": "https://www.peeringdb.com/fac/11976"}}, {"type": "Feature", "geometry": {"type": "Point", "coordinates": [-0.265878, 52.553511]}, "properties": {"name": "EXA Edge DC Peterborough", "city": "Peterborough", "country": "GB", "status": "operational", "url": "https://www.peeringdb.com/fac/11977"}}, {"type": "Feature", "geometry": {"type": "Point", "coordinates": [1.142731, 52.019447]}, "properties": {"name": "EXA Edge DC Wherstead", "city": "Wherstead", "country": "GB", "status": "operational", "url": "https://www.peeringdb.com/fac/11978"}}, {"type": "Feature", "geometry": {"type": "Point", "coordinates": [0.534204, 51.656531]}, "properties": {"name": "EXA Edge DC Wickford", "city": "Wickford", "country": "GB", "status": "operational", "url": "https://www.peeringdb.com/fac/11979"}}, {"type": "Feature", "geometry": {"type": "Point", "coordinates": [16.80333, 41.109552]}, "properties": {"name": "Namex Bari Datacenter", "city": "Bari", "country": "IT", "status": "operational", "url": "https://www.peeringdb.com/fac/11983"}}, {"type": "Feature", "geometry": {"type": "Point", "coordinates": [11.717528, 48.109091]}, "properties": {"name": "WIIT Datacenter MUC8", "city": "Haar", "country": "DE", "status": "operational", "url": "https://www.peeringdb.com/fac/12032"}}, {"type": "Feature", "geometry": {"type": "Point", "coordinates": [-0.00339, 51.507041]}, "properties": {"name": "Telehouse - London (Docklands South)", "city": "London", "country": "GB", "status": "operational", "url": "https://www.peeringdb.com/fac/12045"}}, {"type": "Feature", "geometry": {"type": "Point", "coordinates": [7.647301, 46.318468]}, "properties": {"name": "Signalhorn Leuk", "city": "Leuk Stadt", "country": "CH", "status": "operational", "url": "https://www.peeringdb.com/fac/12046"}}, {"type": "Feature", "geometry": {"type": "Point", "coordinates": [29.111418, 40.963101]}, "properties": {"name": "Netlen Istanbul", "city": "Ata\u015fehir", "country": "TR", "status": "operational", "url": "https://www.peeringdb.com/fac/12097"}}, {"type": "Feature", "geometry": {"type": "Point", "coordinates": [4.399495, 51.264077]}, "properties": {"name": "Hermes Telecom DC", "city": "Antwerp", "country": "BE", "status": "operational", "url": "https://www.peeringdb.com/fac/12167"}}, {"type": "Feature", "geometry": {"type": "Point", "coordinates": [24.561308, 59.386898]}, "properties": {"name": "GDC Tallinn DC-1", "city": "Saue vald", "country": "EE", "status": "operational", "url": "https://www.peeringdb.com/fac/12226"}}, {"type": "Feature", "geometry": {"type": "Point", "coordinates": [9.179945, 45.496931]}, "properties": {"name": "TWT Datacenter", "city": "Milan", "country": "IT", "status": "operational", "url": "https://www.peeringdb.com/fac/12227"}}, {"type": "Feature", "geometry": {"type": "Point", "coordinates": [54.812336, 24.432188]}, "properties": {"name": "Khazna Data Centers Apollo (1 - 6)", "city": "Zayed Military City", "country": "AE", "status": "operational", "url": "https://www.peeringdb.com/fac/12260"}}, {"type": "Feature", "geometry": {"type": "Point", "coordinates": [54.622979, 24.421066]}, "properties": {"name": "Khazna Data Center - AUH 6", "city": "Masdar City", "country": "AE", "status": "operational", "url": "https://www.peeringdb.com/fac/12262"}}, {"type": "Feature", "geometry": {"type": "Point", "coordinates": [54.876143, 24.711825]}, "properties": {"name": "Khazna Data Centers - IRIS (1-7)", "city": "Kizad", "country": "AE", "status": "operational", "url": "https://www.peeringdb.com/fac/12265"}}, {"type": "Feature", "geometry": {"type": "Point", "coordinates": [13.370207, 52.440344]}, "properties": {"name": "NTT Berlin 2 Data Center (BER2)", "city": "Berlin", "country": "DE", "status": "operational", "url": "https://www.peeringdb.com/fac/12266"}}, {"type": "Feature", "geometry": {"type": "Point", "coordinates": [5.698611, 52.909137]}, "properties": {"name": "ViaData Toren", "city": "Tjerkgaast", "country": "NL", "status": "operational", "url": "https://www.peeringdb.com/fac/12288"}}, {"type": "Feature", "geometry": {"type": "Point", "coordinates": [10.133804, 54.363564]}, "properties": {"name": "TNG DataCentre Kiel - Wik", "city": "Kiel", "country": "DE", "status": "operational", "url": "https://www.peeringdb.com/fac/12297"}}, {"type": "Feature", "geometry": {"type": "Point", "coordinates": [-2.296669, 53.504022]}, "properties": {"name": "Equinix MA5 - Manchester", "city": "Swinton", "country": "GB", "status": "operational", "url": "https://www.peeringdb.com/fac/12309"}}, {"type": "Feature", "geometry": {"type": "Point", "coordinates": [-1.631011, 47.231464]}, "properties": {"name": "ETIX Nantes #1", "city": "Saint-Herblain", "country": "FR", "status": "operational", "url": "https://www.peeringdb.com/fac/12314"}}, {"type": "Feature", "geometry": {"type": "Point", "coordinates": [-1.469806, 47.277391]}, "properties": {"name": "ETIX Nantes #2", "city": "Carquefou", "country": "FR", "status": "operational", "url": "https://www.peeringdb.com/fac/12315"}}, {"type": "Feature", "geometry": {"type": "Point", "coordinates": [-1.667363, 47.23842]}, "properties": {"name": "ETIX Nantes #3", "city": "Cou\u00ebron", "country": "FR", "status": "operational", "url": "https://www.peeringdb.com/fac/12316"}}, {"type": "Feature", "geometry": {"type": "Point", "coordinates": [-1.353256, 46.666065]}, "properties": {"name": "ETIX Vend\u00e9e #1", "city": "La Roche-sur-Yon", "country": "FR", "status": "operational", "url": "https://www.peeringdb.com/fac/12317"}}, {"type": "Feature", "geometry": {"type": "Point", "coordinates": [3.15676, 50.700168]}, "properties": {"name": "ETIX Lille #1", "city": "Tourcoing", "country": "FR", "status": "operational", "url": "https://www.peeringdb.com/fac/12318"}}, {"type": "Feature", "geometry": {"type": "Point", "coordinates": [7.492709, 9.063808]}, "properties": {"name": "Galaxy Backbone NSSC-Abuja", "city": "Abuja", "country": "NG", "status": "operational", "url": "https://www.peeringdb.com/fac/12332"}}, {"type": "Feature", "geometry": {"type": "Point", "coordinates": [9.473829, 55.536825]}, "properties": {"name": "Telia Kolding", "city": "Kolding", "country": "DK", "status": "operational", "url": "https://www.peeringdb.com/fac/12338"}}, {"type": "Feature", "geometry": {"type": "Point", "coordinates": [23.369257, 42.656338]}, "properties": {"name": "Sofia Data Center (SDC) 2", "city": "Sofia", "country": "BG", "status": "operational", "url": "https://www.peeringdb.com/fac/12354"}}, {"type": "Feature", "geometry": {"type": "Point", "coordinates": [23.369257, 42.656338]}, "properties": {"name": "Sofia Data Center (SDC) Stolnik", "city": "Stolnik", "country": "BG", "status": "operational", "url": "https://www.peeringdb.com/fac/12355"}}, {"type": "Feature", "geometry": {"type": "Point", "coordinates": [-2.998568, 53.411744]}, "properties": {"name": "LCRDC - King Edward", "city": "Liverpool", "country": "GB", "status": "operational", "url": "https://www.peeringdb.com/fac/12371"}}, {"type": "Feature", "geometry": {"type": "Point", "coordinates": [-2.980623, 53.396344]}, "properties": {"name": "IX Liverpool - MICT", "city": "Liverpool", "country": "GB", "status": "operational", "url": "https://www.peeringdb.com/fac/12372"}}, {"type": "Feature", "geometry": {"type": "Point", "coordinates": [12.629473, 41.932742]}, "properties": {"name": "Cloud Europe", "city": "Rome", "country": "IT", "status": "operational", "url": "https://www.peeringdb.com/fac/12375"}}, {"type": "Feature", "geometry": {"type": "Point", "coordinates": [39.138468, 21.746348]}, "properties": {"name": "Mobily JED1 DC", "city": "Jeddah", "country": "SA", "status": "operational", "url": "https://www.peeringdb.com/fac/12378"}}, {"type": "Feature", "geometry": {"type": "Point", "coordinates": [32.774548, 39.89538]}, "properties": {"name": "3C1B HUAWEI FUSION DC ANKARA", "city": "Ankara", "country": "TR", "status": "operational", "url": "https://www.peeringdb.com/fac/12399"}}, {"type": "Feature", "geometry": {"type": "Point", "coordinates": [10.788402, 53.583837]}, "properties": {"name": "CSN Solutions - Kehrsen", "city": "Kehrsen", "country": "DE", "status": "operational", "url": "https://www.peeringdb.com/fac/12454"}}, {"type": "Feature", "geometry": {"type": "Point", "coordinates": [8.77224, 53.076377]}, "properties": {"name": "PLUTEX DC01", "city": "Bremen", "country": "DE", "status": "operational", "url": "https://www.peeringdb.com/fac/12473"}}, {"type": "Feature", "geometry": {"type": "Point", "coordinates": [8.769077, 53.075099]}, "properties": {"name": "PLUTEX DC05", "city": "Bremen", "country": "DE", "status": "operational", "url": "https://www.peeringdb.com/fac/12474"}}, {"type": "Feature", "geometry": {"type": "Point", "coordinates": [34.869304, 32.098941]}, "properties": {"name": "EdgeConneX Tel Aviv (EDCTLV11)", "city": "Petah Tikva", "country": "IL", "status": "operational", "url": "https://www.peeringdb.com/fac/12486"}}, {"type": "Feature", "geometry": {"type": "Point", "coordinates": [-0.802249, 52.422201]}, "properties": {"name": "Servacus DC02", "city": "Kettering", "country": "GB", "status": "operational", "url": "https://www.peeringdb.com/fac/12506"}}, {"type": "Feature", "geometry": {"type": "Point", "coordinates": [13.61756, 52.513685]}, "properties": {"name": "Penta Infra Berlin BER01", "city": "Berlin", "country": "DE", "status": "operational", "url": "https://www.peeringdb.com/fac/12507"}}, {"type": "Feature", "geometry": {"type": "Point", "coordinates": [6.694634, 51.245111]}, "properties": {"name": "Penta Infra Dusseldorf DUS01", "city": "Meerbusch", "country": "DE", "status": "operational", "url": "https://www.peeringdb.com/fac/12508"}}, {"type": "Feature", "geometry": {"type": "Point", "coordinates": [13.61756, 52.513685]}, "properties": {"name": "Penta Infra Berlin BER02", "city": "Berlin", "country": "DE", "status": "operational", "url": "https://www.peeringdb.com/fac/12509"}}, {"type": "Feature", "geometry": {"type": "Point", "coordinates": [12.395427, 55.68209]}, "properties": {"name": "Penta Infra Copenhagen CPH01", "city": "Glostrup, Copenhagen", "country": "DK", "status": "operational", "url": "https://www.peeringdb.com/fac/12510"}}, {"type": "Feature", "geometry": {"type": "Point", "coordinates": [5.828044, 50.979857]}, "properties": {"name": "Penta Infra Geleen GLN01", "city": "Geleen", "country": "NL", "status": "operational", "url": "https://www.peeringdb.com/fac/12511"}}, {"type": "Feature", "geometry": {"type": "Point", "coordinates": [12.301757, 51.33967]}, "properties": {"name": "Penta Infra Leipzig LEJ01", "city": "Leipzig", "country": "DE", "status": "operational", "url": "https://www.peeringdb.com/fac/12514"}}, {"type": "Feature", "geometry": {"type": "Point", "coordinates": [12.1482, 49.01335]}, "properties": {"name": "R-KOM Datacenter Ostbayern 1", "city": "Regensburg", "country": "DE", "status": "operational", "url": "https://www.peeringdb.com/fac/12565"}}, {"type": "Feature", "geometry": {"type": "Point", "coordinates": [12.148083, 49.013454]}, "properties": {"name": "R-KOM Datacenter Ostbayern 2", "city": "Regensburg", "country": "DE", "status": "operational", "url": "https://www.peeringdb.com/fac/12566"}}, {"type": "Feature", "geometry": {"type": "Point", "coordinates": [12.086628, 49.036964]}, "properties": {"name": "R-KOM Datacenter Ostbayern 3", "city": "Lappersdorf", "country": "DE", "status": "operational", "url": "https://www.peeringdb.com/fac/12567"}}, {"type": "Feature", "geometry": {"type": "Point", "coordinates": [8.6568, 50.00253]}, "properties": {"name": "Tornado Datacenter - FRA01", "city": "Langen", "country": "DE", "status": "operational", "url": "https://www.peeringdb.com/fac/12570"}}, {"type": "Feature", "geometry": {"type": "Point", "coordinates": [8.490164, 47.185346]}, "properties": {"name": "WWZ Rechenzenter Zug", "city": "Zug", "country": "CH", "status": "operational", "url": "https://www.peeringdb.com/fac/12576"}}, {"type": "Feature", "geometry": {"type": "Point", "coordinates": [8.810173, 45.769448]}, "properties": {"name": "Elmec BR4", "city": "Brunello", "country": "IT", "status": "operational", "url": "https://www.peeringdb.com/fac/12599"}}, {"type": "Feature", "geometry": {"type": "Point", "coordinates": [7.440631, 52.310703]}, "properties": {"name": "TKRZ Rheine (RHE1)", "city": "Rheine", "country": "DE", "status": "operational", "url": "https://www.peeringdb.com/fac/12637"}}, {"type": "Feature", "geometry": {"type": "Point", "coordinates": [7.554901, 52.157579]}, "properties": {"name": "TKRZ Emsdetten (EMS1)", "city": "Emsdetten", "country": "DE", "status": "operational", "url": "https://www.peeringdb.com/fac/12638"}}, {"type": "Feature", "geometry": {"type": "Point", "coordinates": [7.050301, 52.409179]}, "properties": {"name": "TKRZ Nordhorn (NOH1)", "city": "Nordhorn", "country": "DE", "status": "operational", "url": "https://www.peeringdb.com/fac/12639"}}, {"type": "Feature", "geometry": {"type": "Point", "coordinates": [7.695303, 52.130914]}, "properties": {"name": "TKRZ Greven (GRV1)", "city": "Greven", "country": "DE", "status": "operational", "url": "https://www.peeringdb.com/fac/12640"}}, {"type": "Feature", "geometry": {"type": "Point", "coordinates": [28.184586, -25.882463]}, "properties": {"name": "ICTGlobe Centurion", "city": "Centurion", "country": "ZA", "status": "operational", "url": "https://www.peeringdb.com/fac/12652"}}, {"type": "Feature", "geometry": {"type": "Point", "coordinates": [7.648998, 51.935079]}, "properties": {"name": "1&1 Versatel Telehaus M\u00fcnster", "city": "M\u00fcnster", "country": "DE", "status": "operational", "url": "https://www.peeringdb.com/fac/12653"}}, {"type": "Feature", "geometry": {"type": "Point", "coordinates": [28.671267, 41.048791]}, "properties": {"name": "Vodafone Esenyurt MTX", "city": "Esenyurt", "country": "TR", "status": "operational", "url": "https://www.peeringdb.com/fac/12683"}}, {"type": "Feature", "geometry": {"type": "Point", "coordinates": [9.71927, 47.553064]}, "properties": {"name": "PCK IT Datacenter Lindau", "city": "Lindau", "country": "DE", "status": "operational", "url": "https://www.peeringdb.com/fac/12746"}}, {"type": "Feature", "geometry": {"type": "Point", "coordinates": [7.615436, 47.512499]}, "properties": {"name": "NorthC M\u00fcnchenstein (Basel) 1", "city": "M\u00fcnchenstein", "country": "CH", "status": "operational", "url": "https://www.peeringdb.com/fac/12755"}}, {"type": "Feature", "geometry": {"type": "Point", "coordinates": [7.279169, 47.155705]}, "properties": {"name": "NorthC Biel (Bern)", "city": "Biel/Bienne", "country": "CH", "status": "operational", "url": "https://www.peeringdb.com/fac/12756"}}, {"type": "Feature", "geometry": {"type": "Point", "coordinates": [20.848805, 52.210771]}, "properties": {"name": "Netia Data Center MIND", "city": "Jawczyce", "country": "PL", "status": "operational", "url": "https://www.peeringdb.com/fac/12758"}}, {"type": "Feature", "geometry": {"type": "Point", "coordinates": [20.600122, 52.11117]}, "properties": {"name": "Netia Data Center BRAIN", "city": "Grodzisk Mazowiecki", "country": "PL", "status": "operational", "url": "https://www.peeringdb.com/fac/12761"}}, {"type": "Feature", "geometry": {"type": "Point", "coordinates": [19.260778, 50.218129]}, "properties": {"name": "Netia Jaworzno (JAWOH001)", "city": "Jaworzno", "country": "PL", "status": "operational", "url": "https://www.peeringdb.com/fac/12762"}}, {"type": "Feature", "geometry": {"type": "Point", "coordinates": [16.920848, 52.405482]}, "properties": {"name": "Netia Pozna\u0144 (POZNH003)", "city": "Poznan", "country": "PL", "status": "operational", "url": "https://www.peeringdb.com/fac/12763"}}, {"type": "Feature", "geometry": {"type": "Point", "coordinates": [2.018664, 48.774932]}, "properties": {"name": "Groupe Cyllene - DC - Montigny les Bretonneux", "city": "Montigny-le-Bretonneux", "country": "FR", "status": "operational", "url": "https://www.peeringdb.com/fac/12780"}}, {"type": "Feature", "geometry": {"type": "Point", "coordinates": [29.00254, 41.070057]}, "properties": {"name": "Netbone Datacenter \u0130stanbul", "city": "\u015ei\u015fli", "country": "TR", "status": "operational", "url": "https://www.peeringdb.com/fac/12803"}}, {"type": "Feature", "geometry": {"type": "Point", "coordinates": [27.459539, 42.516571]}, "properties": {"name": "DarkNET Burgas", "city": "Burgas", "country": "BG", "status": "operational", "url": "https://www.peeringdb.com/fac/12806"}}, {"type": "Feature", "geometry": {"type": "Point", "coordinates": [0.921634, 51.923512]}, "properties": {"name": "SDC Hosting and Support Colchester1", "city": "Colchester", "country": "GB", "status": "operational", "url": "https://www.peeringdb.com/fac/12820"}}, {"type": "Feature", "geometry": {"type": "Point", "coordinates": [51.437444, 25.325315]}, "properties": {"name": "Meeza Data Center - MV3", "city": "Doha", "country": "QA", "status": "operational", "url": "https://www.peeringdb.com/fac/12827"}}, {"type": "Feature", "geometry": {"type": "Point", "coordinates": [51.453699, 25.238965]}, "properties": {"name": "Meeza Data Center - MV1", "city": "Doha", "country": "QA", "status": "operational", "url": "https://www.peeringdb.com/fac/12828"}}, {"type": "Feature", "geometry": {"type": "Point", "coordinates": [12.320431, 41.787929]}, "properties": {"name": "Fiber 23", "city": "Rome", "country": "IT", "status": "operational", "url": "https://www.peeringdb.com/fac/12842"}}, {"type": "Feature", "geometry": {"type": "Point", "coordinates": [13.2251, 55.716839]}, "properties": {"name": "31173 DC Lund Mobilv\u00e4gen", "city": "Lund", "country": "SE", "status": "operational", "url": "https://www.peeringdb.com/fac/12855"}}, {"type": "Feature", "geometry": {"type": "Point", "coordinates": [3.498124, 6.424183]}, "properties": {"name": "OADC LOS1 - Lagos", "city": "Lagos", "country": "NG", "status": "operational", "url": "https://www.peeringdb.com/fac/12860"}}, {"type": "Feature", "geometry": {"type": "Point", "coordinates": [28.1991, -26.13608]}, "properties": {"name": "OADC JNB1 - Johannesburg", "city": "Johannesburg", "country": "ZA", "status": "operational", "url": "https://www.peeringdb.com/fac/12861"}}, {"type": "Feature", "geometry": {"type": "Point", "coordinates": [18.476891, -33.959484]}, "properties": {"name": "OADC CPT1 - Cape Town", "city": "Cape Town", "country": "ZA", "status": "operational", "url": "https://www.peeringdb.com/fac/12863"}}, {"type": "Feature", "geometry": {"type": "Point", "coordinates": [28.861046, 40.982473]}, "properties": {"name": "Turk Telekom Atakoy Santrali", "city": "Istanbul", "country": "TR", "status": "operational", "url": "https://www.peeringdb.com/fac/12891"}}, {"type": "Feature", "geometry": {"type": "Point", "coordinates": [10.001546, 53.619052]}, "properties": {"name": "Penta Infra Hamburg HAM01", "city": "Hamburg", "country": "DE", "status": "operational", "url": "https://www.peeringdb.com/fac/12894"}}, {"type": "Feature", "geometry": {"type": "Point", "coordinates": [7.003018, 50.93382]}, "properties": {"name": "Penta Infra Cologne CGN01", "city": "Cologne", "country": "DE", "status": "operational", "url": "https://www.peeringdb.com/fac/12895"}}, {"type": "Feature", "geometry": {"type": "Point", "coordinates": [34.969212, 32.108196]}, "properties": {"name": "Bezeq International Afek Data Center", "city": "Rosh Ha'Ayin", "country": "IL", "status": "operational", "url": "https://www.peeringdb.com/fac/12918"}}, {"type": "Feature", "geometry": {"type": "Point", "coordinates": [34.791378, 32.111271]}, "properties": {"name": "TIS Tel Aviv Burla Hub and Data Center", "city": "Tel Aviv", "country": "IL", "status": "operational", "url": "https://www.peeringdb.com/fac/12921"}}, {"type": "Feature", "geometry": {"type": "Point", "coordinates": [9.067184, 45.48054]}, "properties": {"name": "Retelit Avalon 2", "city": "Settimo Milanese (MI)", "country": "IT", "status": "operational", "url": "https://www.peeringdb.com/fac/12933"}}, {"type": "Feature", "geometry": {"type": "Point", "coordinates": [9.120391, 45.44797]}, "properties": {"name": "Retelit Avalon 3", "city": "Milan", "country": "IT", "status": "operational", "url": "https://www.peeringdb.com/fac/12934"}}, {"type": "Feature", "geometry": {"type": "Point", "coordinates": [9.307957, 49.145913]}, "properties": {"name": "STACKIT Ellhofen (DC08)", "city": "Ellhofen", "country": "DE", "status": "operational", "url": "https://www.peeringdb.com/fac/12955"}}, {"type": "Feature", "geometry": {"type": "Point", "coordinates": [4.504025, 50.873683]}, "properties": {"name": "Digital Realty Brussels BRU3", "city": "Zaventem", "country": "BE", "status": "operational", "url": "https://www.peeringdb.com/fac/12957"}}, {"type": "Feature", "geometry": {"type": "Point", "coordinates": [4.504025, 50.873683]}, "properties": {"name": "Digital Realty Brussels BRU4", "city": "Zaventem", "country": "BE", "status": "operational", "url": "https://www.peeringdb.com/fac/12958"}}, {"type": "Feature", "geometry": {"type": "Point", "coordinates": [34.87436, 32.22171]}, "properties": {"name": "Bezeq International ServerFarm", "city": "Bnei Zion", "country": "IL", "status": "operational", "url": "https://www.peeringdb.com/fac/12972"}}, {"type": "Feature", "geometry": {"type": "Point", "coordinates": [34.9619, 31.9183]}, "properties": {"name": "SDS1 Modiin", "city": "Modiin, Macabim- Reut", "country": "IL", "status": "operational", "url": "https://www.peeringdb.com/fac/12993"}}, {"type": "Feature", "geometry": {"type": "Point", "coordinates": [34.889857, 32.108831]}, "properties": {"name": "SDS4 Petch Tikva", "city": "Petach Tikva", "country": "IL", "status": "operational", "url": "https://www.peeringdb.com/fac/12994"}}, {"type": "Feature", "geometry": {"type": "Point", "coordinates": [34.8562, 32.26]}, "properties": {"name": "SDS3 Beit Yehoshua", "city": "Beit Yehoshua", "country": "IL", "status": "operational", "url": "https://www.peeringdb.com/fac/12995"}}, {"type": "Feature", "geometry": {"type": "Point", "coordinates": [0.257853, 51.453326]}, "properties": {"name": "Custodian CDC Dartford DA2", "city": "Dartford", "country": "GB", "status": "operational", "url": "https://www.peeringdb.com/fac/12997"}}, {"type": "Feature", "geometry": {"type": "Point", "coordinates": [8.238218, 50.062309]}, "properties": {"name": "WiTCOM Wiesbaden", "city": "Wiesbaden", "country": "DE", "status": "operational", "url": "https://www.peeringdb.com/fac/13040"}}, {"type": "Feature", "geometry": {"type": "Point", "coordinates": [6.527313, 53.244613]}, "properties": {"name": "Bytesnet Groningen", "city": "Groningen", "country": "NL", "status": "operational", "url": "https://www.peeringdb.com/fac/13055"}}, {"type": "Feature", "geometry": {"type": "Point", "coordinates": [3.909723, 51.502547]}, "properties": {"name": "Holland Datacenters", "city": "Kloetinge", "country": "NL", "status": "operational", "url": "https://www.peeringdb.com/fac/13065"}}, {"type": "Feature", "geometry": {"type": "Point", "coordinates": [-1.213003, 53.006759]}, "properties": {"name": "nLighten Nottingham EMA1", "city": "Nottingham", "country": "GB", "status": "operational", "url": "https://www.peeringdb.com/fac/13073"}}, {"type": "Feature", "geometry": {"type": "Point", "coordinates": [-2.935048, 53.245819]}, "properties": {"name": "nLighten Chester MAN1", "city": "Chester", "country": "GB", "status": "operational", "url": "https://www.peeringdb.com/fac/13074"}}, {"type": "Feature", "geometry": {"type": "Point", "coordinates": [-2.578778, 51.541255]}, "properties": {"name": "nLighten Bristol BRS1", "city": "Bristol", "country": "GB", "status": "operational", "url": "https://www.peeringdb.com/fac/13075"}}, {"type": "Feature", "geometry": {"type": "Point", "coordinates": [18.638972, 54.383947]}, "properties": {"name": "Artnet DC Gdansk MP100", "city": "Gdansk", "country": "PL", "status": "operational", "url": "https://www.peeringdb.com/fac/13088"}}, {"type": "Feature", "geometry": {"type": "Point", "coordinates": [18.459429, 54.459223]}, "properties": {"name": "Artnet DC Gdynia GAC133", "city": "Gdynia", "country": "PL", "status": "operational", "url": "https://www.peeringdb.com/fac/13089"}}, {"type": "Feature", "geometry": {"type": "Point", "coordinates": [-1.936793, 52.310787]}, "properties": {"name": "VeloxServ DC3 - Redditch", "city": "Redditch", "country": "GB", "status": "operational", "url": "https://www.peeringdb.com/fac/13091"}}, {"type": "Feature", "geometry": {"type": "Point", "coordinates": [25.51044, 65.013196]}, "properties": {"name": "Glesys Oulu 3", "city": "Oulu", "country": "FI", "status": "operational", "url": "https://www.peeringdb.com/fac/13096"}}, {"type": "Feature", "geometry": {"type": "Point", "coordinates": [34.960807, 32.783736]}, "properties": {"name": "Tamares Telecom", "city": "Tirat Hacarmel", "country": "IL", "status": "operational", "url": "https://www.peeringdb.com/fac/13168"}}, {"type": "Feature", "geometry": {"type": "Point", "coordinates": [8.219991, 44.132007]}, "properties": {"name": "Rocket Way DC Boissano", "city": "Boissano", "country": "IT", "status": "operational", "url": "https://www.peeringdb.com/fac/13173"}}, {"type": "Feature", "geometry": {"type": "Point", "coordinates": [7.038502, 43.624328]}, "properties": {"name": "nLighten Sophia Antipolis NCE2", "city": "Valbonne", "country": "FR", "status": "operational", "url": "https://www.peeringdb.com/fac/13190"}}, {"type": "Feature", "geometry": {"type": "Point", "coordinates": [2.630371, 48.839125]}, "properties": {"name": "nLighten Paris PAR1", "city": "Lognes", "country": "FR", "status": "operational", "url": "https://www.peeringdb.com/fac/13191"}}, {"type": "Feature", "geometry": {"type": "Point", "coordinates": [7.737083, 48.520417]}, "properties": {"name": "nLighten Strasbourg SXB1", "city": "Illkirch-Graffenstaden", "country": "FR", "status": "operational", "url": "https://www.peeringdb.com/fac/13192"}}, {"type": "Feature", "geometry": {"type": "Point", "coordinates": [-3.659225, 40.53576]}, "properties": {"name": "CyrusOne Madrid 1", "city": "Madrid", "country": "ES", "status": "operational", "url": "https://www.peeringdb.com/fac/13204"}}, {"type": "Feature", "geometry": {"type": "Point", "coordinates": [8.576399, 50.131627]}, "properties": {"name": "CyrusOne Frankfurt 4", "city": "Frankfurt", "country": "DE", "status": "operational", "url": "https://www.peeringdb.com/fac/13205"}}, {"type": "Feature", "geometry": {"type": "Point", "coordinates": [2.329879, 48.871919]}, "properties": {"name": "Sipartech Paris", "city": "Paris", "country": "FR", "status": "operational", "url": "https://www.peeringdb.com/fac/13209"}}, {"type": "Feature", "geometry": {"type": "Point", "coordinates": [12.382457, 41.890426]}, "properties": {"name": "Retelit S.p.A. Roma Cornelia", "city": "Rome", "country": "IT", "status": "operational", "url": "https://www.peeringdb.com/fac/13228"}}, {"type": "Feature", "geometry": {"type": "Point", "coordinates": [15.982436, 45.765044]}, "properties": {"name": "A1 DC Zagreb Ne\u017ei\u0107eva", "city": "Zagreb", "country": "HR", "status": "operational", "url": "https://www.peeringdb.com/fac/13266"}}, {"type": "Feature", "geometry": {"type": "Point", "coordinates": [4.45416, 50.881447]}, "properties": {"name": "brusselsdc", "city": "Zaventem", "country": "BE", "status": "operational", "url": "https://www.peeringdb.com/fac/13276"}}, {"type": "Feature", "geometry": {"type": "Point", "coordinates": [6.134653, 50.783517]}, "properties": {"name": "RelAix Networks hex/AC", "city": "Aachen", "country": "DE", "status": "operational", "url": "https://www.peeringdb.com/fac/13293"}}, {"type": "Feature", "geometry": {"type": "Point", "coordinates": [10.961871, 50.252852]}, "properties": {"name": "S\u00dcC Datacenter 1", "city": "Coburg", "country": "DE", "status": "operational", "url": "https://www.peeringdb.com/fac/13309"}}, {"type": "Feature", "geometry": {"type": "Point", "coordinates": [10.961871, 50.252852]}, "properties": {"name": "S\u00dcC Datacenter 2", "city": "Coburg", "country": "DE", "status": "operational", "url": "https://www.peeringdb.com/fac/13310"}}, {"type": "Feature", "geometry": {"type": "Point", "coordinates": [6.195148, 52.238674]}, "properties": {"name": "ITB2 Datacenter Deventer", "city": "Deventer", "country": "NL", "status": "operational", "url": "https://www.peeringdb.com/fac/13322"}}, {"type": "Feature", "geometry": {"type": "Point", "coordinates": [6.025796, 52.200471]}, "properties": {"name": "ITB2 Datacenter Apeldoorn", "city": "Apeldoorn", "country": "NL", "status": "operational", "url": "https://www.peeringdb.com/fac/13323"}}, {"type": "Feature", "geometry": {"type": "Point", "coordinates": [5.66586, 51.92705]}, "properties": {"name": "ILA/Regeneration site PoP-Dodewaard", "city": "Dodewaard", "country": "NL", "status": "operational", "url": "https://www.peeringdb.com/fac/13325"}}, {"type": "Feature", "geometry": {"type": "Point", "coordinates": [6.25283, 51.98303]}, "properties": {"name": "ILA/Regeneration site PoP-Doetinchem", "city": "Doetinchem", "country": "NL", "status": "operational", "url": "https://www.peeringdb.com/fac/13326"}}, {"type": "Feature", "geometry": {"type": "Point", "coordinates": [6.86839, 53.43473]}, "properties": {"name": "ILA/Regeneration site PoP-Eemshaven", "city": "Eemshaven", "country": "NL", "status": "operational", "url": "https://www.peeringdb.com/fac/13327"}}, {"type": "Feature", "geometry": {"type": "Point", "coordinates": [5.807626, 52.613664]}, "properties": {"name": "ILA/Regeneration site PoP-Ens", "city": "Ens", "country": "NL", "status": "operational", "url": "https://www.peeringdb.com/fac/13328"}}, {"type": "Feature", "geometry": {"type": "Point", "coordinates": [8.398957, 55.41808]}, "properties": {"name": "ILA/Regeneration site PoP-Fan\u00f8", "city": "Fan\u00f8", "country": "DK", "status": "operational", "url": "https://www.peeringdb.com/fac/13329"}}, {"type": "Feature", "geometry": {"type": "Point", "coordinates": [4.629424, 51.910842]}, "properties": {"name": "ILA/Regeneration site PoP-Krimpen aan den IJssel", "city": "Krimpen aan den IJssel", "country": "NL", "status": "operational", "url": "https://www.peeringdb.com/fac/13331"}}, {"type": "Feature", "geometry": {"type": "Point", "coordinates": [5.911645, 51.147893]}, "properties": {"name": "ILA/Regeneration site PoP-Maasbracht", "city": "Maasbracht", "country": "NL", "status": "operational", "url": "https://www.peeringdb.com/fac/13333"}}, {"type": "Feature", "geometry": {"type": "Point", "coordinates": [4.86353, 52.395257]}, "properties": {"name": "Qupra DC", "city": "Amsterdam", "country": "NL", "status": "operational", "url": "https://www.peeringdb.com/fac/13339"}}, {"type": "Feature", "geometry": {"type": "Point", "coordinates": [-2.324106, 53.46131]}, "properties": {"name": "Pulsant Manchester NW-1", "city": "Manchester", "country": "GB", "status": "operational", "url": "https://www.peeringdb.com/fac/13340"}}, {"type": "Feature", "geometry": {"type": "Point", "coordinates": [51.594, 25.2211]}, "properties": {"name": "Quantum Switch DOA A", "city": "Doha", "country": "QA", "status": "operational", "url": "https://www.peeringdb.com/fac/13363"}}, {"type": "Feature", "geometry": {"type": "Point", "coordinates": [49.5224, 29.5746]}, "properties": {"name": "Quantum Switch DMM A", "city": "Dammam", "country": "SA", "status": "operational", "url": "https://www.peeringdb.com/fac/13364"}}, {"type": "Feature", "geometry": {"type": "Point", "coordinates": [51.5961, 25.0905]}, "properties": {"name": "Quantum Switch DOA B", "city": "Doha", "country": "QA", "status": "operational", "url": "https://www.peeringdb.com/fac/13365"}}, {"type": "Feature", "geometry": {"type": "Point", "coordinates": [9.0668, 45.480555]}, "properties": {"name": "Servereasy DC1", "city": "Settimo Milanese", "country": "IT", "status": "operational", "url": "https://www.peeringdb.com/fac/13403"}}, {"type": "Feature", "geometry": {"type": "Point", "coordinates": [8.32532, 47.042004]}, "properties": {"name": "ewl Rechenzentrum Stollen", "city": "Luzern", "country": "CH", "status": "operational", "url": "https://www.peeringdb.com/fac/13406"}}, {"type": "Feature", "geometry": {"type": "Point", "coordinates": [12.340573, 41.765129]}, "properties": {"name": "DC Noovle ROMA", "city": "Rome", "country": "IT", "status": "operational", "url": "https://www.peeringdb.com/fac/13409"}}, {"type": "Feature", "geometry": {"type": "Point", "coordinates": [22.868155, 40.65723]}, "properties": {"name": "Balkan Gate Thessaloniki", "city": "Thessaloniki", "country": "GR", "status": "operational", "url": "https://www.peeringdb.com/fac/13410"}}, {"type": "Feature", "geometry": {"type": "Point", "coordinates": [9.22869, 44.350272]}, "properties": {"name": "NetPro IT & HatHost DC1", "city": "Rapallo", "country": "IT", "status": "operational", "url": "https://www.peeringdb.com/fac/13412"}}, {"type": "Feature", "geometry": {"type": "Point", "coordinates": [5.93287, 43.127801]}, "properties": {"name": "XL360", "city": "Toulon", "country": "FR", "status": "operational", "url": "https://www.peeringdb.com/fac/13417"}}, {"type": "Feature", "geometry": {"type": "Point", "coordinates": [-1.567075, 53.978867]}, "properties": {"name": "Redcentric Harrogate Data Centre", "city": "Harrogate", "country": "GB", "status": "operational", "url": "https://www.peeringdb.com/fac/13421"}}, {"type": "Feature", "geometry": {"type": "Point", "coordinates": [17.963762, 40.629116]}, "properties": {"name": "HEX - DC/BDS", "city": "Brindisi", "country": "IT", "status": "operational", "url": "https://www.peeringdb.com/fac/13446"}}, {"type": "Feature", "geometry": {"type": "Point", "coordinates": [29.088364, 40.268007]}, "properties": {"name": "DGN Teknoloji - Bursa", "city": "Osmangazi", "country": "TR", "status": "operational", "url": "https://www.peeringdb.com/fac/13469"}}, {"type": "Feature", "geometry": {"type": "Point", "coordinates": [29.012873, 41.08078]}, "properties": {"name": "IBM Istanbul", "city": "B Blok", "country": "TR", "status": "operational", "url": "https://www.peeringdb.com/fac/13476"}}, {"type": "Feature", "geometry": {"type": "Point", "coordinates": [22.617174, 51.224662]}, "properties": {"name": "Sie\u0107 Szerokopasmowa Polski Wschodniej", "city": "Lublin", "country": "PL", "status": "operational", "url": "https://www.peeringdb.com/fac/13477"}}, {"type": "Feature", "geometry": {"type": "Point", "coordinates": [8.272978, 47.0568]}, "properties": {"name": "CKW DC LuZ Luzern Nord", "city": "Luzern", "country": "CH", "status": "operational", "url": "https://www.peeringdb.com/fac/13487"}}, {"type": "Feature", "geometry": {"type": "Point", "coordinates": [8.431841, 47.150499]}, "properties": {"name": "CKW DC Zug", "city": "Rotkreuz", "country": "CH", "status": "operational", "url": "https://www.peeringdb.com/fac/13488"}}, {"type": "Feature", "geometry": {"type": "Point", "coordinates": [8.092916, 47.0585]}, "properties": {"name": "CKW Colo Wolhusen", "city": "Ruswil", "country": "CH", "status": "operational", "url": "https://www.peeringdb.com/fac/13489"}}, {"type": "Feature", "geometry": {"type": "Point", "coordinates": [8.299447, 47.153617]}, "properties": {"name": "CKW Colo Hochdorf", "city": "Urswil", "country": "CH", "status": "operational", "url": "https://www.peeringdb.com/fac/13490"}}, {"type": "Feature", "geometry": {"type": "Point", "coordinates": [8.541314, 47.600263]}, "properties": {"name": "STACK infrastructure  ZUR01", "city": "Rafz", "country": "CH", "status": "operational", "url": "https://www.peeringdb.com/fac/13500"}}, {"type": "Feature", "geometry": {"type": "Point", "coordinates": [3.741996, 49.560267]}, "properties": {"name": "Ikoula IKDC2", "city": "Eppes", "country": "FR", "status": "operational", "url": "https://www.peeringdb.com/fac/13508"}}, {"type": "Feature", "geometry": {"type": "Point", "coordinates": [50.54153, 26.235632]}, "properties": {"name": "BIX-SEEF-POP", "city": "Seef", "country": "BH", "status": "operational", "url": "https://www.peeringdb.com/fac/13515"}}, {"type": "Feature", "geometry": {"type": "Point", "coordinates": [5.704895, 52.543805]}, "properties": {"name": "AlexHost, Netherlands", "city": "Dronten", "country": "NL", "status": "operational", "url": "https://www.peeringdb.com/fac/13516"}}, {"type": "Feature", "geometry": {"type": "Point", "coordinates": [25.574114, -33.9508]}, "properties": {"name": "NTT Data (MEA) - Gqeberha (Port Elizabeth)", "city": "Gqeberha", "country": "ZA", "status": "operational", "url": "https://www.peeringdb.com/fac/13550"}}, {"type": "Feature", "geometry": {"type": "Point", "coordinates": [8.640094, 50.196109]}, "properties": {"name": "Iron Mountain Data Center - Frankfurt (FRA-2)", "city": "Frankfurt am Main", "country": "DE", "status": "operational", "url": "https://www.peeringdb.com/fac/13559"}}, {"type": "Feature", "geometry": {"type": "Point", "coordinates": [-3.498711, 40.457935]}, "properties": {"name": "Iron Mountain Data Center - Madrid (MAD-1)", "city": "San Fernando de Henares", "country": "ES", "status": "operational", "url": "https://www.peeringdb.com/fac/13560"}}, {"type": "Feature", "geometry": {"type": "Point", "coordinates": [25.287428, 54.691637]}, "properties": {"name": "Data Logistics Center J13", "city": "Vilnius", "country": "LT", "status": "operational", "url": "https://www.peeringdb.com/fac/13565"}}, {"type": "Feature", "geometry": {"type": "Point", "coordinates": [36.889166, -1.332149]}, "properties": {"name": "iXAfrica NBOX1 (Nairobi X One)", "city": "Nairobi", "country": "KE", "status": "operational", "url": "https://www.peeringdb.com/fac/13572"}}, {"type": "Feature", "geometry": {"type": "Point", "coordinates": [-0.375587, 46.347936]}, "properties": {"name": "DARVA Hosting", "city": "Chauray", "country": "FR", "status": "operational", "url": "https://www.peeringdb.com/fac/13573"}}, {"type": "Feature", "geometry": {"type": "Point", "coordinates": [-8.830335, 37.994964]}, "properties": {"name": "EllaLink Sines Vasco de Gama CLS", "city": "Sines", "country": "PT", "status": "operational", "url": "https://www.peeringdb.com/fac/13583"}}, {"type": "Feature", "geometry": {"type": "Point", "coordinates": [6.646614, 46.765904]}, "properties": {"name": "Wifx Data Center Vaud", "city": "Yverdon-les-Bains", "country": "CH", "status": "operational", "url": "https://www.peeringdb.com/fac/13597"}}, {"type": "Feature", "geometry": {"type": "Point", "coordinates": [8.90048, 44.408474]}, "properties": {"name": "Liguria Digitale Data Center - WTC", "city": "Genoa", "country": "IT", "status": "operational", "url": "https://www.peeringdb.com/fac/13665"}}, {"type": "Feature", "geometry": {"type": "Point", "coordinates": [-4.496181, 36.694725]}, "properties": {"name": "ODC Malaga", "city": "M\u00e1laga", "country": "ES", "status": "operational", "url": "https://www.peeringdb.com/fac/13666"}}, {"type": "Feature", "geometry": {"type": "Point", "coordinates": [-2.733435, 53.324842]}, "properties": {"name": "Getronics, The Babbage Centre", "city": "Runcorn", "country": "GB", "status": "operational", "url": "https://www.peeringdb.com/fac/13691"}}, {"type": "Feature", "geometry": {"type": "Point", "coordinates": [29.061631, 40.258739]}, "properties": {"name": "PENTECH", "city": "Bursa", "country": "TR", "status": "operational", "url": "https://www.peeringdb.com/fac/13698"}}, {"type": "Feature", "geometry": {"type": "Point", "coordinates": [23.598353, 46.780405]}, "properties": {"name": "DataWave#1", "city": "Cluj Napoca", "country": "RO", "status": "operational", "url": "https://www.peeringdb.com/fac/13710"}}, {"type": "Feature", "geometry": {"type": "Point", "coordinates": [3.832653, 43.711403]}, "properties": {"name": "SI Cloud Montpellier", "city": "Saint-Cl\u00e9ment-de-Rivi\u00e8re", "country": "FR", "status": "operational", "url": "https://www.peeringdb.com/fac/13717"}}, {"type": "Feature", "geometry": {"type": "Point", "coordinates": [17.927184, 59.417048]}, "properties": {"name": "atNorth SWE01", "city": "Stockholm", "country": "SE", "status": "operational", "url": "https://www.peeringdb.com/fac/13751"}}, {"type": "Feature", "geometry": {"type": "Point", "coordinates": [12.54552, 55.676358]}, "properties": {"name": "Labicolo", "city": "Frederiksberg C", "country": "DK", "status": "operational", "url": "https://www.peeringdb.com/fac/13816"}}, {"type": "Feature", "geometry": {"type": "Point", "coordinates": [10.7791, 53.559444]}, "properties": {"name": "CSN Solutions Gudow", "city": "Gudow", "country": "DE", "status": "operational", "url": "https://www.peeringdb.com/fac/13837"}}, {"type": "Feature", "geometry": {"type": "Point", "coordinates": [6.473884, 53.207467]}, "properties": {"name": "NorthC Groningen 2", "city": "Groningen", "country": "NL", "status": "operational", "url": "https://www.peeringdb.com/fac/13856"}}, {"type": "Feature", "geometry": {"type": "Point", "coordinates": [4.44805, 51.953115]}, "properties": {"name": "NorthC Rotterdam Zestienhoven 2", "city": "Rotterdam", "country": "NL", "status": "operational", "url": "https://www.peeringdb.com/fac/13857"}}, {"type": "Feature", "geometry": {"type": "Point", "coordinates": [5.406428, 51.475777]}, "properties": {"name": "NorthC Eindhoven 2", "city": "Eindhoven", "country": "NL", "status": "operational", "url": "https://www.peeringdb.com/fac/13858"}}, {"type": "Feature", "geometry": {"type": "Point", "coordinates": [9.863625, 52.368477]}, "properties": {"name": "GRASS-MERKUR Hannover", "city": "Hannover", "country": "DE", "status": "operational", "url": "https://www.peeringdb.com/fac/13878"}}, {"type": "Feature", "geometry": {"type": "Point", "coordinates": [-0.137056, 51.384888]}, "properties": {"name": "Croydon", "city": "Croydon", "country": "GB", "status": "operational", "url": "https://www.peeringdb.com/fac/13900"}}, {"type": "Feature", "geometry": {"type": "Point", "coordinates": [50.3643, 26.0418]}, "properties": {"name": "Global Zone", "city": "Askar", "country": "BH", "status": "operational", "url": "https://www.peeringdb.com/fac/13915"}}, {"type": "Feature", "geometry": {"type": "Point", "coordinates": [8.727571, 47.503127]}, "properties": {"name": "NorthC Winterthur (Z\u00fcrich)", "city": "Winterthur", "country": "CH", "status": "operational", "url": "https://www.peeringdb.com/fac/13934"}}, {"type": "Feature", "geometry": {"type": "Point", "coordinates": [-3.624212, 40.439748]}, "properties": {"name": "IaaS Datacenter Madrid", "city": "Madrid", "country": "ES", "status": "operational", "url": "https://www.peeringdb.com/fac/13938"}}, {"type": "Feature", "geometry": {"type": "Point", "coordinates": [-3.624212, 40.439748]}, "properties": {"name": "Civicos Networking - IAAS (MADRID)", "city": "Madrid", "country": "ES", "status": "operational", "url": "https://www.peeringdb.com/fac/13959"}}, {"type": "Feature", "geometry": {"type": "Point", "coordinates": [7.134015, 50.700793]}, "properties": {"name": "EnBITCon GmbH", "city": "Bonn", "country": "DE", "status": "operational", "url": "https://www.peeringdb.com/fac/13969"}}, {"type": "Feature", "geometry": {"type": "Point", "coordinates": [28.143972, -25.920644]}, "properties": {"name": "NTT Data (MEA) - Johannesburg 1 Data Center (JOH1)", "city": "Centurion", "country": "ZA", "status": "operational", "url": "https://www.peeringdb.com/fac/13972"}}, {"type": "Feature", "geometry": {"type": "Point", "coordinates": [12.594673, 46.066181]}, "properties": {"name": "Aviano_A", "city": "Aviano", "country": "IT", "status": "operational", "url": "https://www.peeringdb.com/fac/13985"}}, {"type": "Feature", "geometry": {"type": "Point", "coordinates": [6.113522, 49.504919]}, "properties": {"name": "LuxConnect DC1.2 - Bettembourg", "city": "Bettembourg", "country": "LU", "status": "operational", "url": "https://www.peeringdb.com/fac/13987"}}, {"type": "Feature", "geometry": {"type": "Point", "coordinates": [6.113522, 49.504919]}, "properties": {"name": "LuxConnect DC1.3 - Bettembourg", "city": "Bettembourg", "country": "LU", "status": "operational", "url": "https://www.peeringdb.com/fac/13988"}}, {"type": "Feature", "geometry": {"type": "Point", "coordinates": [15.610386, 60.610531]}, "properties": {"name": "EcoDataCenter Falun", "city": "Falun", "country": "SE", "status": "operational", "url": "https://www.peeringdb.com/fac/13999"}}, {"type": "Feature", "geometry": {"type": "Point", "coordinates": [8.918518, 44.42589]}, "properties": {"name": "Genova Digital Hub", "city": "Genoa", "country": "IT", "status": "operational", "url": "https://www.peeringdb.com/fac/14008"}}, {"type": "Feature", "geometry": {"type": "Point", "coordinates": [31.213872, -29.53543]}, "properties": {"name": "Dolphin Coast Wireless & Fiber Solutions", "city": "Ballito", "country": "ZA", "status": "operational", "url": "https://www.peeringdb.com/fac/14016"}}, {"type": "Feature", "geometry": {"type": "Point", "coordinates": [-3.623048, 40.438822]}, "properties": {"name": "OASIX MADRID AIRENETWORKS", "city": "Madrid", "country": "ES", "status": "operational", "url": "https://www.peeringdb.com/fac/14020"}}, {"type": "Feature", "geometry": {"type": "Point", "coordinates": [13.704345, 51.008853]}, "properties": {"name": "IBH Dresden C2", "city": "Dresden", "country": "DE", "status": "operational", "url": "https://www.peeringdb.com/fac/14039"}}, {"type": "Feature", "geometry": {"type": "Point", "coordinates": [5.353065, 51.691408]}, "properties": {"name": "Interconnect Services DC3 's-Hertogenbosch", "city": "'s-Hertogenbosch", "country": "NL", "status": "operational", "url": "https://www.peeringdb.com/fac/14068"}}, {"type": "Feature", "geometry": {"type": "Point", "coordinates": [-2.123163, 52.587498]}, "properties": {"name": "VeloxServ Wolverhampton Central", "city": "Wolverhampton", "country": "GB", "status": "operational", "url": "https://www.peeringdb.com/fac/14086"}}, {"type": "Feature", "geometry": {"type": "Point", "coordinates": [13.704345, 51.008853]}, "properties": {"name": "IBH Dresden C1", "city": "Dresden", "country": "DE", "status": "operational", "url": "https://www.peeringdb.com/fac/14088"}}, {"type": "Feature", "geometry": {"type": "Point", "coordinates": [-0.611276, 38.291392]}, "properties": {"name": "OASIX ALICANTE AIRENETWORKS", "city": "Elche", "country": "ES", "status": "operational", "url": "https://www.peeringdb.com/fac/14096"}}, {"type": "Feature", "geometry": {"type": "Point", "coordinates": [25.266602, 54.675458]}, "properties": {"name": "Telia Vilnius 1", "city": "Vilnius", "country": "LT", "status": "operational", "url": "https://www.peeringdb.com/fac/14104"}}, {"type": "Feature", "geometry": {"type": "Point", "coordinates": [25.297332, 54.724094]}, "properties": {"name": "Telia Vilnius 2", "city": "Vilnius", "country": "LT", "status": "operational", "url": "https://www.peeringdb.com/fac/14105"}}, {"type": "Feature", "geometry": {"type": "Point", "coordinates": [4.409087, 43.809975]}, "properties": {"name": "NETICENTER", "city": "Bouillargues", "country": "FR", "status": "operational", "url": "https://www.peeringdb.com/fac/14115"}}, {"type": "Feature", "geometry": {"type": "Point", "coordinates": [11.005389, 49.45367]}, "properties": {"name": "ScaleUp Datacenter NUE1", "city": "F\u00fcrth", "country": "DE", "status": "operational", "url": "https://www.peeringdb.com/fac/14125"}}, {"type": "Feature", "geometry": {"type": "Point", "coordinates": [14.245272, 40.832179]}, "properties": {"name": "Namex Napoli - Universit\u00e0 Parthenope", "city": "Naples", "country": "IT", "status": "operational", "url": "https://www.peeringdb.com/fac/14135"}}, {"type": "Feature", "geometry": {"type": "Point", "coordinates": [36.752083, -1.352546]}, "properties": {"name": "icolo.io Nairobi Two (NBO2)", "city": "Karen", "country": "KE", "status": "operational", "url": "https://www.peeringdb.com/fac/14166"}}, {"type": "Feature", "geometry": {"type": "Point", "coordinates": [16.954819, 52.445844]}, "properties": {"name": "Systemia.pl Sp. z o.o.", "city": "Poznan", "country": "PL", "status": "operational", "url": "https://www.peeringdb.com/fac/14174"}}, {"type": "Feature", "geometry": {"type": "Point", "coordinates": [29.179766, 41.025592]}, "properties": {"name": "Kuzey Veri Merkezi", "city": "Cekmekoy", "country": "TR", "status": "operational", "url": "https://www.peeringdb.com/fac/14205"}}, {"type": "Feature", "geometry": {"type": "Point", "coordinates": [2.217476, 48.780725]}, "properties": {"name": "ETIX Paris #3", "city": "V\u00e9lizy-Villacoublay", "country": "FR", "status": "operational", "url": "https://www.peeringdb.com/fac/14214"}}, {"type": "Feature", "geometry": {"type": "Point", "coordinates": [2.352084, 48.92817]}, "properties": {"name": "Equinix PA10 - Paris, Saint-Denis", "city": "Paris", "country": "FR", "status": "operational", "url": "https://www.peeringdb.com/fac/14220"}}, {"type": "Feature", "geometry": {"type": "Point", "coordinates": [2.127266, 41.484761]}, "properties": {"name": "Adam - PTV", "city": "Cerdanyola del Vall\u00e8s", "country": "ES", "status": "operational", "url": "https://www.peeringdb.com/fac/14233"}}, {"type": "Feature", "geometry": {"type": "Point", "coordinates": [-3.338656, 40.514618]}, "properties": {"name": "Adam - MAD", "city": "Alcal\u00e1 de Henares", "country": "ES", "status": "operational", "url": "https://www.peeringdb.com/fac/14234"}}, {"type": "Feature", "geometry": {"type": "Point", "coordinates": [2.170067, 41.408865]}, "properties": {"name": "Adam - BCN", "city": "Barcelona", "country": "ES", "status": "operational", "url": "https://www.peeringdb.com/fac/14235"}}, {"type": "Feature", "geometry": {"type": "Point", "coordinates": [32.796597, 39.909829]}, "properties": {"name": "Ixpanse AN1", "city": "Cankaya", "country": "TR", "status": "operational", "url": "https://www.peeringdb.com/fac/14256"}}, {"type": "Feature", "geometry": {"type": "Point", "coordinates": [20.850628, 52.211499]}, "properties": {"name": "Data 4 Warszawy", "city": "Jawczyce,", "country": "PL", "status": "operational", "url": "https://www.peeringdb.com/fac/14279"}}, {"type": "Feature", "geometry": {"type": "Point", "coordinates": [25.74442, 62.241994]}, "properties": {"name": "Konesali Yhti\u00f6t Jyv\u00e4skyl\u00e4", "city": "Jyv\u00e4skyl\u00e4", "country": "FI", "status": "operational", "url": "https://www.peeringdb.com/fac/14282"}}, {"type": "Feature", "geometry": {"type": "Point", "coordinates": [-1.163561, 38.029681]}, "properties": {"name": "CPD Titan", "city": "Murcia", "country": "ES", "status": "operational", "url": "https://www.peeringdb.com/fac/14310"}}, {"type": "Feature", "geometry": {"type": "Point", "coordinates": [49.9892, 26.2536]}, "properties": {"name": "Quantum Switch DMM B", "city": "Dammam", "country": "SA", "status": "operational", "url": "https://www.peeringdb.com/fac/14312"}}, {"type": "Feature", "geometry": {"type": "Point", "coordinates": [-6.377148, 53.330787]}, "properties": {"name": "VDC2 Viatel Parkwest", "city": "Dublin", "country": "IE", "status": "operational", "url": "https://www.peeringdb.com/fac/14313"}}, {"type": "Feature", "geometry": {"type": "Point", "coordinates": [-1.397674, 53.699308]}, "properties": {"name": "nLighten Leeds LBA1", "city": "Normanton", "country": "GB", "status": "operational", "url": "https://www.peeringdb.com/fac/14316"}}, {"type": "Feature", "geometry": {"type": "Point", "coordinates": [4.449031, 51.875343]}, "properties": {"name": "Cellnex Datacenter Rotterdam", "city": "Rotterdam", "country": "NL", "status": "operational", "url": "https://www.peeringdb.com/fac/14330"}}, {"type": "Feature", "geometry": {"type": "Point", "coordinates": [4.886635, 52.336273]}, "properties": {"name": "Cellnex Datacenter Amsterdam", "city": "Amsterdam", "country": "NL", "status": "operational", "url": "https://www.peeringdb.com/fac/14331"}}, {"type": "Feature", "geometry": {"type": "Point", "coordinates": [5.164383, 52.242621]}, "properties": {"name": "Cellnex Datacenter Hilversum", "city": "Hilversum", "country": "NL", "status": "operational", "url": "https://www.peeringdb.com/fac/14332"}}, {"type": "Feature", "geometry": {"type": "Point", "coordinates": [4.646501, 52.136933]}, "properties": {"name": "Cellnex Datacenter Alphen aan den Rijn", "city": "Alphen aan den Rijn", "country": "NL", "status": "operational", "url": "https://www.peeringdb.com/fac/14333"}}, {"type": "Feature", "geometry": {"type": "Point", "coordinates": [-8.815555, 37.935144]}, "properties": {"name": "Start Campus SIN01", "city": "Sines", "country": "PT", "status": "operational", "url": "https://www.peeringdb.com/fac/14352"}}, {"type": "Feature", "geometry": {"type": "Point", "coordinates": [-8.391101, 41.403943]}, "properties": {"name": "REN Datacenter Riba de Ave", "city": "Vila Nova de Famalicao", "country": "PT", "status": "operational", "url": "https://www.peeringdb.com/fac/14366"}}, {"type": "Feature", "geometry": {"type": "Point", "coordinates": [0.769303, 47.349585]}, "properties": {"name": "Castle-IT Tours", "city": "Larcay", "country": "FR", "status": "operational", "url": "https://www.peeringdb.com/fac/14374"}}, {"type": "Feature", "geometry": {"type": "Point", "coordinates": [10.27049, 53.678625]}, "properties": {"name": "AtlasEdge DC Hamburg HAM002", "city": "Ahrensburg", "country": "DE", "status": "operational", "url": "https://www.peeringdb.com/fac/14375"}}, {"type": "Feature", "geometry": {"type": "Point", "coordinates": [4.669096, 52.388154]}, "properties": {"name": "Penta Infra Amsterdam AMS01", "city": "Haarlem", "country": "NL", "status": "operational", "url": "https://www.peeringdb.com/fac/14380"}}, {"type": "Feature", "geometry": {"type": "Point", "coordinates": [2.209191, 48.78425]}, "properties": {"name": "dc2scale PAR3 (V\u00e9lizy-Villacoublay)", "city": "V\u00e9lizy-Villacoublay", "country": "FR", "status": "operational", "url": "https://www.peeringdb.com/fac/14392"}}, {"type": "Feature", "geometry": {"type": "Point", "coordinates": [17.962735, 59.402241]}, "properties": {"name": "Bahnhof Gullan", "city": "Kista", "country": "SE", "status": "operational", "url": "https://www.peeringdb.com/fac/14403"}}, {"type": "Feature", "geometry": {"type": "Point", "coordinates": [2.397279, 48.928564]}, "properties": {"name": "Digital Realty Paris PAR8", "city": "La Courneuve", "country": "FR", "status": "operational", "url": "https://www.peeringdb.com/fac/14445"}}, {"type": "Feature", "geometry": {"type": "Point", "coordinates": [18.099234, 59.335552]}, "properties": {"name": "City Hosting", "city": "Stockholm", "country": "SE", "status": "operational", "url": "https://www.peeringdb.com/fac/14462"}}, {"type": "Feature", "geometry": {"type": "Point", "coordinates": [-9.240992, 38.718661]}, "properties": {"name": "MEO LDV", "city": "Lisbon", "country": "PT", "status": "operational", "url": "https://www.peeringdb.com/fac/14465"}}, {"type": "Feature", "geometry": {"type": "Point", "coordinates": [0.549469, 51.279898]}, "properties": {"name": "Vinters Connect", "city": "Maidstone", "country": "GB", "status": "operational", "url": "https://www.peeringdb.com/fac/14472"}}, {"type": "Feature", "geometry": {"type": "Point", "coordinates": [14.321438, 41.0664]}, "properties": {"name": "Data Felix DF01", "city": "Caserta", "country": "IT", "status": "operational", "url": "https://www.peeringdb.com/fac/14510"}}, {"type": "Feature", "geometry": {"type": "Point", "coordinates": [6.44128, 52.237003]}, "properties": {"name": "Qonnected II Markelo (Cellnex)", "city": "Markelo", "country": "NL", "status": "operational", "url": "https://www.peeringdb.com/fac/14519"}}, {"type": "Feature", "geometry": {"type": "Point", "coordinates": [25.288454, 54.691725]}, "properties": {"name": "DCXV Lithuania", "city": "Vilnius", "country": "LT", "status": "operational", "url": "https://www.peeringdb.com/fac/14524"}}, {"type": "Feature", "geometry": {"type": "Point", "coordinates": [-2.308577, 53.476918]}, "properties": {"name": "AtlasEdge DC Manchester MAN001", "city": "Salford", "country": "GB", "status": "operational", "url": "https://www.peeringdb.com/fac/14555"}}, {"type": "Feature", "geometry": {"type": "Point", "coordinates": [24.33744, 42.19168]}, "properties": {"name": "Neterra Pazardzhik", "city": "Pazardzhik", "country": "BG", "status": "operational", "url": "https://www.peeringdb.com/fac/14606"}}, {"type": "Feature", "geometry": {"type": "Point", "coordinates": [26.526461, 43.532612]}, "properties": {"name": "Neterra Razgrad", "city": "Razgrad", "country": "BG", "status": "operational", "url": "https://www.peeringdb.com/fac/14607"}}, {"type": "Feature", "geometry": {"type": "Point", "coordinates": [24.617276, 43.413485]}, "properties": {"name": "Neterra Pleven", "city": "Pleven", "country": "BG", "status": "operational", "url": "https://www.peeringdb.com/fac/14608"}}, {"type": "Feature", "geometry": {"type": "Point", "coordinates": [8.458265, 49.077722]}, "properties": {"name": "TelemaxX IPC5", "city": "Stutensee", "country": "DE", "status": "operational", "url": "https://www.peeringdb.com/fac/14618"}}, {"type": "Feature", "geometry": {"type": "Point", "coordinates": [15.491685, 47.028156]}, "properties": {"name": "Raiffeisen Rechenzentrum (Raaba)", "city": "Raaba-Grambach", "country": "AT", "status": "operational", "url": "https://www.peeringdb.com/fac/14620"}}, {"type": "Feature", "geometry": {"type": "Point", "coordinates": [4.209414, 52.001434]}, "properties": {"name": "Greenhouse Datacenters DC3", "city": "Naaldwijk", "country": "NL", "status": "operational", "url": "https://www.peeringdb.com/fac/14646"}}, {"type": "Feature", "geometry": {"type": "Point", "coordinates": [16.4215, 48.26668]}, "properties": {"name": "AtlasEdge DC Vienna VIE001", "city": "Vienna", "country": "AT", "status": "operational", "url": "https://www.peeringdb.com/fac/14651"}}, {"type": "Feature", "geometry": {"type": "Point", "coordinates": [55.1867, 25.0265]}, "properties": {"name": "Equinix DX3 - Dubai", "city": "Dubai", "country": "AE", "status": "operational", "url": "https://www.peeringdb.com/fac/14653"}}, {"type": "Feature", "geometry": {"type": "Point", "coordinates": [27.177317, 38.453459]}, "properties": {"name": "Nixcon DC", "city": "BAYRAKLI", "country": "TR", "status": "operational", "url": "https://www.peeringdb.com/fac/14747"}}, {"type": "Feature", "geometry": {"type": "Point", "coordinates": [-2.973762, 53.343085]}, "properties": {"name": "nLighten Liverpool LPL1", "city": "Wirral", "country": "GB", "status": "operational", "url": "https://www.peeringdb.com/fac/14752"}}, {"type": "Feature", "geometry": {"type": "Point", "coordinates": [-1.729365, 51.602125]}, "properties": {"name": "nLighten Swindon BRS2", "city": "Swindon", "country": "GB", "status": "operational", "url": "https://www.peeringdb.com/fac/14753"}}, {"type": "Feature", "geometry": {"type": "Point", "coordinates": [2.304409, 48.871625]}, "properties": {"name": "REDHEBERG SAS", "city": "Paris", "country": "FR", "status": "operational", "url": "https://www.peeringdb.com/fac/14779"}}, {"type": "Feature", "geometry": {"type": "Point", "coordinates": [14.485794, 50.125629]}, "properties": {"name": "Vegacom DC", "city": "Praha 9 \u2013 St\u0159\u00ed\u017ekov", "country": "CZ", "status": "operational", "url": "https://www.peeringdb.com/fac/14781"}}, {"type": "Feature", "geometry": {"type": "Point", "coordinates": [17.833877, 48.588774]}, "properties": {"name": "COOLNET", "city": "Piestany", "country": "SK", "status": "operational", "url": "https://www.peeringdb.com/fac/14789"}}, {"type": "Feature", "geometry": {"type": "Point", "coordinates": [4.888247, 45.784372]}, "properties": {"name": "SynAApS", "city": "Villeurbanne", "country": "FR", "status": "operational", "url": "https://www.peeringdb.com/fac/14795"}}, {"type": "Feature", "geometry": {"type": "Point", "coordinates": [-1.613671, 48.110048]}, "properties": {"name": "UltraEdge Rennes", "city": "Cesson-S\u00e9vign\u00e9", "country": "FR", "status": "operational", "url": "https://www.peeringdb.com/fac/14796"}}, {"type": "Feature", "geometry": {"type": "Point", "coordinates": [8.25, 53.14]}, "properties": {"name": "Nordwest-IX", "city": "Oldenburg", "country": "DE", "status": "operational", "url": "https://www.peeringdb.com/fac/14806"}}, {"type": "Feature", "geometry": {"type": "Point", "coordinates": [8.863501, 44.424191]}, "properties": {"name": "Liguria Digitale Data Center - Erzelli", "city": "Genoa", "country": "IT", "status": "operational", "url": "https://www.peeringdb.com/fac/14828"}}, {"type": "Feature", "geometry": {"type": "Point", "coordinates": [13.795287, 45.689061]}, "properties": {"name": "Karsolink DC Triest", "city": "Triest", "country": "IT", "status": "operational", "url": "https://www.peeringdb.com/fac/14833"}}, {"type": "Feature", "geometry": {"type": "Point", "coordinates": [-3.629449, 40.438933]}, "properties": {"name": "Digital Realty Madrid MAD4", "city": "Madrid", "country": "ES", "status": "operational", "url": "https://www.peeringdb.com/fac/14854"}}, {"type": "Feature", "geometry": {"type": "Point", "coordinates": [18.679126, -33.907319]}, "properties": {"name": "Teraco CT2 Cape Town, South Africa", "city": "Cape Town", "country": "ZA", "status": "operational", "url": "https://www.peeringdb.com/fac/14858"}}, {"type": "Feature", "geometry": {"type": "Point", "coordinates": [22.218411, 60.44601]}, "properties": {"name": "Web1 Latokari", "city": "Turku", "country": "FI", "status": "operational", "url": "https://www.peeringdb.com/fac/14895"}}, {"type": "Feature", "geometry": {"type": "Point", "coordinates": [-1.199699, 52.9272]}, "properties": {"name": "CWCS DCN3", "city": "Nottingham", "country": "GB", "status": "operational", "url": "https://www.peeringdb.com/fac/14902"}}, {"type": "Feature", "geometry": {"type": "Point", "coordinates": [12.631848, 41.931345]}, "properties": {"name": "Aruba IT4 - Rome", "city": "Rome", "country": "IT", "status": "operational", "url": "https://www.peeringdb.com/fac/14915"}}, {"type": "Feature", "geometry": {"type": "Point", "coordinates": [10.114189, 56.238456]}, "properties": {"name": "Cibicom Datacenter Aarhus North", "city": "Hinnerup", "country": "DK", "status": "operational", "url": "https://www.peeringdb.com/fac/14961"}}, {"type": "Feature", "geometry": {"type": "Point", "coordinates": [0.597598, 43.646064]}, "properties": {"name": "Eurofiber DC - AUC00", "city": "Auch", "country": "FR", "status": "operational", "url": "https://www.peeringdb.com/fac/14963"}}, {"type": "Feature", "geometry": {"type": "Point", "coordinates": [12.095983, 49.016775]}, "properties": {"name": "Vautron Rechenzentrum", "city": "Regensburg", "country": "DE", "status": "operational", "url": "https://www.peeringdb.com/fac/14973"}}, {"type": "Feature", "geometry": {"type": "Point", "coordinates": [29.115873, 40.95653]}, "properties": {"name": "Teknotel - Kucukyali", "city": "Maltepe", "country": "TR", "status": "operational", "url": "https://www.peeringdb.com/fac/14994"}}, {"type": "Feature", "geometry": {"type": "Point", "coordinates": [2.037789, 43.913658]}, "properties": {"name": "Crypteo Marssac", "city": "Marssac sur Tarn", "country": "FR", "status": "operational", "url": "https://www.peeringdb.com/fac/15016"}}, {"type": "Feature", "geometry": {"type": "Point", "coordinates": [26.130018, 44.444577]}, "properties": {"name": "Media Sat Data Center", "city": "Bucharest", "country": "RO", "status": "operational", "url": "https://www.peeringdb.com/fac/15017"}}, {"type": "Feature", "geometry": {"type": "Point", "coordinates": [10.27049, 53.678625]}, "properties": {"name": "ITENOS Hamburg (HAM2)", "city": "Ahrensburg", "country": "DE", "status": "operational", "url": "https://www.peeringdb.com/fac/15030"}}, {"type": "Feature", "geometry": {"type": "Point", "coordinates": [8.950105, 44.426913]}, "properties": {"name": "Equinix GN1 - Genoa", "city": "Genoa", "country": "IT", "status": "operational", "url": "https://www.peeringdb.com/fac/15046"}}, {"type": "Feature", "geometry": {"type": "Point", "coordinates": [1.42753, 48.446693]}, "properties": {"name": "Orange / Chartres", "city": "Amilly", "country": "FR", "status": "operational", "url": "https://www.peeringdb.com/fac/15054"}}, {"type": "Feature", "geometry": {"type": "Point", "coordinates": [-0.399244, 51.467283]}, "properties": {"name": "London Technology Centre", "city": "Hounslow", "country": "GB", "status": "operational", "url": "https://www.peeringdb.com/fac/15068"}}, {"type": "Feature", "geometry": {"type": "Point", "coordinates": [-1.82825, 53.695271]}, "properties": {"name": "Elland DC", "city": "Elland", "country": "GB", "status": "operational", "url": "https://www.peeringdb.com/fac/15069"}}, {"type": "Feature", "geometry": {"type": "Point", "coordinates": [4.288926, 50.881932]}, "properties": {"name": "Penta Infra Brussel BRU01", "city": "Asse", "country": "BE", "status": "operational", "url": "https://www.peeringdb.com/fac/15074"}}, {"type": "Feature", "geometry": {"type": "Point", "coordinates": [13.73231, 51.03888]}, "properties": {"name": "SachsenEnergieCenter Dresden", "city": "Dresden", "country": "DE", "status": "operational", "url": "https://www.peeringdb.com/fac/15106"}}, {"type": "Feature", "geometry": {"type": "Point", "coordinates": [13.722783, 51.052916]}, "properties": {"name": "Kraftwerk Mitte Dresden", "city": "Dresden", "country": "DE", "status": "operational", "url": "https://www.peeringdb.com/fac/15107"}}, {"type": "Feature", "geometry": {"type": "Point", "coordinates": [13.787352, 51.024311]}, "properties": {"name": "DataCenter Dresden Reick", "city": "Dresden", "country": "DE", "status": "operational", "url": "https://www.peeringdb.com/fac/15108"}}, {"type": "Feature", "geometry": {"type": "Point", "coordinates": [13.68935, 51.07586]}, "properties": {"name": "Collocation Washingtonstra\u00dfe Dresden", "city": "Dresden", "country": "DE", "status": "operational", "url": "https://www.peeringdb.com/fac/15109"}}, {"type": "Feature", "geometry": {"type": "Point", "coordinates": [-3.296296, 55.925691]}, "properties": {"name": "Pulsant Edinburgh SC-2 (Medway)", "city": "Edinburgh", "country": "GB", "status": "operational", "url": "https://www.peeringdb.com/fac/15135"}}, {"type": "Feature", "geometry": {"type": "Point", "coordinates": [-1.314919, 53.502566]}, "properties": {"name": "Pulsant Rotherham YH-1", "city": "Rotherham", "country": "GB", "status": "operational", "url": "https://www.peeringdb.com/fac/15137"}}, {"type": "Feature", "geometry": {"type": "Point", "coordinates": [8.55744, 50.14418]}, "properties": {"name": "ITENOS Frankfurt (FRA3)", "city": "Eschborn", "country": "DE", "status": "operational", "url": "https://www.peeringdb.com/fac/15147"}}, {"type": "Feature", "geometry": {"type": "Point", "coordinates": [9.128587, 48.721428]}, "properties": {"name": "ITENOS Stuttgart (STR3)", "city": "Stuttgart", "country": "DE", "status": "operational", "url": "https://www.peeringdb.com/fac/15148"}}, {"type": "Feature", "geometry": {"type": "Point", "coordinates": [8.966942, 48.67576]}, "properties": {"name": "ITENOS Stuttgart (STR2)", "city": "B\u00f6blingen", "country": "DE", "status": "operational", "url": "https://www.peeringdb.com/fac/15149"}}, {"type": "Feature", "geometry": {"type": "Point", "coordinates": [11.61155, 48.255514]}, "properties": {"name": "ITENOS M\u00fcnchen (MUC1)", "city": "Garching", "country": "DE", "status": "operational", "url": "https://www.peeringdb.com/fac/15150"}}, {"type": "Feature", "geometry": {"type": "Point", "coordinates": [11.416019, 47.289935]}, "properties": {"name": "IKB - Rechenzentrum Karwendel", "city": "Innsbruck", "country": "AT", "status": "operational", "url": "https://www.peeringdb.com/fac/15189"}}, {"type": "Feature", "geometry": {"type": "Point", "coordinates": [3.362261, 6.636105]}, "properties": {"name": "Choice2mobile Technology Ltd", "city": "Lagos", "country": "NG", "status": "operational", "url": "https://www.peeringdb.com/fac/15197"}}, {"type": "Feature", "geometry": {"type": "Point", "coordinates": [-4.265281, 55.861579]}, "properties": {"name": "DataVita DV2 Glasgow", "city": "Glasgow", "country": "GB", "status": "operational", "url": "https://www.peeringdb.com/fac/15202"}}, {"type": "Feature", "geometry": {"type": "Point", "coordinates": [1.292795, 45.862106]}, "properties": {"name": "Axione Limousin", "city": "Limoges", "country": "FR", "status": "operational", "url": "https://www.peeringdb.com/fac/15205"}}, {"type": "Feature", "geometry": {"type": "Point", "coordinates": [-1.553138, 43.446708]}, "properties": {"name": "IzarHost", "city": "Bidart", "country": "FR", "status": "operational", "url": "https://www.peeringdb.com/fac/15206"}}, {"type": "Feature", "geometry": {"type": "Point", "coordinates": [13.186839, 52.408761]}, "properties": {"name": "ITENOS Berlin (BER1)", "city": "Kleinmachnow", "country": "DE", "status": "operational", "url": "https://www.peeringdb.com/fac/15207"}}, {"type": "Feature", "geometry": {"type": "Point", "coordinates": [0.018048, 51.502756]}, "properties": {"name": "Ada Infrastructure (Docklands)", "city": "London", "country": "GB", "status": "operational", "url": "https://www.peeringdb.com/fac/15214"}}, {"type": "Feature", "geometry": {"type": "Point", "coordinates": [55.117658, 25.046817]}, "properties": {"name": "Khazna Data Center - Ibn Battuta - DXB8", "city": "Jebel Ali", "country": "AE", "status": "operational", "url": "https://www.peeringdb.com/fac/15226"}}, {"type": "Feature", "geometry": {"type": "Point", "coordinates": [55.117658, 25.046817]}, "properties": {"name": "Khazna Data Center Ibn Battuta - DXB 3", "city": "Jebel Ali", "country": "AE", "status": "operational", "url": "https://www.peeringdb.com/fac/15227"}}, {"type": "Feature", "geometry": {"type": "Point", "coordinates": [6.801956, 47.08215]}, "properties": {"name": "HighDC La Chaux-de-Fonds", "city": "La Chaux-de-Fonds", "country": "CH", "status": "operational", "url": "https://www.peeringdb.com/fac/15251"}}, {"type": "Feature", "geometry": {"type": "Point", "coordinates": [-3.692923, 40.310814]}, "properties": {"name": "MERLIN Edged MAD01 - Madrid-Getafe", "city": "Getafe", "country": "ES", "status": "operational", "url": "https://www.peeringdb.com/fac/15254"}}, {"type": "Feature", "geometry": {"type": "Point", "coordinates": [2.129492, 41.341884]}, "properties": {"name": "MERLIN Edged BAR01 - Barcelona-PLZ", "city": "Barcelona", "country": "ES", "status": "operational", "url": "https://www.peeringdb.com/fac/15255"}}, {"type": "Feature", "geometry": {"type": "Point", "coordinates": [2.416659, 48.753211]}, "properties": {"name": "MEDIACTIVE MN3", "city": "Choisy-le-Roi", "country": "FR", "status": "operational", "url": "https://www.peeringdb.com/fac/15257"}}, {"type": "Feature", "geometry": {"type": "Point", "coordinates": [-2.910495, 42.698312]}, "properties": {"name": "MERLIN Edged BIL03 - Bilbao-Arasur", "city": "Rivabellosa", "country": "ES", "status": "operational", "url": "https://www.peeringdb.com/fac/15261"}}, {"type": "Feature", "geometry": {"type": "Point", "coordinates": [6.872021, 51.505862]}, "properties": {"name": "KAMP Netzwerkdienste OBE1", "city": "Oberhausen", "country": "DE", "status": "operational", "url": "https://www.peeringdb.com/fac/15270"}}, {"type": "Feature", "geometry": {"type": "Point", "coordinates": [21.004326, 52.154029]}, "properties": {"name": "3HCloud - WAW-1", "city": "Warsaw", "country": "PL", "status": "operational", "url": "https://www.peeringdb.com/fac/15286"}}, {"type": "Feature", "geometry": {"type": "Point", "coordinates": [21.117365, 52.236589]}, "properties": {"name": "3HCloud - WAW-2", "city": "Warsaw", "country": "PL", "status": "operational", "url": "https://www.peeringdb.com/fac/15288"}}, {"type": "Feature", "geometry": {"type": "Point", "coordinates": [23.551859, 46.757677]}, "properties": {"name": "Hosting Data Center Cluj", "city": "Cluj Napoca", "country": "RO", "status": "operational", "url": "https://www.peeringdb.com/fac/15299"}}, {"type": "Feature", "geometry": {"type": "Point", "coordinates": [2.13558, 41.500726]}, "properties": {"name": "EXA Edge DC Barcelona", "city": "Cerdanyola del Vall\u00e8s", "country": "ES", "status": "operational", "url": "https://www.peeringdb.com/fac/15307"}}, {"type": "Feature", "geometry": {"type": "Point", "coordinates": [-1.466669, 52.935295]}, "properties": {"name": "Grid Hosting Limited", "city": "Derby", "country": "GB", "status": "operational", "url": "https://www.peeringdb.com/fac/15328"}}, {"type": "Feature", "geometry": {"type": "Point", "coordinates": [8.632004, 50.09885]}, "properties": {"name": "EXA Edge DC Frankfurt2", "city": "Frankfurt", "country": "DE", "status": "operational", "url": "https://www.peeringdb.com/fac/15349"}}, {"type": "Feature", "geometry": {"type": "Point", "coordinates": [28.1984, -26.1562]}, "properties": {"name": "Equinix JN1 - Johannesburg", "city": "Johannesburg", "country": "ZA", "status": "operational", "url": "https://www.peeringdb.com/fac/15356"}}, {"type": "Feature", "geometry": {"type": "Point", "coordinates": [2.219393, 48.786855]}, "properties": {"name": "dc2scale PAR4x (Meudon)", "city": "Meudon", "country": "FR", "status": "operational", "url": "https://www.peeringdb.com/fac/15394"}}, {"type": "Feature", "geometry": {"type": "Point", "coordinates": [2.09898, 41.351324]}, "properties": {"name": "Equinix BA2 - Barcelona", "city": "Barcelona", "country": "ES", "status": "operational", "url": "https://www.peeringdb.com/fac/15419"}}, {"type": "Feature", "geometry": {"type": "Point", "coordinates": [7.067888, 51.349159]}, "properties": {"name": "NETMOUNTAINS\u00ae Datacenter VEL1 & VEL2", "city": "Velbert", "country": "DE", "status": "operational", "url": "https://www.peeringdb.com/fac/15432"}}, {"type": "Feature", "geometry": {"type": "Point", "coordinates": [2.235044, 48.836333]}, "properties": {"name": "BB1", "city": "Boulogne-Billancourt", "country": "FR", "status": "operational", "url": "https://www.peeringdb.com/fac/15446"}}, {"type": "Feature", "geometry": {"type": "Point", "coordinates": [2.722201, 48.823273]}, "properties": {"name": "Digital Realty Paris PAR12", "city": "Ferri\u00e8res-en-Brie", "country": "FR", "status": "operational", "url": "https://www.peeringdb.com/fac/15447"}}, {"type": "Feature", "geometry": {"type": "Point", "coordinates": [2.203185, 48.675347]}, "properties": {"name": "Digital Realty Paris PAR13", "city": "Les Ulis", "country": "FR", "status": "operational", "url": "https://www.peeringdb.com/fac/15448"}}, {"type": "Feature", "geometry": {"type": "Point", "coordinates": [11.768818, 48.158529]}, "properties": {"name": "Portus MUC1", "city": "Kirchheim", "country": "DE", "status": "operational", "url": "https://www.peeringdb.com/fac/15457"}}, {"type": "Feature", "geometry": {"type": "Point", "coordinates": [29.001482, 41.063782]}, "properties": {"name": "Turk Telekom Gayrettepe IDC", "city": "Gayrettepe", "country": "TR", "status": "operational", "url": "https://www.peeringdb.com/fac/15459"}}, {"type": "Feature", "geometry": {"type": "Point", "coordinates": [4.584283, 51.962873]}, "properties": {"name": "InterBox Internet", "city": "Capelle aan den IJssel", "country": "NL", "status": "operational", "url": "https://www.peeringdb.com/fac/15473"}}, {"type": "Feature", "geometry": {"type": "Point", "coordinates": [6.798828, 51.258694]}, "properties": {"name": "EXA Edge DC Dusseldorf", "city": "D\u00fcsseldorf", "country": "DE", "status": "operational", "url": "https://www.peeringdb.com/fac/15475"}}, {"type": "Feature", "geometry": {"type": "Point", "coordinates": [18.66691, 52.990818]}, "properties": {"name": "EXEA Data Center", "city": "Toru\u0144", "country": "PL", "status": "operational", "url": "https://www.peeringdb.com/fac/15479"}}, {"type": "Feature", "geometry": {"type": "Point", "coordinates": [2.214813, 48.778615]}, "properties": {"name": "dc2scale PAR5 (V\u00e9lizy-Villacoublay)", "city": "V\u00e9lizy-Villacoublay", "country": "FR", "status": "operational", "url": "https://www.peeringdb.com/fac/15492"}}, {"type": "Feature", "geometry": {"type": "Point", "coordinates": [29.156655, 41.008655]}, "properties": {"name": "Equinix IL4 - Istanbul", "city": "Istanbul", "country": "TR", "status": "operational", "url": "https://www.peeringdb.com/fac/15498"}}, {"type": "Feature", "geometry": {"type": "Point", "coordinates": [8.672689, 49.394008]}, "properties": {"name": "nexspace data centers Heidelberg", "city": "Heidelberg", "country": "DE", "status": "operational", "url": "https://www.peeringdb.com/fac/15506"}}, {"type": "Feature", "geometry": {"type": "Point", "coordinates": [21.211925, 45.774162]}, "properties": {"name": "Data Node", "city": "Timisoara", "country": "RO", "status": "operational", "url": "https://www.peeringdb.com/fac/15517"}}, {"type": "Feature", "geometry": {"type": "Point", "coordinates": [-8.871314, 37.962277]}, "properties": {"name": "Start Campus SIN02", "city": "Sines", "country": "PT", "status": "operational", "url": "https://www.peeringdb.com/fac/15522"}}, {"type": "Feature", "geometry": {"type": "Point", "coordinates": [-3.661545, 40.533739]}, "properties": {"name": "Equinix MD6", "city": "Madrid", "country": "ES", "status": "operational", "url": "https://www.peeringdb.com/fac/15524"}}, {"type": "Feature", "geometry": {"type": "Point", "coordinates": [-3.658841, 40.467654]}, "properties": {"name": "Magdalena Datacenter", "city": "Madrid", "country": "ES", "status": "operational", "url": "https://www.peeringdb.com/fac/15526"}}, {"type": "Feature", "geometry": {"type": "Point", "coordinates": [-3.659262, 40.464784]}, "properties": {"name": "Cantabria Datacenter", "city": "Madrid", "country": "ES", "status": "operational", "url": "https://www.peeringdb.com/fac/15527"}}, {"type": "Feature", "geometry": {"type": "Point", "coordinates": [7.160988, 51.278764]}, "properties": {"name": "Data Center", "city": "Wuppertal", "country": "DE", "status": "operational", "url": "https://www.peeringdb.com/fac/15550"}}, {"type": "Feature", "geometry": {"type": "Point", "coordinates": [32.402744, 39.795031]}, "properties": {"name": "Mars Datacenter Ankara-1", "city": "Ankara", "country": "TR", "status": "operational", "url": "https://www.peeringdb.com/fac/15617"}}, {"type": "Feature", "geometry": {"type": "Point", "coordinates": [23.790246, 46.881152]}, "properties": {"name": "EVB-CLJ-DC1", "city": "Juc-Herghelie", "country": "RO", "status": "operational", "url": "https://www.peeringdb.com/fac/15648"}}, {"type": "Feature", "geometry": {"type": "Point", "coordinates": [16.001606, 45.744704]}, "properties": {"name": "Data Target DC", "city": "Zagreb", "country": "HR", "status": "operational", "url": "https://www.peeringdb.com/fac/15690"}}, {"type": "Feature", "geometry": {"type": "Point", "coordinates": [14.55381, 46.094962]}, "properties": {"name": "T2 Ljubljana Brnciceva", "city": "\u010crnu\u010de", "country": "SI", "status": "operational", "url": "https://www.peeringdb.com/fac/15717"}}, {"type": "Feature", "geometry": {"type": "Point", "coordinates": [-0.123552, 51.514841]}, "properties": {"name": "Tarisu Limited", "city": "London", "country": "GB", "status": "operational", "url": "https://www.peeringdb.com/fac/15752"}}, {"type": "Feature", "geometry": {"type": "Point", "coordinates": [10.832701, 59.936328]}, "properties": {"name": "Globalconnect Oslo (HMG1)", "city": "Oslo", "country": "NO", "status": "operational", "url": "https://www.peeringdb.com/fac/15762"}}, {"type": "Feature", "geometry": {"type": "Point", "coordinates": [-2.468688, 52.720818]}, "properties": {"name": "Exascale - Wolverhampton (WLV0)", "city": "Wolverhampton", "country": "GB", "status": "operational", "url": "https://www.peeringdb.com/fac/15769"}}, {"type": "Feature", "geometry": {"type": "Point", "coordinates": [-3.79599, 40.396008]}, "properties": {"name": "Pozuelo de Alarcon", "city": "Pozuelo de Alarc\u00f3n", "country": "ES", "status": "operational", "url": "https://www.peeringdb.com/fac/15771"}}, {"type": "Feature", "geometry": {"type": "Point", "coordinates": [-0.089194, 52.301428]}, "properties": {"name": "Fast2host - Fast4networks Ltd", "city": "Cambridge", "country": "GB", "status": "operational", "url": "https://www.peeringdb.com/fac/15781"}}, {"type": "Feature", "geometry": {"type": "Point", "coordinates": [10.906313, 59.962455]}, "properties": {"name": "Blix NR5 Oslo", "city": "Oslo", "country": "NO", "status": "operational", "url": "https://www.peeringdb.com/fac/15812"}}, {"type": "Feature", "geometry": {"type": "Point", "coordinates": [10.191653, 53.601345]}, "properties": {"name": "Akquinet HAM03", "city": "Hamburg", "country": "DE", "status": "operational", "url": "https://www.peeringdb.com/fac/15824"}}, {"type": "Feature", "geometry": {"type": "Point", "coordinates": [20.441264, 44.795539]}, "properties": {"name": "BeotelNet Data Center", "city": "Belgrade", "country": "RS", "status": "operational", "url": "https://www.peeringdb.com/fac/15827"}}, {"type": "Feature", "geometry": {"type": "Point", "coordinates": [20.88649, 52.205544]}, "properties": {"name": "EdgeConneX Warsaw (EDCWAW03)", "city": "Warsaw", "country": "PL", "status": "operational", "url": "https://www.peeringdb.com/fac/15840"}}, {"type": "Feature", "geometry": {"type": "Point", "coordinates": [20.937593, 52.1872]}, "properties": {"name": "EdgeConneX Warsaw (EDCWAW02)", "city": "Warsaw", "country": "PL", "status": "operational", "url": "https://www.peeringdb.com/fac/15841"}}, {"type": "Feature", "geometry": {"type": "Point", "coordinates": [32.775045, 39.960053]}, "properties": {"name": "KERNZEN DC ANK-01", "city": "Ankara", "country": "TR", "status": "operational", "url": "https://www.peeringdb.com/fac/15857"}}, {"type": "Feature", "geometry": {"type": "Point", "coordinates": [21.21368, 45.775777]}, "properties": {"name": "Timisoara 1", "city": "Timisoara", "country": "RO", "status": "operational", "url": "https://www.peeringdb.com/fac/15864"}}, {"type": "Feature", "geometry": {"type": "Point", "coordinates": [23.848593, 56.975473]}, "properties": {"name": "LVRTC Valmieras RTS", "city": "Valmiera", "country": "LV", "status": "operational", "url": "https://www.peeringdb.com/fac/15874"}}, {"type": "Feature", "geometry": {"type": "Point", "coordinates": [26.534331, 55.872285]}, "properties": {"name": "LVRTC Daugavpils RTS", "city": "Daugavpils", "country": "LV", "status": "operational", "url": "https://www.peeringdb.com/fac/15875"}}, {"type": "Feature", "geometry": {"type": "Point", "coordinates": [21.002174, 56.513365]}, "properties": {"name": "LVRTC Liepajas RTS", "city": "Liepaja", "country": "LV", "status": "operational", "url": "https://www.peeringdb.com/fac/15876"}}, {"type": "Feature", "geometry": {"type": "Point", "coordinates": [21.56719, 57.39304]}, "properties": {"name": "LVRTC Ventspils RTS", "city": "Ventspils", "country": "LV", "status": "operational", "url": "https://www.peeringdb.com/fac/15877"}}, {"type": "Feature", "geometry": {"type": "Point", "coordinates": [9.103123, 45.47765]}, "properties": {"name": "UNO-NX01", "city": "Milan", "country": "IT", "status": "operational", "url": "https://www.peeringdb.com/fac/15965"}}, {"type": "Feature", "geometry": {"type": "Point", "coordinates": [7.700174, 52.13129]}, "properties": {"name": "DMO - Datacenter M\u00fcnster Osnabr\u00fcck (DMO1)", "city": "Greven", "country": "DE", "status": "operational", "url": "https://www.peeringdb.com/fac/15988"}}, {"type": "Feature", "geometry": {"type": "Point", "coordinates": [27.1859, 38.421333]}, "properties": {"name": "Alastyr Datacenter", "city": "Izmir", "country": "TR", "status": "operational", "url": "https://www.peeringdb.com/fac/15994"}}, {"type": "Feature", "geometry": {"type": "Point", "coordinates": [6.186715, 51.391569]}, "properties": {"name": "ZeroPlex DC01", "city": "Venlo", "country": "NL", "status": "operational", "url": "https://www.peeringdb.com/fac/15997"}}, {"type": "Feature", "geometry": {"type": "Point", "coordinates": [27.899987, 43.225225]}, "properties": {"name": "\u0410\u0421D\u0421", "city": "Varna", "country": "BG", "status": "operational", "url": "https://www.peeringdb.com/fac/16040"}}, {"type": "Feature", "geometry": {"type": "Point", "coordinates": [32.870157, 39.487559]}, "properties": {"name": "VAULTR ANKARA DATACENTER", "city": "Ankara", "country": "TR", "status": "operational", "url": "https://www.peeringdb.com/fac/16076"}}, {"type": "Feature", "geometry": {"type": "Point", "coordinates": [9.985292, 52.320382]}, "properties": {"name": "Standort Hannover", "city": "Sehnde", "country": "DE", "status": "operational", "url": "https://www.peeringdb.com/fac/16084"}}, {"type": "Feature", "geometry": {"type": "Point", "coordinates": [0.754319, 43.116656]}, "properties": {"name": "Prosoluce SG-1 Datacenter", "city": "Saint-Gaudens", "country": "FR", "status": "operational", "url": "https://www.peeringdb.com/fac/16100"}}, {"type": "Feature", "geometry": {"type": "Point", "coordinates": [4.842327, 52.399837]}, "properties": {"name": "Qupra DC2", "city": "Amsterdam", "country": "NL", "status": "operational", "url": "https://www.peeringdb.com/fac/16111"}}, {"type": "Feature", "geometry": {"type": "Point", "coordinates": [9.648229, 55.541535]}, "properties": {"name": "Cibicom Taulov", "city": "Fredericia", "country": "DK", "status": "operational", "url": "https://www.peeringdb.com/fac/16141"}}, {"type": "Feature", "geometry": {"type": "Point", "coordinates": [-22.538465, 63.964568]}, "properties": {"name": "ICE02", "city": "Reykjanesb\u00e6", "country": "IS", "status": "operational", "url": "https://www.peeringdb.com/fac/16142"}}, {"type": "Feature", "geometry": {"type": "Point", "coordinates": [-18.141725, 65.676323]}, "properties": {"name": "ICE03", "city": "Akureyri", "country": "IS", "status": "operational", "url": "https://www.peeringdb.com/fac/16143"}}, {"type": "Feature", "geometry": {"type": "Point", "coordinates": [-2.059144, 51.894348]}, "properties": {"name": "Blynx AIM Ltd", "city": "Cheltenham", "country": "GB", "status": "operational", "url": "https://www.peeringdb.com/fac/16182"}}, {"type": "Feature", "geometry": {"type": "Point", "coordinates": [-2.059127, 51.894309]}, "properties": {"name": "Blynx AIM Ltd.", "city": "Cheltenham", "country": "GB", "status": "operational", "url": "https://www.peeringdb.com/fac/16183"}}, {"type": "Feature", "geometry": {"type": "Point", "coordinates": [18.011313, 59.275306]}, "properties": {"name": "Obenet Riverlake", "city": "\u00c4lvsj\u00f6", "country": "SE", "status": "operational", "url": "https://www.peeringdb.com/fac/16189"}}, {"type": "Feature", "geometry": {"type": "Point", "coordinates": [16.778231, 41.088371]}, "properties": {"name": "BINAP", "city": "Modugno", "country": "IT", "status": "operational", "url": "https://www.peeringdb.com/fac/16190"}}, {"type": "Feature", "geometry": {"type": "Point", "coordinates": [12.391967, 51.34511]}, "properties": {"name": "EXA Edge DC Leipzig", "city": "Leipzig", "country": "DE", "status": "operational", "url": "https://www.peeringdb.com/fac/16214"}}, {"type": "Feature", "geometry": {"type": "Point", "coordinates": [16.360397, 46.281916]}, "properties": {"name": "DC North", "city": "Vara\u017edin", "country": "HR", "status": "operational", "url": "https://www.peeringdb.com/fac/16218"}}, {"type": "Feature", "geometry": {"type": "Point", "coordinates": [8.966942, 48.67576]}, "properties": {"name": "AtlasEdge DC Stuttgart STR001", "city": "B\u00f6blingen", "country": "DE", "status": "operational", "url": "https://www.peeringdb.com/fac/16304"}}, {"type": "Feature", "geometry": {"type": "Point", "coordinates": [-21.962484, 64.143269]}, "properties": {"name": "SDC Capital", "city": "Reykjavik", "country": "IS", "status": "operational", "url": "https://www.peeringdb.com/fac/16307"}}, {"type": "Feature", "geometry": {"type": "Point", "coordinates": [20.80653, 52.203972]}, "properties": {"name": "ATMAN Data Center Warsaw-3 (WAW-3, O\u017carowska 66B)", "city": "Duchnice", "country": "PL", "status": "operational", "url": "https://www.peeringdb.com/fac/16344"}}, {"type": "Feature", "geometry": {"type": "Point", "coordinates": [12.196016, 50.929045]}, "properties": {"name": "nbiserv", "city": "Bethenhausen", "country": "DE", "status": "operational", "url": "https://www.peeringdb.com/fac/16358"}}, {"type": "Feature", "geometry": {"type": "Point", "coordinates": [-0.12357, 51.514756]}, "properties": {"name": "Lumo Cloud", "city": "London", "country": "GB", "status": "operational", "url": "https://www.peeringdb.com/fac/16360"}}, {"type": "Feature", "geometry": {"type": "Point", "coordinates": [5.525496, 51.619364]}, "properties": {"name": "e-Quest Datacenter Veghel", "city": "Veghel", "country": "NL", "status": "operational", "url": "https://www.peeringdb.com/fac/16466"}}, {"type": "Feature", "geometry": {"type": "Point", "coordinates": [32.755212, 39.909662]}, "properties": {"name": "3C1B TELEKOM TEPEPRIME", "city": "Ankara", "country": "TR", "status": "operational", "url": "https://www.peeringdb.com/fac/16521"}}, {"type": "Feature", "geometry": {"type": "Point", "coordinates": [7.768832, 51.440549]}, "properties": {"name": "Telemark Rechenzentrum Menden", "city": "Menden", "country": "DE", "status": "operational", "url": "https://www.peeringdb.com/fac/16548"}}, {"type": "Feature", "geometry": {"type": "Point", "coordinates": [21.00364, 52.22767]}, "properties": {"name": "1-DC EU", "city": "Warsaw", "country": "PL", "status": "operational", "url": "https://www.peeringdb.com/fac/16558"}}, {"type": "Feature", "geometry": {"type": "Point", "coordinates": [9.026788, 50.02537]}, "properties": {"name": "EnormateGreenCenter", "city": "Mainhausen", "country": "DE", "status": "operational", "url": "https://www.peeringdb.com/fac/16561"}}, {"type": "Feature", "geometry": {"type": "Point", "coordinates": [5.37515, 43.311634]}, "properties": {"name": "PHOCEA DC-M1", "city": "Marseille", "country": "FR", "status": "operational", "url": "https://www.peeringdb.com/fac/16582"}}, {"type": "Feature", "geometry": {"type": "Point", "coordinates": [9.466844, 47.674591]}, "properties": {"name": "TeleData - Umspannwerk Jettenhausen", "city": "Friedrichshafen", "country": "DE", "status": "operational", "url": "https://www.peeringdb.com/fac/16603"}}, {"type": "Feature", "geometry": {"type": "Point", "coordinates": [-21.886249, 64.139889]}, "properties": {"name": "Borealis Data Center", "city": "Reykjav\u00edk", "country": "IS", "status": "operational", "url": "https://www.peeringdb.com/fac/16631"}}, {"type": "Feature", "geometry": {"type": "Point", "coordinates": [24.748999, 60.210228]}, "properties": {"name": "atNorth FIN03", "city": "Espoo", "country": "FI", "status": "operational", "url": "https://www.peeringdb.com/fac/16663"}}, {"type": "Feature", "geometry": {"type": "Point", "coordinates": [24.772068, 60.204827]}, "properties": {"name": "atNorth FIN02", "city": "Espoo", "country": "FI", "status": "operational", "url": "https://www.peeringdb.com/fac/16664"}}, {"type": "Feature", "geometry": {"type": "Point", "coordinates": [24.945956, 60.19646]}, "properties": {"name": "atNorth FIN01", "city": "Helsinki", "country": "FI", "status": "operational", "url": "https://www.peeringdb.com/fac/16665"}}, {"type": "Feature", "geometry": {"type": "Point", "coordinates": [12.419921, 55.711282]}, "properties": {"name": "atNorth DEN01", "city": "Skovlunde", "country": "DK", "status": "operational", "url": "https://www.peeringdb.com/fac/16667"}}, {"type": "Feature", "geometry": {"type": "Point", "coordinates": [-18.141725, 65.676323]}, "properties": {"name": "atNorth ICE03", "city": "Akureyri", "country": "IS", "status": "operational", "url": "https://www.peeringdb.com/fac/16668"}}, {"type": "Feature", "geometry": {"type": "Point", "coordinates": [-21.993529, 64.049468]}, "properties": {"name": "atNorth ICE01", "city": "Hafnafj\u00f6r\u00f0ur", "country": "IS", "status": "operational", "url": "https://www.peeringdb.com/fac/16670"}}, {"type": "Feature", "geometry": {"type": "Point", "coordinates": [8.420059, 49.486494]}, "properties": {"name": "TWL-KOM Datacenter II", "city": "Ludwigshafen am Rhein", "country": "DE", "status": "operational", "url": "https://www.peeringdb.com/fac/16687"}}, {"type": "Feature", "geometry": {"type": "Point", "coordinates": [-20.241666, 65.646831]}, "properties": {"name": "Bl\u00f6ndu\u00f3s Campus", "city": "Bl\u00f6ndu\u00f3s", "country": "IS", "status": "operational", "url": "https://www.peeringdb.com/fac/16716"}}, {"type": "Feature", "geometry": {"type": "Point", "coordinates": [-22.535004, 63.961997]}, "properties": {"name": "Fitjar Campus", "city": "Reykjanesb\u00e6r", "country": "IS", "status": "operational", "url": "https://www.peeringdb.com/fac/16718"}}, {"type": "Feature", "geometry": {"type": "Point", "coordinates": [27.696957, 64.231044]}, "properties": {"name": "Kajaani Campus", "city": "Kajaani", "country": "IS", "status": "operational", "url": "https://www.peeringdb.com/fac/16719"}}, {"type": "Feature", "geometry": {"type": "Point", "coordinates": [-1.853175, 52.451493]}, "properties": {"name": "Pulsant Birmingham WM-1", "city": "Birmingham", "country": "GB", "status": "operational", "url": "https://www.peeringdb.com/fac/16722"}}, {"type": "Feature", "geometry": {"type": "Point", "coordinates": [3.646498, 6.42598]}, "properties": {"name": "Digital Realty Lekki (LKK1-2)", "city": "Ibeju-Lekki", "country": "NG", "status": "operational", "url": "https://www.peeringdb.com/fac/16747"}}, {"type": "Feature", "geometry": {"type": "Point", "coordinates": [9.030068, 45.833055]}, "properties": {"name": "Soleblanca Datacenter", "city": "Chiasso", "country": "CH", "status": "operational", "url": "https://www.peeringdb.com/fac/16833"}}, {"type": "Feature", "geometry": {"type": "Point", "coordinates": [32.90818, 40.040681]}, "properties": {"name": "Vodafone Pursaklar MTX", "city": "Ankara", "country": "TR", "status": "operational", "url": "https://www.peeringdb.com/fac/16840"}}, {"type": "Feature", "geometry": {"type": "Point", "coordinates": [-9.123351, 38.78746]}, "properties": {"name": "Equinix LS2 - Lisbon", "city": "Lisbon, , 2685", "country": "PT", "status": "operational", "url": "https://www.peeringdb.com/fac/16863"}}, {"type": "Feature", "geometry": {"type": "Point", "coordinates": [46.831328, 24.767464]}, "properties": {"name": "Nournet Nahdah Data Centre", "city": "Riyadh", "country": "SA", "status": "operational", "url": "https://www.peeringdb.com/fac/16902"}}, {"type": "Feature", "geometry": {"type": "Point", "coordinates": [19.169477, 47.478812]}, "properties": {"name": "VIVAnet DC", "city": "Budapest", "country": "HU", "status": "operational", "url": "https://www.peeringdb.com/fac/16910"}}, {"type": "Feature", "geometry": {"type": "Point", "coordinates": [7.067676, 51.34873]}, "properties": {"name": "Realtox Media VEL", "city": "Velbert", "country": "DE", "status": "operational", "url": "https://www.peeringdb.com/fac/16922"}}, {"type": "Feature", "geometry": {"type": "Point", "coordinates": [-1.874887, 50.721853]}, "properties": {"name": "Data Vault - Bournemouth (BCP01)", "city": "Bournemouth", "country": "GB", "status": "operational", "url": "https://www.peeringdb.com/fac/16926"}}, {"type": "Feature", "geometry": {"type": "Point", "coordinates": [-21.757693, 64.14571]}, "properties": {"name": "Reykjav\u00edk Campus", "city": "Reykjav\u00edk", "country": "IS", "status": "operational", "url": "https://www.peeringdb.com/fac/16934"}}, {"type": "Feature", "geometry": {"type": "Point", "coordinates": [2.587319, 48.829265]}, "properties": {"name": "nLighten Paris PAR3", "city": "Paris", "country": "FR", "status": "operational", "url": "https://www.peeringdb.com/fac/16963"}}, {"type": "Feature", "geometry": {"type": "Point", "coordinates": [9.727778, 52.408781]}, "properties": {"name": "net.DE DC-H2", "city": "Hannover", "country": "DE", "status": "operational", "url": "https://www.peeringdb.com/fac/16967"}}, {"type": "Feature", "geometry": {"type": "Point", "coordinates": [5.399141, 43.240083]}, "properties": {"name": "dc2scale MRS1 (Marseille datacenter)", "city": "Marseille", "country": "FR", "status": "operational", "url": "https://www.peeringdb.com/fac/16982"}}, {"type": "Feature", "geometry": {"type": "Point", "coordinates": [3.109514, 50.649806]}, "properties": {"name": "dc2scale LIL1 (Lille Datacenter)", "city": "Mons en Baroeul", "country": "FR", "status": "operational", "url": "https://www.peeringdb.com/fac/16983"}}, {"type": "Feature", "geometry": {"type": "Point", "coordinates": [-0.617929, 51.516457]}, "properties": {"name": "Digital Realty London LHR26", "city": "Slough", "country": "GB", "status": "operational", "url": "https://www.peeringdb.com/fac/16994"}}, {"type": "Feature", "geometry": {"type": "Point", "coordinates": [-0.620224, 51.517694]}, "properties": {"name": "Digital Realty London LHR27", "city": "Slough", "country": "GB", "status": "operational", "url": "https://www.peeringdb.com/fac/16995"}}, {"type": "Feature", "geometry": {"type": "Point", "coordinates": [-0.990582, 50.847008]}, "properties": {"name": "Aptum Portsmouth", "city": "Havant", "country": "GB", "status": "operational", "url": "https://www.peeringdb.com/fac/16997"}}, {"type": "Feature", "geometry": {"type": "Point", "coordinates": [16.419993, 48.265472]}, "properties": {"name": "AtlasEdge DC Vienna VIE002", "city": "Vienna", "country": "AT", "status": "operational", "url": "https://www.peeringdb.com/fac/17007"}}, {"type": "Feature", "geometry": {"type": "Point", "coordinates": [2.417989, 48.85207]}, "properties": {"name": "Smartdc Paris", "city": "Montreuil", "country": "FR", "status": "operational", "url": "https://www.peeringdb.com/fac/17028"}}, {"type": "Feature", "geometry": {"type": "Point", "coordinates": [9.821669, 52.316775]}, "properties": {"name": "net.DE DC-H3", "city": "Hannover", "country": "DE", "status": "operational", "url": "https://www.peeringdb.com/fac/17066"}}, {"type": "Feature", "geometry": {"type": "Point", "coordinates": [-9.230911, 38.723984]}, "properties": {"name": "AtlasEdge DC Lisbon LIS001", "city": "Lisbon", "country": "PT", "status": "operational", "url": "https://www.peeringdb.com/fac/17067"}}, {"type": "Feature", "geometry": {"type": "Point", "coordinates": [25.601611, 45.651805]}, "properties": {"name": "M247 Europe Brasov", "city": "Brasov", "country": "RO", "status": "operational", "url": "https://www.peeringdb.com/fac/17116"}}, {"type": "Feature", "geometry": {"type": "Point", "coordinates": [14.519497, 46.068273]}, "properties": {"name": "DC Vojkova 58", "city": "LJubljana", "country": "SI", "status": "operational", "url": "https://www.peeringdb.com/fac/17138"}}, {"type": "Feature", "geometry": {"type": "Point", "coordinates": [1.3894, 46.20326]}, "properties": {"name": "Webaxys DC4 - La Souterraine", "city": "Saint Maurice la Souterraine", "country": "FR", "status": "operational", "url": "https://www.peeringdb.com/fac/17156"}}]}